HJY Multigroup Import
Application Version:	3.5.1.20
SystemConfiguration::	FL3-11_1602C-0213-FL
Experiment Time Stamp:	9/16/2025 2:53 PM
Export Time Stamp:	9/17/2025 1:04 PM
Experiment Comment:	None

Integration Time:	1
Time Sequence Interval Points:	301
Time Sequence Experiment Duration:	10:00:00	36000000 (ms)
Repetition Time Sequence Enabled:	False
Repetition Time Sequence Count:	2
Repetition Time Sequence Delay:	0 seconds
Time Sequence Interval Total Points:	301
Time Sequence Experiment Duration Total:	10:00:00	36000000 (ms)

Mono Count:	2
Mono Description:	Excitation 1 (Mono1)	Emission 1 (Mono2)
Mono Slit Width:		5	5
Mono Grating Index:		0	0
Mono Grating Value:		1200	1200

Mono Wavelength Group Count:	3
Mono Wavelength Group Description:	Group 1:(Excitation 1:596 Emission 1:615)	Group 2:(Excitation 1:549 Emission 1:565)	Group 3:(Excitation 1:495 Emission 1:520)

Detector Count:	3
Detector Description:	S1 (SCD1)	R (SCD2)	S1/R (SCD1/SCD2)
Detector High Voltage:	950	None	None

Accessory Sequential Type:	Temperature Controller
Accessory Sequential Description:	Temperature Control (TC1)
Accessory Sequential Scan Position Count:	1
Accessory Sequential Scan Positions:		37

Accessory Interleave Type:	Sample Changer
Accessory Interleave Description:	Sample Changer - 4 Position (SCH1)
Accessory Interleave Scan Position Count:	3
Accessory Interleave Scan Positions:	1	2	3

Axis	X	Y	X	Y	X	Y	X	Y	X	Y	X	Y	X	Y	X	Y	X	Y	X	Y	X	Y	X	Y	X	Y	X	Y	X	Y	X	Y	X	Y	X	Y	X	Y	X	Y	X	Y	X	Y	X	Y	X	Y	X	Y	X	Y	X	Y
Sequential: Temperature Controller	Idx:0(Pos:37.00)	Idx:0(Pos:37.00)	Idx:0(Pos:37.00)	Idx:0(Pos:37.00)	Idx:0(Pos:37.00)	Idx:0(Pos:37.00)	Idx:0(Pos:37.00)	Idx:0(Pos:37.00)	Idx:0(Pos:37.00)	Idx:0(Pos:37.00)	Idx:0(Pos:37.00)	Idx:0(Pos:37.00)	Idx:0(Pos:37.00)	Idx:0(Pos:37.00)	Idx:0(Pos:37.00)	Idx:0(Pos:37.00)	Idx:0(Pos:37.00)	Idx:0(Pos:37.00)	Idx:0(Pos:37.00)	Idx:0(Pos:37.00)	Idx:0(Pos:37.00)	Idx:0(Pos:37.00)	Idx:0(Pos:37.00)	Idx:0(Pos:37.00)	Idx:0(Pos:37.00)	Idx:0(Pos:37.00)	Idx:0(Pos:37.00)	Idx:0(Pos:37.00)	Idx:0(Pos:37.00)	Idx:0(Pos:37.00)	Idx:0(Pos:37.00)	Idx:0(Pos:37.00)	Idx:0(Pos:37.00)	Idx:0(Pos:37.00)	Idx:0(Pos:37.00)	Idx:0(Pos:37.00)	Idx:0(Pos:37.00)	Idx:0(Pos:37.00)	Idx:0(Pos:37.00)	Idx:0(Pos:37.00)	Idx:0(Pos:37.00)	Idx:0(Pos:37.00)	Idx:0(Pos:37.00)	Idx:0(Pos:37.00)	Idx:0(Pos:37.00)	Idx:0(Pos:37.00)	Idx:0(Pos:37.00)	Idx:0(Pos:37.00)	Idx:0(Pos:37.00)	Idx:0(Pos:37.00)	Idx:0(Pos:37.00)	Idx:0(Pos:37.00)	Idx:0(Pos:37.00)	Idx:0(Pos:37.00)
Interleave: Sample Changer	Idx:0(Pos:1)	Idx:0(Pos:1)	Idx:0(Pos:1)	Idx:0(Pos:1)	Idx:0(Pos:1)	Idx:0(Pos:1)	Idx:0(Pos:1)	Idx:0(Pos:1)	Idx:0(Pos:1)	Idx:0(Pos:1)	Idx:0(Pos:1)	Idx:0(Pos:1)	Idx:0(Pos:1)	Idx:0(Pos:1)	Idx:0(Pos:1)	Idx:0(Pos:1)	Idx:0(Pos:1)	Idx:0(Pos:1)	Idx:1(Pos:2)	Idx:1(Pos:2)	Idx:1(Pos:2)	Idx:1(Pos:2)	Idx:1(Pos:2)	Idx:1(Pos:2)	Idx:1(Pos:2)	Idx:1(Pos:2)	Idx:1(Pos:2)	Idx:1(Pos:2)	Idx:1(Pos:2)	Idx:1(Pos:2)	Idx:1(Pos:2)	Idx:1(Pos:2)	Idx:1(Pos:2)	Idx:1(Pos:2)	Idx:1(Pos:2)	Idx:1(Pos:2)	Idx:2(Pos:3)	Idx:2(Pos:3)	Idx:2(Pos:3)	Idx:2(Pos:3)	Idx:2(Pos:3)	Idx:2(Pos:3)	Idx:2(Pos:3)	Idx:2(Pos:3)	Idx:2(Pos:3)	Idx:2(Pos:3)	Idx:2(Pos:3)	Idx:2(Pos:3)	Idx:2(Pos:3)	Idx:2(Pos:3)	Idx:2(Pos:3)	Idx:2(Pos:3)	Idx:2(Pos:3)	Idx:2(Pos:3)
Detector	S1 (SCD1)	S1 (SCD1)	S1 (SCD1)	S1 (SCD1)	S1 (SCD1)	S1 (SCD1)	R (SCD2)	R (SCD2)	R (SCD2)	R (SCD2)	R (SCD2)	R (SCD2)	S1/R (SCD1/SCD2)	S1/R (SCD1/SCD2)	S1/R (SCD1/SCD2)	S1/R (SCD1/SCD2)	S1/R (SCD1/SCD2)	S1/R (SCD1/SCD2)	S1 (SCD1)	S1 (SCD1)	S1 (SCD1)	S1 (SCD1)	S1 (SCD1)	S1 (SCD1)	R (SCD2)	R (SCD2)	R (SCD2)	R (SCD2)	R (SCD2)	R (SCD2)	S1/R (SCD1/SCD2)	S1/R (SCD1/SCD2)	S1/R (SCD1/SCD2)	S1/R (SCD1/SCD2)	S1/R (SCD1/SCD2)	S1/R (SCD1/SCD2)	S1 (SCD1)	S1 (SCD1)	S1 (SCD1)	S1 (SCD1)	S1 (SCD1)	S1 (SCD1)	R (SCD2)	R (SCD2)	R (SCD2)	R (SCD2)	R (SCD2)	R (SCD2)	S1/R (SCD1/SCD2)	S1/R (SCD1/SCD2)	S1/R (SCD1/SCD2)	S1/R (SCD1/SCD2)	S1/R (SCD1/SCD2)	S1/R (SCD1/SCD2)
WL Group	1	1	2	2	3	3	1	1	2	2	3	3	1	1	2	2	3	3	1	1	2	2	3	3	1	1	2	2	3	3	1	1	2	2	3	3	1	1	2	2	3	3	1	1	2	2	3	3	1	1	2	2	3	3
Units	(ms)	CPS	(ms)	CPS	(ms)	CPS	(ms)	MicroAmps	(ms)	MicroAmps	(ms)	MicroAmps	(ms)	CPS	(ms)	CPS	(ms)	CPS	(ms)	CPS	(ms)	CPS	(ms)	CPS	(ms)	MicroAmps	(ms)	MicroAmps	(ms)	MicroAmps	(ms)	CPS	(ms)	CPS	(ms)	CPS	(ms)	CPS	(ms)	CPS	(ms)	CPS	(ms)	MicroAmps	(ms)	MicroAmps	(ms)	MicroAmps	(ms)	CPS	(ms)	CPS	(ms)	CPS
1	0	153331	5803	1407962	11606	3815039	0	0.84943	5803	1.02455	11606	1.0688	0	180510.4599555	5803	1374224.78161144	11606	3569460.14221557	16567	150652	22354	1426889	28158	3804307	16567	0.85018	22354	1.02433	28158	1.06852	16567	177200.122327037	22354	1392997.37389318	28158	3560351.70141879	33134	144990	38922	1438013	44725	3810371	33134	0.84989	38922	1.02435	44725	1.06771	33134	170598.548047394	38922	1403829.74569239	44725	3568732.14636933
2	120011	151926	125798	1243519	131617	3711332	120011	0.84962	125798	1.02411	131617	1.06783	120011	178816.412043031	125798	1214243.58711467	131617	3475583.19208114	136593	150918	142365	1243161	148169	3691758	136593	0.84937	142365	1.02371	148169	1.06842	136593	177682.282162073	142365	1214368.3269676	148169	3455343.40427922	153145	144843	158933	1252274	164736	3708063	153145	0.84998	158933	1.02461	164736	1.06826	153145	170407.539000918	158933	1222195.76229004	164736	3471124.07091906
3	240022	152475	245825	1215531	251628	3687463	240022	0.85013	245825	1.02398	251628	1.06735	240022	179354.922188371	245825	1187065.17705424	251628	3454783.34192158	256604	151072	262376	1211564	268180	3668821	256604	0.84971	262376	1.02369	268180	1.06792	256604	177792.42329736	262376	1183526.26283347	268180	3435482.9949809	273156	145041	278944	1222723	284747	3688472	273156	0.85002	278944	1.02434	284747	1.06794	273156	170632.455706925	278944	1193669.09424605	284747	3453819.50296833
4	360033	152093	365820	1210365	371639	3682628	360033	0.84996	365820	1.02475	371639	1.0689	360033	178941.361946445	365820	1181131.98341059	371639	3445250.25727383	376600	151078	382372	1201770	388175	3655385	376600	0.84987	382372	1.02428	388175	1.06832	376600	177766.011272312	382372	1173282.69613777	388175	3421619.92661375	393167	145943	398939	1215182	404742	3679600	393167	0.85024	398939	1.02428	404742	1.06828	393167	171649.181407603	398939	1186376.77197641	404742	3444415.32182574
5	480044	152176	485831	1206910	491650	3678759	480044	0.84995	485831	1.02446	491650	1.06852	480044	179041.120065886	485831	1178093.82503953	491650	3442854.60262793	496611	151713	502398	1200052	508186	3650132	496611	0.85068	502398	1.02466	508186	1.06895	496611	178343.207786712	502398	1171170.92498975	508186	3414689.18097198	513178	144982	518981	1208206	524769	3666539	513178	0.84999	518981	1.02441	524769	1.06879	513178	170569.065518418	518981	1179416.44458762	524769	3430551.37117675
6	600055	151963	605858	1205030	611661	3666840	600055	0.84979	605858	1.02478	611661	1.06863	600055	178824.180091552	605858	1175891.4108394	611661	3431346.67752169	616637	151606	622409	1199294	628228	3642237	616637	0.85054	622409	1.02473	628228	1.06776	616637	178246.760881322	622409	1170351.21446625	628228	3411100.8091706	633205	144942	638992	1206577	644795	3661737	633205	0.8501	638992	1.02394	644795	1.06774	633205	170499.94118339	638992	1178366.89649784	644795	3429427.57600165
7	720066	151250	725853	1202692	731672	3664587	720066	0.84958	725853	1.02341	731672	1.06789	720066	178029.143812237	725853	1175181.01249744	731672	3431614.67941455	736648	151383	742420	1198767	748208	3644926	736648	0.84956	742420	1.02446	748208	1.06887	736648	178189.886529498	742420	1170145.24725221	748208	3410074.19050025	753200	145722	758972	1206485	764775	3657302	753200	0.84998	758972	1.02391	764775	1.06808	753200	171441.680980729	758972	1178311.57035286	764775	3424183.58175418
8	840077	151740	845880	1204552	851683	3661477	840077	0.85012	845880	1.02404	851683	1.06877	840077	178492.448124971	845880	1176274.36428265	851683	3425879.28179122	856659	151744	862431	1197708	868235	3637812	856659	0.84966	862431	1.02407	868235	1.06881	856659	178593.790457359	862431	1169556.76858027	868235	3403609.62191596	873211	146144	878999	1206176	884802	3652052	873211	0.85023	878999	1.02428	884802	1.06858	873211	171887.606882843	878999	1177584.25430546	884802	3417668.30747347
9	960103	151325	965875	1203604	971694	3653901	960103	0.85111	965875	1.02478	971694	1.06778	960103	177797.2295003	965875	1174499.89265989	971694	3421960.5162112	976670	151038	982442	1195384	988246	3632395	976670	0.84986	982442	1.02487	988246	1.06837	976670	177721.036405996	982442	1166376.22332589	988246	3399941.03166506	993238	145504	999025	1201787	1004844	3643844	993238	0.84989	999025	1.02324	1004844	1.06864	993238	171203.332195931	999025	1174491.81032798	1004844	3409795.62808804
10	1080114	151241	1085902	1201293	1091705	3649968	1080114	0.85001	1085902	1.02452	1091705	1.06859	1080114	177928.494958883	1085902	1172542.26369422	1091705	3415686.09101714	1096681	150821	1102453	1197799	1108272	3624014	1096681	0.85005	1102453	1.02435	1108272	1.0679	1096681	177426.03376272	1102453	1169325.91399424	1108272	3393589.28738646	1113249	145150	1119036	1201355	1124839	3638698	1113249	0.84945	1119036	1.02397	1124839	1.06859	1113249	170875.272234976	1119036	1173232.61423675	1124839	3405139.48286995
11	1200125	137745	1205913	690722	1211716	3398049	1200125	0.84974	1205913	1.02422	1211716	1.06831	1200125	162102.525478382	1205913	674388.315010447	1211716	3180770.56285161	1216692	138474	1222480	690099	1228283	3412518	1216692	0.84888	1222480	1.02332	1228283	1.06888	1216692	163125.530110263	1222480	674372.630262284	1228283	3192610.95726368	1233260	129174	1239047	696250	1244835	3342428	1233260	0.8493	1239047	1.02417	1244835	1.0681	1233260	152094.666195691	1239047	679818.780085338	1244835	3129321.22460444
12	1320136	136642	1325939	355021	1331743	3386809	1320136	0.84987	1325939	1.02471	1331743	1.06802	1320136	160779.883982256	1325939	346459.974041436	1331743	3171110.09157132	1336703	138205	1342491	327061	1348325	3398463	1336703	0.84974	1342491	1.02436	1348325	1.06902	1336703	162643.867535952	1342491	319283.25979148	1348325	3179045.29382051	1353286	129356	1359074	339889	1364877	3338976	1353286	0.85047	1359074	1.0246	1364877	1.06886	1353286	152099.427375451	1359074	331728.479406598	1364877	3123866.54940778
13	1440147	135878	1445950	196798	1451738	3386229	1440147	0.84999	1445950	1.02498	1451738	1.06868	1440147	159858.351274721	1445950	192001.795156979	1451738	3168608.93812928	1456714	138196	1462486	170420	1468290	3390798	1456714	0.85047	1462486	1.02486	1468290	1.06864	1456714	162493.679965196	1462486	166286.126885623	1468290	3173003.06932176	1473266	127922	1479054	181926	1484857	3325414	1473266	0.85014	1479054	1.02467	1484857	1.06897	1473266	150471.687016256	1479054	177545.941620229	1484857	3110858.11575629
14	1560158	136438	1565946	113799	1571765	3377195	1560158	0.85025	1565946	1.02371	1571765	1.06839	1560158	160468.097618348	1565946	111163.317736468	1571765	3161013.30038656	1576725	137593	1582513	98084	1588316	3387222	1576725	0.84987	1582513	1.02387	1588316	1.06774	1576725	161898.878652029	1582513	95797.3180188891	1588316	3172328.46947759	1593293	127240	1599080	106807	1604868	3323390	1593293	0.85026	1599080	1.0245	1604868	1.06841	1593293	149648.342859831	1599080	104252.80624695	1604868	3110594.2475267
15	1680169	135193	1685972	73661	1691760	3377395	1680169	0.85088	1685972	1.02501	1691760	1.06862	1680169	158886.09439639	1685972	71863.6891347402	1691760	3160520.11004847	1696721	137511	1702508	62512	1708312	3386705	1696721	0.84918	1702508	1.02414	1708312	1.06889	1696721	161933.865611531	1702508	61038.5298884918	1708312	3168431.73759695	1713288	128045	1719076	68797	1724863	3325448	1713288	0.85054	1719076	1.02499	1724863	1.06923	1713288	150545.535777271	1719076	67119.6792163826	1724863	3110133.46052767
16	1800180	135672	1805968	51133	1811771	3372927	1800180	0.85052	1805968	1.02492	1811771	1.06811	1800180	159516.531063349	1805968	49889.7474924872	1811771	3157846.10199324	1816747	137074	1822535	45135	1828354	3381300	1816747	0.85059	1822535	1.02485	1828354	1.06904	1816747	161151.671192937	1822535	44040.5913060448	1828354	3162931.22801766	1833330	128020	1839118	48616	1844921	3328436	1833330	0.84996	1839118	1.02421	1844921	1.06815	1833330	150618.85265189	1839118	47466.8280918952	1844921	3116075.45756682
17	1920191	135989	1925979	39143	1931782	3373975	1920191	0.8508	1925979	1.0246	1931782	1.06904	1920191	159836.62435355	1925979	38203.201249268	1931782	3156079.28608845	1936743	137888	1942531	35292	1948334	3377116	1936743	0.85038	1942531	1.02499	1948334	1.06797	1936743	162148.686469578	1942531	34431.5554298091	1948334	3162182.45830875	1953310	127481	1959098	37182	1964901	3317878	1953310	0.85053	1959098	1.02421	1964901	1.0686	1953310	149884.189858089	1959098	36303.1019029301	1964901	3104883.02451806
18	2040202	135227	2045990	32386	2051793	3362405	2040202	0.85019	2045990	1.02424	2051793	1.06813	2040202	159055.034756937	2045990	31619.5422947747	2051793	3147936.11264546	2056770	137971	2062557	30151	2068360	3370402	2056770	0.85016	2062557	1.02426	2068360	1.0687	2056770	162288.275148207	2062557	29436.8617343253	2068360	3153740.05801441	2073337	127433	2079124	31215	2084912	3317647	2073337	0.85024	2079124	1.02489	2084912	1.06902	2073337	149878.857734287	2079124	30456.9270848579	2084912	3103447.08237451
19	2160213	135306	2166001	27996	2171804	3364878	2160213	0.84996	2166001	1.02438	2171804	1.06829	2160213	159191.020753918	2166001	27329.7018684473	2171804	3149779.55424089	2176781	137916	2182553	27007	2188356	3374640	2176781	0.85039	2182553	1.02405	2188356	1.06923	2176781	162179.705782053	2182553	26372.7357062643	2188356	3156140.40010101	2193332	128130	2199120	27405	2204923	3312185	2193332	0.85071	2199120	1.02531	2204923	1.06819	2193332	150615.368339387	2199120	26728.5016238991	2204923	3100745.18578156
20	2280224	135241	2286012	25354	2291815	3362107	2280224	0.85073	2286012	1.02505	2291815	1.06842	2280224	158970.53119086	2286012	24734.4031998439	2291815	3146802.7554707	2296792	137529	2302564	24751	2308367	3366963	2296792	0.85009	2302564	1.02468	2308367	1.06861	2296792	161781.69370302	2302564	24154.8581020416	2308367	3150787.47157522	2313343	127782	2319131	24993	2324934	3312796	2313343	0.85031	2319131	1.02498	2324934	1.06844	2313343	150276.957815385	2319131	24383.890417374	2324934	3100591.51660365
21	2400235	136194	2406039	23594	2411842	3361398	2400235	0.85109	2406039	1.02462	2411842	1.06878	2400235	160023.029291849	2406039	23027.0734516211	2411842	3145079.4363667	2416803	137189	2422590	23298	2428378	3363848	2416803	0.85065	2422590	1.02438	2428378	1.06883	2416803	161275.495209546	2422590	22743.5131494172	2428378	3147224.53523947	2433354	128601	2439142	23120	2444929	3306221	2433354	0.85133	2439142	1.02553	2444929	1.06935	2433354	151058.93131923	2439142	22544.4404356772	2444929	3091804.36713892
22	2520246	135418	2526034	22294	2531853	3353974	2520246	0.85026	2526034	1.02486	2531853	1.06904	2520246	159266.577282243	2526034	21753.2150732783	2531853	3137369.97680162	2536814	137907	2542601	22360	2548404	3368895	2536814	0.85081	2542601	1.02451	2548404	1.06896	2536814	162089.06806455	2542601	21825.0675932885	2548404	3151563.20161652	2553381	127704	2559153	21847	2564956	3308018	2553381	0.85022	2559153	1.0248	2564956	1.06875	2553381	150201.124414857	2559153	21318.306010929	2564956	3095221.52046784
23	2640257	135611	2646045	21081	2651848	3361065	2640257	0.85027	2646045	1.02489	2651848	1.06966	2640257	159491.690874663	2646045	20569.0366771068	2651848	3142180.69293046	2656825	137727	2662597	21308	2668400	3374268	2656825	0.85068	2662597	1.02499	2668400	1.06971	2656825	161902.242911553	2662597	20788.4954975171	2668400	3154376.41977732	2673376	128677	2679164	20964	2684951	3310855	2673376	0.85055	2679164	1.02533	2684951	1.06944	2673376	151286.814414203	2679164	20446.1002799099	2684951	3095877.28156792
24	2760268	135357	2766056	20528	2771859	3360321	2760268	0.85004	2766056	1.02425	2771859	1.06879	2760268	159236.035951249	2766056	20041.9819380034	2771859	3144042.32824035	2776836	137729	2782623	20680	2788411	3358618	2776836	0.85056	2782623	1.02415	2788411	1.068	2776836	161927.436042137	2782623	20192.3546355514	2788411	3144773.4082397	2793387	127843	2799175	20106	2804978	3304778	2793387	0.85001	2799175	1.02443	2804978	1.06854	2793387	150401.759979294	2799175	19626.5240182345	2804978	3092797.64912872
25	2880279	135765	2886083	19728	2891886	3351656	2880279	0.85048	2886083	1.02576	2891886	1.06917	2880279	159633.383501082	2886083	19232.5690219934	2891886	3134820.46821366	2896862	137736	2902665	20073	2908469	3361079	2896862	0.85068	2902665	1.02457	2908469	1.0692	2896862	161912.82268303	2902665	19591.6335633485	2908469	3143545.6416012	2913445	127556	2919217	19636	2925020	3298621	2913445	0.85082	2919217	1.02536	2925020	1.0693	2913445	149921.252438824	2919217	19150.3471951315	2925020	3084841.4850837
26	3000290	129449	3006078	19274	3011897	3243153	3000290	0.85035	3006078	1.02465	3011897	1.06911	3000290	152230.258129006	3006078	18810.3254769921	3011897	3033507.30981845	3016858	130262	3022645	20058	3028448	3247016	3016858	0.85022	3022645	1.02421	3028448	1.06816	3016858	153209.757474536	3022645	19583.8744007577	3028448	3039821.74955063	3033425	121563	3039212	19059	3045016	3191233	3033425	0.85002	3039212	1.02473	3045016	1.06837	3033425	143011.929131079	3039212	18599.0456022562	3045016	2987011.05422279
27	3120301	129156	3126105	18329	3131908	3239423	3120301	0.84976	3126105	1.02483	3131908	1.06895	3120301	151991.150442478	3126105	17884.917498512	3131908	3030471.95846391	3136884	129728	3142672	18868	3148491	3242462	3136884	0.84923	3142672	1.02396	3148491	1.06786	3136884	152759.558659021	3142672	18426.5010351967	3148491	3036411.14003708	3153451	121173	3159239	18314	3165042	3181115	3153451	0.85018	3159239	1.02491	3165042	1.06885	3153451	142526.28855066	3159239	17868.8860485311	3165042	2976203.39617346
28	3240312	129412	3246116	18107	3251903	3232117	3240312	0.85035	3246116	1.02415	3251903	1.06891	3240312	152186.746633739	3246116	17680.0273397452	3251903	3023750.36251883	3256864	129810	3262652	18330	3268455	3232419	3256864	0.85043	3262652	1.02475	3268455	1.06734	3256864	152640.428959468	3262652	17887.2895828251	3268455	3028481.08381584	3273447	121501	3279219	17584	3285022	3180196	3273447	0.84966	3279219	1.02388	3285022	1.06863	3273447	142999.552762281	3279219	17173.887564949	3285022	2975956.13074684
29	3360323	129626	3366127	17057	3371930	3225846	3360323	0.84986	3366127	1.02525	3371930	1.06799	3360323	152526.298449156	3366127	16636.9178249208	3371930	3020483.33785897	3376891	130375	3382694	17854	3388481	3233328	3376891	0.84981	3382694	1.02368	3388481	1.06886	3376891	153416.646073828	3382694	17440.9971866208	3388481	3025024.79276987	3393473	121530	3399245	16906	3405049	3164908	3393473	0.84967	3399245	1.02453	3405049	1.06858	3393473	143032.000659079	3399245	16501.2249519292	3405049	2961788.54180314
30	3480334	129457	3486122	16991	3491941	3225122	3480334	0.84948	3486122	1.02431	3491941	1.06821	3480334	152395.583180299	3486122	16587.7517548398	3491941	3019183.49388229	3496902	130738	3502689	17571	3508492	3228275	3496902	0.85016	3502689	1.02478	3508492	1.06838	3496902	153780.464853675	3502689	17146.1191670407	3508492	3021654.28031225	3513469	121693	3519241	16760	3525044	3170225	3513469	0.85015	3519241	1.02405	3525044	1.0687	3513469	143142.974769158	3519241	16366.3883599434	3525044	2966431.17806681
31	3600345	121293	3606149	17903	3611952	3100032	3600345	0.84998	3606149	1.02337	3611952	1.06814	3600345	142701.004729523	3606149	17494.161446984	3611952	2902271.23785272	3616928	123880	3622716	18544	3628519	3120712	3616928	0.85016	3622716	1.0238	3628519	1.06775	3616928	145713.748000376	3622716	18112.9126782575	3628519	2922699.13369234	3633495	115044	3639267	18619	3645055	3055714	3633495	0.85006	3639267	1.02416	3645055	1.06859	3633495	135336.329200292	3639267	18179.7765974067	3645055	2859575.70256132
32	3720356	119616	3726144	20390	3731947	3071923	3720356	0.8502	3726144	1.02431	3731947	1.06849	3720356	140691.601976006	3726144	19906.0831193682	3731947	2875013.33657779	3736939	121988	3742727	20345	3748530	3095625	3736939	0.84976	3742727	1.0239	3748530	1.06858	3736939	143555.827527773	3742727	19870.1045023928	3748530	2896952.02979655	3753506	112386	3759279	19609	3765082	3031913	3753506	0.85018	3759279	1.02383	3765082	1.06857	3753506	132190.830177139	3759279	19152.5936923122	3765082	2837355.53122397
33	3840364	118099	3846152	23217	3851955	2993244	3840364	0.85056	3846152	1.02467	3851955	1.06904	3840364	138848.523325809	3846152	22658.0264865762	3851955	2799936.39152885	3856931	119561	3862735	22434	3868522	3017089	3856931	0.85046	3862735	1.02483	3868522	1.06791	3856931	140583.919290737	3862735	21890.459881151	3868522	2825227.78136734	3873499	104449	3879286	21845	3885090	2959352	3873499	0.84943	3879286	1.02465	3885090	1.06936	3873499	122963.634437211	3879286	21319.4749426633	3885090	2767404.80287275
34	3960375	116636	3966163	26198	3971966	2850073	3960375	0.85011	3966163	1.02529	3971966	1.07016	3960375	137201.06809707	3966163	25551.7951018736	3971966	2663221.38745608	3976942	114699	3982730	25097	3988549	2879116	3976942	0.85033	3982730	1.02464	3988549	1.0701	3976942	134887.631860572	3982730	24493.4806371018	3988549	2690511.16718064	3993525	85930	3999297	25157	4005101	2836927	3993525	0.85081	3999297	1.02539	4005101	1.06983	3993525	100997.872615508	3999297	24534.0797160105	4005101	2651754.9517213
35	4080386	112280	4086174	30279	4091977	2657636	4080386	0.85121	4086174	1.02553	4091977	1.07106	4080386	131906.345085232	4086174	29525.2211051846	4091977	2481313.83862715	4096953	105676	4102741	28184	4108544	2694958	4096953	0.85117	4102741	1.02564	4108544	1.07009	4096953	124153.811811976	4102741	27479.4274794275	4108544	2518440.50500425	4113536	65331	4119308	28004	4125112	2662008	4113536	0.85155	4119308	1.02575	4125112	1.06921	4113536	76720.0986436498	4119308	27300.9992688277	4125112	2489696.13078815
36	4200397	107870	4206185	916685	4211988	2417607	4200397	0.85067	4206185	1.02593	4211988	1.0681	4200397	126805.92944385	4206185	893516.126831265	4211988	2263465.0313641	4216965	95120	4222752	921309	4228555	2454163	4216965	0.85077	4222752	1.0257	4228555	1.06957	4216965	111804.600538336	4222752	898224.627083943	4228555	2294532.38217227	4233532	53593	4239319	905689	4245123	2457180	4233532	0.85123	4239319	1.02541	4245123	1.0696	4233532	62959.482161108	4239319	883245.726099804	4245123	2297288.70605834
37	4320408	106175	4326196	922500	4332015	2203438	4320408	0.85089	4326196	1.02548	4332015	1.06946	4320408	124781.111542032	4326196	899578.733861216	4332015	2060327.64198755	4336976	87036	4342763	929758	4348566	2240275	4336976	0.85092	4342763	1.02534	4348566	1.07	4336976	102284.58609505	4342763	906780.189985761	4348566	2093714.95327103	4353543	45759	4359346	909023	4365149	2253052	4353543	0.85135	4359346	1.02549	4365149	1.06957	4353543	53748.751982146	4359346	886427.951515861	4365149	2106502.6131997
38	4440419	103348	4446207	925827	4452010	2005709	4440419	0.85133	4446207	1.02535	4452010	1.06937	4440419	121395.933421822	4446207	902937.533525138	4452010	1875598.7170016	4456971	83566	4462759	934290	4468562	2047386	4456971	0.8506	4462759	1.02568	4468562	1.06892	4456971	98243.5927580531	4462759	910898.135870837	4468562	1915378.13868203	4473538	40616	4479310	912313	4485113	2085818	4473538	0.85107	4479310	1.02567	4485113	1.06947	4473538	47723.4540049585	4479310	889480.047188667	4485113	1950328.6674708
39	4560430	102348	4566218	928118	4572021	1841752	4560430	0.85103	4566218	1.02566	4572021	1.07019	4560430	120263.680481299	4566218	904898.309381277	4572021	1720957.96073594	4576998	81452	4582770	936147	4588588	1892025	4576998	0.85127	4582770	1.02565	4588588	1.07059	4576998	95682.9208124332	4582770	912735.338565788	4588588	1767273.18581343	4593565	37268	4599352	915511	4605156	1952626	4593565	0.85134	4599352	1.02561	4605156	1.07024	4593565	43775.6947870416	4599352	892650.227669387	4605156	1824474.88413814
40	4680441	101578	4686229	929813	4692032	1709972	4680441	0.85116	4686229	1.026	4692032	1.07008	4680441	119340.664504911	4686229	906250.487329435	4692032	1597985.19736842	4697009	80414	4702796	936735	4708599	1763546	4697009	0.85166	4702796	1.02578	4708599	1.07033	4697009	94420.308573844	4702796	913192.887363762	4708599	1647665.67320359	4713576	35754	4719363	914790	4725151	1845385	4713576	0.85146	4719363	1.02523	4725151	1.06991	4713576	41991.4030019026	4719363	892277.830340509	4725151	1724803.95547289
41	4800452	101139	4806240	930452	4812043	1599189	4800452	0.851	4806240	1.02611	4812043	1.06963	4800452	118847.238542891	4806240	906776.076638957	4812043	1495086.15128596	4817020	79406	4822807	936896	4828610	1657878	4817020	0.8508	4822807	1.02637	4828610	1.07049	4817020	93330.9826046074	4822807	912824.809766459	4828610	1548709.46949528	4833602	33677	4839390	915620	4845193	1761855	4833602	0.85184	4839390	1.02563	4845193	1.06979	4833602	39534.4196093163	4839390	892739.096945292	4845193	1646916.68458296
42	4920463	100553	4926251	930042	4932054	1508835	4920463	0.85097	4926251	1.02548	4932054	1.06943	4920463	118162.80244897	4926251	906933.33853415	4932054	1410877.75730997	4937031	78692	4942803	939971	4948621	1575964	4937031	0.85127	4942803	1.02625	4948621	1.06955	4937031	92440.7062389136	4942803	915927.892813642	4948621	1473483.24061521	4953598	33005	4959385	920520	4965189	1703192	4953598	0.85125	4959385	1.02539	4965189	1.07016	4953598	38772.3935389134	4959385	897726.718614381	4965189	1591530.23846901
43	5040474	100080	5046262	931679	5052065	1442148	5040474	0.85195	5046262	1.02566	5052065	1.07108	5040474	117471.682610482	5046262	908370.220150927	5052065	1346442.84273817	5057057	79450	5062845	941460	5068664	1510461	5057057	0.85165	5062845	1.02622	5068664	1.07079	5057057	93289.4968590384	5062845	917405.624524956	5068664	1410604.32017482	5073640	32548	5079428	917170	5085231	1666775	5073640	0.85114	5079428	1.02546	5085231	1.06991	5073640	38240.4774772658	5079428	894398.611354904	5085231	1557864.68020675
44	5160485	99398	5166273	934843	5172076	1386374	5160485	0.85181	5166273	1.02548	5172076	1.07004	5160485	116690.341742877	5166273	911615.048562624	5172076	1295628.20081492	5177053	79520	5182840	939919	5188659	1453675	5177053	0.85139	5182840	1.0265	5188659	1.07069	5177053	93400.2043716746	5182840	915654.164637116	5188659	1357699.24067657	5193635	32014	5199423	918644	5205211	1644705	5193635	0.85165	5199423	1.02681	5205211	1.07048	5193635	37590.5595021429	5199423	894658.21330139	5205211	1536418.24228384
45	5280496	99069	5286284	934802	5292087	1330304	5280496	0.85159	5286284	1.02608	5292087	1.06982	5280496	116334.15141089	5286284	911042.024013722	5292087	1243483.95057112	5297064	79864	5302867	941733	5308686	1408170	5297064	0.85136	5302867	1.02604	5308686	1.06932	5297064	93807.5549708701	5302867	917832.638103778	5308686	1316883.62697789	5313646	32063	5319434	916938	5325237	1626223	5313646	0.85121	5319434	1.02575	5325237	1.06989	5313646	37667.5555973262	5319434	893919.571045576	5325237	1519990.84017983
46	5400507	99142	5406295	933821	5412098	1293455	5400507	0.85147	5406295	1.02713	5412098	1.07062	5400507	116436.280784995	5406295	909155.608345584	5412098	1208136.40694177	5417090	79726	5422862	942100	5428681	1370424	5417090	0.85157	5422862	1.02689	5428681	1.07102	5417090	93622.3680965746	5422862	917430.299253085	5428681	1279550.33519449	5433642	31985	5439445	919745	5445248	1625423	5433642	0.85204	5439445	1.02647	5445248	1.07112	5433642	37539.3174029388	5439445	896027.161047084	5445248	1517498.50623646
47	5520518	99447	5526306	934403	5532109	1256648	5520518	0.85151	5526306	1.02601	5532109	1.07103	5520518	116788.998367606	5526306	910715.295172562	5532109	1173307.93721931	5537086	80518	5542873	941777	5548692	1340380	5537086	0.8517	5542873	1.02573	5548692	1.07088	5537086	94537.9828578138	5542873	918152.925233736	5548692	1251662.18437173	5553668	32437	5559456	919734	5565244	1628771	5553668	0.85177	5559456	1.02624	5565244	1.07062	5553668	38081.8765629219	5559456	896217.259120674	5565244	1521334.3670023
48	5640529	99010	5646301	934894	5652120	1228509	5640529	0.85175	5646301	1.02633	5652120	1.07108	5640529	116243.029057822	5646301	910909.746377871	5652120	1146981.55133137	5657097	80821	5662869	942667	5668672	1307171	5657097	0.8519	5662869	1.02596	5668672	1.07056	5657097	94871.4637868294	5662869	918814.573667589	5668672	1221016.10372142	5673664	32634	5679436	923521	5685239	1637030	5673664	0.8518	5679436	1.02631	5685239	1.07033	5673664	38311.8102841043	5679436	899846.050413618	5685239	1529462.87593546
49	5760540	98539	5766328	934375	5772131	1204107	5760540	0.85221	5766328	1.02618	5772131	1.07079	5760540	115627.603524953	5766328	910537.137734121	5772131	1124503.4040288	5777108	81497	5782895	945890	5788698	1282362	5777108	0.85173	5782895	1.02644	5788698	1.07073	5777108	95684.0782877203	5782895	921524.882116831	5788698	1197652.06914909	5793690	32968	5799462	919675	5805266	1644930	5793690	0.85199	5799462	1.02701	5805266	1.07036	5793690	38695.2898508198	5799462	895487.872562098	5805266	1536800.70256736
50	5880551	98292	5886339	934729	5892158	1181277	5880551	0.85183	5886339	1.02648	5892158	1.0709	5880551	115389.220853926	5886339	910615.891200998	5892158	1103069.38089457	5897134	81909	5902906	943656	5908694	1260096	5897134	0.85195	5902906	1.02632	5908694	1.07036	5897134	96142.9661365104	5902906	919455.92018084	5908694	1177263.72435442	5913686	33848	5919473	920265	5925277	1662174	5913686	0.85148	5919473	1.02614	5925277	1.0709	5913686	39751.9612909287	5919473	896822.071062428	5925277	1552128.11653749
51	6000562	98490	6006350	937919	6012138	1164149	6000562	0.85129	6006350	1.02661	6012138	1.0701	6000562	115695.004052673	6006350	913607.893942198	6012138	1087888.047846	6017114	81768	6022902	943638	6028689	1241215	6017114	0.85153	6022902	1.02624	6028689	1.0702	6017114	96024.8024144775	6022902	919510.056127222	6028689	1159797.23416184	6033681	34456	6039469	920623	6045272	1671010	6033681	0.85142	6039469	1.02544	6045272	1.07001	6033681	40468.8637805079	6039469	897783.390544547	6045272	1561676.99367296
52	6120573	97644	6126361	937125	6132164	1142355	6120573	0.85105	6126361	1.02567	6132164	1.0694	6120573	114733.564420422	6126361	913671.063792448	6132164	1068220.49747522	6137141	82651	6142928	943129	6148732	1220139	6137141	0.85119	6142928	1.02606	6148732	1.06945	6137141	97100.5298464503	6142928	919175.291893262	6148732	1140903.26803497	6153708	34881	6159496	922590	6165299	1687159	6153708	0.85123	6159496	1.02647	6165299	1.07039	6153708	40977.1742067361	6159496	898798.795873236	6165299	1576209.6058446
53	6240584	97428	6246372	933676	6252175	1128902	6240584	0.8515	6246372	1.02606	6252175	1.06999	6240584	114419.260129184	6246372	909962.38036762	6252175	1055058.45849027	6257152	82314	6262939	941585	6268743	1201973	6257152	0.85164	6262939	1.02576	6268743	1.07031	6257152	96653.5155699591	6262939	917938.894088286	6268743	1123013.89317114	6273719	35179	6279491	920490	6285294	1695042	6273719	0.85163	6279491	1.02554	6285294	1.06982	6273719	41307.8449561429	6279491	897566.160266786	6285294	1584417.93946645
54	6360595	97725	6366383	934791	6372186	1115134	6360595	0.85172	6366383	1.02623	6372186	1.07059	6360595	114738.411684591	6366383	910898.141742105	6372186	1041606.96438412	6377163	83088	6382950	942872	6388738	1186465	6377163	0.85155	6382950	1.02662	6388738	1.06988	6377163	97572.6616170513	6382950	918423.564707487	6388738	1108970.1648783	6393714	36258	6399502	919638	6405305	1708081	6393714	0.8516	6399502	1.02544	6405305	1.0706	6393714	42576.3269140442	6399502	896822.827274146	6405305	1595442.74238745
55	6480606	97661	6486394	935059	6492197	1104367	6480606	0.85177	6486394	1.02567	6492197	1.07059	6480606	114656.538736983	6486394	911656.770696228	6492197	1031549.89304963	6497174	83619	6502946	942987	6508749	1174877	6497174	0.85217	6502946	1.02601	6508749	1.0703	6497174	98124.7873076968	6502946	919081.68536369	6508749	1097708.11921891	6513725	37216	6519513	919297	6525316	1715279	6513725	0.85146	6519513	1.02625	6525316	1.0707	6513725	43708.4537147958	6519513	895782.704019489	6525316	1602016.4378444
56	6600617	97820	6606421	935327	6612224	1094097	6600617	0.85168	6606421	1.02688	6612224	1.07102	6600617	114855.344730415	6606421	910843.526020567	6612224	1021546.74982727	6617200	83688	6622988	942639	6628791	1161421	6617200	0.85201	6622988	1.02749	6628791	1.07216	6617200	98224.1992464877	6622988	917419.147631607	6628791	1083253.43232353	6633768	38183	6639555	922339	6645358	1721802	6633768	0.85195	6639555	1.02726	6645358	1.07094	6633768	44818.3578848524	6639555	897863.247863248	6645358	1607748.33323996
57	6720629	97633	6726416	934800	6732219	1079890	6720629	0.8524	6726416	1.02693	6732219	1.07064	6720629	114538.948850305	6726416	910285.998071923	6732219	1008639.69214675	6737196	83524	6742968	941089	6748771	1147226	6737196	0.85209	6742968	1.02691	6748771	1.07093	6737196	98022.50935934	6742968	916427.92455035	6748771	1071242.75162709	6753747	38748	6759535	917744	6765338	1724418	6753747	0.8519	6759535	1.02672	6765338	1.07107	6753747	45484.2117619439	6759535	893860.059217703	6765338	1609995.61186477
58	6840640	97332	6846427	933019	6852230	1071425	6840640	0.85198	6846427	1.02633	6852230	1.07115	6840640	114242.118359586	6846427	909082.848596455	6852230	1000256.73341736	6857207	84635	6862979	942759	6868782	1137561	6857207	0.85189	6862979	1.02687	6868782	1.07123	6857207	99349.6812968811	6862979	918089.923748868	6868782	1061920.40924918	6873774	39334	6879562	919702	6885365	1722413	6873774	0.8521	6879562	1.02714	6885365	1.07152	6873774	46161.2486797324	6879562	895400.821699087	6885365	1607448.29774526
59	6960651	97644	6966423	936622	6972241	1066138	6960651	0.85346	6966423	1.02812	6972241	1.07173	6960651	114409.579827994	6966423	911004.551997822	6972241	994782.267921958	6977218	84607	6982990	943611	6988793	1125692	6977218	0.85303	6982990	1.02768	6988793	1.07143	6977218	99184.0849677034	6982990	918195.352638954	6988793	1050644.46580738	6993769	40368	6999541	919532	7005360	1721898	6993769	0.85316	6999541	1.02685	7005360	1.07194	6993769	47315.8610342726	6999541	895488.143351025	7005360	1606338.04130828
60	7080662	97588	7086449	935050	7092268	1054122	7080662	0.85258	7086449	1.02736	7092268	1.07177	7080662	114461.985971991	7086449	910148.341379847	7092268	983533.780568592	7097244	84893	7103016	943817	7108820	1116886	7097244	0.85354	7103016	1.02859	7108820	1.07205	7097244	99459.8964313331	7103016	917583.293634976	7108820	1041822.67618115	7113796	41548	7119584	921717	7125387	1717137	7113796	0.853	7119584	1.02795	7125387	1.07234	7113796	48708.0890973036	7119584	896655.479352108	7125387	1601299.02829327
61	7200673	96803	7206460	935441	7212263	1049254	7200673	0.85276	7206460	1.02844	7212263	1.0721	7200673	113517.285050894	7206460	909572.750962623	7212263	978690.420669714	7217240	84989	7223027	941299	7228815	1107106	7217240	0.85287	7223027	1.02744	7228815	1.07232	7217240	99650.591532121	7223027	916159.58109476	7228815	1032439.94330051	7233807	42295	7239579	918253	7245382	1705553	7233807	0.85279	7239579	1.02737	7245382	1.07141	7233807	49596.0318484035	7239579	893789.968560499	7245382	1591877.05920236
62	7320684	96787	7326471	933721	7332274	1038572	7320684	0.85244	7326471	1.02674	7332274	1.07118	7320684	113541.128994416	7326471	909403.549097142	7332274	969558.804309266	7337251	85324	7343038	939632	7348842	1097562	7337251	0.85291	7343038	1.02707	7348842	1.07156	7337251	100038.691069398	7343038	914866.562162268	7348842	1024265.55675837	7353818	42966	7359606	919493	7365424	1701434	7353818	0.8526	7359606	1.0274	7365424	1.07253	7353818	50394.0886699507	7359606	894970.800077867	7365424	1586374.27391308
63	7440695	96933	7446482	934643	7452285	1035218	7440695	0.85298	7446482	1.02744	7452285	1.07192	7440695	113640.41360876	7446482	909681.34392276	7452285	965760.504515262	7457262	85486	7463049	941835	7468853	1090784	7457262	0.85294	7463049	1.02721	7468853	1.07224	7457262	100225.103758764	7463049	916886.51784932	7468853	1017294.63552936	7473829	44447	7479617	919213	7485420	1689342	7473829	0.85341	7479617	1.02789	7485420	1.07196	7473829	52081.6489143554	7479617	894271.760596951	7485420	1575937.53498265
64	7560706	97049	7566478	935367	7572296	1028676	7560706	0.85273	7566478	1.02711	7572296	1.07019	7560706	113809.763934657	7566478	910678.505710197	7572296	961208.757323466	7577273	86298	7583045	942336	7588848	1081855	7577273	0.85271	7583045	1.02748	7588848	1.07155	7577273	101204.395398201	7583045	917133.180207887	7588848	1009616.91008352	7593824	45009	7599612	919640	7605415	1678019	7593824	0.85285	7599612	1.0278	7605415	1.07208	7593824	52774.8138594126	7599612	894765.518583382	7605415	1565199.42541601
65	7680717	96766	7686504	935416	7692307	1025501	7680717	0.85247	7686504	1.02721	7692307	1.07166	7680717	113512.498973571	7686504	910637.552204515	7692307	956927.570311479	7697299	86287	7703071	937788	7708875	1073014	7697299	0.85273	7703071	1.02683	7708875	1.07192	7697299	101189.121996412	7703071	913284.574856597	7708875	1001020.59855213	7713851	45813	7719639	915238	7725442	1659272	7713851	0.85291	7719639	1.02741	7725442	1.07175	7713851	53713.7564338559	7719639	890820.607157805	7725442	1548189.40984371
66	7800728	96909	7806515	932532	7812318	1016478	7800728	0.85314	7806515	1.02771	7812318	1.07153	7800728	113590.969829102	7806515	907388.271010304	7812318	948622.997022948	7817295	86558	7823082	939054	7828886	1067517	7817295	0.85228	7823082	1.02723	7828886	1.07143	7817295	101560.520016896	7823082	914161.385473555	7828886	996347.871536171	7833862	46880	7839650	917425	7845453	1643926	7833862	0.85286	7839650	1.02735	7845453	1.07183	7833862	54967.9900569847	7839650	893001.411398258	7845453	1533756.28597819
67	7920739	97206	7926542	932785	7932345	1014111	7920739	0.85194	7926542	1.0268	7932345	1.07128	7920739	114099.58447778	7926542	908438.839111804	7932345	946634.866701516	7937321	86598	7943109	941750	7948912	1058824	7937321	0.85296	7943109	1.0272	7948912	1.07103	7937321	101526.449071469	7943109	916812.69470405	7948912	988603.493833039	7953889	47325	7959676	915197	7965479	1627249	7953889	0.85269	7959676	1.02687	7965479	1.07146	7953889	55500.8267952011	7959676	891249.13572312	7965479	1518721.1841786
68	8040750	97277	8046537	931094	8052340	1006906	8040750	0.85251	8046537	1.02661	8052340	1.07106	8040750	114106.579394963	8046537	906959.799729206	8052340	940102.328534349	8057332	86929	8063104	939120	8068908	1052200	8057332	0.85187	8063104	1.02705	8068908	1.07081	8057332	102044.912956202	8063104	914385.862421498	8068908	982620.632978773	8073884	48415	8079672	916824	8085475	1611860	8073884	0.85241	8079672	1.02696	8085475	1.07123	8073884	56797.7851034127	8079672	892755.316662772	8085475	1504681.53431103
69	8160761	96954	8166548	932801	8172351	1005047	8160761	0.85183	8166548	1.02657	8172351	1.07129	8160761	113818.484908961	8166548	908657.958054492	8172351	938165.202699549	8177328	87692	8183115	937084	8188919	1044604	8177328	0.85224	8183115	1.02614	8188919	1.07104	8177328	102895.897869145	8183115	913212.622059368	8188919	975317.448461309	8193911	49071	8199683	916046	8205486	1591241	8193911	0.85224	8199683	1.02682	8205486	1.07126	8193911	57578.8510278795	8199683	892119.358797063	8205486	1485391.96833635
70	8280772	96944	8286559	930958	8292378	997333	8280772	0.85223	8286559	1.02647	8292378	1.0709	8280772	113753.329500252	8286559	906951.006848715	8292378	931303.576431039	8297354	87514	8303126	937969	8308930	1038091	8297354	0.85238	8303126	1.02638	8308930	1.07109	8297354	102670.170581196	8303126	913861.337906039	8308930	969191.197751823	8313906	49873	8319694	916219	8325497	1578885	8313906	0.85206	8319694	1.02702	8325497	1.07195	8313906	58532.2629861747	8319694	892114.077622636	8325497	1472909.18419702
71	8400783	97128	8406570	930861	8412373	999227	8400783	0.85229	8406570	1.02657	8412373	1.07081	8400783	113961.210386136	8406570	906768.169730267	8412373	933150.605616309	8417350	87596	8423137	940500	8428925	1034695	8417350	0.85201	8423137	1.02693	8428925	1.07107	8417350	102810.999870894	8423137	915836.522450411	8428925	966038.634262933	8433917	50739	8439705	917754	8445508	1559427	8433917	0.85161	8439705	1.0269	8445508	1.07136	8433917	59580.0894775778	8439705	893713.1171487	8445508	1455558.35573477
72	8520794	96572	8526581	932426	8532384	991933	8520794	0.85125	8526581	1.02665	8532384	1.07088	8520794	113447.283406755	8526581	908221.88671894	8532384	926278.387867922	8537361	88048	8543149	936763	8548952	1026858	8537361	0.85185	8543149	1.02617	8548952	1.07037	8537361	103360.920349827	8543149	912873.11069316	8548952	959348.636452815	8553944	51565	8559716	914678	8565535	1541812	8553944	0.8515	8559716	1.02623	8565535	1.07092	8553944	60557.8391074574	8559716	891299.221422098	8565535	1439707.91469017
73	8640805	96704	8646592	931693	8652395	989282	8640805	0.8509	8646592	1.02591	8652395	1.07014	8640805	113649.077447409	8646592	908162.509381915	8652395	924441.661838638	8657372	88760	8663160	940015	8668963	1023855	8657372	0.8518	8663160	1.02634	8668963	1.06995	8657372	104202.864522188	8663160	915890.445661282	8668963	956918.547595682	8673924	52373	8679711	912772	8685514	1521918	8673924	0.85184	8679711	1.02631	8685514	1.07054	8673924	61482.2032306536	8679711	889372.606717269	8685514	1421635.80996506
74	8760816	97081	8766603	929994	8772407	983967	8760816	0.85278	8766603	1.02682	8772407	1.07043	8760816	113840.615399048	8766603	905703.044350519	8772407	919225.918556094	8777383	88521	8783186	936525	8788974	1018369	8777383	0.85235	8783186	1.02724	8788974	1.06974	8777383	103855.223793043	8783186	911690.549433433	8788974	951978.050741302	8793966	52881	8799738	916815	8805541	1502517	8793966	0.85212	8799738	1.02738	8805541	1.07024	8793966	62058.1608224194	8799738	892381.592010746	8805541	1403906.6003887
75	8880827	97382	8886614	929813	8892433	984172	8880827	0.85215	8886614	1.02664	8892433	1.07165	8880827	114278.002699055	8886614	905685.537286683	8892433	918370.736714412	8897410	88997	8903182	937166	8909000	1015257	8897410	0.85239	8903182	1.02717	8909000	1.07087	8897410	104408.780018536	8903182	912376.724398104	8909000	948067.459168713	8913977	53956	8919764	913671	8925568	1488330	8913977	0.85282	8919764	1.02674	8925568	1.07159	8913977	63267.7470040571	8919764	889875.723162631	8925568	1388898.73925662
76	9000838	97074	9006625	930273	9012429	980115	9000838	0.85243	9006625	1.02658	9012429	1.07103	9000838	113879.145501683	9006625	906186.561203218	9012429	915114.422565194	9017405	89271	9023193	938128	9028980	1013077	9017405	0.85223	9023193	1.02707	9028980	1.0711	9017405	104749.891461225	9023193	913402.202381532	9028980	945828.58743348	9033972	54702	9039744	915463	9045547	1472053	9033972	0.85191	9039744	1.02646	9045547	1.07152	9033972	64211.0082050921	9039744	891864.271379304	9045547	1373798.90249365
77	9120849	96940	9126636	927515	9132455	979028	9120849	0.85167	9126636	1.02733	9132455	1.07134	9120849	113823.429262508	9126636	902840.372616394	9132455	913835.010360857	9137432	89632	9143219	938780	9149022	1007856	9137432	0.85271	9143219	1.0271	9149022	1.07193	9137432	105114.28269869	9143219	914010.320319346	9149022	940225.574431166	9153999	55340	9159786	913524	9165590	1453910	9153999	0.85229	9159786	1.02744	9165590	1.07193	9153999	64930.9507327318	9159786	889126.372342911	9165590	1356347.89585141
78	9240860	96346	9246647	929157	9252451	976773	9240860	0.85191	9246647	1.02671	9252451	1.07147	9240860	113094.106184926	9246647	904984.85453536	9252451	911619.550710706	9257427	89696	9263215	936651	9269018	1003497	9257427	0.85232	9263215	1.02715	9269018	1.07113	9257427	105237.469495025	9263215	911893.102273281	9269018	936858.271171567	9273994	56099	9279782	913171	9285585	1434643	9273994	0.85214	9279782	1.02703	9285585	1.07147	9273994	65833.0790715141	9279782	889137.610391128	9285585	1338948.36066339
79	9360871	96879	9366658	931464	9372462	971575	9360871	0.85235	9366658	1.02709	9372462	1.07062	9360871	113661.054731038	9366658	906896.182418289	9372462	907488.184416507	9377454	89724	9383226	937196	9389029	1000622	9377454	0.8515	9383226	1.02594	9389029	1.07084	9377454	105371.697005285	9383226	913499.814803985	9389029	934427.178663479	9394005	56687	9399793	914430	9405596	1417132	9394005	0.85191	9399793	1.0274	9405596	1.07023	9394005	66541.0665445881	9399793	890042.826552463	9405596	1324137.80215468
80	9480882	96592	9486654	932013	9492473	970014	9480882	0.85244	9486654	1.02771	9492473	1.07142	9480882	113312.373891418	9486654	906883.264734215	9492473	905353.642829143	9497449	90386	9503221	936110	9509024	997178	9497449	0.85215	9503221	1.02767	9509024	1.07169	9497449	106068.180484656	9503221	910905.251685853	9509024	930472.431393407	9514001	57413	9519773	913887	9525576	1406480	9514001	0.85272	9519773	1.0273	9525576	1.07133	9514001	67329.2522750727	9519773	889600.895551446	9525576	1312835.44752784
81	9600893	97086	9606680	928319	9612484	970957	9600893	0.85205	9606680	1.02674	9612484	1.07117	9600893	113944.017369873	9606680	904142.23659349	9612484	906445.288796363	9617460	90696	9623248	933495	9629051	996132	9617460	0.85216	9623248	1.02716	9629051	1.07083	9617460	106430.7172362	9623248	908811.674909459	9629051	930242.89569773	9634012	57111	9639799	910750	9645602	1387280	9634012	0.85219	9639799	1.02684	9645602	1.07095	9634012	67016.7450920569	9639799	886944.411982393	9645602	1295373.2667258
82	9720904	96648	9726691	929784	9732495	965647	9720904	0.85188	9726691	1.02676	9732495	1.07161	9720904	113452.5989576	9726691	905551.443375277	9732495	901117.944028145	9737487	91051	9743259	937764	9749062	992429	9737487	0.85235	9743259	1.02729	9749062	1.07151	9737487	106823.488003754	9743259	912852.261776129	9749062	926196.675719312	9754038	58437	9759810	911941	9765613	1373521	9754038	0.85165	9759810	1.02626	9765613	1.07083	9754038	68616.2155815182	9759810	888606.201157601	9765613	1282669.51803741
83	9840915	96974	9846702	926782	9852506	965025	9840915	0.85133	9846702	1.026	9852506	1.07028	9840915	113908.825014977	9846702	903296.296296296	9852506	901656.57584931	9857482	91007	9863270	935805	9869057	989293	9857482	0.85145	9863270	1.02563	9869057	1.07092	9857482	106884.726055552	9863270	912419.683511598	9869057	923778.620251746	9874034	58969	9879821	911266	9885640	1358387	9874034	0.85214	9879821	1.0258	9885640	1.07014	9874034	69201.0702466731	9879821	888346.656268279	9885640	1269354.47698432
84	9960926	96442	9966713	928638	9972517	963972	9960926	0.8515	9966713	1.02651	9972517	1.07005	9960926	113261.303581914	9966713	904655.580559371	9972517	900866.314658193	9977493	91058	9983281	934650	9989084	986696	9977493	0.85199	9983281	1.0257	9989084	1.07004	9977493	106876.84127748	9983281	911231.354197134	9989084	922111.322941199	9994045	59558	9999832	912168	10005635	1345113	9994045	0.85151	9999832	1.02648	10005635	1.07081	9994045	69943.981867506	9999832	888636.895019874	10005635	1256164.02536398
85	10080937	96648	10086724	927507	10092528	960407	10080937	0.85115	10086724	1.02687	10092528	1.07055	10080937	113549.903072314	10086724	903237.0212393	10092528	897115.501377797	10097504	91346	10103292	934811	10109095	984384	10097504	0.85137	10103292	1.02588	10109095	1.07074	10097504	107292.951360748	10103292	911228.408780754	10109095	919349.23510843	10114071	60078	10119859	910387	10125662	1326078	10114071	0.85098	10119859	1.02548	10125662	1.06996	10114071	70598.6039624903	10119859	887766.704372587	10125662	1239371.56529216
86	10200948	97942	10206735	925734	10212539	959454	10200948	0.85151	10206735	1.02561	10212539	1.06966	10200948	115021.549952437	10206735	902617.954193114	10212539	896971.000130883	10217515	91901	10223303	934771	10229090	982506	10217515	0.85102	10223303	1.02659	10229090	1.07018	10217515	107989.236445677	10223303	910559.230072376	10229090	918075.463940646	10234067	60207	10239854	912617	10245642	1317039	10234067	0.85193	10239854	1.02587	10245642	1.07029	10234067	70671.2992851525	10239854	889602.971136694	10245642	1230544.05815246
87	10320959	97102	10326746	928477	10332550	961546	10320959	0.85168	10326746	1.02673	10332550	1.07023	10320959	114012.305091114	10326746	904304.929241378	10332550	898447.997159489	10337526	92395	10343314	936691	10349117	979187	10337526	0.85223	10343314	1.02609	10349117	1.07116	10337526	108415.568567171	10343314	912874.11435644	10349117	914137.010343926	10354109	61161	10359881	912252	10365700	1303386	10354109	0.85131	10359881	1.02592	10365700	1.071	10354109	71843.3942981992	10359881	889203.836556457	10365700	1216980.39215686
88	10440970	96869	10446757	928186	10452561	960955	10440970	0.85151	10446757	1.02602	10452561	1.0712	10440970	113761.435567404	10446757	904647.082902867	10452561	897082.710978342	10457537	92328	10463325	935792	10469112	980551	10457537	0.85199	10463325	1.02622	10469112	1.07044	10457537	108367.46910175	10463325	911882.442361287	10469112	916026.120100146	10474104	61675	10479892	910016	10485695	1293833	10474104	0.85136	10479892	1.02648	10485695	1.07119	10474104	72442.9148656268	10479892	886540.409944665	10485695	1207846.41380147
89	10560981	96126	10566768	928865	10572572	958141	10560981	0.85223	10566768	1.02638	10572572	1.0707	10560981	112793.494713868	10566768	904991.328747637	10572572	894873.447277482	10577548	92844	10583320	935273	10589123	978039	10577548	0.85199	10583320	1.026	10589123	1.07116	10577548	108973.110013028	10583320	911572.124756335	10589123	913065.275028941	10594100	62426	10599872	911253	10605675	1278485	10594100	0.852	10599872	1.02618	10605675	1.07031	10594100	73269.9530516432	10599872	888005.028357598	10605675	1194499.72437892
90	10680992	96922	10686779	926630	10692598	955707	10680992	0.8517	10686779	1.02629	10692598	1.07059	10680992	113798.285781378	10686779	902892.944489374	10692598	892691.88017822	10697559	92675	10703347	935586	10709150	976402	10697559	0.85133	10703347	1.02614	10709150	1.07154	10697559	108859.079322942	10703347	911752.782271425	10709150	911213.767101555	10714126	63222	10719914	910687	10725717	1266595	10714126	0.85124	10719914	1.02586	10725717	1.07058	10714126	74270.4760114656	10719914	887730.294582107	10725717	1183092.34246857
91	10801003	97240	10806790	926682	10812594	956315	10801003	0.85099	10806790	1.02574	10812594	1.07037	10801003	114266.912654673	10806790	903427.76922027	10812594	893443.388734737	10817570	93190	10823342	935719	10829145	975844	10817570	0.85163	10823342	1.02622	10829145	1.07057	10817570	109425.45471625	10823342	911811.307516907	10829145	911518.163221461	10834122	63766	10839894	908424	10845697	1257675	10834122	0.85148	10839894	1.02592	10845697	1.07078	10834122	74888.4295579462	10839894	885472.551466001	10845697	1174540.98881189
92	10921014	97402	10926801	929485	10932605	955282	10921014	0.85133	10926801	1.02615	10932605	1.07072	10921014	114411.567782176	10926801	905798.372557618	10932605	892186.566049014	10937581	93304	10943369	931152	10949172	972521	10937581	0.85204	10943369	1.02566	10949172	1.07032	10937581	109506.595934463	10943369	907856.404656514	10949172	908626.392107034	10954164	64286	10959952	911877	10965755	1247177	10954164	0.85168	10959952	1.0263	10965755	1.07079	10954164	75481.4014653391	10959952	888509.207833967	10965755	1164726.04338853
93	11041025	97024	11046813	927670	11052616	953744	11041025	0.85113	11046813	1.02592	11052616	1.07039	11041025	113994.336940303	11046813	904232.298814723	11052616	891024.766673829	11057592	93090	11063380	932417	11069183	970660	11057592	0.8512	11063380	1.02536	11069183	1.06904	11057592	109363.251879699	11063380	909355.738472342	11069183	907973.508942603	11074159	64331	11079931	909004	11085735	1235632	11074159	0.85151	11079931	1.02543	11085735	1.07016	11074159	75549.318269897	11079931	886461.289410296	11085735	1154623.60768483
94	11161036	96336	11166824	926279	11172627	951859	11161036	0.85223	11166824	1.02527	11172627	1.0703	11161036	113039.907067341	11166824	903448.847620627	11172627	889338.503223395	11177603	93971	11183391	934037	11189194	970526	11177603	0.85182	11183391	1.02622	11189194	1.07044	11177603	110317.907539151	11183391	910172.28274639	11189194	906660.812376219	11194155	65118	11199942	908971	11205746	1226179	11194155	0.85167	11199942	1.02609	11205746	1.07002	11194155	76459.1919405404	11199942	885858.940248906	11205746	1145940.26279883
95	11281047	96673	11286850	928221	11292653	953765	11281047	0.85238	11286850	1.02651	11292653	1.07082	11281047	113415.378117741	11286850	904249.349738434	11292653	890686.5766422	11297614	93745	11303402	931807	11309205	970463	11297614	0.85178	11303402	1.02547	11309205	1.07072	11297614	110057.761393787	11303402	908663.344612714	11309205	906364.875971309	11314166	65428	11319953	910288	11325772	1216548	11314166	0.85175	11319953	1.02584	11325772	1.07066	11314166	76815.9671265043	11319953	887358.65242143	11325772	1136259.87708516
96	11401058	97183	11406846	926426	11412649	952272	11401058	0.85219	11406846	1.02623	11412649	1.07054	11401058	114039.122730846	11406846	902746.947565361	11412649	889524.9126609	11417625	94253	11423413	933567	11429200	970061	11417625	0.8518	11423413	1.02602	11429200	1.07075	11417625	110651.56139939	11423413	909891.620046393	11429200	905964.043894467	11434192	65903	11439980	913916	11445783	1208813	11434192	0.85184	11439980	1.02629	11445783	1.0712	11434192	77365.4676934636	11439980	890504.633193347	11445783	1128466.20612397
97	11521069	97064	11526857	926194	11532660	950587	11521069	0.8518	11526857	1.02576	11532660	1.07009	11521069	113951.63183846	11526857	902934.409608485	11532660	888324.34655029	11537636	94414	11543424	935402	11549227	970330	11537636	0.85198	11543424	1.02607	11549227	1.07053	11537636	110817.155332285	11543424	911635.65838588	11549227	906401.502059727	11554203	66525	11559991	909581	11565794	1199331	11554203	0.85206	11559991	1.02641	11565794	1.07094	11554203	78075.4876417154	11559991	886177.063746456	11565794	1119886.26813827
98	11641080	96249	11646868	924908	11652655	951109	11641080	0.85145	11646868	1.02634	11652655	1.07041	11641080	113041.282518057	11646868	901171.151860007	11652655	888546.444820209	11657632	94250	11663435	934434	11669238	968748	11657632	0.85162	11663435	1.02549	11669238	1.07036	11657632	110671.426222963	11663435	911207.325278647	11669238	905067.45394073	11674214	67019	11679986	911178	11685790	1193209	11674214	0.85147	11679986	1.02633	11685790	1.07067	11674214	78709.7607666741	11679986	887802.168893046	11685790	1114450.76447458
99	11761091	96712	11766879	926264	11772697	951568	11761091	0.85237	11766879	1.02615	11772697	1.07066	11761091	113462.463484168	11766879	902659.455245335	11772697	888767.676012927	11777658	94981	11783446	934474	11789233	971718	11777658	0.85172	11783446	1.02603	11789233	1.0708	11777658	111516.695627671	11783446	910766.741713205	11789233	907469.18192006	11794225	67369	11800013	911102	11805816	1187678	11794225	0.85153	11800013	1.02599	11805816	1.07089	11794225	79115.2396274941	11800013	888022.300412285	11805816	1109056.95262819
100	11881102	97524	11886890	924322	11892693	951813	11881102	0.85196	11886890	1.02609	11892693	1.07093	11881102	114470.162918447	11886890	900819.616213003	11892693	888772.375412025	11897669	95062	11903457	935042	11909260	969261	11897669	0.85131	11903457	1.02619	11909260	1.07105	11897669	111665.550739449	11903457	911178.241846052	11909260	904963.353718314	11914252	67942	11920040	909432	11925843	1180260	11914252	0.85184	11920040	1.0261	11925843	1.07098	11914252	79759.1096919609	11920040	886299.580937531	11925843	1102037.38631907
101	12001113	97038	12006901	926034	12012704	952123	12001113	0.85255	12006901	1.02694	12012704	1.07217	12001113	113820.890270365	12006901	901741.094903305	12012704	888033.614072395	12017696	95352	12023468	931331	12029271	968270	12017696	0.85227	12023468	1.02638	12029271	1.07032	12017696	111880.038016122	12023468	907393.947660711	12029271	904654.682711713	12034232	68916	12040019	907990	12045823	1169470	12034232	0.85218	12040019	1.02649	12045823	1.07102	12034232	80870.2386819686	12040019	884558.057068262	12045823	1091921.71948236
102	12121124	96853	12126912	924368	12132715	950283	12121124	0.85183	12126912	1.02701	12132715	1.0702	12121124	113699.916650036	12126912	900057.448320854	12132715	887948.981498785	12137691	95052	12143463	933885	12149266	970731	12137691	0.85211	12143463	1.0269	12149266	1.07184	12137691	111548.978418279	12143463	909421.560035057	12149266	905667.823555755	12154243	68698	12160030	910214	12165834	1166404	12154243	0.85289	12160030	1.02791	12165834	1.07178	12154243	80547.3155975565	12160030	885499.703281416	12165834	1088286.77527104
103	12241135	97234	12246923	925546	12252726	950998	12241135	0.8516	12246923	1.02594	12252726	1.07143	12241135	114178.017848755	12246923	902144.374914712	12252726	887596.949870734	12257702	95273	12263490	935742	12269293	971199	12257702	0.85218	12263490	1.02671	12269293	1.0713	12257702	111799.150414232	12263490	911398.544866613	12269293	906561.187342481	12274285	69372	12280073	912234	12285876	1159034	12274285	0.85217	12280073	1.02682	12285876	1.07097	12274285	81406.2921717498	12280073	888406.926238289	12285876	1082228.2603621
104	12361146	97614	12366934	925929	12372737	949803	12361146	0.85227	12366934	1.02641	12372737	1.07058	12361146	114534.126509205	12366934	902104.422209448	12372737	887185.450877095	12377713	96006	12383501	933519	12389304	968986	12377713	0.85221	12383501	1.02642	12389304	1.07061	12377713	112655.331432393	12383501	909490.267142106	12389304	905078.413241049	12394280	69797	12400068	911479	12405871	1152941	12394280	0.85176	12400068	1.02698	12405871	1.07076	12394280	81944.4444444444	12400068	887533.350211299	12405871	1076750.15876574
105	12481157	97180	12486945	925084	12492732	950861	12481157	0.85238	12486945	1.0257	12492732	1.07125	12481157	114010.183251601	12486945	901905.040460174	12492732	887618.203033839	12497724	96484	12503496	933697	12509315	969012	12497724	0.85183	12503496	1.02591	12509315	1.06968	12497724	113266.731624855	12503496	910115.897105984	12509315	905889.611846534	12514291	70175	12520095	909659	12525898	1145039	12514291	0.85178	12520095	1.02641	12525898	1.0704	12514291	82386.2969311325	12520095	886253.056770686	12525898	1069730.00747384
106	12601168	97718	12606940	924831	12612759	951564	12601168	0.85219	12606940	1.02584	12612759	1.07073	12601168	114666.917002077	12606940	901535.327146534	12612759	888705.836205206	12617735	96236	12623507	933655	12629310	969674	12617735	0.85215	12623507	1.02562	12629310	1.07039	12617735	112933.169043009	12623507	910332.28681188	12629310	905907.192705463	12634287	70872	12640075	911339	12645878	1141296	12634287	0.85234	12640075	1.02667	12645878	1.0704	12634287	83149.9166999085	12640075	887664.975113717	12645878	1066233.1838565
107	12721179	97374	12726967	927858	12732770	951943	12721179	0.85212	12726967	1.02628	12732770	1.07075	12721179	114272.637656668	12726967	904098.296761118	12732770	889043.194022881	12737746	96339	12743518	934119	12749321	971825	12737746	0.85173	12743518	1.0262	12749321	1.07124	12737746	113109.788313198	12743518	910269.9278893	12749321	907196.333221314	12754314	71127	12760101	910428	12765889	1136753	12754314	0.85198	12760101	1.02705	12765889	1.07051	12754314	83484.3540928191	12760101	886449.539944501	12765889	1061879.85165949
108	12841190	96903	12846978	924084	12852781	951533	12841190	0.85136	12846978	1.02576	12852781	1.07077	12841190	113821.415147529	12846978	900877.398221806	12852781	888643.686319191	12857757	96729	12863545	933429	12869348	970657	12857757	0.85151	12863545	1.02579	12869348	1.07028	12857757	113597.021761342	12863545	909961.103149768	12869348	906918.750233584	12874325	71728	12880097	909752	12885900	1134085	12874325	0.85106	12880097	1.02543	12885900	1.07026	12874325	84280.7792635067	12880097	887190.739494651	12885900	1059635.04195242
109	12961201	97106	12966989	925475	12972792	949944	12961201	0.85153	12966989	1.02567	12972792	1.06931	12961201	114037.086186042	12966989	902312.634668071	12972792	888371.005601743	12977784	96666	12983556	933584	12989359	970259	12977784	0.85134	12983556	1.02535	12989359	1.07034	12977784	113545.704418916	12983556	910502.755156776	12989359	906496.066670404	12994336	71919	13000108	908963	13005911	1128640	12994336	0.85177	13000108	1.02558	13005911	1.07097	12994336	84434.7652535309	13000108	886291.659353732	13005911	1053848.38044016
110	13081212	97115	13087000	922034	13092803	948723	13081212	0.85202	13087000	1.02568	13092803	1.07022	13081212	113982.066148682	13087000	898948.989938382	13092803	886474.74351068	13097795	97368	13103567	933004	13109370	969616	13097795	0.85153	13103567	1.0258	13109370	1.07017	13097795	114344.767653518	13103567	909537.921622149	13109370	906039.227412467	13114347	72200	13120134	909866	13125937	1123057	13114347	0.85139	13120134	1.02565	13125937	1.0697	13114347	84802.4994420888	13120134	887111.587773607	13125937	1049880.34028232
111	13201223	97595	13207011	925076	13212814	951319	13201223	0.85225	13207011	1.02598	13212814	1.07029	13201223	114514.52038721	13207011	901651.104310026	13212814	888842.27639238	13217790	96940	13223578	932647	13229381	972168	13217790	0.8517	13223578	1.02606	13229381	1.07019	13217790	113819.419983562	13223578	908959.515038107	13229381	908406.918397668	13234358	72794	13240145	910268	13245980	1117679	13234358	0.85143	13240145	1.02575	13245980	1.06953	13234358	85496.1652748905	13240145	887417.011942481	13245980	1045018.84005124
112	13321234	97288	13327022	925827	13332825	951174	13321234	0.85162	13327022	1.02598	13332825	1.07027	13321234	114238.744980155	13327022	902383.087389618	13332825	888723.406243285	13337801	96838	13343589	933000	13349392	971920	13337801	0.85157	13343589	1.02602	13349392	1.07004	13337801	113717.016804256	13343589	909338.999239781	13349392	908302.493364734	13354369	73527	13360156	910566	13365944	1116535	13354369	0.85174	13360156	1.02541	13365944	1.07062	13354369	86325.6392795924	13360156	888001.872421763	13365944	1042886.36491005
113	13441245	97279	13447033	925104	13452836	952094	13441245	0.85139	13447033	1.02578	13452836	1.07025	13441245	114259.03522475	13447033	901854.198756069	13452836	889599.626255548	13457812	98168	13463600	932942	13469403	971817	13457812	0.85168	13463600	1.02623	13469403	1.07084	13457812	115263.948900996	13463600	909096.401391501	13469403	907527.73523589	13474364	73241	13480152	907805	13485955	1110466	13474364	0.85204	13480152	1.02549	13485955	1.07021	13474364	85959.5793624712	13480152	885240.22662337	13485955	1037615.04751404
114	13561256	97271	13567044	922486	13572847	950937	13561256	0.85224	13567044	1.02601	13572847	1.07019	13561256	114135.689477143	13567044	899100.398631592	13572847	888568.385053121	13577823	97526	13583611	933962	13589414	975215	13577823	0.85168	13583611	1.02598	13589414	1.0712	13577823	114510.14465527	13583611	910312.091853642	13589414	910394.884241972	13594406	73448	13600194	906450	13605997	1109178	13594406	0.85149	13600194	1.02564	13605997	1.07042	13594406	86258.2062032437	13600194	883789.633789634	13605997	1036208.21733525
115	13681267	97688	13687055	925173	13692858	951965	13681267	0.85232	13687055	1.02618	13692858	1.07023	13681267	114614.229397409	13687055	901569.900017541	13692858	889495.715874158	13697850	97548	13703638	935110	13709425	976343	13697850	0.85201	13703638	1.02593	13709425	1.07116	13697850	114491.613948193	13703638	911475.441794274	13709425	911481.944807498	13714386	73989	13720174	911326	13725961	1106780	13714386	0.85235	13720174	1.02617	13725961	1.06986	13714386	86805.889599343	13720174	888084.820253954	13725961	1034509.18811807
116	13801278	97351	13807066	926254	13812869	953965	13801278	0.85146	13807066	1.02545	13812869	1.07014	13801278	114334.202428769	13807066	903265.883270759	13812869	891439.437830564	13817845	97935	13823633	934212	13829436	973277	13817845	0.85183	13823633	1.02596	13829436	1.07023	13817845	114970.123146637	13823633	910573.511637881	13829436	909409.192416583	13834413	74393	13840200	910143	13846003	1103861	13834413	0.85188	13840200	1.02619	13846003	1.07085	13834413	87328.0274217026	13840200	886914.703904735	13846003	1030826.91319979
117	13921289	97549	13927077	924761	13932880	953001	13921289	0.85186	13927077	1.02598	13932880	1.0702	13921289	114512.948137018	13927077	901344.080781302	13932880	890488.693702112	13937856	98212	13943644	934304	13949447	974342	13937856	0.85194	13943644	1.02599	13949447	1.07026	13937856	115280.418808836	13943644	910636.555911851	13949447	910378.786463102	13954408	74829	13960196	909447	13965999	1100338	13954408	0.85228	13960196	1.02637	13965999	1.07061	13954408	87798.610785188	13960196	886081.04289876	13965999	1027767.34758689
118	14041300	96953	14047088	926670	14052891	953428	14041300	0.85168	14047088	1.02656	14052891	1.07167	14041300	113837.35675371	14047088	902694.435785536	14052891	889665.662004162	14057867	98142	14063655	934502	14069458	977745	14057867	0.85169	14063655	1.02612	14069458	1.07033	14057867	115232.068005965	14063655	910714.146493588	14069458	913498.640606168	14074435	75337	14080222	908825	14086041	1098325	14074435	0.85229	14080222	1.02708	14086041	1.07099	14074435	88393.6218892631	14080222	884862.912333996	14086041	1025523.11412805
119	14161311	97580	14167099	926131	14172902	954857	14161311	0.85193	14167099	1.02649	14172902	1.07124	14161311	114539.926989307	14167099	902230.903369736	14172902	891356.745453867	14177878	98483	14183666	936479	14189469	979359	14177878	0.85157	14183666	1.02567	14189469	1.0709	14177878	115648.742910154	14183666	913041.231585208	14189469	914519.562984406	14194446	75699	14200233	909695	14206052	1093911	14194446	0.85247	14200233	1.02623	14206052	1.07091	14194446	88799.6058512323	14200233	886443.584771445	14206052	1021477.99534975
120	14281322	97769	14287110	928316	14292913	957239	14281322	0.85213	14287110	1.0271	14292913	1.07121	14281322	114734.840928027	14287110	903822.412618051	14292913	893605.362160547	14297889	98623	14303677	934020	14309480	980818	14297889	0.85245	14303677	1.02625	14309480	1.07161	14297889	115693.589066807	14303677	910129.110840439	14309480	915275.146741818	14314457	76984	14320244	910826	14326047	1095877	14314457	0.85279	14320244	1.02644	14326047	1.07116	14314457	90273.1035776686	14320244	887364.093371264	14326047	1023074.98412935
121	14401333	97456	14407105	924919	14412924	956986	14401333	0.85244	14407105	1.02667	14412924	1.07127	14401333	114325.934963165	14407105	900892.204895439	14412924	893319.144566729	14417916	99358	14423688	934407	14429491	979329	14417916	0.85282	14423688	1.02672	14429491	1.07117	14417916	116505.2414343	14423688	910089.410939691	14429491	914261.041664722	14434468	76685	14440240	910652	14446027	1090451	14434468	0.85203	14440240	1.02722	14446027	1.07137	14434468	90002.6994354659	14440240	886520.901072798	14446027	1017809.90694158
122	14521344	97992	14527132	924602	14532935	956848	14521344	0.85265	14527132	1.02697	14532935	1.0708	14521344	114926.405910983	14527132	900320.359893668	14532935	893582.368322749	14537927	99130	14543699	932087	14549502	982491	14537927	0.85176	14543699	1.02627	14549502	1.07138	14537927	116382.549074857	14543699	908227.85426837	14549502	917033.172170472	14554479	76761	14560266	907643	14566069	1089097	14554479	0.85239	14560266	1.02632	14566069	1.07091	14554479	90053.848590434	14560266	884366.474393951	14566069	1016982.75298578
123	14641355	97783	14647143	924380	14652946	957211	14641355	0.85257	14647143	1.02625	14652946	1.07089	14641355	114692.04874673	14647143	900735.68818514	14652946	893846.240043328	14657922	100126	14663710	935157	14669513	984608	14657922	0.85238	14663710	1.02629	14669513	1.07024	14657922	117466.388230601	14663710	911201.512243128	14669513	919988.04006578	14674474	76966	14680262	909922	14686065	1086965	14674474	0.85184	14680262	1.02608	14686065	1.07014	14674474	90352.6483846732	14680262	886794.401995946	14686065	1015722.24194965
124	14761366	98519	14767154	927556	14772957	957475	14761366	0.85263	14767154	1.02719	14772957	1.07084	14761366	115547.189284918	14767154	903003.339206963	14772957	894134.511224833	14777933	99360	14783721	933038	14789524	983636	14777933	0.85312	14783721	1.0264	14789524	1.07197	14777933	116466.616654164	14783721	909039.360872954	14789524	917596.574531004	14794485	77827	14800273	910392	14806076	1087916	14794485	0.85251	14800273	1.02667	14806076	1.07127	14794485	91291.597752519	14800273	886742.575511119	14806076	1015538.56637449
125	14881377	98023	14887165	925494	14892968	957796	14881377	0.85149	14887165	1.02621	14892968	1.07041	14881377	115119.37897098	14887165	901856.345192505	14892968	894793.583766968	14897944	99326	14903732	931928	14909535	983937	14897944	0.8522	14903732	1.02662	14909535	1.07063	14897944	116552.452475945	14903732	907763.339892073	14909535	919026.180846791	14914512	78092	14920299	909302	14926087	1084093	14914512	0.85229	14920299	1.02593	14926087	1.07092	14914512	91626.0897112485	14920299	886319.729416237	14926087	1012300.63870317
126	15001388	97383	15007176	925325	15012979	956428	15001388	0.85147	15007176	1.02616	15012979	1.07043	15001388	114370.441706695	15007176	901735.596788025	15012979	893498.874284166	15017955	99454	15023743	934148	15029546	986417	15017955	0.85205	15023743	1.02646	15029546	1.07081	15017955	116723.196995481	15023743	910067.611012606	15029546	921187.699031574	15034523	77939	15040310	909168	15046129	1080703	15034523	0.85229	15040310	1.02646	15046129	1.07045	15034523	91446.5733494468	15040310	885731.543362625	15046129	1009578.21476949
127	15121399	98117	15127202	926081	15133006	960448	15121399	0.85264	15127202	1.02666	15133006	1.07072	15121399	115074.357290298	15127202	902032.805407827	15133006	897011.356843993	15137982	99722	15143770	932929	15149589	987778	15137982	0.85213	15143770	1.02688	15149589	1.0706	15137982	117026.74474552	15143770	908508.296977251	15149589	922639.641322623	15154565	79264	15160353	910427	15166156	1079533	15154565	0.85199	15160353	1.0266	15166156	1.07049	15154565	93033.9557976033	15160353	886837.132281317	15166156	1008447.53337257
128	15241410	97722	15247198	926299	15253001	961543	15241410	0.85122	15247198	1.02702	15253001	1.06996	15241410	114802.283780926	15247198	901928.881618664	15253001	898671.912968709	15257978	99959	15263765	931671	15269568	988808	15257978	0.85208	15263765	1.02643	15269568	1.06999	15257978	117311.754764811	15263765	907680.991397368	15269568	924128.262880962	15274545	79751	15280317	911169	15286120	1080206	15274545	0.85171	15280317	1.02621	15286120	1.0699	15274545	93636.3316152211	15280317	887897.214020522	15286120	1009632.67595102
129	15361421	97794	15367209	925983	15373012	962102	15361421	0.8516	15367209	1.02681	15373012	1.07169	15361421	114835.603569751	15367209	901805.592076431	15373012	897742.817419216	15378004	100444	15383792	933394	15389595	991055	15378004	0.85215	15383792	1.0265	15389595	1.07114	15378004	117871.266795752	15383792	909297.613248904	15389595	925233.862987098	15394587	79415	15400375	910361	15406178	1078065	15394587	0.85269	15400375	1.02635	15406178	1.0707	15394587	93134.6679332466	15400375	886988.843961612	15406178	1006878.6775007
130	15481432	97603	15487220	924561	15493023	963407	15481432	0.8519	15487220	1.026	15493023	1.07123	15481432	114570.95903275	15487220	901131.578947368	15493023	899346.545559777	15498000	100573	15503787	935378	15509590	992282	15498000	0.8521	15503787	1.02612	15509590	1.07089	15498000	118029.573993663	15503787	911567.84781507	15509590	926595.635406064	15514567	79995	15520339	909344	15526126	1079627	15514567	0.85154	15520339	1.02508	15526126	1.07077	15514567	93941.5646945534	15520339	887095.6413158	15526126	1008271.61762096
131	15601443	98489	15607231	924800	15613034	964197	15601443	0.85163	15607231	1.02544	15613034	1.07036	15601443	115647.640407219	15607231	901856.763925729	15613034	900815.613438469	15618026	100067	15623814	936920	15629617	993700	15618026	0.85193	15623814	1.0256	15629617	1.06997	15618026	117459.18091862	15623814	913533.541341654	15629617	928717.627597035	15634593	79876	15640397	910159	15646200	1075574	15634593	0.85186	15640397	1.02551	15646200	1.07011	15634593	93766.5813631348	15640397	887518.405476299	15646200	1005106.01713843
132	15721454	97706	15727242	923770	15733045	965512	15721454	0.85202	15727242	1.02586	15733045	1.07024	15721454	114675.71183775	15727242	900483.496773439	15733045	902145.313200777	15738037	100749	15743809	933419	15749612	995366	15738037	0.85172	15743809	1.02637	15749612	1.07075	15738037	118288.874277932	15743809	909437.142550932	15749612	929597.011440579	15754573	80429	15760361	912144	15766148	1075813	15754573	0.85217	15760361	1.02628	15766148	1.07047	15754573	94381.4027717474	15760361	888786.685894688	15766148	1004991.26551888
133	15841465	97651	15847253	925046	15853056	965896	15841465	0.85161	15847253	1.02532	15853056	1.07026	15841465	114666.337877667	15847253	902202.239300901	15853056	902487.246089735	15858033	100960	15863820	933567	15869623	996901	15858033	0.85221	15863820	1.02568	15869623	1.06978	15858033	118468.452611446	15863820	910193.237656969	15869623	931874.777991737	15874615	80467	15880387	910125	15886206	1074598	15874615	0.85225	15880387	1.02573	15886206	1.0698	15874615	94417.1311234966	15880387	887294.902167237	15886206	1004484.95045803
134	15961476	97609	15967264	926417	15973067	965607	15961476	0.85202	15967264	1.02566	15973067	1.07043	15961476	114561.864744959	15967264	903239.865062497	15973067	902073.932905468	15978044	101345	15983831	934705	15989634	998559	15978044	0.85223	15983831	1.02626	15989634	1.07095	15978044	118917.428393743	15983831	910787.71461423	15989634	932404.874177132	15994611	80576	16000383	913977	16006186	1071652	15994611	0.85201	16000383	1.02586	16006186	1.07008	15994611	94571.6599570428	16000383	890937.359873667	16006186	1001469.04904306
135	16081487	98354	16087275	929143	16093094	970136	16081487	0.85162	16087275	1.02558	16093094	1.07072	16081487	115490.476973298	16087275	905968.330115642	16093094	906059.473998805	16098070	101579	16103858	936678	16109661	1000865	16098070	0.85189	16103858	1.02555	16109661	1.0711	16098070	119239.573184331	16103858	913342.109112184	16109661	934427.2243488	16114637	81229	16120425	909304	16126213	1072651	16114637	0.8519	16120425	1.02578	16126213	1.0698	16114637	95350.393238643	16120425	886451.285850768	16126213	1002664.98410918
136	16201498	97744	16207286	925402	16213089	968268	16201498	0.85194	16207286	1.02616	16213089	1.07015	16201498	114731.084348663	16207286	901810.633819288	16213089	904796.523851797	16218081	101290	16223869	932326	16229672	1000811	16218081	0.8517	16223869	1.02594	16229672	1.07067	16218081	118926.852177997	16223869	908752.948515508	16229672	934752.071133029	16234648	81774	16240436	912848	16246224	1072548	16234648	0.85198	16240436	1.02656	16246224	1.0703	16234648	95981.1263175192	16240436	889230.049875312	16246224	1002100.34569747
137	16321509	97765	16327297	925110	16333100	969430	16321509	0.85221	16327297	1.02661	16333100	1.07009	16321509	114719.376679457	16327297	901130.906576012	16333100	905933.145810166	16338077	101486	16343864	935282	16349667	1003496	16338077	0.85198	16343864	1.0267	16349667	1.07082	16338077	119117.819667128	16343864	910959.384435571	16349667	937128.555686297	16354644	81945	16360431	910526	16366235	1072100	16354644	0.85225	16360431	1.02597	16366235	1.07075	16354644	96151.3640363743	16360431	887478.191370118	16366235	1001260.79850572
138	16441520	98185	16447308	922913	16453111	970813	16441520	0.85238	16447308	1.02653	16453111	1.06988	16441520	115189.234848307	16447308	899060.913952831	16453111	907403.634052417	16458088	101394	16463875	935859	16469678	1006532	16458088	0.85187	16463875	1.02594	16469678	1.07053	16458088	119025.203376102	16463875	912196.619685362	16469678	940218.396495194	16474670	81850	16480442	911632	16486246	1070941	16474670	0.85181	16480442	1.02639	16486246	1.07012	16474670	96089.503527782	16480442	888192.597355781	16486246	1000767.20367809
139	16561531	98033	16567319	927292	16573122	972904	16561531	0.85196	16567319	1.02578	16573122	1.07037	16561531	115067.608807925	16567319	903987.209733081	16573122	908941.76779992	16578099	102157	16583886	934337	16589689	1009096	16578099	0.85148	16583886	1.02575	16589689	1.07047	16578099	119975.80683046	16583886	910881.793809408	16589689	942666.305454613	16594666	82176	16600453	910810	16606257	1072672	16594666	0.85135	16600453	1.02639	16606257	1.0702	16594666	96524.3436894344	16600453	887391.73218757	16606257	1002309.84862643
140	16681542	98255	16687330	926138	16693133	974852	16681542	0.85151	16687330	1.02592	16693133	1.07115	16681542	115389.132247419	16687330	902739.004990643	16693133	910098.492274658	16698110	101966	16703897	932516	16709716	1008979	16698110	0.85183	16703897	1.02597	16709716	1.07122	16698110	119702.288015214	16703897	908911.566615008	16709716	941897.089300051	16714677	82751	16720480	912582	16726268	1075277	16714677	0.85162	16720480	1.02621	16726268	1.07066	16714677	97168.9251074423	16720480	889274.125179057	16726268	1004312.29335176
141	16801553	97915	16807341	926930	16813144	975198	16801553	0.85182	16807341	1.02605	16813144	1.0701	16801553	114947.993707591	16807341	903396.520637396	16813144	911314.830389683	16818121	102043	16823908	932915	16829711	1009915	16818121	0.85139	16823908	1.02581	16829711	1.07019	16818121	119854.590728103	16823908	909442.294382001	16829711	943678.225361852	16834703	83334	16840475	910578	16846279	1070658	16834703	0.85204	16840475	1.02588	16846279	1.07003	16834703	97805.26735834	16840475	887606.737630132	16846279	1000586.89943273
142	16921564	98553	16927352	926546	16933155	976086	16921564	0.85153	16927352	1.02543	16933155	1.06917	16921564	115736.380397637	16927352	903568.259169324	16933155	912938.073458851	16938147	101298	16943935	931893	16949738	1013486	16938147	0.8514	16943935	1.0252	16949738	1.06962	16938147	118978.153629316	16943935	908986.539211861	16949738	947519.679886315	16954714	82866	16960502	910307	16966305	1070896	16954714	0.85179	16960502	1.02558	16966305	1.06967	16954714	97284.5419645687	16960502	887602.137327171	16966305	1001146.14787738
143	17041575	98075	17047363	924905	17053166	979868	17041575	0.85193	17047363	1.02583	17053166	1.07072	17041575	115120.960642306	17047363	901616.252205531	17053166	915148.684997011	17058127	102314	17063930	937319	17069733	1016097	17058127	0.85173	17063930	1.02609	17069733	1.07045	17058127	120124.922217135	17063930	913486.146439396	17069733	949224.158064366	17074710	83534	17080498	912982	17086301	1073507	17074710	0.85112	17080498	1.0257	17086301	1.07032	17074710	98145.9723658239	17080498	890106.268889539	17086301	1002977.61417146
144	17161586	97983	17167374	927349	17173177	981336	17161586	0.85206	17167374	1.02616	17173177	1.07085	17161586	114995.422857545	17167374	903707.998752631	17173177	916408.460568707	17178169	102338	17183957	936073	17189776	1016845	17178169	0.852	17183957	1.02647	17189776	1.07097	17178169	120115.023474178	17183957	911934.104260232	17189776	949461.702942193	17194737	83983	17200524	913248	17206327	1073138	17194737	0.85228	17200524	1.02604	17206327	1.06945	17194737	98539.212465387	17200524	890070.562551168	17206327	1003448.50156623
145	17281597	98456	17287385	926307	17293188	980821	17281597	0.85228	17287385	1.02644	17293188	1.07103	17281597	115520.720889848	17287385	902446.319317252	17293188	915773.601112947	17298180	102971	17303952	934236	17309756	1019592	17298180	0.85229	17303952	1.02622	17309756	1.07042	17298180	120816.858111676	17303952	910366.19828107	17309756	952515.834905925	17314748	84662	17320520	909776	17326323	1073415	17314748	0.85221	17320520	1.02521	17326323	1.07075	17314748	99344.0583893641	17320520	887404.53175447	17326323	1002488.90964277
146	17401608	99435	17407396	924713	17413199	981539	17401608	0.85202	17407396	1.02621	17413199	1.07125	17401608	116705.00692472	17407396	901095.292386549	17413199	916255.77596266	17418176	103312	17423963	932948	17429767	1022150	17418176	0.8517	17423963	1.02598	17429767	1.07086	17418176	121300.927556651	17423963	909323.768494513	17429767	954513.195002148	17434759	84638	17440546	913715	17446349	1072449	17434759	0.85227	17440546	1.02629	17446349	1.07031	17434759	99308.9044551609	17440546	890308.782118115	17446349	1001998.48641982
147	17521619	97554	17527407	926994	17533210	984604	17521619	0.85164	17527407	1.02567	17533210	1.07054	17521619	114548.400732704	17527407	903793.617830296	17533210	919726.49317167	17538202	102800	17543974	935715	17549778	1022881	17538202	0.8521	17543974	1.02637	17549778	1.07055	17538202	120643.117005046	17543974	911674.152596043	17549778	955472.420718323	17554754	84535	17560542	910651	17566345	1075912	17554754	0.85223	17560542	1.02558	17566345	1.07026	17554754	99192.7061943372	17560542	887937.557284659	17566345	1005280.95976679
148	17641630	99008	17647418	927451	17653221	986841	17641630	0.85208	17647418	1.02668	17653221	1.07029	17641630	116195.662379119	17647418	903349.631822963	17653221	922031.412047202	17658198	103197	17663985	934100	17669789	1025541	17658198	0.85201	17663985	1.0261	17669789	1.0709	17658198	121121.81781904	17663985	910340.122795049	17669789	957644.037725278	17674781	85217	17680568	914505	17686371	1075264	17674781	0.85204	17680568	1.02617	17686371	1.07052	17674781	100015.257499648	17680568	891182.747497978	17686371	1004431.4912379
149	17761641	98782	17767429	925884	17773232	989691	17761641	0.85194	17767429	1.02575	17773232	1.07109	17761641	115949.480010329	17767429	902640.994394346	17773232	924003.585132902	17778209	102543	17783996	937043	17789800	1026710	17778209	0.85162	17783996	1.02596	17789800	1.07059	17778209	120409.337497945	17783996	913332.878474794	17789800	959013.254373757	17794792	84685	17800564	911142	17806367	1072498	17794792	0.8522	17800564	1.02606	17806367	1.07065	17794792	99372.2130955175	17800564	888000.70171335	17806367	1001726.0542661
150	17881653	98238	17887440	925604	17893243	986093	17881653	0.85224	17887440	1.02636	17893243	1.07008	17881653	115270.346381301	17887440	901831.715967107	17893243	921513.344796651	17898235	103246	17904007	934493	17909811	1027925	17898235	0.85185	17904007	1.02611	17909811	1.06999	17898235	121202.08956976	17904007	910714.250908772	17909811	960686.548472416	17914803	85651	17920590	912739	17926393	1077480	17914803	0.85142	17920590	1.02584	17926393	1.07113	17914803	100597.824810317	17920590	889747.913904702	17926393	1005928.31869148
151	18001664	99049	18007451	925907	18013254	987642	18001664	0.85174	18007451	1.02573	18013254	1.07006	18001664	116290.182450043	18007451	902681.017421739	18013254	922978.150757902	18018246	102914	18024018	933715	18029822	1029615	18018246	0.85238	18024018	1.02544	18029822	1.06968	18018246	120737.229874	18024018	910550.592916211	18029822	962544.873233116	18034814	85368	18040586	912153	18046389	1077471	18034814	0.85135	18040586	1.02538	18046389	1.06994	18034814	100273.6829741	18040586	889575.57198307	18046389	1007038.71245117
152	18121675	98730	18127462	925221	18133265	992327	18121675	0.85205	18127462	1.02556	18133265	1.07035	18121675	115873.481603192	18127462	902161.745777916	18133265	927105.152520204	18138242	102926	18144029	935720	18149848	1028605	18138242	0.85223	18144029	1.02612	18149848	1.07111	18138242	120772.561397745	18144029	911901.142166608	18149848	960316.867548618	18154809	86233	18160612	913007	18166400	1079559	18154809	0.852	18160612	1.02529	18166400	1.0706	18154809	101212.441314554	18160612	890486.594036809	18166400	1008368.204745
153	18241686	98584	18247473	927388	18253276	993301	18241686	0.85171	18247473	1.02588	18253276	1.06994	18241686	115748.318089491	18247473	903992.669707958	18253276	928370.749761669	18258253	103678	18264040	934135	18269844	1032248	18258253	0.85193	18264040	1.02628	18269844	1.07017	18258253	121697.792072119	18264040	910214.561328293	18269844	964564.508442584	18274836	85844	18280608	912359	18286395	1075888	18274836	0.85158	18280608	1.02609	18286395	1.07084	18274836	100805.561426995	18280608	889160.794862049	18286395	1004714.0562549
154	18361697	98456	18367484	925897	18373287	992783	18361697	0.85233	18367484	1.02604	18373287	1.07066	18361697	115513.944129621	18367484	902398.541967175	18373287	927262.623054938	18378264	103567	18384051	934787	18389870	1034323	18378264	0.85187	18384051	1.02574	18389870	1.07017	18378264	121576.062075199	18384051	911329.381714664	18389870	966503.452722465	18394847	86754	18400619	912194	18406437	1076510	18394847	0.85161	18400619	1.02535	18406437	1.06957	18394847	101870.574558777	18400619	889641.585799971	18406437	1006488.58887216
155	18481708	98623	18487495	925439	18493298	995905	18481708	0.85143	18487495	1.02554	18493298	1.06968	18481708	115832.188201027	18487495	902391.910603195	18493298	931030.775559046	18498290	103357	18504078	935473	18509881	1036798	18498290	0.85142	18504078	1.02519	18509881	1.07011	18498290	121393.671748373	18504078	912487.441352335	18509881	968870.489949631	18514858	86740	18520630	912065	18526448	1078543	18514858	0.85159	18520630	1.0256	18526448	1.06967	18514858	101856.527202057	18520630	889298.946957878	18526448	1008295.0816607
156	18601719	98468	18607506	926525	18613325	997067	18601719	0.85163	18607506	1.0261	18613325	1.07014	18601719	115622.98181135	18607506	902957.801383881	18613325	931716.410936887	18618286	103501	18624073	933676	18629877	1040165	18618286	0.85143	18624073	1.02643	18629877	1.07084	18618286	121561.373219172	18624073	909634.363765673	18629877	971354.263942326	18634853	86717	18640625	915141	18646428	1079833	18634853	0.85137	18640625	1.02561	18646428	1.07012	18634853	101855.832364307	18640625	892289.466756369	18646428	1009076.55216237
157	18721730	98998	18727517	924072	18733320	998788	18721730	0.85191	18727517	1.02603	18733320	1.07009	18721730	116207.111079809	18727517	900628.636589573	18733320	933368.221364558	18738297	104001	18744084	934825	18749888	1041294	18738297	0.85162	18744084	1.02572	18749888	1.06978	18738297	122121.368685564	18744084	911384.198416722	18749888	973372.095197143	18754864	86498	18760652	911427	18766455	1079191	18754864	0.85163	18760652	1.02583	18766455	1.07086	18754864	101567.582165964	18760652	888477.622997963	18766455	1007779.72844256
158	18841741	98451	18847528	924408	18853347	999386	18841741	0.85271	18847528	1.02619	18853347	1.06994	18841741	115456.603065521	18847528	900815.638429531	18853347	934057.984559882	18858323	104321	18864111	934654	18869930	1043902	18858323	0.85207	18864111	1.02606	18869930	1.07006	18858323	122432.429260507	18864111	910915.541001501	18869930	975554.641795787	18874906	87110	18880694	913354	18886513	1079879	18874906	0.85221	18880694	1.02604	18886513	1.07008	18874906	102216.589807677	18880694	890173.872363651	18886513	1009157.25927033
159	18961752	98616	18967539	926889	18973342	1002952	18961752	0.85219	18967539	1.02601	18973342	1.07129	18961752	115720.672619956	18967539	903391.779807215	18973342	936209.616443727	18978319	103599	18984106	937265	18989910	1045632	18978319	0.85194	18984106	1.02581	18989910	1.07051	18978319	121603.634058737	18984106	913682.845751163	18989910	976760.60942915	18994902	88200	19000689	912549	19006492	1085105	18994902	0.85126	19000689	1.0263	19006492	1.07067	18994902	103611.117637385	19000689	889163.987138264	19006492	1013482.21207281
160	19081763	98748	19087550	926085	19093353	1005525	19081763	0.85149	19087550	1.02625	19093353	1.07063	19081763	115970.827608075	19087550	902397.076735688	19093353	939190.009620504	19098330	104258	19104117	935004	19109936	1047504	19098330	0.85204	19104117	1.02575	19109936	1.07089	19098330	122362.799868551	19104117	911532.049719717	19109936	978162.089476977	19114913	88151	19120685	913366	19126488	1081461	19114913	0.85209	19120685	1.02602	19126488	1.06992	19114913	103452.686922743	19120685	890202.920021052	19126488	1010786.78779722
161	19201774	98548	19207561	926070	19213364	1004538	19201774	0.85185	19207561	1.02592	19213364	1.07069	19201774	115687.034102248	19207561	902672.723019339	19213364	938215.543247812	19218356	104286	19224144	935843	19229947	1046759	19218356	0.85187	19224144	1.02522	19229947	1.0695	19218356	122420.087572047	19224144	912821.638282515	19229947	978736.792893876	19234924	88154	19240711	912474	19246515	1083084	19234924	0.85184	19240711	1.02513	19246515	1.06987	19234924	103486.570247934	19240711	890105.64513769	19246515	1012351.03330311
162	19321785	99447	19327572	925247	19333375	1004611	19321785	0.85194	19327572	1.0258	19333375	1.07027	19321785	116730.051412071	19327572	901976.018717099	19333375	938651.928952507	19338352	104346	19344124	937292	19349927	1051727	19338352	0.85181	19344124	1.02601	19349927	1.07022	19338352	122499.148871227	19344124	913531.057202172	19349927	982720.375249949	19354903	87742	19360691	912621	19366494	1085629	19354903	0.85178	19360691	1.02528	19366494	1.07043	19354903	103010.166944516	19360691	890118.796816479	19366494	1014198.96677036
163	19441796	98714	19447583	926972	19453386	1007512	19441796	0.8521	19447583	1.02552	19453386	1.07036	19441796	115847.905175449	19447583	903904.360714565	19453386	941283.306551067	19458363	104201	19464150	935850	19469938	1055317	19458363	0.8519	19464150	1.02624	19469938	1.07059	19458363	122315.999530461	19464150	911921.188026193	19469938	985734.034504339	19474930	89210	19480718	917214	19486521	1086664	19474930	0.85197	19480718	1.02641	19486521	1.07068	19474930	104710.25975093	19480718	893613.663156049	19486521	1014928.83027609
164	19561807	98884	19567594	926287	19573397	1009500	19561807	0.85175	19567594	1.02585	19573397	1.0704	19561807	116095.098326974	19567594	902945.849783107	19573397	943105.381165919	19578358	104810	19584146	934684	19589949	1055707	19578358	0.85207	19584146	1.02544	19589949	1.07109	19578358	123006.325771357	19584146	911495.553128413	19589949	985637.994939734	19594941	88453	19600713	917497	19606516	1087642	19594941	0.85226	19600713	1.02631	19606516	1.07046	19594941	103786.403210288	19600713	893976.478841676	19606516	1016051.04347664
165	19681818	99060	19687605	926331	19693408	1011308	19681818	0.8522	19687605	1.02596	19693408	1.07035	19681818	116240.319173903	19687605	902891.925611135	19693408	944838.60419489	19698385	104869	19704157	934387	19709960	1057340	19698385	0.85196	19704157	1.02575	19709960	1.07115	19698385	123091.459692943	19704157	910930.538630271	19709960	987107.314568455	19714937	88663	19720709	915933	19726512	1087672	19714937	0.85246	19720709	1.0261	19726512	1.07066	19714937	104008.399221078	19720709	892635.220738719	19726512	1015889.26456578
166	19801829	98791	19807632	927475	19813435	1013142	19801829	0.85201	19807632	1.02539	19813435	1.07022	19801829	115950.517012711	19807632	904509.503701031	19813435	946667.040421596	19818412	104928	19824199	940144	19830002	1057200	19818412	0.85173	19824199	1.02656	19830002	1.07071	19818412	123193.969920045	19824199	915819.825436409	19830002	987382.204331705	19834979	89059	19840766	915137	19846570	1088147	19834979	0.85232	19840766	1.02622	19846570	1.07	19834979	104490.097615919	19840766	891755.179201341	19846570	1016959.81308411
167	19921840	98337	19927627	927006	19933446	1016383	19921840	0.8513	19927627	1.02518	19933446	1.07015	19921840	115513.919887231	19927627	904237.304668448	19933446	949757.510629351	19938407	105153	19944179	936027	19949982	1058785	19938407	0.85205	19944179	1.02586	19949982	1.07011	19938407	123411.771609647	19944179	912431.520870294	19949982	989416.975824915	19954959	89106	19960746	914180	19966534	1088728	19954959	0.85223	19960746	1.02608	19966534	1.07026	19954959	104556.281754925	19960746	890944.175892718	19966534	1017255.62012969
168	20041851	98898	20047654	926975	20053457	1016459	20041851	0.85146	20047654	1.0254	20053457	1.06979	20041851	116151.081671482	20047654	904013.068070997	20053457	950148.159919236	20058418	104713	20064206	933338	20070009	1061189	20058418	0.85155	20064206	1.02467	20070009	1.06942	20058418	122967.529798603	20064206	910866.91325012	20070009	992303.304595014	20074985	90249	20080773	915580	20086576	1090539	20074985	0.85141	20080773	1.02484	20086576	1.0698	20074985	105999.459719759	20080773	893388.236212482	20086576	1019385.86651711
169	20161862	98467	20167649	927539	20173468	1017656	20161862	0.85104	20167649	1.02518	20173468	1.06969	20161862	115701.96465501	20167649	904757.213367408	20173468	951356.000336546	20178429	104442	20184217	935381	20190004	1063471	20178429	0.8518	20184217	1.02477	20190004	1.06995	20178429	122613.289504579	20184217	912771.646320638	20190004	993944.576849386	20194996	89932	20200784	914195	20206571	1088682	20194996	0.85126	20200784	1.02513	20206571	1.06847	20194996	105645.748654935	20200784	891784.456605504	20206571	1018916.76883768
170	20281873	98961	20287676	924230	20293479	1017463	20281873	0.85126	20287676	1.02492	20293479	1.06884	20281873	116252.37882668	20287676	901758.186004761	20293479	951932.001047865	20298456	105346	20304243	934595	20310062	1064563	20298456	0.85083	20304243	1.0255	20310062	1.06975	20298456	123815.568327398	20304243	911355.436372501	20310062	995151.203552232	20315023	89620	20320810	915763	20326614	1092691	20315023	0.85066	20320810	1.02545	20326614	1.06874	20315023	105353.490231115	20320810	893035.252815837	20326614	1022410.50208657
171	20401884	98710	20407671	927690	20413490	1020125	20401884	0.8516	20407671	1.02501	20413490	1.06884	20401884	115911.225927666	20407671	905054.584833319	20413490	954422.551551214	20418467	105749	20424254	936957	20430073	1068078	20418467	0.85081	20424254	1.0246	20430073	1.06918	20418467	124292.145132286	20424254	914461.25317197	20430073	998969.303578443	20435049	89914	20440821	914837	20446625	1092348	20435049	0.85105	20440821	1.02429	20446625	1.06867	20435049	105650.666823336	20440821	893142.567046442	20446625	1022156.51230034
172	20521895	99038	20527682	927860	20533486	1022952	20521895	0.85123	20527682	1.0251	20533486	1.06948	20521895	116346.933261281	20527682	905140.96185738	20533486	956494.745109773	20538462	105110	20544265	935904	20550068	1068696	20538462	0.85122	20544265	1.02499	20550068	1.06968	20538462	123481.591128028	20544265	913085.981326647	20550068	999080.098721113	20555045	90605	20560832	914731	20566636	1098187	20555045	0.85166	20560832	1.02439	20566636	1.06946	20555045	106386.351360872	20560832	892951.903083786	20566636	1026861.21968096
173	20641906	98341	20647709	925965	20653512	1024811	20641906	0.85049	20647709	1.02462	20653512	1.06855	20641906	115628.637608908	20647709	903715.523803947	20653512	959066.959898929	20658504	105127	20664307	936144	20670111	1070681	20658504	0.85086	20664307	1.02539	20670111	1.06888	20658504	123553.816138965	20664307	912963.847901774	20670111	1001684.94124691	20675087	90198	20680875	913028	20686693	1095746	20675087	0.85087	20680875	1.02367	20686693	1.06903	20675087	106006.793047116	20680875	891916.340226831	20686693	1024990.87958243
174	20761917	99021	20767704	924748	20773523	1026445	20761917	0.85159	20767704	1.0252	20773523	1.06986	20761917	116277.786258646	20767704	902017.167381974	20773523	959419.924102219	20778500	105103	20784287	936251	20790106	1073194	20778500	0.85085	20784287	1.0247	20790106	1.06927	20778500	123527.06117412	20784287	913683.029179272	20790106	1003669.79341046	20795082	90813	20800870	914873	20806673	1100318	20795082	0.85151	20800870	1.02524	20806673	1.0703	20795082	106649.364070886	20800870	892350.083882798	20806673	1028046.34214706
175	20881928	98891	20887715	927511	20893534	1031465	20881928	0.85203	20887715	1.02524	20893534	1.0703	20881928	116065.162024811	20887715	904676.953688892	20893534	963715.780622255	20898511	105819	20904298	936621	20910101	1077121	20898511	0.85163	20904298	1.02524	20910101	1.06983	20898511	124254.664584385	20904298	913562.678007101	20910101	1006815.10146472	20915078	90639	20920865	915027	20926669	1099966	20915078	0.85146	20920865	1.02492	20926669	1.06994	20915078	106451.271932915	20920865	892778.948600867	20926669	1028063.25588351
176	21001939	98983	21007726	927589	21013545	1030667	21001939	0.85202	21007726	1.02491	21013545	1.06983	21001939	116174.50294594	21007726	905044.345357153	21013545	963393.249394764	21018522	105598	21024325	935992	21030128	1076865	21018522	0.85064	21024325	1.02559	21030128	1.0693	21018522	124139.471456785	21024325	912637.603720785	21030128	1007074.7217806	21035104	91387	21040892	917249	21046695	1101509	21035104	0.8511	21040892	1.02521	21046695	1.06954	21035104	107375.161555634	21040892	894693.770056866	21046695	1029890.42018064
177	21121950	98733	21127737	929765	21133541	1032179	21121950	0.85165	21127737	1.02585	21133541	1.07036	21121950	115931.427229496	21127737	906336.208997417	21133541	964328.823947083	21138517	106192	21144305	937414	21150108	1081492	21138517	0.85159	21144305	1.02497	21150108	1.06982	21138517	124698.505149192	21144305	914577.012010108	21150108	1010910.24658354	21155084	91612	21160872	914893	21166675	1102597	21155084	0.85125	21160872	1.02534	21166675	1.06996	21155084	107620.558002937	21160872	892282.55993134	21166675	1030503.0094583
178	21241961	98393	21247748	926686	21253552	1033251	21241961	0.85108	21247748	1.02557	21253552	1.06911	21241961	115609.57841801	21247748	903581.423013544	21253552	966459.017313467	21258528	106121	21264300	936908	21270103	1081679	21258528	0.85128	21264300	1.02581	21270103	1.06976	21258528	124660.511230148	21264300	913334.828087073	21270103	1011141.75142088	21275095	91312	21280883	916315	21286670	1103527	21275095	0.85131	21280883	1.02548	21286670	1.06927	21275095	107260.574878716	21280883	893547.411943675	21286670	1032037.74537769
179	21361972	99239	21367759	929556	21373563	1037356	21361972	0.85074	21367759	1.02507	21373563	1.0691	21361972	116650.210405059	21367759	906821.973133542	21373563	970307.73547844	21378539	105962	21384327	935846	21390130	1087127	21378539	0.85227	21384327	1.02546	21390130	1.07032	21378539	124329.144519929	21384327	912610.925828409	21390130	1015702.78047687	21395106	92373	21400894	916198	21406697	1106450	21395106	0.85183	21400894	1.02573	21406697	1.07041	21395106	108440.651303664	21400894	893215.563549862	21406697	1033669.34165413
180	21481983	98712	21487786	928424	21493574	1037988	21481983	0.85137	21487786	1.02587	21493574	1.06979	21481983	115944.888826245	21487786	905011.356214725	21493574	970272.670337169	21498550	106427	21504353	937446	21510156	1084646	21498550	0.85168	21504353	1.02571	21510156	1.06934	21498550	124961.25305279	21504353	913948.386970976	21510156	1014313.50178615	21515133	91923	21520905	916100	21526708	1109251	21515133	0.85114	21520905	1.02508	21526708	1.06957	21515133	107999.859012618	21520905	893686.346431498	21526708	1037099.95605711
181	21601994	99086	21607781	928809	21613585	1040939	21601994	0.85183	21607781	1.0258	21613585	1.07019	21601994	116321.331721118	21607781	905448.430493274	21613585	972667.47026229	21618561	106096	21624333	937221	21630136	1088828	21618561	0.85229	21624333	1.02574	21630136	1.07064	21618561	124483.450468737	21624333	913702.302727787	21630136	1016987.96981245	21635128	92005	21640916	917462	21646719	1106888	21635128	0.85272	21640916	1.02611	21646719	1.07035	21635128	107895.909559996	21640916	894116.61517771	21646719	1034136.49740739
182	21722005	98989	21727792	928358	21733596	1040012	21722005	0.85176	21727792	1.02549	21733596	1.06991	21722005	116217.00948624	21727792	905282.352826454	21733596	972055.593461132	21738572	106658	21744360	935837	21750163	1091415	21738572	0.85182	21744360	1.02538	21750163	1.06979	21738572	125211.899227536	21744360	912673.350367669	21750163	1020214.24765608	21755139	92142	21760927	916657	21766730	1109527	21755139	0.85102	21760927	1.02494	21766730	1.06924	21755139	108272.426029941	21760927	894351.864499385	21766730	1037678.16392952
183	21842016	99001	21847819	927573	21853622	1043940	21842016	0.85055	21847819	1.02552	21853622	1.06971	21842016	116396.449356299	21847819	904490.404867775	21853622	975909.358611212	21858583	106468	21864371	936990	21870174	1093616	21858583	0.85074	21864371	1.0251	21870174	1.06903	21858583	125147.518630839	21864371	914047.41000878	21870174	1022998.41912762	21875150	92841	21880938	916820	21886726	1110672	21875150	0.85133	21880938	1.02464	21886726	1.07035	21875150	109054.068340127	21880938	894772.798251093	21886726	1037671.78960153
184	21962027	99375	21967830	928312	21973618	1047940	21962027	0.85127	21967830	1.02443	21973618	1.06973	21962027	116737.345378082	21967830	906174.165145496	21973618	979630.374019613	21978594	106553	21984382	934762	21990185	1093974	21978594	0.85095	21984382	1.02523	21990185	1.06926	21978594	125216.522709912	21984382	911758.337153614	21990185	1023113.1810785	21995161	92561	22000965	918132	22006768	1113827	21995161	0.85066	22000965	1.02507	22006768	1.06921	21995161	108810.805727318	22000965	895677.368374843	22006768	1041728.94005855
185	22082038	98918	22087825	927252	22093644	1046162	22082038	0.85022	22087825	1.02454	22093644	1.06951	22082038	116344.005081038	22087825	905042.26286919	22093644	978169.442080953	22098605	106405	22104408	938284	22110212	1095964	22098605	0.85205	22104408	1.02669	22110212	1.06997	22098605	124881.168945484	22104408	913892.216735334	22110212	1024294.13908801	22115188	92200	22120976	914476	22126779	1111557	22115188	0.85134	22120976	1.02531	22126779	1.07029	22115188	108299.856696502	22120976	891901.961358028	22126779	1038556.83973503
186	22202049	99098	22207852	928572	22213655	1046138	22202049	0.85052	22207852	1.02497	22213655	1.06969	22202049	116514.602831209	22207852	905950.418061016	22213655	977982.40611766	22218632	106854	22224435	936756	22230254	1099840	22218632	0.85162	22224435	1.02592	22230254	1.06944	22218632	125471.454404547	22224435	913088.739862758	22230254	1028426.09216038	22235215	92289	22240987	917938	22246790	1114982	22235215	0.85167	22240987	1.02558	22246790	1.06951	22235215	108362.393884955	22240987	895042.8050469	22246790	1042516.66651083
187	22322060	99430	22327848	929584	22333651	1050359	22322060	0.85121	22327848	1.0255	22333651	1.06933	22322060	116810.187850237	22327848	906469.03949293	22333651	982258.984597832	22338627	106475	22344399	937631	22350202	1102905	22338627	0.85159	22344399	1.02484	22350202	1.06897	22338627	125030.824692634	22344399	914904.765621951	22350202	1031745.51203495	22355179	93089	22360966	917775	22366754	1115280	22355179	0.85166	22360966	1.0248	22366754	1.06911	22355179	109303.008242726	22360966	895564.988290398	22366754	1043185.45332099
188	22442071	99094	22447859	928368	22453677	1050875	22442071	0.85122	22447859	1.02459	22453677	1.06876	22442071	116414.088014849	22447859	906087.31297397	22453677	983265.653654703	22458654	106803	22464441	936739	22470245	1104255	22458654	0.85132	22464441	1.02468	22470245	1.069	22458654	125455.762815393	22464441	914177.108951087	22470245	1032979.42001871	22475221	92760	22481009	917338	22486812	1117441	22475221	0.8508	22481009	1.02451	22486812	1.06936	22475221	109026.798307475	22481009	895391.943465657	22486812	1044962.40742126
189	22562082	99015	22567870	930325	22573688	1055089	22562082	0.85091	22567870	1.02462	22573688	1.0695	22562082	116363.657731135	22567870	907970.759891472	22573688	986525.479195886	22578649	106834	22584421	937359	22590224	1106034	22578649	0.85151	22584421	1.02522	22590224	1.06928	22578649	125464.175406043	22584421	914300.345291742	22590224	1034372.66197815	22595201	92871	22600988	917564	22606792	1118620	22595201	0.8512	22600988	1.02524	22606792	1.06955	22595201	109105.968045113	22600988	894974.835160548	22606792	1045879.10803609
190	22682093	99272	22687896	927936	22693699	1053067	22682093	0.85116	22687896	1.026	22693699	1.06952	22682093	116631.420649467	22687896	904421.052631579	22693699	984616.463460244	22698676	106381	22704463	936125	22710282	1107421	22698676	0.85147	22704463	1.0257	22710282	1.06908	22698676	124938.048316441	22704463	912669.396509701	22710282	1035863.54622666	22715243	93270	22721031	916692	22726881	1118138	22715243	0.85086	22721031	1.02454	22726881	1.06855	22715243	109618.50363162	22721031	894735.198235306	22726881	1046406.81297085
191	22802104	99208	22807892	928780	22813695	1057132	22802104	0.85122	22807892	1.0251	22813695	1.0686	22802104	116548.013439534	22807892	906038.435274607	22813695	989268.20138499	22818671	107028	22824459	937019	22830262	1111259	22818671	0.85051	22824459	1.02495	22830262	1.06912	22818671	125839.790243501	22824459	914209.47363286	22830262	1039414.65878479	22835238	92962	22841026	916860	22846814	1120864	22835238	0.8505	22841026	1.02504	22846814	1.06854	22835238	109302.763080541	22841026	894462.655115898	22846814	1048967.75038838
192	22922115	99376	22927903	929074	22933721	1059699	22922115	0.85074	22927903	1.0246	22933721	1.06951	22922115	116811.246679362	22927903	906767.519031817	22933721	990826.640237118	22938682	106528	22944470	935920	22950273	1114829	22938682	0.85093	22944470	1.02473	22950273	1.06879	22938682	125190.086141046	22944470	913333.268275546	22950273	1043075.81470635	22955265	93610	22961053	919640	22966840	1124572	22955265	0.85133	22961053	1.02518	22966840	1.06885	22955265	109957.360835399	22961053	897052.224975126	22966840	1052132.66594938
193	23042126	99537	23047914	927100	23053732	1064428	23042126	0.8504	23047914	1.02389	23053732	1.06817	23042126	117047.27187206	23047914	905468.360859077	23053732	996496.812305157	23058693	107017	23064481	935790	23070284	1117344	23058693	0.85022	23064481	1.02429	23070284	1.06866	23058693	125869.774881795	23064481	913598.687871599	23070284	1045556.11700634	23075260	93845	23081048	916586	23086836	1120268	23075260	0.85035	23081048	1.02462	23086836	1.0684	23075260	110360.439818898	23081048	894561.886357869	23086836	1048547.36053912
194	23162137	99141	23167925	926722	23173743	1060470	23162137	0.851	23167925	1.02452	23173743	1.06926	23162137	116499.412455934	23167925	904542.61507828	23173743	991779.361427529	23178720	106745	23184523	937404	23190342	1116423	23178720	0.85052	23184523	1.02532	23190342	1.06915	23178720	125505.573061186	23184523	914255.061834354	23190342	1044215.49829304	23195318	94325	23201106	916725	23206956	1123584	23195318	0.8508	23201106	1.02475	23206956	1.06954	23195318	110866.243535496	23201106	894584.044888997	23206956	1050530.13445032
195	23282148	99392	23287936	929462	23293754	1063215	23282148	0.84998	23287936	1.02417	23293754	1.06861	23282148	116934.516106261	23287936	907527.070701153	23293754	994951.385444643	23298731	107603	23304503	937029	23310306	1120625	23298731	0.85053	23304503	1.02384	23310306	1.06841	23298731	126512.880204108	23304503	915210.384435068	23310306	1048871.68783519	23315298	93925	23321070	918521	23326873	1126106	23315298	0.84992	23321070	1.02389	23326873	1.0692	23315298	110510.400978916	23321070	897089.531101974	23326873	1053222.97044519
196	23402159	98796	23407947	929985	23413765	1068462	23402159	0.84995	23407947	1.02456	23413765	1.06917	23402159	116237.425730925	23407947	907692.082454908	23413765	999337.804091024	23418742	107088	23424514	935027	23430317	1122315	23418742	0.85044	23424514	1.02402	23430317	1.06813	23418742	125920.699873007	23424514	913094.470811117	23430317	1050728.84386732	23435293	94522	23441081	918137	23446869	1127373	23435293	0.84987	23441081	1.02423	23446869	1.06851	23435293	111219.362961394	23441081	896416.820440721	23446869	1055088.86206025
197	23522170	98743	23527973	927240	23533776	1069704	23522170	0.84985	23527973	1.02395	23533776	1.06828	23522170	116188.739189269	23527973	905552.028907661	23533776	1001332.98386191	23538753	107363	23544509	936371	23550312	1124899	23538753	0.84994	23544509	1.02337	23550312	1.06879	23538753	126318.32835259	23544509	914987.736595757	23550312	1052497.6842972	23555273	93447	23561076	915825	23566880	1127327	23555273	0.85042	23561076	1.02375	23566880	1.06782	23555273	109883.351755603	23561076	894578.754578755	23566880	1055727.55707891
198	23642181	99036	23647969	926881	23653787	1067480	23642181	0.85096	23647969	1.02447	23653787	1.06891	23642181	116381.498542822	23647969	904741.964137554	23653787	998662.188584633	23658764	107103	23664536	936496	23670339	1127189	23658764	0.85047	23664536	1.02409	23670339	1.06849	23658764	125933.895375498	23664536	914466.5019676	23670339	1054936.40558171	23675315	94568	23681103	916436	23686922	1130612	23675315	0.84981	23681103	1.02347	23686922	1.0684	23675315	111281.345241878	23681103	895420.4813038	23686922	1058229.12766754
199	23762192	99308	23767980	928027	23773798	1072012	23762192	0.85022	23767980	1.02384	23773798	1.07025	23762192	116802.709886853	23767980	906417.994999219	23773798	1001646.34431208	23778775	108177	23784547	936526	23790350	1130505	23778775	0.85052	23784547	1.0243	23790350	1.06879	23778775	127189.248930066	23784547	914308.308112858	23790350	1057742.86810318	23795326	95003	23801099	917599	23806902	1131544	23795326	0.85062	23801099	1.02399	23806902	1.06854	23795326	111686.769650373	23801099	896101.52442895	23806902	1058962.69676381
200	23882203	99066	23888006	928182	23893825	1074211	23882203	0.85066	23888006	1.02438	23893825	1.06893	23882203	116457.80923048	23888006	906091.489486324	23893825	1004940.45447316	23898786	107192	23904589	935557	23910408	1133060	23898786	0.85035	23904589	1.02468	23910408	1.06973	23898786	126056.329746575	23904589	913023.578092673	23910408	1059201.85467361	23915384	95298	23921172	918064	23926960	1133877	23915384	0.85023	23921172	1.02407	23926960	1.06895	23915384	112084.965244698	23921172	896485.591805248	23926960	1060739.04298611
201	24002214	99219	24008002	929129	24013820	1074758	24002214	0.8509	24008002	1.02484	24013820	1.06939	24002214	116604.771418498	24008002	906608.836501308	24013820	1005019.68411898	24018781	107791	24024569	936978	24030372	1132600	24018781	0.8507	24024569	1.02478	24030372	1.06866	24018781	126708.592923475	24024569	914321.122582408	24030372	1059831.93906387	24035364	95236	24041152	917955	24046939	1131646	24035364	0.85083	24041152	1.02542	24046939	1.06912	24035364	111933.053606478	24041152	895199.040393205	24046939	1058483.61269081
202	24122225	99012	24128013	929043	24133831	1074275	24122225	0.85078	24128013	1.02477	24133831	1.06893	24122225	116377.912033663	24128013	906586.843877163	24133831	1005000.32743023	24138808	107731	24144580	939505	24150383	1135315	24138808	0.85046	24144580	1.02553	24150383	1.0696	24138808	126673.800061143	24144580	916116.544615955	24150383	1061438.85564697	24155360	94882	24161147	919439	24166982	1133694	24155360	0.85122	24161147	1.02512	24166982	1.06941	24155360	111465.896008083	24161147	896908.654596535	24166982	1060111.65034926
203	24242236	98890	24248024	929105	24253827	1077805	24242236	0.85052	24248024	1.02481	24253827	1.06932	24242236	116270.046559752	24248024	906611.957338433	24253827	1007934.94931358	24258788	108330	24264575	937356	24270379	1138619	24258788	0.85107	24264575	1.02473	24270379	1.06972	24258788	127286.827170503	24264575	914734.613020015	24270379	1064408.44333096	24275355	95183	24281143	918702	24286946	1135725	24275355	0.85093	24281143	1.02469	24286946	1.06877	24275355	111857.614609897	24281143	896565.790629361	24286946	1062646.78087895
204	24362247	99499	24368035	928036	24373854	1080066	24362247	0.85125	24368035	1.02562	24373854	1.06921	24362247	116885.756240822	24368035	904853.649499815	24373854	1010153.29074737	24378814	107975	24384602	935672	24390405	1137267	24378814	0.85093	24384602	1.02494	24390405	1.069	24378814	126890.578543476	24384602	912904.170000195	24390405	1063860.61739944	24395382	95772	24401169	922674	24406957	1140148	24395382	0.85133	24401169	1.02514	24406957	1.06913	24395382	112496.916589337	24401169	900046.822872974	24406957	1066425.97251971
205	24482258	98719	24488061	928082	24493865	1081461	24482258	0.85115	24488061	1.02474	24493865	1.06921	24482258	115983.081712977	24488061	905675.586002303	24493865	1011457.99234949	24498841	107659	24504613	937050	24510416	1140680	24498841	0.85076	24504613	1.02535	24510416	1.06922	24498841	126544.501386995	24504613	913883.064319501	24510416	1066833.76667103	24515408	94992	24521180	919093	24526983	1136129	24515408	0.85078	24521180	1.02437	24526983	1.06847	24515408	111652.83622088	24521180	897227.564259008	24526983	1063323.25661928
206	24602269	99224	24608057	927887	24613876	1082760	24602269	0.85111	24608057	1.02463	24613876	1.06846	24602269	116581.875433258	24608057	905582.502952285	24613876	1013383.74857271	24618852	107876	24624655	938915	24630474	1141718	24618852	0.85088	24624655	1.02493	24630474	1.06898	24618852	126781.684843926	24624655	916077.195515791	24630474	1068044.30391588	24635450	96011	24641222	917300	24647072	1140310	24635450	0.85106	24641222	1.02502	24647072	1.06915	24635450	112813.432660447	24641222	894909.367622095	24647072	1066557.54571388
207	24722280	99767	24728083	930578	24733887	1087045	24722280	0.85063	24728083	1.02455	24733887	1.06919	24722280	117286.011544385	24728083	908279.732565517	24733887	1016699.55760903	24738863	108233	24744635	938012	24750438	1142296	24738863	0.85047	24744635	1.02476	24750438	1.06924	24738863	127262.572459934	24744635	915347.983918186	24750438	1068325.16553814	24755415	96340	24761187	917910	24766990	1144176	24755415	0.85042	24761187	1.02455	24766990	1.0689	24755415	113285.200253992	24761187	895915.279878971	24766990	1070423.8001684
208	24842291	99369	24848079	931989	24853882	1087120	24842291	0.85087	24848079	1.02548	24853882	1.06922	24842291	116785.17282311	24848079	908831.961617974	24853882	1016741.1758104	24858858	107918	24864646	936855	24870434	1146025	24858858	0.85106	24864646	1.02473	24870434	1.06943	24858858	126804.220618993	24864646	914245.703746353	24870434	1071622.26606697	24875426	96142	24881198	920481	24887001	1144154	24875426	0.85131	24881198	1.02502	24887001	1.06976	24875426	112934.18378734	24881198	898012.721702991	24887001	1069542.70116662
209	24962302	99179	24968105	929008	24973909	1087871	24962302	0.85097	24968105	1.02409	24973909	1.0695	24962302	116548.174436232	24968105	907154.644611313	24973909	1017177.18560075	24978869	108093	24984657	935563	24990460	1152333	24978869	0.85064	24984657	1.0247	24990460	1.06975	24978869	127072.557133452	24984657	913011.61315507	24990460	1077198.41084366	24995452	95998	25001224	915771	25007027	1143017	24995452	0.85119	25001224	1.02508	25007027	1.06909	24995452	112780.930227094	25001224	893365.395871542	25007027	1069149.46356247
210	25082313	99248	25088101	928995	25093920	1090342	25082313	0.85082	25088101	1.02457	25093920	1.06902	25082313	116649.82017348	25088101	906716.964189856	25093920	1019945.37052628	25098896	108297	25104668	936399	25110471	1150609	25098896	0.85068	25104668	1.02379	25110471	1.0688	25098896	127306.390181972	25104668	914639.721036541	25110471	1076542.85179641	25115448	96532	25121220	916308	25127054	1146994	25115448	0.8507	25121220	1.02419	25127054	1.06915	25115448	113473.609968261	25121220	894666.028764194	25127054	1072809.24098583
211	25202324	99647	25208127	926866	25213931	1090106	25202324	0.85022	25208127	1.02342	25213931	1.06845	25202324	117201.430218061	25208127	905655.547087217	25213931	1020268.61341195	25218923	108985	25224710	939626	25230529	1154096	25218923	0.84971	25224710	1.02426	25230529	1.06921	25218923	128261.406832919	25224710	917370.58949876	25230529	1079391.32630634	25235490	96702	25241277	918269	25247081	1148590	25235490	0.85053	25241277	1.02421	25247081	1.06924	25235490	113696.165920073	25241277	896563.204811513	25247081	1074211.58954023
212	25322335	99059	25328123	929082	25333942	1091417	25322335	0.84983	25328123	1.02403	25333942	1.06848	25322335	116563.312662533	25328123	907280.060154488	25333942	1021466.94369572	25338918	107932	25344690	936437	25350493	1153118	25338918	0.85019	25344690	1.02341	25350493	1.06837	25338918	126950.446370811	25344690	915016.464564544	25350493	1079324.57856361	25355470	96680	25361242	919950	25367045	1148195	25355470	0.85065	25361242	1.02412	25367045	1.06801	25355470	113654.264386058	25361242	898283.40428856	25367045	1075078.88502917
213	25442346	100064	25448149	928598	25453953	1092658	25442346	0.8501	25448149	1.02438	25453953	1.06819	25442346	117708.504881779	25448149	906497.588785412	25453953	1022906.03731546	25458929	108032	25464732	938397	25470551	1155470	25458929	0.8501	25464732	1.02354	25470551	1.0688	25458929	127081.519821198	25464732	916815.170877543	25470551	1081090.94311377	25475527	96417	25481299	919092	25487103	1148187	25475527	0.85032	25481299	1.02455	25487103	1.06794	25475527	113389.077053345	25481299	897068.957103119	25487103	1075141.86190235
214	25562357	98951	25568145	927205	25573964	1094667	25562357	0.84966	25568145	1.02368	25573964	1.06836	25562357	116459.524986465	25568145	905756.681775555	25573964	1024623.72234078	25578940	108391	25584728	936492	25590531	1158060	25578940	0.8505	25584728	1.02411	25590531	1.06866	25578940	127443.856554968	25584728	914444.737381727	25590531	1083656.16753692	25595523	96784	25601295	918832	25607145	1151009	25595523	0.85013	25601295	1.02445	25607145	1.0701	25595523	113846.117652594	25601295	896902.72829323	25607145	1075608.82160546
215	25682368	99446	25688156	929493	25693975	1096967	25682368	0.84956	25688156	1.02459	25693975	1.06873	25682368	117055.887753661	25688156	907185.31314965	25693975	1026421.07922487	25698951	108344	25704723	936624	25710511	1162444	25698951	0.85025	25704723	1.02367	25710511	1.06928	25698951	127426.051161423	25704723	914966.737327459	25710511	1087127.78692204	25715487	96616	25721275	918265	25727078	1151069	25715487	0.85009	25721275	1.02333	25727078	1.0693	25715487	113653.84841605	25721275	897330.284463467	25727078	1076469.65304405
216	25802379	99424	25808151	928529	25813939	1098693	25802379	0.84929	25808151	1.02446	25813939	1.06887	25802379	117067.197305985	25808151	906359.447904262	25813939	1027901.42861152	25818915	108481	25824703	938323	25830506	1163018	25818915	0.84983	25824703	1.02361	25830506	1.06891	25818915	127650.235929539	25824703	916680.180928283	25830506	1088041.08858557	25835482	96974	25841270	919974	25847089	1151761	25835482	0.84986	25841270	1.02406	25847089	1.06866	25835482	114105.852728685	25841270	898359.471124739	25847089	1077761.87000543
217	25922390	99135	25928193	930269	25933997	1102173	25922390	0.85023	25928193	1.02448	25933997	1.06957	25922390	116597.861755055	25928193	908040.176479775	25933997	1030482.34337164	25938973	108402	25944745	936956	25950548	1167874	25938973	0.85071	25944745	1.02444	25950548	1.06964	25938973	127425.327079733	25944745	914603.10023037	25950548	1091838.37552822	25955525	97062	25961312	920027	25967116	1153585	25955525	0.85105	25961312	1.02451	25967116	1.06884	25955525	114049.703307679	25961312	898016.612819787	25967116	1079286.89046069
218	26042401	99262	26048189	929192	26054008	1103560	26042401	0.85113	26048189	1.02519	26054008	1.07066	26042401	116623.782500911	26048189	906360.772149553	26054008	1030728.70939421	26058984	108761	26064756	937598	26070559	1168971	26058984	0.85142	26064756	1.02512	26070559	1.06974	26058984	127740.715510559	26064756	914622.678320587	26070559	1092761.79258511	26075536	97679	26081308	919745	26087111	1156799	26075536	0.85083	26081308	1.02511	26087111	1.06967	26075536	114804.367499971	26081308	897215.908536645	26087111	1081454.0933185
219	26162412	99328	26168200	930854	26174003	1108215	26162412	0.85127	26168200	1.02475	26174003	1.06895	26162412	116682.133753098	26168200	908371.797999512	26174003	1036732.30740446	26178979	108917	26184767	940104	26190570	1172454	26178979	0.85145	26184767	1.02508	26190570	1.06992	26178979	127919.431557931	26184767	917103.055371288	26190570	1095833.33333333	26195562	96666	26201350	919811	26207138	1159806	26195562	0.85117	26201350	1.02435	26207138	1.0693	26195562	113568.382344303	26201350	897946.014545809	26207138	1084640.41896568
220	26282423	98864	26288195	929908	26294014	1109846	26282423	0.852	26288195	1.02522	26294014	1.07021	26282423	116037.558685446	26288195	907032.636897447	26294014	1037035.72196111	26298990	108595	26304778	938343	26310566	1173679	26298990	0.85121	26304778	1.02549	26310566	1.06969	26298990	127577.213613562	26304778	915019.161571541	26310566	1097214.14615449	26315542	97034	26321330	921145	26327133	1158937	26315542	0.85103	26321330	1.02528	26327133	1.06932	26315542	114019.48227442	26321330	898432.623283396	26327133	1083807.46642726
221	26402434	99566	26408222	931131	26414025	1111005	26402434	0.85117	26408222	1.02533	26414025	1.06901	26402434	116975.4573117	26408222	908128.114850829	26414025	1039284.01043957	26419002	108997	26424789	938690	26430577	1176430	26419002	0.85169	26424789	1.02509	26430577	1.06914	26419002	127977.315689981	26424789	915714.717732102	26430577	1100351.68453149	26435569	97618	26441356	918713	26447160	1159615	26435569	0.85156	26441356	1.02477	26447160	1.06918	26435569	114634.318192494	26441356	896506.533173297	26447160	1084583.51259844
222	26522445	98816	26528233	928627	26534036	1108221	26522445	0.85064	26528233	1.02405	26534036	1.06877	26522445	116166.650992194	26528233	906818.026463552	26534036	1036912.52561356	26539013	108871	26544800	937715	26550603	1176184	26539013	0.85063	26544800	1.02417	26550603	1.06949	26539013	127988.667223117	26544800	915585.303221145	26550603	1099761.56859812	26555580	97479	26561367	920969	26567155	1162082	26555580	0.85051	26561367	1.02463	26567155	1.06882	26555580	114612.409025173	26561367	898830.797458595	26567155	1087256.97498176
223	26642456	99137	26648260	929921	26654078	1112598	26642456	0.85057	26648260	1.02539	26654078	1.0688	26642456	116553.605229434	26648260	906894.937535962	26654078	1040978.66766467	26659055	108768	26664842	939804	26670646	1178675	26659055	0.85085	26664842	1.02464	26670646	1.0684	26659055	127834.518422754	26664842	917204.091193005	26670646	1103215.08798203	26675622	97488	26681410	921158	26687213	1164141	26675622	0.85102	26681410	1.02509	26687213	1.06904	26675622	114554.299546427	26681410	898611.829205241	26687213	1088959.25316172
224	26762467	99117	26768255	930301	26774074	1113255	26762467	0.85067	26768255	1.02491	26774074	1.06845	26762467	116516.392960843	26768255	907690.431354948	26774074	1041934.57812719	26779050	109355	26784838	939094	26790641	1179805	26779050	0.85026	26784838	1.02482	26790641	1.06894	26779050	128613.600545715	26784838	916350.188325755	26790641	1103714.89512975	26795617	97456	26801405	921306	26807208	1166861	26795617	0.8506	26801405	1.02463	26807208	1.06861	26795617	114573.242417117	26801405	899159.696670993	26807208	1091942.80420359
225	26882478	98706	26888266	929373	26894085	1114471	26882478	0.85028	26888266	1.02472	26894085	1.06836	26882478	116086.46563485	26888266	906953.118900773	26894085	1043160.5451346	26899046	109161	26904833	937701	26910636	1180656	26899046	0.85089	26904833	1.02387	26910636	1.06838	26899046	128290.37830977	26904833	915839.901550002	26910636	1105089.94926899	26915628	97148	26921416	920399	26927219	1166198	26915628	0.85039	26921416	1.0235	26927219	1.06829	26915628	114239.349004574	26921416	899266.243282853	26927219	1091649.27126529
226	27002489	99074	27008277	927295	27014080	1115027	27002489	0.85047	27008277	1.02451	27014080	1.06839	27002489	116493.233153433	27008277	905110.735863974	27014080	1043651.66278232	27019057	107964	27024844	939792	27030647	1185857	27019057	0.85034	27024844	1.02493	27030647	1.06839	27019057	126965.684314509	27024844	916932.863707765	27030647	1109947.67828228	27035624	97604	27041411	920990	27047215	1169082	27035624	0.85072	27041411	1.02376	27047215	1.06784	27035624	114731.051344743	27041411	899615.144174416	27047215	1094810.0839077
227	27122500	99346	27128288	929764	27134091	1121015	27122500	0.85045	27128288	1.02409	27134091	1.06863	27122500	116815.803398201	27128288	907892.860979015	27134091	1049020.70875794	27139068	109191	27144855	937134	27150643	1188661	27139068	0.85063	27144855	1.02344	27150643	1.06834	27139068	128364.858986869	27144855	915670.67927773	27150643	1112624.25819496	27155635	97695	27161407	920267	27167210	1169464	27155635	0.85063	27161407	1.02452	27167210	1.06864	27155635	114850.169874093	27161407	898242.103619256	27167210	1094347.95628088
228	27242511	98748	27248299	931473	27254102	1119870	27242511	0.85063	27248299	1.02494	27254102	1.06866	27242511	116088.075896688	27248299	908807.344820185	27254102	1047919.82482735	27259079	108732	27264866	938992	27270669	1189233	27259079	0.85061	27264866	1.02449	27270669	1.06889	27259079	127828.264422003	27264866	916545.793516774	27270669	1112586.88920282	27275646	97749	27281433	921427	27287237	1170299	27275646	0.85101	27281433	1.02422	27287237	1.06768	27275646	114862.340043008	27281433	899637.773134678	27287237	1096114.00419601
229	27362522	99675	27368310	929962	27374113	1121025	27362522	0.85162	27368310	1.02424	27374113	1.06922	27362522	117041.638289378	27368310	907953.214090448	27374113	1048451.20742223	27379090	109098	27384877	939966	27390680	1190646	27379090	0.85115	27384877	1.02489	27390680	1.06873	27379090	128177.172061329	27384877	917138.424611422	27390680	1114075.58504019	27395657	97624	27401444	919030	27407248	1172500	27395657	0.85109	27401444	1.02346	27407248	1.06876	27395657	114704.67283131	27401444	897963.769956813	27407248	1097065.75844904
230	27482533	99127	27488321	928596	27494124	1121750	27482533	0.85171	27488321	1.02528	27494124	1.06813	27482533	116385.859036527	27488321	905699.906367041	27494124	1050199.88203683	27499101	109721	27504888	938665	27510691	1194857	27499101	0.85159	27504888	1.0249	27510691	1.06906	27499101	128842.518113177	27504888	915860.083910626	27510691	1117670.66394777	27515668	98016	27521455	919413	27527243	1172747	27515668	0.851	27521455	1.02469	27527243	1.06961	27515668	115177.438307873	27521455	897259.659018826	27527243	1096424.86513776
231	27602544	99286	27608332	931021	27614135	1125515	27602544	0.85155	27608332	1.02403	27614135	1.06903	27602544	116594.445423052	27608332	909173.559368378	27614135	1052837.61915007	27619112	109717	27624899	939241	27630702	1199323	27619112	0.85047	27624899	1.02517	27630702	1.06974	27619112	129007.489976131	27624899	916180.731000712	27630702	1121135.04215978	27635694	98395	27641466	920249	27647270	1174647	27635694	0.8513	27641466	1.02494	27647270	1.06932	27635694	115582.050980853	27641466	897856.459890335	27647270	1098499.04612277
232	27722555	99362	27728343	930618	27734162	1127335	27722555	0.8513	27728343	1.02546	27734162	1.06879	27722555	116717.960765887	27728343	907512.725996138	27734162	1054776.89723893	27739123	109033	27744910	941042	27750713	1196432	27739123	0.85073	27744910	1.02557	27750713	1.06951	27739123	128164.047347572	27744910	917579.492379847	27750713	1118673.03718525	27755705	98460	27761477	923482	27767281	1176735	27755705	0.85105	27761477	1.02521	27767281	1.06909	27755705	115692.380001175	27761477	900773.500063402	27767281	1100688.43595955
233	27842566	99120	27848354	929028	27854173	1127476	27842566	0.85114	27848354	1.02442	27854173	1.06946	27842566	116455.577225838	27848354	906881.942953086	27854173	1054247.93821181	27859134	108831	27864921	938872	27870724	1198511	27859134	0.85078	27864921	1.0244	27870724	1.06904	27859134	127919.086015186	27864921	916509.176103085	27870724	1121109.59365412	27875701	98312	27881488	920206	27887292	1177221	27875701	0.85094	27881488	1.0242	27887292	1.06929	27875701	115533.410111171	27881488	898463.19078305	27887292	1100937.0703925
234	27962577	98741	27968365	927972	27974184	1130342	27962577	0.85101	27968365	1.02518	27974184	1.06926	27962577	116028.013771871	27968365	905179.57822041	27974184	1057125.48865571	27979160	108881	27984948	942872	27990735	1203104	27979160	0.85194	27984948	1.0248	27990735	1.06978	27979160	127803.601192572	27984948	920054.644808743	27990735	1124627.49350334	27995727	98051	28001499	922006	28007303	1179069	27995727	0.85171	28001499	1.02484	28007303	1.06926	27995727	115122.518228035	28001499	899658.483275438	28007303	1102696.25722462
235	28082588	99312	28088376	930272	28094195	1131095	28082588	0.85081	28088376	1.02505	28094195	1.06949	28082588	116726.413652872	28088376	907538.168869811	28094195	1057602.22161965	28099156	110306	28104943	940162	28110746	1205801	28099156	0.85108	28104943	1.02509	28110746	1.0695	28099156	129607.087465338	28104943	917150.689207777	28110746	1127443.66526414	28115723	98912	28121510	920496	28127314	1175536	28115723	0.85107	28121510	1.0247	28127314	1.06911	28115723	116220.757399509	28121510	898307.797404118	28127314	1099546.35163828
236	28202599	98817	28208403	930625	28214206	1134208	28202599	0.8512	28208403	1.02454	28214206	1.06995	28202599	116091.40037594	28208403	908334.472055752	28214206	1060057.01200991	28219182	109183	28224970	940423	28230773	1206056	28219182	0.85145	28224970	1.02455	28230773	1.06929	28219182	128231.83980269	28224970	917888.829242106	28230773	1127903.56217677	28235749	99343	28241537	921606	28247340	1182650	28235749	0.85098	28241537	1.02464	28247340	1.07057	28235749	116739.523843099	28241537	899443.707058089	28247340	1104691.89310367
237	28322610	99142	28328398	928819	28334217	1135124	28322610	0.85143	28328398	1.02516	28334217	1.07016	28322610	116441.75093666	28328398	906023.449998049	28334217	1060704.94131719	28339193	109449	28344965	939292	28350768	1208194	28339193	0.85108	28344965	1.025	28350768	1.0692	28339193	128600.1315975	28344965	916382.43902439	28350768	1129998.12944257	28355745	98221	28361533	923378	28367336	1180562	28355745	0.85143	28361533	1.02524	28367336	1.07043	28355745	115360.041342213	28361533	900645.702469666	28367336	1102885.75619144
238	28442621	98847	28448409	930194	28454212	1136334	28442621	0.85212	28448409	1.02531	28454212	1.06942	28442621	116001.267427123	28448409	907231.959114804	28454212	1062570.36524471	28459189	108803	28464976	940143	28470780	1209522	28459189	0.85213	28464976	1.02508	28470780	1.06954	28459189	127683.569408424	28464976	917141.101182347	28470780	1130880.56547675	28475756	98688	28481544	923638	28487347	1181056	28475756	0.85137	28481544	1.02523	28487347	1.06962	28475756	115916.698967546	28481544	900908.088916633	28487347	1104182.79388942
239	28562632	99016	28568420	931446	28574239	1137487	28562632	0.85168	28568420	1.02553	28574239	1.07007	28562632	116259.628029307	28568420	908258.168946788	28574239	1063002.4204024	28579200	108640	28584987	941253	28590791	1214182	28579200	0.85182	28584987	1.02549	28590791	1.06936	28579200	127538.681881149	28584987	917856.829418132	28590791	1135428.66761427	28595783	98339	28601570	920024	28607373	1183303	28595783	0.85086	28601570	1.02488	28607373	1.06921	28595783	115576.005453306	28601570	897689.485598314	28607373	1106707.75619383
240	28682643	98913	28688431	928589	28694234	1141623	28682643	0.8509	28688431	1.02408	28694234	1.06963	28682643	116245.152191797	28688431	906754.355128506	28694234	1067306.45176369	28699211	109023	28704998	937017	28710802	1211845	28699211	0.85098	28704998	1.02474	28710802	1.06957	28699211	128114.644292463	28704998	914394.87089408	28710802	1133020.7466552	28715778	99002	28721566	923925	28727384	1185653	28715778	0.85096	28721566	1.02514	28727384	1.06955	28715778	116341.543668328	28721566	901267.143999844	28727384	1108553.12982095
241	28802654	98978	28808442	929643	28814261	1143492	28802654	0.85135	28808442	1.02466	28814261	1.07005	28802654	116260.057555647	28808442	907269.728495306	28814261	1068634.17597309	28819237	109361	28825009	937135	28830813	1216372	28819237	0.85131	28825009	1.02398	28830813	1.07011	28819237	128462.017361478	28825009	915188.773218227	28830813	1136679.40678996	28835805	98946	28841592	920952	28847380	1182935	28835805	0.85113	28841592	1.02498	28847380	1.06921	28835805	116252.511367241	28841592	898507.287947082	28847380	1106363.57684646
242	28922666	99194	28928453	928496	28934272	1141772	28922666	0.85127	28928453	1.02424	28934272	1.06956	28922666	116524.721886123	28928453	906521.908927595	28934272	1067515.6138973	28939248	109166	28945036	937884	28950839	1216444	28939248	0.85109	28945036	1.02407	28950839	1.06878	28939248	128266.105817246	28945036	915839.737517943	28950839	1138161.2679878	28955816	99151	28961603	920739	28967406	1187493	28955816	0.85133	28961603	1.02548	28967406	1.06961	28955816	116466.000258419	28961603	897861.489253813	28967406	1110211.19847421
243	29042677	98837	29048464	927363	29054283	1145434	29042677	0.85125	29048464	1.02414	29054283	1.06984	29042677	116108.076358297	29048464	905504.130294686	29054283	1070659.16398714	29059244	109264	29065031	937502	29070835	1221784	29059244	0.85132	29065031	1.02476	29070835	1.06994	29059244	128346.567683127	29065031	914850.306413209	29070835	1141918.23840589	29075811	98912	29081599	921359	29087402	1187762	29075811	0.85074	29081599	1.02497	29087402	1.06938	29075811	116265.839151797	29081599	898913.138921139	29087402	1110701.52798818
244	29162688	98558	29168475	930557	29174278	1145962	29162688	0.85154	29168475	1.02522	29174278	1.07019	29162688	115740.892970383	29168475	907665.671758257	29174278	1070802.38088564	29179255	109349	29185042	936336	29190846	1221929	29179255	0.8516	29185042	1.02479	29190846	1.06996	29179255	128404.180366369	29185042	913685.730735078	29190846	1142032.41242663	29195838	99334	29201625	925760	29207428	1189861	29195838	0.85167	29201625	1.02559	29207428	1.06993	29195838	116634.377164864	29201625	902660.907380142	29207428	1112092.37987532
245	29282699	99474	29288486	929806	29294289	1148251	29282699	0.85187	29288486	1.02521	29294289	1.07006	29282699	116771.338349748	29288486	906941.992372295	29294289	1073071.60346149	29299266	109481	29305053	937770	29310857	1222300	29299266	0.85162	29305053	1.02532	29310857	1.06959	29299266	128556.163547122	29305053	914612.023563375	29310857	1142774.33409063	29315833	99171	29321605	919744	29327408	1189985	29315833	0.85148	29321605	1.02447	29327408	1.06967	29315833	116468.971672852	29321605	897775.435103029	29327408	1112478.61489992
246	29402710	99208	29408497	927496	29414316	1148456	29402710	0.85131	29408497	1.02419	29414316	1.06974	29402710	116535.692051074	29408497	905589.783145705	29414316	1073584.23542169	29419292	109436	29425064	938443	29430868	1223912	29419292	0.85086	29425064	1.02522	29430868	1.06968	29419292	128618.104035917	29425064	915357.679327364	29430868	1144185.17687533	29435844	99094	29441632	920220	29447435	1190860	29435844	0.85112	29441632	1.02419	29447435	1.06911	29435844	116427.765767459	29441632	898485.632548648	29447435	1113879.76915378
247	29522721	99177	29528508	928746	29534311	1150300	29522721	0.85008	29528508	1.02444	29534311	1.06917	29522721	116667.843026539	29528508	906588.96567881	29534311	1075881.29109496	29539272	109545	29545060	936934	29550863	1226654	29539272	0.85069	29545060	1.02424	29550863	1.06883	29539272	128771.938073799	29545060	914760.212450207	29550863	1147660.52599572	29555824	99505	29561611	920144	29567430	1191378	29555824	0.85115	29561611	1.02409	29567430	1.06884	29555824	116906.538213006	29561611	898499.155347674	29567430	1114645.78421466
248	29642732	99561	29648519	927577	29654322	1150839	29642732	0.85164	29648519	1.02505	29654322	1.06948	29642732	116905.030294491	29648519	904909.028827862	29654322	1076073.41885776	29659314	109720	29665086	936676	29670890	1228894	29659314	0.85142	29665086	1.02488	29670890	1.06952	29659314	128867.069131568	29665086	913937.241433143	29670890	1149014.51118259	29675866	99621	29681654	918797	29687457	1195996	29675866	0.8514	29681654	1.02508	29687457	1.07	29675866	117008.456659619	29681654	896317.360596246	29687457	1117753.27102804
249	29762743	98272	29768530	929628	29774333	1153692	29762743	0.85172	29768530	1.02465	29774333	1.06928	29762743	115380.641525384	29768530	907263.943785683	29774333	1078942.8400419	29779310	109608	29785097	938192	29790901	1230194	29779310	0.85117	29785097	1.02508	29790901	1.06967	29779310	128773.335526393	29785097	915237.835095797	29790901	1150068.71278058	29795877	99582	29801665	920481	29807468	1193227	29795877	0.85157	29801665	1.02499	29807468	1.06859	29795877	116939.300351116	29801665	898039.005258588	29807468	1116636.87663182
250	29882754	98443	29888541	928028	29894360	1151630	29882754	0.85137	29888541	1.02437	29894360	1.06955	29882754	115628.927493334	29888541	905949.998535685	29894360	1076742.55528026	29899336	109528	29905108	935369	29910912	1231567	29899336	0.85134	29905108	1.02442	29910912	1.06847	29899336	128653.651889962	29905108	913071.786962379	29910912	1152645.37141894	29915904	98825	29921691	921560	29927494	1197334	29915904	0.85134	29921691	1.0252	29927494	1.07001	29915904	116081.706486245	29921691	898907.530238002	29927494	1118993.28043663
251	30002765	98881	30008552	930216	30014371	1157588	30002765	0.85163	30008552	1.02501	30014371	1.06935	30002765	116107.934196776	30008552	907518.951034624	30014371	1082515.54682751	30019347	109174	30025119	936638	30030923	1237451	30019347	0.85046	30025119	1.02484	30030923	1.06956	30019347	128370.528890248	30025119	913935.833886265	30030923	1156972.0258798	30035915	98976	30041702	919437	30047505	1198537	30035915	0.85092	30041702	1.02499	30047505	1.06888	30035915	116316.457481314	30041702	897020.458736183	30047505	1121301.73639698
252	30122776	98320	30128563	928831	30134366	1157389	30122776	0.85116	30128563	1.02443	30134366	1.06945	30122776	115512.947036985	30128563	906680.788340834	30134366	1082228.24816494	30139343	109595	30145130	937520	30150934	1236738	30139343	0.85142	30145130	1.0249	30150934	1.06962	30139343	128720.255573043	30145130	914742.901746512	30150934	1156240.53402143	30155910	99376	30161698	922411	30167501	1199463	30155910	0.85122	30161698	1.02505	30167501	1.06867	30155910	116745.37722328	30161698	899869.274669528	30167501	1122388.57645485
253	30242787	98732	30248574	928616	30254377	1159424	30242787	0.85164	30248574	1.02577	30254377	1.0696	30242787	115931.614297121	30248574	905286.760189906	30254377	1083979.05759162	30259369	109110	30265141	938024	30270945	1238295	30259369	0.85124	30265141	1.02507	30270945	1.06948	30259369	128177.717212537	30265141	915082.872389203	30270945	1157847.73908816	30275921	99344	30281709	921510	30287527	1197967	30275921	0.8512	30281709	1.02509	30287527	1.06912	30275921	116710.526315789	30281709	898955.213688554	30287527	1120516.87369051
254	30362798	98724	30368585	927042	30374388	1160353	30362798	0.85114	30368585	1.02461	30374388	1.0692	30362798	115990.318866461	30368585	904775.475546793	30374388	1085253.46053124	30379365	109531	30385152	936752	30390940	1239962	30379365	0.85095	30385152	1.02533	30390940	1.06964	30379365	128716.14078383	30385152	913610.252309013	30390940	1159233.01297633	30395932	99166	30401720	919182	30407539	1203945	30395932	0.85077	30401720	1.02511	30407539	1.07011	30395932	116560.292440965	30401720	896666.699183502	30407539	1125066.58194017
255	30482809	98563	30488596	928330	30494415	1160930	30482809	0.85141	30488596	1.02521	30494415	1.06963	30482809	115764.437814919	30488596	905502.287336253	30494415	1085356.61864383	30499391	109720	30505179	937069	30510982	1244550	30499391	0.85098	30505179	1.02445	30510982	1.06988	30499391	128933.699969447	30505179	914704.475572258	30510982	1163261.30033275	30515959	99384	30521746	920308	30527550	1204001	30515959	0.85161	30521746	1.02471	30527550	1.06944	30515959	116701.306936274	30521746	898115.564403587	30527550	1125823.79563136
256	30602820	98477	30608607	927869	30614410	1166720	30602820	0.85135	30608607	1.02435	30614410	1.06986	30602820	115671.58043108	30608607	905812.466442134	30614410	1090535.21021442	30619402	109475	30625174	939013	30630978	1245197	30619402	0.85085	30625174	1.02516	30630978	1.07014	30619402	128665.452194864	30625174	915967.26364665	30630978	1163583.26947876	30635954	100351	30641742	922091	30647545	1204859	30635954	0.85176	30641742	1.02496	30647545	1.0695	30635954	117816.051469898	30641742	899636.083359351	30647545	1126562.8798504
257	30722831	98979	30728618	928998	30734421	1168527	30722831	0.85254	30728618	1.02514	30734421	1.07005	30722831	116098.951368851	30728618	906215.736387225	30734421	1092030.27895893	30739398	109397	30745186	936281	30750989	1247311	30739398	0.85153	30745186	1.02507	30750989	1.06955	30739398	128471.104952262	30745186	913382.500707269	30750989	1166201.67360105	30755965	99653	30761753	918209	30767556	1205356	30755965	0.85153	30761753	1.02522	30767556	1.06992	30755965	117028.172818339	30761753	895621.427596028	30767556	1126585.165246
258	30842842	98290	30848629	927499	30854432	1165405	30842842	0.85122	30848629	1.02474	30854432	1.06972	30842842	115469.561335495	30848629	905106.661201866	30854432	1089448.64076581	30859409	109863	30865197	937029	30871000	1249313	30859409	0.85174	30865197	1.0248	30871000	1.07033	30859409	128986.545189847	30865197	914353.044496487	30871000	1167222.25855577	30875976	99555	30881764	920719	30887567	1210514	30875976	0.85104	30881764	1.02496	30887567	1.07084	30875976	116980.400451213	30881764	898297.494536372	30887567	1130434.05177244
259	30962853	98031	30968640	930488	30974444	1168297	30962853	0.85164	30968640	1.02524	30974444	1.06929	30962853	115108.496547837	30968640	907580.66403964	30974444	1092591.34565927	30979420	110090	30985208	937987	30991011	1250982	30979420	0.85141	30985208	1.02521	30991011	1.06935	30979420	129303.155941321	30985208	914921.820895231	30991011	1169852.71426568	30995987	100173	31001775	919189	31007578	1210403	30995987	0.85147	31001775	1.02544	31007578	1.06989	30995987	117647.127908206	31001775	896384.966453425	31007578	1131334.06238024
260	31082864	98602	31088636	928628	31094439	1171361	31082864	0.85169	31088636	1.02521	31094439	1.07001	31082864	115772.170625462	31088636	905792.959491226	31094439	1094719.67551705	31099415	110303	31105203	935962	31111006	1250222	31099415	0.8514	31105203	1.02416	31111006	1.06865	31099415	129554.850833921	31105203	913882.596469302	31111006	1169907.827633	31115983	99169	31121770	922358	31127573	1212523	31115983	0.85143	31121770	1.02457	31127573	1.06967	31115983	116473.462292849	31121770	900239.124705974	31127573	1133548.6645414
261	31202875	98670	31208662	928798	31214481	1170415	31202875	0.85119	31208662	1.02456	31214481	1.06934	31202875	115920.064850386	31208662	906533.53634731	31214481	1094520.91944564	31219458	109671	31225245	936347	31231048	1253991	31219458	0.85122	31225245	1.02451	31231048	1.06937	31219458	128839.782899838	31225245	913946.179149057	31231048	1172644.64123736	31236025	99869	31241812	919639	31247616	1210289	31236025	0.85118	31241812	1.02419	31247616	1.06823	31236025	117330.059446885	31241812	897918.354992726	31247616	1132985.40576468
262	31322886	98224	31328673	926603	31334477	1170766	31322886	0.85139	31328673	1.02521	31334477	1.06959	31322886	115368.984836561	31328673	903817.754411291	31334477	1094593.25535953	31339469	109917	31345256	935445	31351044	1258467	31339469	0.85131	31345256	1.02551	31351044	1.07	31339469	129115.128449096	31345256	912175.405408041	31351044	1176137.38317757	31356020	100261	31361808	920861	31367611	1217899	31356020	0.85134	31361808	1.02518	31367611	1.07018	31356020	117768.459135011	31361808	898243.235334283	31367611	1138031.91986395
263	31442897	98194	31448684	927657	31454503	1173132	31442897	0.85115	31448684	1.02435	31454503	1.06979	31442897	115366.269165247	31448684	905605.50593059	31454503	1096600.26734219	31459464	110075	31465252	938455	31471055	1259148	31459464	0.85165	31465252	1.02492	31471055	1.06918	31459464	129249.104679152	31465252	915637.318034578	31471055	1177676.35010008	31476031	99629	31481819	919173	31487638	1216474	31476031	0.85145	31481819	1.02474	31487638	1.06957	31476031	117010.98126725	31481819	896981.673400082	31487638	1137348.65413203
264	31562908	98950	31568695	927333	31574499	1175687	31562908	0.85085	31568695	1.02516	31574499	1.06952	31562908	116295.469236646	31568695	904573.920168559	31574499	1099266.02588077	31579491	109854	31585263	936009	31591066	1258603	31579491	0.85177	31585263	1.02492	31591066	1.06965	31579491	128971.43595102	31585263	913250.790305585	31591066	1176649.37128967	31596058	99807	31601830	923717	31607633	1220881	31596058	0.85109	31601830	1.02517	31607633	1.06995	31596058	117269.618959217	31601830	901037.876644849	31607633	1141063.60110286
265	31682919	98497	31688706	928384	31694510	1175740	31682919	0.8514	31688706	1.02423	31694510	1.06926	31682919	115688.278130139	31688706	906421.409253781	31694510	1099582.88910087	31699486	109883	31705274	938118	31711077	1262534	31699486	0.85143	31705274	1.02499	31711077	1.06953	31699486	129056.998226513	31705274	915246.002400024	31711077	1180456.83618038	31716069	100082	31721856	920787	31727660	1220817	31716069	0.85169	31721856	1.02524	31727660	1.06979	31716069	117509.89209689	31721856	898118.489329328	31727660	1141174.43610428
266	31802930	98123	31808717	928097	31814521	1178174	31802930	0.85177	31808717	1.02511	31814521	1.07016	31802930	115198.93868063	31808717	905363.326862483	31814521	1100932.57083053	31819497	109345	31825300	937193	31831103	1262088	31819497	0.85126	31825300	1.0252	31831103	1.06966	31819497	128450.767098184	31825300	914156.262192743	31831103	1179896.41568349	31836080	99914	31841867	919350	31847671	1222151	31836080	0.85171	31841867	1.02449	31847671	1.06988	31836080	117309.882471733	31841867	897373.327216469	31847671	1142325.30751112
267	31922941	98945	31928728	926799	31934547	1180255	31922941	0.85149	31928728	1.02451	31934547	1.07026	31922941	116202.186754982	31928728	904626.601985339	31934547	1102774.09227664	31939524	110285	31945296	940131	31951099	1268677	31939524	0.85209	31945296	1.02484	31951099	1.07049	31939524	129428.816204861	31945296	917344.170797393	31951099	1185136.713094	31956091	100012	31961878	921646	31967682	1223618	31956091	0.85151	31961878	1.02505	31967682	1.07045	31956091	117452.5255135	31961878	899122.969611238	31967682	1143087.48657107
268	32042952	99334	32048739	930947	32054543	1181873	32042952	0.85119	32048739	1.02518	32054543	1.06937	32042952	116700.149202881	32048739	908081.507637683	32054543	1105204.93374604	32059519	109591	32065307	938389	32071110	1268579	32059519	0.85185	32065307	1.02536	32071110	1.06971	32059519	128650.584023009	32065307	915180.034329406	32071110	1185909.26512793	32076086	100559	32081874	923693	32087677	1225818	32076086	0.85157	32081874	1.02454	32087677	1.06973	32076086	118086.592998814	32081874	901568.508794191	32087677	1145913.45479701
269	32162963	98573	32168750	927710	32174554	1181955	32162963	0.8514	32168750	1.02492	32174554	1.06907	32162963	115777.542870566	32168750	905153.572961792	32174554	1105591.77602963	32179546	109537	32185318	937240	32191136	1271309	32179546	0.85135	32185318	1.02509	32191136	1.07	32179546	128662.712163035	32185318	914300.207786634	32191136	1188139.25233645	32196113	100938	32201885	921160	32207704	1224180	32196113	0.85169	32201885	1.02481	32207704	1.06965	32196113	118514.952623607	32201885	898859.300748431	32207704	1144467.81657552
270	32282974	98178	32288761	928912	32294565	1183368	32282974	0.85146	32288761	1.02565	32294565	1.07048	32282974	115305.475301247	32288761	905681.275288841	32294565	1105455.49659966	32299541	110110	32305329	936588	32311132	1272554	32299541	0.85163	32305329	1.02532	32311132	1.07008	32299541	129293.237673638	32305329	913459.212733586	32311132	1189213.89055024	32316124	100767	32321896	924357	32327715	1228351	32316124	0.85227	32321896	1.02507	32327715	1.06948	32316124	118233.658347707	32321896	901750.12438175	32327715	1148549.7625014
271	32402985	97766	32408772	927539	32414576	1185237	32402985	0.85177	32408772	1.02429	32414576	1.06971	32402985	114779.811451448	32408772	905543.351980396	32414576	1107998.42948089	32419552	110302	32425340	939052	32431143	1274265	32419552	0.8514	32425340	1.024	32431143	1.06895	32419552	129553.676297862	32425340	917042.96875	32431143	1192071.65910473	32436119	100810	32441907	923710	32447710	1228649	32436119	0.85244	32441907	1.02502	32447710	1.06936	32436119	118260.522734738	32441907	901162.904138456	32447710	1148957.32026633
272	32522996	97954	32528783	929949	32534587	1188338	32522996	0.85162	32528783	1.02526	32534587	1.06949	32522996	115020.78391771	32528783	907037.239334413	32534587	1111125.86372944	32539563	110110	32545351	937936	32551138	1274925	32539563	0.85162	32545351	1.02458	32551138	1.06936	32539563	129294.755877034	32545351	915434.617111402	32551138	1192231.80219945	32556130	100781	32561918	923463	32567721	1229888	32556130	0.85142	32561918	1.0245	32567721	1.06926	32556130	118368.137934275	32561918	901379.209370425	32567721	1150223.51906926
273	32643007	98532	32648794	929996	32654598	1189131	32643007	0.8519	32648794	1.02458	32654598	1.07014	32643007	115661.462612983	32648794	907685.100236194	32654598	1111191.99357093	32659574	109794	32665362	935993	32671180	1277939	32659574	0.85154	32665362	1.02468	32671180	1.06987	32659574	128935.810414073	32665362	913449.076784947	32671180	1194480.6378345	32676157	100790	32681945	921056	32687748	1231441	32676157	0.85202	32681945	1.02487	32687748	1.06996	32676157	118295.345179691	32681945	898705.201635329	32687748	1150922.46439119
274	32763018	98361	32768805	926571	32774609	1191437	32763018	0.85168	32768805	1.02483	32774609	1.06962	32763018	115490.55983468	32768805	904121.659202014	32774609	1113888.109796	32779585	109969	32785373	938909	32791160	1279616	32779585	0.85147	32785373	1.02565	32791160	1.06924	32779585	129151.937237953	32785373	915428.265002681	32791160	1196752.83378849	32796152	100482	32801940	922852	32807743	1235217	32796152	0.85165	32801940	1.02519	32807743	1.06984	32796152	117985.087770798	32801940	900176.552639023	32807743	1154581.05884992
275	32883029	98568	32888816	927917	32894620	1193567	32883029	0.85185	32888816	1.02497	32894620	1.07043	32883029	115710.512414157	32888816	905311.374967072	32894620	1115035.07936063	32899596	110679	32905384	936284	32911187	1284585	32899596	0.85124	32905384	1.02501	32911187	1.06961	32899596	130020.910671491	32905384	913438.89327909	32911187	1200984.4709754	32916163	100811	32921951	921665	32927754	1235270	32916163	0.85161	32921951	1.02488	32927754	1.0692	32916163	118376.95658811	32921951	899290.648661307	32927754	1155321.73587729
276	33003040	98503	33008827	928389	33014631	1193848	33003040	0.85119	33008827	1.02558	33014631	1.0696	33003040	115723.86893643	33008827	905233.136371614	33014631	1116163.05160808	33019607	110420	33025395	936043	33031198	1282024	33019607	0.85106	33025395	1.02424	33031198	1.06938	33019607	129744.083848377	33025395	913890.299148637	33031198	1198847.9305766	33036174	100749	33041962	921978	33047765	1238403	33036174	0.85089	33041962	1.02443	33047765	1.06977	33036174	118404.259069915	33041962	899991.214626671	33047765	1157634.81869935
277	33123051	97737	33128838	929607	33134657	1195015	33123051	0.8508	33128838	1.02529	33134657	1.07043	33123051	114876.58674189	33128838	906677.135249539	33134657	1116387.80676924	33139618	110110	33145406	937212	33151209	1286691	33139618	0.85111	33145406	1.02468	33151209	1.06987	33139618	129372.231556438	33145406	914638.716477339	33151209	1202661.07097124	33156170	100679	33161957	920586	33167776	1238544	33156170	0.8517	33161957	1.02612	33167776	1.07038	33156170	118209.463426089	33161957	897152.379838615	33167776	1157106.82187634
278	33243062	98290	33248850	924650	33254653	1193147	33243062	0.85192	33248850	1.02571	33254653	1.06997	33243062	115374.683068833	33248850	901473.125932281	33254653	1115121.91930615	33259645	110305	33265432	937816	33271220	1288208	33259645	0.85155	33265432	1.02637	33271220	1.07049	33259645	129534.37848629	33265432	913721.17267652	33271220	1203381.62897365	33276212	100469	33282000	920558	33287803	1241250	33276212	0.85162	33282000	1.0255	33287803	1.07021	33276212	117973.97900472	33282000	897667.479278401	33287803	1159819.10092412
279	33363073	97895	33368845	927486	33374664	1195429	33363073	0.85155	33368845	1.02515	33374664	1.06846	33363073	114960.953555282	33368845	904731.990440424	33374664	1118833.64842858	33379640	110151	33385428	936836	33391231	1290962	33379640	0.85162	33385428	1.02544	33391231	1.06995	33379640	129342.899415232	33385428	913594.164456233	33391231	1206562.9235011	33396207	100823	33401995	920455	33407798	1241986	33396207	0.85111	33401995	1.0254	33407798	1.069	33396207	118460.598512531	33401995	897654.573824849	33407798	1161820.39289055
280	33483084	97939	33488872	928225	33494675	1198090	33483084	0.85128	33488872	1.0248	33494675	1.06933	33483084	115049.102527958	33488872	905762.099921936	33494675	1120411.84667035	33499651	110499	33505439	935551	33511242	1287444	33499651	0.85046	33505439	1.02497	33511242	1.06878	33499651	129928.509277332	33505439	912759.397836034	33511242	1204592.15179925	33516218	101645	33522006	922489	33527809	1244705	33516218	0.85029	33522006	1.02474	33527809	1.069	33516218	119541.568170859	33522006	900217.61617581	33527809	1164363.89148737
281	33603095	98509	33608883	928829	33614686	1200367	33603095	0.85124	33608883	1.02518	33614686	1.06981	33603095	115724.120107138	33608883	906015.528980276	33614686	1122037.55807106	33619647	111075	33625434	936899	33631237	1292748	33619647	0.85086	33625434	1.02564	33631237	1.06947	33619647	130544.390381496	33625434	913477.438477439	33631237	1208774.43967573	33636214	101088	33642001	920893	33647805	1242640	33636214	0.85091	33642001	1.02551	33647805	1.06999	33636214	118799.873077059	33642001	897985.392633909	33647805	1161356.64819297
282	33723106	98237	33728894	925609	33734697	1200119	33723106	0.85156	33728894	1.02426	33734697	1.06958	33723106	115361.219409085	33728894	903685.587643762	33734697	1122046.97170852	33739673	110317	33745461	934639	33751264	1293509	33739673	0.8519	33745461	1.02528	33751264	1.06921	33739673	129495.245920883	33745461	911593.906054931	33751264	1209780.11803107	33756225	100747	33762012	918707	33767816	1246304	33756225	0.85133	33762012	1.02497	33767816	1.06964	33756225	118340.713941715	33762012	896325.746119399	33767816	1165162.11061666
283	33843117	97726	33848905	926665	33854723	1202661	33843117	0.85174	33848905	1.02529	33854723	1.0701	33843117	114736.891539672	33848905	903807.703186416	33854723	1123877.20773759	33859700	110409	33865487	936682	33871275	1298937	33859700	0.85209	33865487	1.02549	33871275	1.07035	33859700	129574.340738654	33865487	913399.448068728	33871275	1213562.85327229	33876267	100978	33882055	919413	33887858	1248036	33876267	0.85193	33882055	1.02514	33887858	1.0695	33876267	118528.517601211	33882055	896865.79394034	33887858	1166934.08134642
284	33963128	98045	33968916	926678	33974719	1203352	33963128	0.85242	33968916	1.02594	33974719	1.07106	33963128	115019.591281293	33968916	903247.753279919	33974719	1123515.02250107	33979695	110091	33985483	935638	33991286	1297939	33979695	0.85267	33985483	1.02577	33991286	1.0704	33979695	129113.2560076	33985483	912132.349357068	33991286	1212573.80418535	33996262	101147	34002050	923475	34007853	1251990	33996262	0.85229	34002050	1.02609	34007853	1.06939	33996262	118676.741484706	34002050	899994.152559717	34007853	1170751.54994904
285	34083139	97812	34088927	925707	34094745	1205371	34083139	0.85232	34088927	1.02494	34094745	1.0704	34083139	114759.71466116	34088927	903181.649657541	34094745	1126093.98355755	34099722	111167	34105509	936499	34111313	1300893	34099722	0.85184	34105509	1.02561	34111313	1.07018	34099722	130502.206987228	34105509	913114.146702938	34111313	1215583.35980863	34116289	100291	34122077	919803	34127880	1249248	34116289	0.85167	34122077	1.02524	34127880	1.07012	34116289	117758.051827586	34122077	897158.714057196	34127880	1167390.57301985
286	34203150	98310	34208938	925063	34214741	1207312	34203150	0.85199	34208938	1.02535	34214741	1.07012	34203150	115388.678270872	34208938	902192.422099771	34214741	1128202.44458565	34219717	110347	34225505	936182	34231308	1302441	34219717	0.85126	34225505	1.02546	34231308	1.0697	34219717	129627.845781547	34225505	912938.583660016	34231308	1217575.95587548	34236284	101188	34242072	921477	34247875	1253581	34236284	0.85202	34242072	1.02559	34247875	1.07032	34236284	118762.470364545	34242072	898484.774617537	34247875	1171220.7564093
287	34323161	98199	34328964	925864	34334767	1209794	34323161	0.8515	34328964	1.02492	34334767	1.06996	34323161	115324.721080446	34328964	903352.456777114	34334767	1130690.8669483	34339744	109987	34345531	935590	34351319	1304398	34339744	0.85215	34345531	1.02521	34351319	1.0699	34339744	129069.999413249	34345531	912583.763326538	34351319	1219177.49322367	34356327	100827	34362099	921041	34367902	1258145	34356327	0.85217	34362099	1.02534	34367902	1.07056	34356327	118317.941255853	34362099	898278.619774904	34367902	1175221.37946495
288	34443172	98190	34448960	928133	34454778	1211781	34443172	0.85207	34448960	1.02547	34454778	1.06992	34443172	115237.011043694	34448960	905080.597189581	34454778	1132590.28712427	34459755	110548	34465527	935849	34471330	1304990	34459755	0.85203	34465527	1.02565	34471330	1.06991	34459755	129746.605166485	34465527	912444.791108078	34471330	1219719.41565178	34476306	101555	34482110	921102	34487913	1257407	34476306	0.85201	34482110	1.02495	34487913	1.06965	34476306	119194.610391897	34482110	898679.935606615	34487913	1175531.24853924
289	34563183	98207	34568971	927842	34574774	1213560	34563183	0.85201	34568971	1.02582	34574774	1.07061	34563183	115265.079048368	34568971	904488.116823614	34574774	1133522.01081626	34579766	110308	34585538	934398	34591341	1308470	34579766	0.85211	34585538	1.02544	34591341	1.07075	34579766	129452.770182253	34585538	911216.648463099	34591341	1222012.60798506	34596317	101244	34602121	923261	34607924	1255921	34596317	0.85335	34602121	1.02637	34607924	1.06958	34596317	118642.995253999	34602121	899540.126854838	34607924	1174218.85225977
290	34683194	97690	34688982	927417	34694800	1212908	34683194	0.85292	34688982	1.02625	34694800	1.06997	34683194	114535.947099376	34688982	903695.006090134	34694800	1133590.66142041	34699777	110415	34705549	935428	34711352	1309268	34699777	0.85205	34705549	1.0252	34711352	1.07022	34699777	129587.465524324	34705549	912434.646898166	34711352	1223363.42060511	34716328	101016	34722116	922627	34727919	1258662	34716328	0.85187	34722116	1.02547	34727919	1.06959	34716328	118581.473699039	34722116	899711.351867924	34727919	1176770.53824363
291	34803205	98268	34808993	928462	34814796	1215636	34803205	0.85167	34808993	1.0256	34814796	1.07034	34803205	115382.718658635	34808993	905286.661466459	34814796	1135747.51947979	34819788	110300	34825560	938594	34831363	1312623	34819788	0.85204	34825560	1.02552	34831363	1.07015	34819788	129454.016243369	34825560	915237.147983462	34831363	1226578.51703032	34836355	101617	34842143	923859	34847946	1260328	34836355	0.85185	34842143	1.02618	34847946	1.07048	34836355	119289.781064741	34842143	900289.422908262	34847946	1177348.47918691
292	34923216	97845	34929004	928851	34934822	1217881	34923216	0.85182	34929004	1.02542	34934822	1.07064	34923216	114865.816721843	34929004	905824.930272474	34934822	1137526.15258163	34939783	110268	34945571	937970	34951358	1313096	34939783	0.85148	34945571	1.02532	34951358	1.07032	34939783	129501.573730446	34945571	914807.084617485	34951358	1226825.62224382	34956350	101664	34962138	923609	34967941	1267663	34956350	0.85152	34962138	1.02553	34967941	1.07055	34956350	119391.206313416	34962138	900616.266710871	34967941	1184123.11428705
293	35043227	97787	35049015	928139	35054818	1217112	35043227	0.85154	35049015	1.0252	35054818	1.06953	35043227	114835.474551988	35049015	905324.814670308	35054818	1137987.71422961	35059794	110235	35065582	937259	35071370	1315461	35059794	0.85199	35065582	1.02518	35071370	1.06959	35059794	129385.32142396	35065582	914238.4751946	35071370	1229874.06389364	35076346	101773	35082134	920887	35087921	1263975	35076346	0.85183	35082134	1.02538	35087921	1.06994	35076346	119475.716985784	35082134	898093.389767696	35087921	1181351.29072658
294	35163238	97461	35169026	926237	35174829	1216232	35163238	0.85129	35169026	1.02504	35174829	1.06968	35163238	114486.250278988	35169026	903610.590806212	35174829	1137005.4595767	35179821	110116	35185593	936390	35191396	1320311	35179821	0.85128	35185593	1.02516	35191396	1.07035	35179821	129353.444225167	35185593	913408.638651527	35191396	1233532.02223572	35196388	101387	35202176	921220	35207979	1267891	35196388	0.85169	35202176	1.02484	35207979	1.06973	35196388	119042.139745682	35202176	898891.534288279	35207979	1185243.94005964
295	35283249	98366	35289037	929067	35294840	1221560	35283249	0.85203	35289037	1.02556	35294840	1.06996	35283249	115448.986538033	35289037	905911.892039471	35294840	1141687.53972111	35299832	110521	35305620	938150	35311407	1320399	35299832	0.85242	35305620	1.02568	35311407	1.0701	35299832	129655.568851036	35305620	914661.492863271	35311407	1233902.43902439	35316399	100554	35322187	921471	35327990	1269308	35316399	0.85127	35322187	1.02489	35327990	1.06921	35316399	118122.334864379	35322187	899092.585545766	35327990	1187145.64959175
296	35403260	97951	35409048	929899	35414851	1222768	35403260	0.85215	35409048	1.0258	35414851	1.07035	35403260	114945.725517808	35409048	906511.015792552	35414851	1142400.14948381	35419827	110220	35425615	936966	35431418	1322287	35419827	0.85217	35425615	1.02549	35431418	1.07042	35419827	129340.389828321	35425615	913676.388848258	35431418	1235297.3599148	35436379	101874	35442167	923950	35447970	1271262	35436379	0.85227	35442167	1.02585	35447970	1.06984	35436379	119532.542504136	35442167	900667.73894819	35447970	1188273.01278696
297	35523271	98200	35529059	926965	35534862	1223904	35523271	0.85196	35529059	1.02524	35534862	1.06996	35523271	115263.627400347	35529059	904144.395458624	35534862	1143878.2758234	35539838	110452	35545626	936358	35551429	1323364	35539838	0.85201	35545626	1.02513	35551429	1.0696	35539838	129636.97609183	35545626	913404.153619541	35551429	1237251.30890052	35556406	102119	35562193	920727	35567996	1271375	35556406	0.85151	35562193	1.02499	35567996	1.07012	35556406	119926.953294735	35562193	898279.007600074	35567996	1188067.6933428
298	35643282	98151	35649070	926726	35654935	1222704	35643282	0.85248	35649070	1.02572	35654935	1.07006	35643282	115135.838963964	35649070	903488.281402332	35654935	1142649.94486291	35659912	110700	35665699	937913	35671503	1327272	35659912	0.85147	35665699	1.02518	35671503	1.07008	35659912	130010.452511539	35665699	914876.41194717	35671503	1240348.38516746	35676463	101435	35682282	921251	35688070	1274677	35676463	0.85156	35682282	1.02529	35688070	1.06987	35676463	119116.679975574	35682282	898527.245949927	35688070	1191431.66926823
299	35763293	98066	35769081	930448	35774884	1225597	35763293	0.85223	35769081	1.02513	35774884	1.06943	35763293	115069.875503092	35769081	907639.031147269	35774884	1146028.258044	35779860	110635	35785648	937428	35791451	1328455	35779860	0.85225	35785648	1.02478	35791451	1.06976	35779860	129815.195071869	35785648	914760.241222506	35791451	1241825.26921926	35796428	101371	35802215	921862	35808018	1276478	35796428	0.85163	35802215	1.0246	35808018	1.06972	35796428	119031.73913554	35802215	899728.674604724	35808018	1193282.35426093
300	35883304	98062	35889092	929166	35894911	1227217	35883304	0.85196	35889092	1.0256	35894911	1.06988	35883304	115101.647964693	35889092	905973.088923557	35894911	1147060.4179908	35899887	111062	35905675	936509	35911478	1329369	35899887	0.85166	35905675	1.026	35911478	1.0707	35899887	130406.500246577	35905675	912776.803118908	35911478	1241588.68030261	35916454	101404	35922242	922078	35928045	1278765	35916454	0.85192	35922242	1.02444	35928045	1.06984	35916454	119029.9558644	35922242	900080.043731209	35928045	1195286.21102221
301	36003315	97601	36009103	927962	36014906	1230182	36003315	0.85195	36009103	1.0259	36014906	1.06987	36003315	114561.887434709	36009103	904534.555024856	36014906	1149842.50422949	36019882	110530	36025670	937212	36031473	1334523	36019882	0.85192	36025670	1.02564	36031473	1.0704	36019882	129742.229317307	36025670	913782.613782614	36031473	1246751.68161435	36036434	101789	36042222	923518	36048009	1280371	36036434	0.85207	36042222	1.02555	36048009	1.0706	36036434	119460.84241905	36042222	900509.970259861	36048009	1195937.7918924