HJY Multigroup Import
Application Version:	3.5.1.20
SystemConfiguration::	FL3-11_1602C-0213-FL
Experiment Time Stamp:	9/26/2025 12:08 PM
Export Time Stamp:	9/26/2025 10:21 PM
Experiment Comment:	None

Integration Time:	1
Time Sequence Interval Points:	301
Time Sequence Experiment Duration:	10:00:00	36000000 (ms)
Repetition Time Sequence Enabled:	False
Repetition Time Sequence Count:	2
Repetition Time Sequence Delay:	0 seconds
Time Sequence Interval Total Points:	301
Time Sequence Experiment Duration Total:	10:00:00	36000000 (ms)

Mono Count:	2
Mono Description:	Excitation 1 (Mono1)	Emission 1 (Mono2)
Mono Slit Width:		5	5
Mono Grating Index:		0	0
Mono Grating Value:		1200	1200

Mono Wavelength Group Count:	3
Mono Wavelength Group Description:	Group 1:(Excitation 1:596 Emission 1:615)	Group 2:(Excitation 1:549 Emission 1:565)	Group 3:(Excitation 1:495 Emission 1:520)

Detector Count:	3
Detector Description:	S1 (SCD1)	R (SCD2)	S1/R (SCD1/SCD2)
Detector High Voltage:	950	None	None

Accessory Sequential Type:	Temperature Controller
Accessory Sequential Description:	Temperature Control (TC1)
Accessory Sequential Scan Position Count:	1
Accessory Sequential Scan Positions:		37

Accessory Interleave Type:	Sample Changer
Accessory Interleave Description:	Sample Changer - 4 Position (SCH1)
Accessory Interleave Scan Position Count:	3
Accessory Interleave Scan Positions:	1	2	3

Axis	X	Y	X	Y	X	Y	X	Y	X	Y	X	Y	X	Y	X	Y	X	Y	X	Y	X	Y	X	Y	X	Y	X	Y	X	Y	X	Y	X	Y	X	Y	X	Y	X	Y	X	Y	X	Y	X	Y	X	Y	X	Y	X	Y	X	Y
Sequential: Temperature Controller	Idx:0(Pos:37.00)	Idx:0(Pos:37.00)	Idx:0(Pos:37.00)	Idx:0(Pos:37.00)	Idx:0(Pos:37.00)	Idx:0(Pos:37.00)	Idx:0(Pos:37.00)	Idx:0(Pos:37.00)	Idx:0(Pos:37.00)	Idx:0(Pos:37.00)	Idx:0(Pos:37.00)	Idx:0(Pos:37.00)	Idx:0(Pos:37.00)	Idx:0(Pos:37.00)	Idx:0(Pos:37.00)	Idx:0(Pos:37.00)	Idx:0(Pos:37.00)	Idx:0(Pos:37.00)	Idx:0(Pos:37.00)	Idx:0(Pos:37.00)	Idx:0(Pos:37.00)	Idx:0(Pos:37.00)	Idx:0(Pos:37.00)	Idx:0(Pos:37.00)	Idx:0(Pos:37.00)	Idx:0(Pos:37.00)	Idx:0(Pos:37.00)	Idx:0(Pos:37.00)	Idx:0(Pos:37.00)	Idx:0(Pos:37.00)	Idx:0(Pos:37.00)	Idx:0(Pos:37.00)	Idx:0(Pos:37.00)	Idx:0(Pos:37.00)	Idx:0(Pos:37.00)	Idx:0(Pos:37.00)	Idx:0(Pos:37.00)	Idx:0(Pos:37.00)	Idx:0(Pos:37.00)	Idx:0(Pos:37.00)	Idx:0(Pos:37.00)	Idx:0(Pos:37.00)	Idx:0(Pos:37.00)	Idx:0(Pos:37.00)	Idx:0(Pos:37.00)	Idx:0(Pos:37.00)	Idx:0(Pos:37.00)	Idx:0(Pos:37.00)	Idx:0(Pos:37.00)	Idx:0(Pos:37.00)	Idx:0(Pos:37.00)	Idx:0(Pos:37.00)	Idx:0(Pos:37.00)	Idx:0(Pos:37.00)
Interleave: Sample Changer	Idx:0(Pos:1)	Idx:0(Pos:1)	Idx:0(Pos:1)	Idx:0(Pos:1)	Idx:0(Pos:1)	Idx:0(Pos:1)	Idx:0(Pos:1)	Idx:0(Pos:1)	Idx:0(Pos:1)	Idx:0(Pos:1)	Idx:0(Pos:1)	Idx:0(Pos:1)	Idx:0(Pos:1)	Idx:0(Pos:1)	Idx:0(Pos:1)	Idx:0(Pos:1)	Idx:0(Pos:1)	Idx:0(Pos:1)	Idx:1(Pos:2)	Idx:1(Pos:2)	Idx:1(Pos:2)	Idx:1(Pos:2)	Idx:1(Pos:2)	Idx:1(Pos:2)	Idx:1(Pos:2)	Idx:1(Pos:2)	Idx:1(Pos:2)	Idx:1(Pos:2)	Idx:1(Pos:2)	Idx:1(Pos:2)	Idx:1(Pos:2)	Idx:1(Pos:2)	Idx:1(Pos:2)	Idx:1(Pos:2)	Idx:1(Pos:2)	Idx:1(Pos:2)	Idx:2(Pos:3)	Idx:2(Pos:3)	Idx:2(Pos:3)	Idx:2(Pos:3)	Idx:2(Pos:3)	Idx:2(Pos:3)	Idx:2(Pos:3)	Idx:2(Pos:3)	Idx:2(Pos:3)	Idx:2(Pos:3)	Idx:2(Pos:3)	Idx:2(Pos:3)	Idx:2(Pos:3)	Idx:2(Pos:3)	Idx:2(Pos:3)	Idx:2(Pos:3)	Idx:2(Pos:3)	Idx:2(Pos:3)
Detector	S1 (SCD1)	S1 (SCD1)	S1 (SCD1)	S1 (SCD1)	S1 (SCD1)	S1 (SCD1)	R (SCD2)	R (SCD2)	R (SCD2)	R (SCD2)	R (SCD2)	R (SCD2)	S1/R (SCD1/SCD2)	S1/R (SCD1/SCD2)	S1/R (SCD1/SCD2)	S1/R (SCD1/SCD2)	S1/R (SCD1/SCD2)	S1/R (SCD1/SCD2)	S1 (SCD1)	S1 (SCD1)	S1 (SCD1)	S1 (SCD1)	S1 (SCD1)	S1 (SCD1)	R (SCD2)	R (SCD2)	R (SCD2)	R (SCD2)	R (SCD2)	R (SCD2)	S1/R (SCD1/SCD2)	S1/R (SCD1/SCD2)	S1/R (SCD1/SCD2)	S1/R (SCD1/SCD2)	S1/R (SCD1/SCD2)	S1/R (SCD1/SCD2)	S1 (SCD1)	S1 (SCD1)	S1 (SCD1)	S1 (SCD1)	S1 (SCD1)	S1 (SCD1)	R (SCD2)	R (SCD2)	R (SCD2)	R (SCD2)	R (SCD2)	R (SCD2)	S1/R (SCD1/SCD2)	S1/R (SCD1/SCD2)	S1/R (SCD1/SCD2)	S1/R (SCD1/SCD2)	S1/R (SCD1/SCD2)	S1/R (SCD1/SCD2)
WL Group	1	1	2	2	3	3	1	1	2	2	3	3	1	1	2	2	3	3	1	1	2	2	3	3	1	1	2	2	3	3	1	1	2	2	3	3	1	1	2	2	3	3	1	1	2	2	3	3	1	1	2	2	3	3
Units	(ms)	CPS	(ms)	CPS	(ms)	CPS	(ms)	MicroAmps	(ms)	MicroAmps	(ms)	MicroAmps	(ms)	CPS	(ms)	CPS	(ms)	CPS	(ms)	CPS	(ms)	CPS	(ms)	CPS	(ms)	MicroAmps	(ms)	MicroAmps	(ms)	MicroAmps	(ms)	CPS	(ms)	CPS	(ms)	CPS	(ms)	CPS	(ms)	CPS	(ms)	CPS	(ms)	MicroAmps	(ms)	MicroAmps	(ms)	MicroAmps	(ms)	CPS	(ms)	CPS	(ms)	CPS
1	0	118749	5787	1428910	11590	3268942	0	0.84616	5787	1.01237	11590	1.07144	0	140338.706627588	5787	1411450.35905845	11590	3050979.98954678	16567	112590	22339	1367553	28142	3132568	16567	0.84626	22339	1.01301	28142	1.07236	16567	133044.218089003	22339	1349989.63485059	28142	2921190.64493267	33118	107786	38906	1351821	44709	3126685	33118	0.84648	38906	1.01269	44709	1.07251	33118	127334.372932615	38906	1334881.35559747	44709	2915296.82706921
2	120011	117987	125814	1220987	131617	3157488	120011	0.84651	125814	1.01298	131617	1.07196	120011	139380.5152922	125814	1205341.66518589	131617	2945527.81820217	136593	112668	142365	1169006	148169	3031509	136593	0.84653	142365	1.01306	148169	1.07194	136593	133093.924609878	142365	1153935.60105028	148169	2828058.47342202	153145	108615	158933	1169898	164720	3032118	153145	0.84591	158933	1.01242	164720	1.07215	153145	128400.184416782	158933	1155546.11722408	164720	2828072.56447326
3	240022	118373	245809	1188459	251612	3139670	240022	0.84624	245809	1.01181	251612	1.07237	240022	139881.121194933	245809	1174587.12604145	251612	2927786.11859713	256589	113191	262392	1138778	268195	3016493	256589	0.84596	262392	1.01331	268195	1.07173	256589	133801.834602109	262392	1123819.95638057	268195	2814601.62540938	273172	108584	278959	1142955	284747	3013563	273172	0.84611	278959	1.01315	284747	1.07218	273172	128333.1954474	278959	1128120.21911859	284747	2810687.57111679
4	360033	118372	365836	1181213	371639	3123980	360033	0.84683	365836	1.01274	371639	1.07194	360033	139782.482906841	365836	1166353.6544424	371639	2914323.56288598	376600	113264	382403	1128706	388206	3008009	376600	0.84592	382403	1.01264	388206	1.0721	376600	133894.458104785	382403	1114617.23811029	388206	2805716.81746106	393183	109363	398970	1134531	404773	3004948	393183	0.8468	398970	1.01292	404773	1.07223	393183	129148.559282003	398970	1120059.82703471	404773	2802521.84699178
5	480044	119123	485831	1175687	491634	3117024	480044	0.84663	485831	1.0121	491634	1.0715	480044	140702.550110438	485831	1161631.26173303	491634	2909028.46476902	496611	113709	502383	1125853	508186	3000611	496611	0.84627	502383	1.01252	508186	1.07215	496611	134364.918997483	502383	1111931.61616561	508186	2798685.81821573	513162	108512	518950	1129539	524738	2995542	513162	0.84644	518950	1.01285	524738	1.07186	513162	128198.100278815	518950	1115208.56987708	524738	2794713.86188495
6	600055	118904	605858	1175524	611661	3112374	600055	0.84592	605858	1.01277	611661	1.07232	600055	140561.755248723	605858	1160701.83753468	611661	2902467.54700089	616637	113240	622441	1127341	628244	2999580	616637	0.84656	622441	1.01259	628244	1.07281	616637	133764.883764884	622441	1113324.24772119	628244	2796003.02010608	633205	109219	638992	1129268	644795	2990309	633205	0.84667	638992	1.01272	644795	1.07234	633205	128998.311030272	638992	1115084.12986808	644795	2788582.91213608
7	720066	119515	725853	1170846	731656	3109007	720066	0.84661	725853	1.01175	731656	1.07275	720066	141168.89713091	725853	1157248.33209785	731656	2898165.46259613	736633	113477	742405	1127596	748208	2995723	736633	0.84715	742405	1.01303	748208	1.07255	736633	133951.484388833	742405	1113092.40595047	748208	2793084.70467577	753184	109714	758972	1127834	764775	2988234	753184	0.84686	758972	1.01282	764775	1.07212	753184	129553.881397161	758972	1113558.18408009	764775	2787219.7142111
8	840077	119375	845864	1176880	851667	3107788	840077	0.84629	845864	1.01376	851667	1.07241	840077	141056.848125347	845864	1160905.93434343	851667	2897947.61331953	856628	113592	862416	1127995	868219	2992917	856628	0.84684	862416	1.0128	868219	1.07333	856628	134136.318548958	862416	1113739.13902054	868219	2788440.6473312	873195	109823	878983	1126814	884771	2984656	873195	0.84751	878983	1.0147	884771	1.07244	873195	129583.131762457	878983	1110489.79994087	884771	2783051.73249786
9	960088	119153	965875	1174119	971678	3099268	960088	0.84683	965875	1.01316	971678	1.07257	960088	140704.745934839	965875	1158868.29326069	971678	2889571.77620109	976655	114306	982442	1124978	988230	2987200	976655	0.84626	982442	1.01352	988230	1.07292	976655	135071.9636991	982442	1109971.18951772	988230	2784177.75789434	993206	109884	999010	1127426	1004797	2984250	993206	0.84654	999010	1.01376	1004797	1.07278	993206	129803.671415409	999010	1112123.18497475	1004797	2781791.23399019
10	1080099	119406	1085902	1174308	1091689	3097623	1080099	0.84704	1085902	1.01436	1091689	1.07385	1080099	140968.549301096	1085902	1157683.66260499	1091689	2884595.61391256	1096650	114259	1102438	1124676	1108241	2986102	1096650	0.84761	1102438	1.01377	1108241	1.0729	1096650	134801.382711388	1102438	1109399.56794934	1108241	2783206.26339827	1113217	109608	1119005	1124896	1124808	2980368	1113217	0.84725	1119005	1.01341	1124808	1.07415	1113217	129369.135438182	1119005	1110010.75576519	1124808	2774629.24172602
11	1200110	118866	1205897	1172769	1211716	3091225	1200110	0.84731	1205897	1.01421	1211716	1.07336	1200110	140286.317876574	1205897	1156337.44490786	1211716	2879951.74032943	1216677	114606	1222464	1123884	1228268	2982295	1216677	0.84727	1222464	1.01384	1228268	1.07373	1216677	135265.027677128	1222464	1108541.78174071	1228268	2777509.24347834	1233260	109237	1239032	1126636	1244835	2972600	1233260	0.84689	1239032	1.01409	1244835	1.0726	1233260	128986.054859545	1239032	1110982.2599572	1244835	2771396.60637703
12	1320121	118691	1325908	1171708	1331727	3087729	1320121	0.84685	1325908	1.01428	1331727	1.0729	1320121	140155.871760052	1325908	1155211.57865678	1331727	2877928.0454842	1336688	113809	1342475	1125320	1348279	2983183	1336688	0.84652	1342475	1.01377	1348279	1.07257	1336688	134443.368142513	1342475	1110034.82052142	1348279	2781341.0779716	1353255	109342	1359043	1124651	1364846	2972015	1353255	0.8471	1359043	1.01371	1364846	1.07299	1353255	129078.030929052	1359043	1109440.5697882	1364846	2769844.08055993
13	1440132	118617	1445919	1170996	1451754	3079917	1440132	0.848	1445919	1.01411	1451754	1.07244	1440132	139878.537735849	1445919	1154703.13871276	1451754	2871878.1470292	1456730	113621	1462518	1124852	1468336	2975484	1456730	0.8467	1462518	1.01337	1468336	1.0725	1456730	134192.748316995	1462518	1110011.1509123	1468336	2774344.05594406	1473297	109627	1479100	1125220	1484888	2968728	1473297	0.84655	1479100	1.01431	1484888	1.07371	1473297	129498.55295021	1479100	1109345.26919778	1484888	2764925.3522832
14	1560143	119055	1565930	1168867	1571749	3078237	1560143	0.84689	1565930	1.01347	1571749	1.07287	1560143	140579.05985429	1565930	1153331.62303768	1571749	2869161.22176965	1576710	113601	1582497	1124609	1588301	2974073	1576710	0.84727	1582497	1.01364	1588301	1.07331	1576710	134078.865060724	1582497	1109475.75075964	1588301	2770935.7035712	1593293	109480	1599065	1124718	1604868	2960703	1593293	0.8472	1599065	1.01502	1604868	1.07271	1593293	129225.684608121	1599065	1108074.71773955	1604868	2760021.81391056
15	1680154	118842	1685957	1169152	1691760	3076867	1680154	0.84753	1685957	1.01455	1691760	1.07372	1680154	140221.585076634	1685957	1152384.80114336	1691760	2865613.94031964	1696736	113682	1702508	1124758	1708296	2972801	1696736	0.84775	1702508	1.01354	1708296	1.07382	1696736	134098.496018873	1702508	1109732.2256645	1708296	2768435.11947999	1713288	109443	1719076	1121616	1724863	2960839	1713288	0.84729	1719076	1.0131	1724863	1.0738	1713288	129168.289487661	1719076	1107112.82203139	1724863	2757346.80573664
16	1800165	118797	1805937	1169477	1811724	3070132	1800165	0.84742	1805937	1.01352	1811724	1.07259	1800165	140186.684288782	1805937	1153876.58852317	1811724	2862353.74187714	1816701	113694	1822488	1122870	1828292	2964386	1816701	0.8477	1822488	1.01355	1828292	1.07252	1816701	134120.561519405	1822488	1107858.51709338	1828292	2763944.72830344	1833268	109965	1839071	1121449	1844874	2960629	1833268	0.8471	1839071	1.01238	1844874	1.07377	1833268	129813.481289104	1839071	1107735.23775657	1844874	2757228.27048623
17	1920176	117913	1925963	1168588	1931766	3069525	1920176	0.84656	1925963	1.01333	1931766	1.073	1920176	139284.870534871	1925963	1153215.63557775	1931766	2860694.31500466	1936743	113978	1942515	1123053	1948334	2968019	1936743	0.84676	1942515	1.01334	1948334	1.07305	1936743	134604.846709812	1942515	1108268.69560069	1948334	2765965.23927124	1953310	109109	1959082	1122688	1964885	2955835	1953310	0.84711	1959082	1.01285	1964885	1.07279	1953310	128801.454356577	1959082	1108444.48832502	1964885	2755278.29304897
18	2040187	118730	2045959	1167897	2051762	3067787	2040187	0.84694	2045959	1.01368	2051762	1.07269	2040187	140187.026235625	2045959	1152135.78249546	2051762	2859900.81011289	2056738	113358	2062542	1124034	2068329	2960954	2056738	0.84732	2062542	1.01339	2068329	1.07304	2056738	133784.166548648	2062542	1109182.05231944	2068329	2759406.918661	2073321	109131	2079109	1122335	2084896	2956743	2073321	0.84679	2079109	1.01299	2084896	1.07396	2073321	128876.108598354	2079109	1107942.8227327	2084896	2753122.0902082
19	2160198	118280	2165985	1168818	2171789	3065794	2160198	0.84637	2165985	1.01321	2171789	1.07342	2160198	139749.754835356	2165985	1153579.21852331	2171789	2856099.19695925	2176765	113452	2182553	1121998	2188340	2958930	2176765	0.8469	2182553	1.01395	2188340	1.07321	2176765	133961.50667139	2182553	1106561.46752798	2188340	2757083.88852135	2193317	109613	2199104	1122528	2204907	2945728	2193317	0.84746	2199104	1.01304	2204907	1.07258	2193317	129342.977839662	2199104	1108078.65434731	2204907	2746394.67452311
20	2280209	117826	2285996	1166231	2291800	3058815	2280209	0.84676	2285996	1.01476	2291800	1.07282	2280209	139149.227644197	2285996	1149267.80716623	2291800	2851191.25295949	2296776	113524	2302564	1122988	2308367	2952526	2296776	0.84668	2302564	1.01369	2308367	1.07272	2296776	134081.353049558	2302564	1107821.91794336	2308367	2752373.4059214	2313343	108842	2319115	1120279	2324918	2947457	2313343	0.84736	2319115	1.01427	2324918	1.07362	2313343	128448.357250755	2319115	1104517.53477871	2324918	2745344.7215961
21	2400220	117534	2406007	1164074	2411826	3057639	2400220	0.84678	2406007	1.01366	2411826	1.07379	2400220	138801.105363849	2406007	1148387.03312748	2411826	2847520.46489537	2416787	113592	2422575	1120429	2428362	2949702	2416787	0.84677	2422575	1.01286	2428362	1.07303	2416787	134147.407206207	2422575	1106203.22650712	2428362	2748946.44138561	2433339	109627	2439126	1120391	2444929	2941520	2433339	0.84672	2439126	1.01305	2444929	1.07268	2433339	129472.552910053	2439126	1105958.244904	2444929	2742215.75866055
22	2520231	118306	2526018	1165412	2531822	3054145	2520231	0.84654	2526018	1.01311	2531822	1.07241	2520231	139752.403902946	2526018	1150331.15851191	2531822	2847926.63253793	2536798	113710	2542570	1121760	2548373	2949916	2536798	0.8465	2542570	1.01271	2548373	1.07242	2536798	134329.592439457	2542570	1107681.36978997	2548373	2750709.61004084	2553350	108636	2559137	1120764	2564940	2944408	2553350	0.84618	2559137	1.01373	2564940	1.0729	2553350	128384.031766291	2559137	1105584.32718771	2564940	2744345.2325473
23	2640242	117601	2646045	1161401	2651848	3054392	2640242	0.84674	2646045	1.01239	2651848	1.07316	2640242	138886.789333207	2646045	1147187.348749	2651848	2846166.46166462	2656825	113155	2662597	1119843	2668400	2943736	2656825	0.84643	2662597	1.01313	2668400	1.07296	2656825	133685.006438808	2662597	1105330.01687839	2668400	2743565.46376379	2673376	110311	2679164	1122247	2684967	2941015	2673376	0.84717	2679164	1.01357	2684967	1.0732	2673376	130211.173672344	2679164	1107221.99749401	2684967	2740416.51136787
24	2760253	117940	2766040	1165599	2771828	3045762	2760253	0.84706	2766040	1.01372	2771828	1.07247	2760253	139234.528840932	2766040	1149823.42264136	2771828	2839950.76785365	2776804	113496	2782592	1118409	2788395	2942010	2776804	0.8466	2782592	1.01382	2788395	1.07245	2776804	134060.949681077	2782592	1103163.28342309	2788395	2743260.7580773	2793372	109535	2799159	1119158	2804962	2935481	2793372	0.84734	2799159	1.01372	2804962	1.07327	2793372	129269.242570869	2799159	1104010.96949848	2804962	2735081.5731363
25	2880264	117771	2886051	1164531	2891855	3039889	2880264	0.84717	2886051	1.01305	2891855	1.07191	2880264	139016.962357024	2886051	1149529.63822121	2891855	2835955.44402049	2896831	113044	2902619	1118576	2908406	2938675	2896831	0.84685	2902619	1.01305	2908406	1.07307	2896831	133487.630631163	2902619	1104166.62553675	2908406	2738567.84739113	2913398	109302	2919170	1118592	2924973	2932754	2913398	0.84633	2919170	1.01383	2924973	1.07295	2913398	129148.204601042	2919170	1103332.90591125	2924973	2733355.70157044
26	3000275	117455	3006047	1158325	3011866	3037559	3000275	0.84792	3006047	1.01285	3011866	1.07385	3000275	138521.322766299	3006047	1143629.36268944	3011866	2828662.28989151	3016842	113339	3022614	1121495	3028417	2944576	3016842	0.84815	3022614	1.01426	3028417	1.0744	3016842	133630.843600778	3022614	1105727.32829846	3028417	2740670.14147431	3033394	108753	3039181	1119740	3045078	2929029	3033394	0.84729	3039181	1.01347	3045078	1.07349	3033394	128353.928407039	3039181	1104857.56855161	3045078	2728510.74532599
27	3120286	117629	3126089	1164314	3131892	3034809	3120286	0.84647	3126089	1.01355	3131892	1.07277	3120286	138964.168842369	3126089	1148748.45838883	3131892	2828946.55890825	3136853	113150	3142656	1119628	3148459	2938454	3136853	0.84762	3142656	1.01347	3148459	1.07309	3136853	133491.423043345	3142656	1104747.05714032	3148459	2738310.85929419	3153436	109055	3159223	1119222	3165027	2927771	3153436	0.84667	3159223	1.01356	3165027	1.07295	3153436	128804.611005468	3159223	1104248.3918071	3165027	2728711.49634186
28	3240297	117132	3246084	1166385	3251872	3033663	3240297	0.84747	3246084	1.01461	3251872	1.07318	3240297	138213.742079366	3246084	1149589.49744237	3251872	2826797.92765426	3256864	113476	3262636	1118292	3268439	2935262	3256864	0.84756	3262636	1.01335	3268439	1.07369	3256864	133885.506630799	3262636	1103559.48092959	3268439	2733807.70986039	3273416	109327	3279203	1117889	3285006	2932275	3273416	0.84762	3279203	1.01397	3285006	1.07395	3273416	128981.147212194	3279203	1102487.25307455	3285006	2730364.5421109
29	3360308	116975	3366095	1160226	3371914	3035032	3360308	0.84737	3366095	1.01434	3371914	1.07336	3360308	138044.773829614	3366095	1143823.57000611	3371914	2827599.31430275	3376875	113180	3382663	1119777	3388466	2930372	3376875	0.8479	3382663	1.01329	3388466	1.07361	3376875	133482.722019106	3382663	1105090.34925836	3388466	2729456.69284004	3393442	109314	3399230	1116879	3405033	2920136	3393442	0.84763	3399230	1.01395	3405033	1.07277	3393442	128964.288663686	3399230	1101512.89511317	3405033	2722052.2572406
30	3480319	117566	3486106	1160235	3491925	3025869	3480319	0.84754	3486106	1.01357	3491925	1.07368	3480319	138714.396960615	3486106	1144701.4019752	3491925	2818222.37538187	3496886	114229	3502674	1115656	3508477	2929983	3496886	0.84829	3502674	1.01395	3508477	1.07326	3496886	134657.958952717	3502674	1100306.72123872	3508477	2729984.34675661	3513453	109080	3519241	1118407	3525028	2920576	3513453	0.84783	3519241	1.01489	3525028	1.07355	3513453	128657.867732918	3519241	1101998.24611534	3525028	2720484.37427227
31	3600330	117264	3606133	1160564	3611936	3025204	3600330	0.84746	3606133	1.01481	3611936	1.07451	3600330	138371.132560829	3606133	1143626.88582099	3611936	2815426.566528	3616897	113032	3622685	1116857	3628472	2928241	3616897	0.84769	3622685	1.01351	3628472	1.07343	3616897	133341.197843551	3622685	1101969.3934939	3628472	2727929.16165935	3633464	109781	3639236	1117385	3645040	2921814	3633464	0.84823	3639236	1.01474	3645040	1.07414	3633464	129423.623309716	3639236	1101153.99018468	3645040	2720142.62572849
32	3720341	116719	3726128	1160121	3731932	3024958	3720341	0.84688	3726128	1.01386	3731932	1.07414	3720341	137822.359720385	3726128	1144261.53512319	3731932	2816167.35248664	3736908	112745	3742680	1119979	3748499	2927626	3736908	0.84761	3742680	1.01449	3748499	1.07372	3736908	133015.18386994	3742680	1103982.29652338	3748499	2726619.60287598	3753475	108944	3759247	1115604	3765051	2918207	3753475	0.84764	3759247	1.01375	3765051	1.07377	3753475	128526.261148601	3759247	1100472.50308261	3765051	2717720.7409408
33	3840352	116893	3846139	1160141	3851958	3019319	3840352	0.84727	3846139	1.01453	3851958	1.07316	3840352	137964.285292764	3846139	1143525.57341823	3851958	2813484.47575385	3856919	113195	3862722	1116575	3868525	2921712	3856919	0.84761	3862722	1.01382	3868525	1.07299	3856919	133546.088413303	3862722	1101354.28379791	3868525	2722962.93534889	3873502	109252	3879290	1117625	3885093	2917103	3873502	0.84749	3879290	1.01397	3885093	1.07292	3873502	128912.435544962	3879290	1102226.89034192	3885093	2718844.83465682
34	3960363	116471	3966150	1160291	3971954	3013919	3960363	0.84732	3966150	1.01376	3971954	1.07314	3960363	137458.103195959	3966150	1144542.10069444	3971954	2808504.94809624	3976914	112774	3982718	1115556	3988505	2919444	3976914	0.84752	3982718	1.01356	3988505	1.07358	3976914	133063.526524448	3982718	1100631.43770472	3988505	2719353.93729391	3993497	109598	3999269	1114480	4005088	2915358	3993497	0.848	3999269	1.01346	4005088	1.074	3993497	129242.924528302	3999269	1099678.32968247	4005088	2714486.03351955
35	4080374	116242	4086161	1157328	4091965	3012236	4080374	0.84716	4086161	1.01353	4091965	1.07328	4080374	137213.749468813	4086161	1141878.38544493	4091965	2806570.51282051	4096925	113309	4102713	1117783	4108516	2916065	4096925	0.84781	4102713	1.01377	4108516	1.07307	4096925	133649.04872554	4102713	1102600.19531057	4108516	2717497.46055709	4113493	108849	4119280	1115707	4125084	2907613	4113493	0.84722	4119280	1.013	4125084	1.07341	4113493	128477.845187791	4119280	1101388.94373149	4125084	2708762.72812811
36	4200385	116768	4206172	1158509	4211991	3004522	4200385	0.84785	4206172	1.01387	4211991	1.07348	4200385	137722.474494309	4206172	1142660.30161658	4211991	2798861.64623468	4216952	112677	4222740	1116329	4228543	2919605	4216952	0.84743	4222740	1.01386	4228543	1.0739	4216952	132963.194600144	4222740	1101068.1948198	4228543	2718693.54688518	4233519	109309	4239307	1115344	4245095	2907780	4233519	0.84769	4239307	1.01422	4245095	1.07357	4233519	128949.262112329	4239307	1099706.17814675	4245095	2708514.5821884
37	4320396	116706	4326168	1158109	4331971	3010043	4320396	0.84736	4326168	1.01362	4331971	1.07413	4320396	137728.946374622	4326168	1142547.50300902	4331971	2802307.91431205	4336963	112740	4342735	1118815	4348538	2914020	4336963	0.84731	4342735	1.01438	4348538	1.0737	4336963	133056.378421121	4342735	1102954.51408742	4348538	2713998.32355407	4353515	109838	4359302	1115672	4365106	2914065	4353515	0.84711	4359302	1.01411	4365106	1.0743	4353515	129662.027363625	4359302	1100148.89903462	4365106	2712524.4345155
38	4440407	116862	4446195	1160479	4451998	3009386	4440407	0.84801	4446195	1.01485	4451998	1.07489	4440407	137807.337177628	4446195	1143498.05389959	4451998	2799715.31970713	4456974	112782	4462762	1117588	4468549	2911593	4456974	0.84787	4462762	1.01493	4468549	1.07415	4456974	133018.033424935	4462762	1101147.86241416	4468549	2710601.87124703	4473526	109747	4479313	1116057	4485117	2911177	4473526	0.84768	4479313	1.0138	4485117	1.07484	4473526	129467.487731219	4479313	1100865.06214243	4485117	2708474.74973019
39	4560418	116315	4566206	1157367	4572009	3005280	4560418	0.8479	4566206	1.01409	4572009	1.07399	4560418	137180.09199198	4566206	1141286.276366	4572009	2798238.34486355	4576985	112450	4582773	1114339	4588560	2907297	4576985	0.84777	4582773	1.01416	4588560	1.07347	4576985	132642.108118947	4582773	1098780.27135758	4588560	2708316.9534314	4593552	109681	4599340	1116128	4605143	2905417	4593552	0.84766	4599340	1.0139	4605143	1.07386	4593552	129392.681027771	4599340	1100826.51149029	4605143	2705582.66440691
40	4680429	116353	4686217	1156020	4692020	3000847	4680429	0.84676	4686217	1.01352	4692020	1.07405	4680429	137409.655628513	4686217	1140599.10016576	4692020	2793954.65760439	4696996	112691	4702768	1114542	4708571	2905640	4696996	0.84787	4702768	1.0145	4708571	1.0731	4696996	132910.70565063	4702768	1098612.12419911	4708571	2707706.64430156	4713548	108899	4719335	1113432	4725139	2897981	4713548	0.84738	4719335	1.01374	4725139	1.07361	4713548	128512.591753405	4719335	1098340.79744313	4725139	2699286.51931335
41	4800440	115467	4806228	1155226	4812031	2996741	4800440	0.84798	4806228	1.01354	4812031	1.07375	4800440	136167.126583174	4806228	1139793.20007104	4812031	2790911.29220023	4817007	113433	4822779	1114238	4828582	2910949	4817007	0.84844	4822779	1.01442	4828582	1.0738	4817007	133695.959643581	4822779	1098399.08519154	4828582	2710885.63978395	4833574	108905	4839346	1116575	4845150	2900222	4833574	0.84781	4839346	1.01432	4845150	1.07289	4833574	128454.48862363	4839346	1100811.38102374	4845150	2703186.71998061
42	4920451	115454	4926239	1156467	4932042	2994606	4920451	0.84766	4926239	1.01369	4932042	1.07373	4920451	136203.194677111	4926239	1140848.78019907	4932042	2788974.88195356	4937018	112893	4942806	1114776	4948593	2906795	4937018	0.84765	4942806	1.01321	4948593	1.07446	4937018	133183.507343833	4942806	1100241.80574609	4948593	2705354.31751764	4953585	109208	4959373	1112887	4965176	2898362	4953585	0.84718	4959373	1.01327	4965176	1.07417	4953585	128907.670152742	4959373	1098312.39452466	4965176	2698233.98530959
43	5040462	116460	5046250	1158248	5052053	2993471	5040462	0.8477	5046250	1.01463	5052053	1.07393	5040462	137383.508316621	5046250	1141547.1649764	5052053	2787398.62002179	5057029	112966	5062801	1110939	5068604	2899248	5057029	0.84728	5062801	1.01365	5068604	1.07353	5057029	133327.825512227	5062801	1095978.88817639	5068604	2700667.89004499	5073581	108901	5079368	1112379	5085172	2893923	5073581	0.84689	5079368	1.01302	5085172	1.07298	5073581	128589.309119248	5079368	1098081.97271525	5085172	2697089.41452776
44	5160473	116357	5166261	1153920	5172079	2991527	5160473	0.84724	5166261	1.01386	5172079	1.07407	5160473	137336.528020396	5166261	1138145.30605804	5172079	2785225.35775136	5177056	113372	5182828	1112498	5188631	2896765	5177056	0.8474	5182828	1.01352	5188631	1.07394	5177056	133788.057587916	5182828	1097657.66832426	5188631	2697324.80399277	5193592	108985	5199379	1114857	5205198	2891447	5193592	0.84757	5199379	1.01404	5205198	1.07307	5193592	128585.249595904	5199379	1099421.1273717	5205198	2694555.80717008
45	5280484	115838	5286272	1154018	5292075	2989847	5280484	0.84761	5286272	1.0138	5292075	1.07386	5280484	136664.267764656	5286272	1138309.33122904	5292075	2784205.57614587	5297051	112605	5302839	1111909	5308642	2894328	5297051	0.84775	5302839	1.01409	5308642	1.07338	5297051	132828.074314362	5302839	1096459.88028676	5308642	2696461.64452477	5313618	108932	5319406	1113729	5325225	2887952	5313618	0.84689	5319406	1.01351	5325225	1.0729	5313618	128625.913636954	5319406	1098883.08946138	5325225	2691725.23068319
46	5400495	115737	5406283	1153762	5412086	2979522	5400495	0.84773	5406283	1.01559	5412086	1.07395	5400495	136525.780614111	5406283	1136050.96544866	5412086	2774358.21034499	5417062	112863	5422834	1112153	5428637	2893908	5417062	0.84758	5422834	1.01372	5428637	1.07393	5417062	133159.111824253	5422834	1097100.77733496	5428637	2694689.59801849	5433614	109413	5439401	1114251	5445205	2885226	5433614	0.84741	5439401	1.01391	5445205	1.07365	5433614	129114.596240309	5439401	1098964.40512472	5445205	2687305.91906115
47	5520506	115726	5526294	1154335	5532097	2985533	5520506	0.84761	5526294	1.01427	5532097	1.07451	5520506	136532.131522752	5526294	1138094.39301172	5532097	2778506.48202437	5537089	113356	5542861	1113374	5548664	2894169	5537089	0.84803	5542861	1.01396	5548664	1.07382	5537089	133669.799417473	5542861	1098045.28778256	5548664	2695208.69419456	5553640	109124	5559428	1110068	5565216	2890040	5553640	0.84738	5559428	1.01351	5565216	1.07388	5553640	128778.116075433	5559428	1095270.89027242	5565216	2691213.17093158
48	5640517	116431	5646305	1154583	5652123	2983226	5640517	0.84856	5646305	1.01439	5652123	1.0742	5640517	137210.097105685	5646305	1138204.24097241	5652123	2777160.67771365	5657100	112795	5662887	1113047	5668675	2887774	5657100	0.84762	5662887	1.01426	5668675	1.07401	5657100	133072.60328921	5662887	1097398.1030505	5668675	2688777.57190343	5673667	108999	5679439	1115224	5685242	2887685	5673667	0.84767	5679439	1.01398	5685242	1.07298	5673667	128586.596198993	5679439	1099848.12323714	5685242	2691275.69945386
49	5760528	115833	5766316	1151739	5772134	2980204	5760528	0.84759	5766316	1.01369	5772134	1.07411	5760528	136661.593459102	5766316	1136184.63238268	5772134	2774579.88474179	5777111	113352	5782883	1114034	5788686	2887660	5777111	0.8472	5782883	1.0147	5788686	1.07431	5777111	133796.033994334	5782883	1097894.94431852	5788686	2687920.6188158	5793678	108962	5799466	1111609	5805269	2880864	5793678	0.84792	5799466	1.01404	5805269	1.0738	5793678	128505.047646004	5799466	1096218.09790541	5805269	2682868.31812256
50	5880539	115256	5886327	1150501	5892130	2968835	5880539	0.84723	5886327	1.01405	5892130	1.07328	5880539	136038.619973325	5886327	1134560.4260145	5892130	2766132.78920692	5897106	113683	5902909	1111831	5908697	2884469	5897106	0.84699	5902909	1.0144	5908697	1.07409	5897106	134220.002597433	5902909	1096047.91009464	5908697	2685500.28396131	5913689	108778	5919477	1111697	5925280	2877385	5913689	0.84699	5919477	1.01343	5925280	1.0738	5913689	128428.907070922	5919477	1096964.76322982	5925280	2679628.42242503
51	6000550	115288	6006338	1149679	6012141	2964323	6000550	0.84659	6006338	1.01368	6012141	1.0732	6000550	136179.260326723	6006338	1134163.64138584	6012141	2762134.73723444	6017133	113163	6022905	1110535	6028692	2885477	6017133	0.84697	6022905	1.01373	6028692	1.0732	6017133	133609.218744466	6022905	1095493.86917621	6028692	2688666.60454715	6033669	108948	6039457	1110792	6045260	2877981	6033669	0.84744	6039457	1.01321	6045260	1.07314	6033669	128561.314075333	6039457	1096309.74822594	6045260	2681831.8206385
52	6120561	116136	6126349	1151471	6132152	2967921	6120561	0.84746	6126349	1.01364	6132152	1.07376	6120561	137040.09628773	6126349	1135976.28349315	6132152	2764045.03799732	6137144	113446	6142931	1111508	6148719	2884887	6137144	0.84714	6142931	1.0135	6148719	1.07407	6137144	133916.471893666	6142931	1096702.51603355	6148719	2685939.46390831	6153711	109036	6159499	1110930	6165302	2873565	6153711	0.84709	6159499	1.01334	6165302	1.07336	6153711	128718.318006351	6159499	1096305.28746521	6165302	2677167.95856004
53	6240572	115593	6246360	1150251	6252163	2967597	6240572	0.84717	6246360	1.01295	6252163	1.07391	6240572	136446.049789299	6246360	1135545.68339997	6252163	2763357.26457524	6257139	113108	6262927	1110243	6268715	2876076	6257139	0.84728	6262927	1.01437	6268715	1.07288	6257139	133495.420640166	6262927	1094514.82200775	6268715	2680706.13675341	6273707	108518	6279494	1110646	6285297	2878323	6273707	0.84742	6279494	1.01386	6285297	1.07395	6273707	128056.925727502	6279494	1095462.88442191	6285297	2680127.56646026
54	6360583	115515	6366371	1149213	6372189	2961612	6360583	0.84745	6366371	1.01305	6372189	1.07255	6360583	136308.926780341	6366371	1134408.96303243	6372189	2761281.05915808	6377166	112963	6382938	1108343	6388741	2869895	6377166	0.84716	6382938	1.01335	6388741	1.0728	6377166	133343.170121347	6382938	1093741.55030345	6388741	2675144.48173005	6393733	108798	6399521	1106720	6405308	2871169	6393733	0.84678	6399521	1.01326	6405308	1.07357	6393733	128484.376107135	6399521	1092236.93819948	6405308	2674412.4742681
55	6480594	115903	6486382	1147763	6492185	2960509	6480594	0.84775	6486382	1.01305	6492185	1.07355	6480594	136718.372161604	6486382	1132977.64177484	6492185	2757681.52391598	6497177	113108	6502949	1113035	6508752	2872852	6497177	0.84779	6502949	1.0145	6508752	1.07363	6497177	133415.114592057	6502949	1097126.66338098	6508752	2675830.59340741	6513729	108583	6519516	1109532	6525319	2870478	6513729	0.8466	6519516	1.01411	6525319	1.07349	6513729	128257.736829672	6519516	1094094.32901756	6525319	2673968.08540368
56	6600605	107449	6606393	772897	6612196	2837240	6600605	0.84655	6606393	1.0119	6612196	1.07209	6600605	126925.757486268	6606393	763807.688506769	6612196	2646456.92059435	6617172	104173	6622960	730973	6628763	2757235	6617172	0.84589	6622960	1.01173	6628763	1.07186	6617172	123151.946470581	6622960	722498.097318455	6628763	2572383.52023585	6633740	102490	6639527	759721	6645315	2776787	6633740	0.84596	6639527	1.01306	6645315	1.07137	6633740	121152.30034517	6639527	749926.953981008	6645315	2591809.55225552
57	6720616	107003	6726388	421530	6732207	2835769	6720616	0.84679	6726388	1.01274	6732207	1.07272	6720616	126363.088841389	6726388	416227.26464838	6732207	2643531.39682303	6737183	103611	6742971	376053	6748774	2751317	6737183	0.84593	6742971	1.01209	6748774	1.07296	6737183	122481.765630726	6742971	371560.829570493	6748774	2564230.72621533	6753751	101368	6759538	382802	6765341	2769025	6753751	0.84595	6759538	1.01247	6765341	1.07234	6753751	119827.412967669	6759538	378087.25196796	6765341	2582226.71913759
58	6840627	105786	6846415	245561	6852234	2829857	6840627	0.84597	6846415	1.01209	6852234	1.0719	6840627	125046.987481826	6846415	242627.631929967	6852234	2640038.24983674	6857210	102451	6862998	210032	6868785	2738350	6857210	0.84591	6862998	1.01268	6868785	1.07271	6857210	121113.357212942	6862998	207402.140853972	6868785	2552740.25598717	6873762	100759	6879549	215770	6885368	2762857	6873762	0.84592	6879549	1.01266	6885368	1.07119	6873762	119111.736334405	6879549	213072.502123121	6885368	2579240.84429466
59	6960638	105485	6966426	151818	6972245	2823751	6960638	0.84641	6966426	1.01178	6972245	1.07256	6960638	124626.363110077	6966426	150050.40621479	6972245	2632720.78018945	6977221	101955	6983009	125064	6988812	2735527	6977221	0.84578	6983009	1.01172	6988812	1.07212	6977221	120545.531935019	6983009	123615.229510141	6988812	2551511.95761669	6993788	100348	6999560	129424	7005363	2758331	6993788	0.84614	6999560	1.01166	7005363	1.07172	6993788	118595.031555062	6999560	127932.309273867	7005363	2573742.20878588
60	7080649	105481	7086437	100376	7092240	2817063	7080649	0.84666	7086437	1.01285	7092240	1.07242	7080649	124584.839250703	7086437	99102.5324579158	7092240	2626828.10839037	7097216	102787	7103004	81262	7108792	2735088	7097216	0.84573	7103004	1.01258	7108792	1.07281	7097216	121536.424154281	7103004	80252.4244997926	7108792	2549461.6940558	7113768	100644	7119556	85002	7125359	2757314	7113768	0.8465	7119556	1.01194	7125359	1.07233	7113768	118894.270525694	7119556	83999.0513271538	7125359	2571329.72126118
61	7200660	105326	7206448	70963	7212251	2813727	7200660	0.84611	7206448	1.01232	7212251	1.07188	7200660	124482.632281855	7206448	70099.375691481	7212251	2625039.18349069	7217227	101975	7223015	57239	7228803	2734189	7217227	0.84606	7223015	1.01216	7228803	1.0724	7217227	120529.276883436	7223015	56551.3357571925	7228803	2549598.09772473	7233795	99806	7239582	59901	7245385	2752711	7233795	0.84582	7239582	1.01242	7245385	1.0723	7233795	117999.101463668	7239582	59166.1563382786	7245385	2567109.01799869
62	7320671	105022	7326459	53577	7332262	2815671	7320671	0.84682	7326459	1.01231	7332262	1.07242	7320671	124019.272100328	7326459	52925.4872519288	7332262	2625530.10947204	7337238	102383	7343026	43265	7348829	2728615	7337238	0.84595	7343026	1.01246	7348829	1.07182	7337238	121027.247473255	7343026	42732.5523971317	7348829	2545777.27603516	7353806	100124	7359578	46116	7365381	2751329	7353806	0.84684	7359578	1.01276	7365381	1.07285	7353806	118232.487837136	7359578	45534.9737351396	7365381	2564504.82360069
63	7440682	104777	7446470	43025	7452273	2810864	7440682	0.84594	7446470	1.01247	7452273	1.07288	7440682	123858.666099251	7446470	42495.0862741612	7452273	2619923.94303184	7457265	102939	7463037	35786	7468840	2724963	7457265	0.84675	7463037	1.01236	7468840	1.07242	7457265	121569.530558016	7463037	35349.0853056225	7468840	2540947.5765092	7473832	99819	7479604	38094	7485407	2750573	7473832	0.84686	7479604	1.01259	7485407	1.07198	7473832	117869.541600737	7479604	37620.3596717329	7485407	2565880.89330025
64	7560693	104596	7566481	36864	7572300	2808857	7560693	0.84676	7566481	1.0124	7572300	1.07353	7560693	123524.965751807	7566481	36412.4851837218	7572300	2616468.10056542	7577276	101886	7583064	30789	7588851	2723031	7577276	0.84649	7583064	1.01238	7588851	1.07256	7577276	120362.910371062	7583064	30412.4933325431	7588851	2538814.61176997	7593843	99709	7599615	32614	7605418	2742496	7593843	0.8469	7599615	1.01203	7605418	1.07317	7593843	117734.089030582	7599615	32226.3174016581	7605418	2555509.37875639
65	7680704	104743	7686492	32704	7692295	2803335	7680704	0.8468	7686492	1.0137	7692295	1.07297	7680704	123692.725555031	7686492	32262.0104567426	7692295	2612687.2139948	7697271	102204	7703059	27827	7708847	2722017	7697271	0.84709	7703059	1.01289	7708847	1.07317	7697271	120653.059297123	7703059	27472.8746458154	7708847	2536426.6612	7713823	99583	7719611	29274	7725414	2739678	7713823	0.84657	7719611	1.01289	7725414	1.07242	7713823	117631.146863225	7719611	28901.4601783017	7725414	2554668.87972996
66	7800715	104684	7806503	29644	7812306	2804377	7800715	0.84667	7806503	1.01324	7812306	1.07362	7800715	123642.032905382	7806503	29256.642059137	7812306	2612075.96728824	7817282	102298	7823054	25871	7828842	2722135	7817282	0.84707	7823054	1.01289	7828842	1.07363	7817282	120766.87877035	7823054	25541.766628163	7828842	2535449.82908451	7833818	99699	7839606	27094	7845425	2740160	7833818	0.84669	7839606	1.01194	7845425	1.07333	7833818	117751.479289941	7839606	26774.3146826887	7845425	2552952.02780133
67	7920726	103980	7926529	27733	7932333	2805734	7920726	0.84719	7926529	1.01384	7932333	1.07397	7920726	122735.159763453	7926529	27354.4148978142	7932333	2612488.24455059	7937293	102511	7943081	24212	7948869	2721376	7937293	0.8479	7943081	1.01355	7948869	1.07424	7937293	120899.87026772	7943081	23888.3133540526	7948869	2533303.5448317	7953861	99394	7959633	25385	7965436	2740134	7953861	0.84696	7959633	1.01295	7965436	1.07386	7953861	117353.830169075	7959633	25060.4669529592	7965436	2551667.81517144
68	8040737	104705	8046525	26347	8052344	2805587	8040737	0.84726	8046525	1.01385	8052344	1.07423	8040737	123580.719023676	8046525	25987.0789564531	8052344	2611719.0918146	8057304	101967	8063092	23317	8068895	2717138	8057304	0.8472	8063092	1.01428	8068895	1.07432	8057304	120357.648725212	8063092	22988.7210632173	8068895	2529170.07967831	8073872	99936	8079659	24270	8085463	2739574	8073872	0.84708	8079659	1.0144	8085463	1.07422	8073872	117977.050573736	8079659	23925.4731861199	8085463	2550291.3742064
69	8160748	104029	8166520	25114	8172323	2798442	8160748	0.84769	8166520	1.01554	8172323	1.07456	8160748	122720.570019701	8166520	24729.7004549304	8172323	2604267.79332936	8177300	102601	8183087	22602	8188875	2719006	8177300	0.84888	8183087	1.01509	8188875	1.07574	8177300	120866.317971916	8183087	22266.005969914	8188875	2527567.99970253	8193867	99535	8199655	23513	8205458	2735273	8193867	0.84862	8199655	1.01515	8205458	1.07457	8193867	117290.424453819	8199655	23162.0942717825	8205458	2545458.18327331
70	8280759	103986	8286547	24239	8292366	2795291	8280759	0.84875	8286547	1.01536	8292366	1.07485	8280759	122516.642120766	8286547	23872.3211471793	8292366	2600633.57677815	8297342	102455	8303114	21624	8308917	2714659	8297342	0.84805	8303114	1.01424	8308917	1.07449	8297342	120812.452095985	8303114	21320.397539044	8308917	2526462.78699662	8313941	99362	8319728	22661	8325516	2731225	8313941	0.8481	8319728	1.01484	8325516	1.07449	8313941	117158.353967692	8319728	22329.6283157936	8325516	2541880.33392586
71	8400770	104479	8406558	23449	8412361	2793457	8400770	0.84817	8406558	1.01508	8412361	1.07555	8400770	123181.673485268	8406558	23100.6423139063	8412361	2597235.83282972	8417337	102141	8423125	21058	8428928	2716551	8417337	0.84851	8423125	1.01447	8428928	1.07549	8417337	120376.895970584	8423125	20757.6369927154	8428928	2525872.85795312	8433905	99857	8439692	21801	8445480	2731808	8433905	0.84853	8439692	1.01509	8445480	1.0748	8433905	117682.34476094	8439692	21476.913377139	8445480	2541689.61667287
72	8520781	104464	8526569	22899	8532372	2794973	8520781	0.84942	8526569	1.01447	8532372	1.07513	8520781	122982.741164559	8526569	22572.3776947569	8532372	2599660.50617135	8537348	102602	8543136	20280	8548939	2714890	8537348	0.84831	8543136	1.0149	8548939	1.07494	8537348	120948.709787696	8543136	19982.2642624889	8548939	2525620.03460658	8553916	99668	8559703	21313	8565491	2730089	8553916	0.84822	8559703	1.01434	8565491	1.07494	8553916	117502.534719766	8559703	21011.6923319597	8565491	2539759.42843321
73	8640792	104521	8646580	22205	8652399	2792555	8640792	0.84855	8646580	1.01459	8652399	1.07509	8640792	123176.006128101	8646580	21885.6878147823	8652399	2597508.11559962	8657360	102041	8663147	20439	8668950	2709743	8657360	0.8484	8663147	1.01428	8668950	1.07559	8657360	120274.634606318	8663147	20151.2402886777	8668950	2519308.47255925	8673927	99683	8679714	20924	8685518	2728480	8673927	0.84785	8679714	1.01457	8685518	1.07457	8673927	117571.504393466	8679714	20623.5153809003	8685518	2539136.5848665
74	8760803	104000	8766591	21735	8772394	2788908	8760803	0.84816	8766591	1.01452	8772394	1.07533	8760803	122618.373891719	8766591	21423.9246145961	8772394	2593536.86775223	8777371	101564	8783158	19790	8788961	2706957	8777371	0.84794	8783158	1.01439	8788961	1.07493	8777371	119777.342736514	8783158	19509.2617237946	8788961	2518263.51483352	8793922	99959	8799710	20346	8805513	2722904	8793922	0.84868	8799710	1.01495	8805513	1.07482	8793922	117781.731630296	8799710	20046.3076998867	8805513	2533358.14368918
75	8880814	103827	8886602	21305	8892405	2784974	8880814	0.84816	8886602	1.01476	8892405	1.07435	8880814	122414.402942841	8886602	20995.1121447436	8892405	2592240.88984037	8897366	102440	8903154	19358	8908957	2701766	8897366	0.84814	8903154	1.01441	8908957	1.07507	8897366	120781.946376777	8903154	19083.0137715519	8908957	2513107.05349419	8913933	99498	8919721	19942	8925524	2723775	8913933	0.84814	8919721	1.01484	8925524	1.07516	8913933	117313.179427925	8919721	19650.3882385401	8925524	2533367.12675323
76	9000825	104454	9006613	20887	9012401	2780979	9000825	0.84777	9006613	1.01376	9012401	1.07453	9000825	123210.304681694	9006613	20603.4958964647	9012401	2588088.74577722	9017377	102436	9023165	18785	9028968	2701776	9017377	0.8484	9023165	1.01336	9028968	1.07509	9017377	120740.216878831	9023165	18537.341122602	9028968	2513069.60347506	9033944	99391	9039732	19666	9045535	2720702	9033944	0.84804	9039732	1.01457	9045535	1.07517	9033944	117200.839583039	9039732	19383.5812216013	9045535	2530485.41160933
77	9120836	104619	9126624	20781	9132427	2787838	9120836	0.84853	9126624	1.01507	9132427	1.0758	9120836	123294.403262112	9126624	20472.4797304619	9132427	2591409.18386317	9137404	102361	9143191	18818	9148979	2697574	9137404	0.84857	9143191	1.01444	9148979	1.07558	9137404	120627.644154283	9143191	18550.1360356453	9148979	2508017.99959092	9153971	99542	9159743	19402	9165546	2720707	9153971	0.84773	9159743	1.01359	9165546	1.07484	9153971	117421.820626851	9159743	19141.8620941406	9165546	2531266.97927133
78	9240847	104083	9246635	20596	9252438	2782773	9240847	0.84913	9246635	1.0147	9252438	1.07615	9240847	122576.048426036	9246635	20297.6249137676	9252438	2585859.777912	9257415	102376	9263187	18404	9268990	2690931	9257415	0.84858	9263187	1.01437	9268990	1.07507	9257415	120643.899219873	9263187	18143.2810512929	9268990	2503028.63999554	9273982	99676	9279754	19301	9285557	2722601	9273982	0.8485	9279754	1.01481	9285557	1.07615	9273982	117473.187978786	9279754	19019.3238143101	9285557	2529945.63954839
79	9360858	104033	9366646	20181	9372434	2777910	9360858	0.84905	9366646	1.01514	9372434	1.07547	9360858	122528.708556622	9366646	19880.0165494415	9372434	2582973.02574688	9377410	101879	9383182	18369	9388985	2690296	9377410	0.84868	9383182	1.01479	9388985	1.07601	9377410	120044.068435688	9383182	18101.2820386484	9388985	2500251.85639539	9393946	99790	9399734	18795	9405537	2711401	9393946	0.84883	9399734	1.01525	9405537	1.07528	9393946	117561.820388064	9399734	18512.6816055159	9405537	2521576.70560226
80	9480869	103707	9486641	19850	9492445	2775961	9480869	0.84817	9486641	1.0148	9492445	1.07563	9480869	122271.478595093	9486641	19560.5045329129	9492445	2580776.84705707	9497421	101962	9503209	17904	9508996	2691334	9497421	0.8485	9503209	1.01474	9508996	1.07467	9497421	120167.35415439	9503209	17643.9284939985	9508996	2504335.28431984	9513973	99668	9519760	18706	9525563	2712942	9513973	0.84926	9519760	1.01472	9525563	1.07532	9513973	117358.641640958	9519760	18434.642068748	9525563	2522915.96919987
81	9600880	99214	9606668	19273	9612471	2677012	9600880	0.84786	9606668	1.01414	9612471	1.07524	9600880	117016.960347227	9606668	19004.2794880391	9612471	2489687.88363528	9617448	97372	9623220	17120	9629038	2612719	9617448	0.84832	9623220	1.01461	9629038	1.07384	9617448	114782.157676349	9623220	16873.4784794157	9629038	2433061.72241675	9634030	94948	9639802	18646	9645606	2632671	9634030	0.84802	9639802	1.01477	9645606	1.07494	9634030	111964.340463668	9639802	18374.6070538151	9645606	2449132.97486371
82	9720891	99547	9726695	18733	9732498	2673753	9720891	0.84859	9726695	1.01446	9732498	1.07452	9720891	117308.712098893	9726695	18465.9819017014	9732498	2488323.1582474	9737459	97501	9743246	16669	9749034	2612880	9737459	0.84887	9743246	1.01464	9749034	1.07582	9737459	114859.754732762	9743246	16428.4869510368	9749034	2428733.43124314	9754010	94896	9759798	17819	9765601	2629708	9754010	0.84815	9759798	1.01414	9765601	1.07544	9754010	111885.869244827	9759798	17570.5523892165	9765601	2445239.15792606
83	9840902	99778	9846690	18247	9852493	2670875	9840902	0.84847	9846690	1.01461	9852493	1.07568	9840902	117597.557957264	9846690	17984.250105952	9852493	2482964.26446527	9857470	97432	9863257	16553	9869060	2603959	9857470	0.84862	9863257	1.01446	9869060	1.07573	9857470	114812.28347199	9863257	16317.0553792165	9869060	2420643.65593597	9874037	94974	9879824	17794	9885612	2622096	9874037	0.84795	9879824	1.01359	9885612	1.07484	9874037	112004.245533345	9879824	17555.4218175002	9885612	2439522.16143798
84	9960913	98646	9966701	18298	9972504	2667445	9960913	0.84799	9966701	1.01488	9972504	1.07552	9960913	116329.201995307	9966701	18029.7177991487	9972504	2480144.48824755	9977465	97296	9983253	16225	9989056	2603069	9977465	0.84827	9983253	1.01465	9989056	1.07548	9977465	114699.329223007	9983253	15990.7357216774	9989056	2420378.80760219	9994032	94812	9999835	17165	10005639	2614724	9994032	0.84843	9999835	1.01465	10005639	1.07587	9994032	111749.938121	9999835	16917.1635539349	10005639	2430334.51996988
85	10080924	99101	10086728	18254	10092546	2659014	10080924	0.84879	10086728	1.01512	10092546	1.07611	10080924	116755.616819237	10086728	17982.1104894003	10092546	2470949.99581827	10097523	97004	10103342	16435	10109145	2600327	10097523	0.84868	10103342	1.01505	10109145	1.0766	10097523	114299.853890748	10103342	16191.3206245998	10109145	2415313.95132826	10114137	95385	10119940	17276	10125743	2612633	10114137	0.8488	10119940	1.01578	10125743	1.07574	10114137	112376.29594722	10119940	17007.6197601843	10125743	2428684.44047818
86	10200935	92780	10206723	18907	10212542	2565023	10200935	0.84818	10206723	1.01523	10212542	1.07541	10200935	109387.158386192	10206723	18623.3661337825	10212542	2385158.21872588	10217518	91828	10223321	17745	10229140	2505649	10217518	0.84872	10223321	1.01518	10229140	1.07597	10217518	108195.871429918	10223321	17479.6587797238	10229140	2328735.00190526	10234101	89697	10239889	17850	10245707	2519685	10234101	0.84902	10239889	1.01455	10245707	1.07605	10234101	105647.687922546	10239889	17594.0071953083	10245707	2341605.87333302
87	10320946	92293	10326750	21615	10332568	2542930	10320946	0.84917	10326750	1.01527	10332568	1.07575	10320946	108686.12880813	10326750	21289.9031784649	10332568	2363867.0694864	10337545	90806	10343348	19188	10349151	2479703	10337545	0.84897	10343348	1.01573	10349151	1.07605	10337545	106960.198829169	10343348	18890.846977051	10349151	2304449.60736025	10354128	87654	10359931	19339	10365750	2499104	10354128	0.84883	10359931	1.01477	10365750	1.07585	10354128	103264.49347926	10359931	19057.5204233472	10365750	2322911.1865037
88	10440957	91443	10446745	24016	10452564	2468727	10440957	0.84957	10446745	1.01459	10452564	1.07624	10440957	107634.45036901	10446745	23670.6452852877	10452564	2293844.30981937	10457540	88426	10463328	21494	10469162	2408828	10457540	0.84815	10463328	1.01585	10469162	1.07612	10457540	104257.501621175	10463328	21158.6356253384	10469162	2238438.09240605	10474123	79865	10479926	22033	10485761	2433934	10474123	0.8486	10479926	1.01579	10485761	1.07594	10474123	94113.8345510252	10479926	21690.5068961104	10485761	2262146.58809971
89	10560968	88607	10566772	27441	10572590	2347716	10560968	0.84791	10566772	1.01511	10572590	1.07657	10560968	104500.477645033	10566772	27032.538345598	10572590	2180736.97019237	10577567	84450	10583370	24388	10589189	2290763	10577567	0.84889	10583370	1.0151	10589189	1.07594	10577567	99482.8540800339	10583370	24025.2191902276	10589189	2129080.61787832	10594181	64594	10599984	25337	10605787	2321364	10594181	0.84926	10599984	1.01524	10605787	1.07672	10594181	76059.1573840756	10599984	24956.6604940704	10605787	2155958.8379523
90	10680979	84485	10686767	31980	10692586	2179819	10680979	0.84876	10686767	1.01555	10692586	1.07639	10680979	99539.3279607899	10686767	31490.3254394171	10692586	2025120.0772954	10697562	76659	10703350	28731	10709169	2130524	10697562	0.84829	10703350	1.01432	10709169	1.07555	10697562	90368.8597059968	10703350	28325.3805505166	10709169	1980869.32267212	10714145	50034	10719948	29399	10725752	2164772	10714145	0.84855	10719948	1.01547	10725752	1.07477	10714145	58964.1152554357	10719948	28951.1260795494	10725752	2014172.334546
91	10800990	79675	10806794	37715	10812612	1990426	10800990	0.84881	10806794	1.01506	10812612	1.07614	10800990	93866.7075081585	10806794	37155.4390873446	10812612	1849597.63599532	10817573	67886	10823377	33334	10829195	1945248	10817573	0.84854	10823377	1.01489	10829195	1.07517	10817573	80003.2997855139	10823377	32844.9388603691	10829195	1809246.90979101	10834172	40735	10839975	34695	10845794	1992999	10834172	0.84842	10839975	1.01543	10845794	1.07566	10834172	48012.7766907899	10839975	34167.7909850999	10845794	1852815.01589722
92	10921001	73563	10926805	45012	10932624	1798223	10921001	0.84822	10926805	1.01383	10932624	1.07474	10921001	86726.3210016269	10926805	44397.9759920302	10932624	1673170.25513147	10937600	59258	10943403	39284	10949222	1762755	10937600	0.84795	10943403	1.01499	10949222	1.07695	10937600	69883.8374904181	10943403	38703.8295943802	10949222	1636803.00849622	10954198	35182	10960002	41571	10965820	1820957	10954198	0.84807	10960002	1.0154	10965820	1.07562	10954198	41484.783095735	10960002	40940.5160527871	10965820	1692937.0967442
93	11041012	68105	11046816	54069	11052635	1626354	11041012	0.84808	11046816	1.01471	11052635	1.07508	11041012	80304.9240637676	11046816	53285.1750746519	11052635	1512774.86326599	11057611	52814	11063414	46222	11069233	1592932	11057611	0.84879	11063414	1.01468	11069233	1.07525	11057611	62222.6934813087	11063414	45553.2778807112	11069233	1481452.68542199	11074209	31317	11080013	49360	11085831	1658334	11074209	0.8483	11080013	1.01449	11085831	1.07489	11074209	36917.3641400448	11080013	48654.9892063993	11085831	1542794.14637777
94	11161024	62796	11166827	64440	11172646	1482055	11161024	0.84846	11166827	1.01423	11172646	1.0749	11161024	74011.7389152111	11166827	63535.8843654792	11172646	1378784.07293702	11177622	47028	11183410	54292	11189228	1452460	11177622	0.84796	11183410	1.01442	11189228	1.07527	11177622	55460.163215246	11183410	53520.2381656513	11189228	1350786.31413505	11194220	28766	11200008	58494	11205811	1525374	11194220	0.84789	11200008	1.0148	11205811	1.07492	11194220	33926.5706636474	11200008	57640.9144659046	11205811	1419058.1624679
95	11281035	58088	11286838	75885	11292657	1366599	11281035	0.84792	11286838	1.01526	11292657	1.0746	11281035	68506.462873856	11286838	74744.400449146	11292657	1271728.08486879	11297649	43141	11303436	62682	11309255	1345278	11297649	0.84794	11303436	1.01455	11309255	1.07492	11297649	50877.4205722103	11303436	61783.0565275245	11309255	1251514.53131396	11314231	27031	11320035	68337	11325838	1429265	11314231	0.84823	11320035	1.01447	11325838	1.07572	11314231	31867.5359277554	11320035	67362.2679822962	11325838	1328658.9447068
96	11401046	54128	11406849	87572	11412668	1287233	11401046	0.84802	11406849	1.01388	11412668	1.0753	11401046	63828.6832857716	11406849	86373.140805618	11412668	1197091.97433274	11417660	39746	11423447	72234	11429266	1270348	11417660	0.84813	11423447	1.01448	11429266	1.07562	11417660	46863.0988173983	11423447	71202.9808374734	11429266	1181037.91301761	11434242	25329	11440046	79138	11445849	1356177	11434242	0.84807	11440046	1.01453	11445849	1.07551	11434242	29866.6383671159	11440046	78004.5932599332	11445849	1260961.77627358
97	11521057	51374	11526860	100435	11532663	1229379	11521057	0.84874	11526860	1.015	11532663	1.07554	11521057	60529.7264179843	11526860	98950.7389162561	11532663	1143034.19677557	11537639	37581	11543427	80900	11549230	1214875	11537639	0.84823	11543427	1.0146	11549230	1.07514	11537639	44305.2002405008	11543427	79735.8564951705	11549230	1129969.12030061	11554222	24732	11560010	89634	11565797	1308670	11554222	0.84871	11560010	1.01455	11565797	1.07595	11554222	29140.6958796291	11560010	88348.5289044404	11565797	1216292.57865142
98	11641068	48696	11646871	113275	11652690	1191157	11641068	0.84815	11646871	1.01484	11652690	1.07539	11641068	57414.3724577021	11646871	111618.580268811	11652690	1107651.17771227	11657650	35505	11663469	89189	11669288	1181740	11657650	0.84855	11663469	1.01456	11669288	1.07493	11657650	41841.9657062047	11663469	87909.0443147769	11669288	1099364.60978854	11674264	23798	11680068	100832	11685902	1282810	11674264	0.84801	11680068	1.01486	11685902	1.0754	11674264	28063.3483095718	11680068	99355.5761385807	11685902	1192867.77013204
99	11761079	46663	11766882	124258	11772685	1174346	11761079	0.8481	11766882	1.01522	11772685	1.07538	11761079	55020.6343591558	11766882	122395.145879711	11772685	1092028.86421544	11777646	33691	11783449	97847	11789252	1169719	11777646	0.84798	11783449	1.01528	11789252	1.07512	11777646	39730.8898794783	11783449	96374.3991805216	11789252	1087989.24771188	11794229	23621	11800016	111079	11805819	1276398	11794229	0.84822	11800016	1.01473	11805819	1.07448	11794229	27847.7281837259	11800016	109466.557606457	11805819	1187921.59928524
100	11881090	44187	11886877	136408	11892680	1167434	11881090	0.84794	11886877	1.01494	11892680	1.07537	11881090	52110.9984196995	11886877	134400.063057915	11892680	1085611.46396124	11897657	32477	11903429	105798	11909232	1168836	11897657	0.8483	11903429	1.0145	11909232	1.07628	11897657	38284.8049039255	11903429	104285.855101035	11909232	1085996.2091649	11914208	23464	11919996	121648	11925784	1285863	11914208	0.8485	11919996	1.01503	11925784	1.07546	11914208	27653.5061873895	11919996	119846.704038304	11925784	1195640.00520707
101	12001101	42414	12006888	147219	12012707	1176759	12001101	0.8485	12006888	1.01483	12012707	1.07585	12001101	49987.0359457867	12006888	145067.646797986	12012707	1093794.67397871	12017683	31232	12023471	112929	12029274	1179954	12017683	0.84878	12023471	1.01554	12029274	1.07589	12017683	36796.342986404	12023471	111200.937432302	12029274	1096723.64275158	12034235	22633	12040038	131244	12045841	1309952	12034235	0.84842	12040038	1.01514	12045841	1.076	12034235	26676.6460008015	12040038	129286.600862935	12045841	1217427.50929368
102	12121112	41489	12126899	157437	12132702	1192258	12121112	0.84849	12126899	1.01505	12132702	1.07613	12121112	48897.453122606	12126899	155102.704300281	12132702	1107912.61278842	12137679	30190	12143466	119011	12149270	1202552	12137679	0.84853	12143466	1.01496	12149270	1.07592	12137679	35579.1781080221	12143466	117256.83770789	12149270	1117696.48300989	12154246	22553	12160018	140217	12165821	1348772	12154246	0.84904	12160018	1.01514	12165821	1.0764	12154246	26562.9416753039	12160018	138125.775755068	12165821	1253039.7621702
103	12241123	40287	12246910	166181	12252713	1219405	12241123	0.84889	12246910	1.01521	12252713	1.07631	12241123	47458.4457350187	12246910	163691.255996296	12252713	1132949.6148879	12257690	29474	12263477	124591	12269281	1230809	12257690	0.84862	12263477	1.01522	12269281	1.07568	12257690	34731.6820249346	12263477	122723.153602175	12269281	1144214.82225197	12274273	22230	12280060	148072	12285863	1391369	12274273	0.84869	12280060	1.01504	12285863	1.0757	12274273	26193.3096890502	12280060	145877.994955864	12285863	1293454.49474761
104	12361134	39006	12366937	174110	12372740	1249904	12361134	0.84914	12366937	1.01586	12372740	1.07637	12361134	45935.8880749935	12366937	171391.727206505	12372740	1161221.51304849	12377716	28790	12383488	129858	12389292	1267211	12377716	0.84953	12383488	1.01555	12389292	1.07671	12377716	33889.3270396572	12383488	127869.627295554	12389292	1176928.79233963	12394268	22447	12400040	154786	12405843	1444778	12394268	0.84937	12400040	1.01525	12405843	1.07693	12394268	26427.8229746754	12400040	152460.970204383	12405843	1341570.94704391
105	12481145	38195	12486932	181659	12492735	1288778	12481145	0.84938	12486932	1.01658	12492735	1.07658	12481145	44968.0943747204	12486932	178696.216726672	12492735	1197103.79163648	12497712	28299	12503499	133896	12509303	1310188	12497712	0.84913	12503499	1.01572	12509303	1.07559	12497712	33327.0523948041	12503499	131823.730949474	12509303	1218110.99024721	12514279	22260	12520067	162275	12525870	1504655	12514279	0.84984	12520067	1.01577	12525870	1.07677	12514279	26193.1657723807	12520067	159755.653346722	12525870	1397378.27019698
106	12601156	39725	12606943	864951	12612746	1290238	12601156	0.84974	12606943	1.01647	12612746	1.07778	12601156	46749.5939934568	12606943	850936.08271764	12612746	1197125.57293696	12617707	29912	12623495	831309	12629314	1346876	12617707	0.84904	12623495	1.01553	12629314	1.07707	12617707	35230.3778385	12623495	818596.200998493	12629314	1250499.96750443	12634290	24096	12640062	830567	12645865	1553407	12634290	0.84892	12640062	1.01616	12645865	1.07668	12634290	28384.3000518306	12640062	817358.486852464	12645865	1442775.01207415
107	12721167	39477	12726954	874888	12732757	1335656	12721167	0.84924	12726954	1.01578	12732757	1.0771	12721167	46485.0925533418	12726954	861296.737482526	12732757	1240048.27778294	12737749	29769	12743521	851022	12749325	1404960	12737749	0.849	12743521	1.01658	12749325	1.07711	12737749	35063.6042402827	12743521	837142.182612288	12749325	1304379.31130525	12754301	24284	12760089	852620	12765892	1632454	12754301	0.8495	12760089	1.0162	12765892	1.07712	12754301	28586.2271924662	12760089	839027.750442826	12765892	1515573.00950683
108	12841178	38500	12846965	879987	12852768	1381075	12841178	0.84948	12846965	1.01612	12852768	1.07571	12841178	45321.8439515939	12846965	866026.650395622	12852768	1283872.97691757	12857745	29194	12863532	854585	12869336	1470180	12857745	0.84955	12863532	1.0161	12869336	1.07738	12857745	34364.0750985816	12863532	841044.188564118	12869336	1364588.16759175	12874312	24286	12880084	858927	12885887	1715136	12874312	0.84927	12880084	1.01621	12885887	1.07659	12874312	28596.3239017038	12880084	845225.888349849	12885887	1593119.01466668
109	12961189	37957	12966976	882709	12972779	1440859	12961189	0.84982	12966976	1.01626	12972779	1.07683	12961189	44664.7525358311	12966976	868585.794973727	12972779	1338056.14628121	12977756	28964	12983544	858647	12989347	1542734	12977756	0.84946	12983544	1.01576	12989347	1.07709	12977756	34096.9557130412	12983544	845324.682995983	12989347	1432316.70519641	12994323	24158	13000095	859547	13005898	1795000	12994323	0.8495	13000095	1.01626	13005898	1.07752	12994323	28437.904649794	13000095	845794.383327101	13005898	1665862.35058282
110	13081200	37714	13086987	883722	13092790	1503079	13081200	0.84909	13086987	1.01598	13092790	1.07737	13081200	44416.9640438587	13086987	869822.240595287	13092790	1395137.2323343	13097767	28678	13103555	859883	13109358	1609653	13097767	0.84939	13103555	1.01594	13109358	1.07706	13097767	33763.0534854425	13103555	846391.519184204	13109358	1494487.77226895	13114334	24128	13120106	865541	13125909	1871589	13114334	0.84964	13120106	1.01639	13125909	1.0769	13114334	28397.909702933	13120106	851583.545686203	13125909	1737941.31302814
111	13201211	37325	13206998	886970	13212802	1573403	13201211	0.84968	13206998	1.01622	13212802	1.07604	13201211	43928.3024197345	13206998	872812.973568716	13212802	1462216.08862124	13217778	29021	13223566	865893	13229369	1682014	13217778	0.84931	13223566	1.01562	13229369	1.07708	13217778	34170.0910150593	13223566	852575.766526851	13229369	1561642.58922271	13234345	24938	13240117	867481	13245920	1947862	13234345	0.84985	13240117	1.01626	13245920	1.07724	13234345	29344.0018826852	13240117	853601.440576231	13245920	1808196.87349152
112	13321222	37477	13327009	889812	13332813	1645336	13321222	0.84978	13327009	1.01577	13332813	1.07712	13321222	44102.0028713314	13327009	875997.519123424	13332813	1527532.67973856	13337789	28586	13343592	864071	13349395	1747632	13337789	0.84899	13343592	1.01644	13349395	1.0755	13337789	33670.5968268177	13343592	850095.43111251	13349395	1624948.39609484	13354372	24640	13360159	869859	13365963	2012586	13354372	0.84855	13360159	1.01577	13365963	1.07567	13354372	29037.7703140652	13360159	856354.292802505	13365963	1871006.90732288
113	13441233	37323	13447020	888760	13452824	1719757	13441233	0.84926	13447020	1.01561	13452824	1.07688	13441233	43947.6720909969	13447020	875099.693780093	13452824	1596981.09352946	13457800	28728	13463588	865421	13469391	1812603	13457800	0.84921	13463588	1.01589	13469391	1.07558	13457800	33829.0882113965	13463588	851884.554430106	13469391	1685233.08354562	13474367	24785	13480155	872930	13485958	2069927	13474367	0.84925	13480155	1.01602	13485958	1.07703	13474367	29184.5746246688	13480155	859166.158146493	13485958	1921884.25577746
114	13561244	36612	13567031	891564	13572835	1786689	13561244	0.84908	13567031	1.01549	13572835	1.07625	13561244	43119.6118151411	13567031	877964.332489734	13572835	1660105.92334495	13577811	28911	13583599	865155	13589402	1871801	13577811	0.84924	13583599	1.01533	13589402	1.07654	13577811	34043.3799632613	13583599	852092.423153064	13589402	1738719.41590652	13594378	24701	13600181	871205	13605985	2117224	13594378	0.84968	13600181	1.01621	13605985	1.07697	13594378	29070.9443555221	13600181	857308.036724693	13605985	1965908.05686324
115	13681255	36825	13687042	891221	13692846	1852156	13681255	0.84937	13687042	1.01576	13692846	1.07611	13681255	43355.6636094988	13687042	877393.281877609	13692846	1721158.61761344	13697822	28909	13703610	868552	13709413	1926402	13697822	0.84896	13703610	1.01564	13709413	1.07603	13697822	34052.2521673577	13703610	855177.031231539	13709413	1790286.5161752	13714389	24910	13720161	873394	13725964	2154819	13714389	0.84897	13720161	1.01555	13725964	1.07639	13714389	29341.4372710461	13720161	860020.678450101	13725964	2001894.29481879
116	13801266	37217	13807053	892815	13812857	1919997	13801266	0.84935	13807053	1.01579	13812857	1.07691	13801266	43818.2139282981	13807053	878936.591224564	13812857	1782876.00635151	13817833	28614	13823621	869570	13829424	1979445	13817833	0.84912	13823621	1.01625	13829424	1.07738	13817833	33698.4171848502	13823621	855665.436654366	13829424	1837276.54123893	13834400	25115	13840188	874492	13845975	2179499	13834400	0.84978	13840188	1.01602	13845975	1.07577	13834400	29554.7082774365	13840188	860703.529458081	13845975	2025989.75617465
117	13921277	36991	13927080	896661	13932883	1975585	13921277	0.84937	13927080	1.01624	13932883	1.0761	13921277	43551.1025819137	13927080	882331.929465481	13932883	1835874.91868785	13937860	28969	13943647	869499	13949450	2013483	13937860	0.84901	13943647	1.01567	13949450	1.0759	13937860	34120.9173036831	13943647	856084.161194089	13949450	1871440.65433591	13954427	25413	13960214	876214	13966018	2201478	13954427	0.84948	13960214	1.01586	13966018	1.07691	13954427	29915.948580308	13960214	862534.207469533	13966018	2044254.39451765
118	14041288	36925	14047075	896998	14052879	2030608	14041288	0.84931	14047075	1.016	14052879	1.0776	14041288	43476.4691337674	14047075	882872.047244094	14052879	1884380.10393467	14057855	29222	14063643	869440	14069446	2048631	14057855	0.84975	14063643	1.01669	14069446	1.07661	14057855	34388.9379229185	14063643	855167.258456363	14069446	1902853.40095299	14074422	25748	14080194	877594	14085997	2218478	14074422	0.84929	14080194	1.01706	14085997	1.07751	14074422	30317.0883914799	14080194	862873.380134899	14085997	2058893.18892632
119	14161299	37355	14167086	896199	14172890	2067958	14161299	0.84939	14167086	1.0168	14172890	1.07632	14161299	43978.6199507882	14167086	881391.620771047	14172890	1921322.6549725	14177866	29363	14183669	869630	14189472	2077194	14177866	0.84913	14183669	1.01535	14189472	1.077	14177866	34580.0996313874	14183669	856482.986162407	14189472	1928685.2367688	14194449	25627	14200221	874905	14206024	2224777	14194449	0.84973	14200221	1.01571	14206024	1.0773	14194449	30158.99167971	14200221	861372.832796763	14206024	2065141.5575977
120	14281310	37392	14287097	897716	14292901	2108399	14281310	0.84987	14287097	1.01602	14292901	1.07636	14281310	43997.3172367539	14287097	883561.347217574	14292901	1958823.25615965	14297955	29433	14303727	870873	14309530	2102166	14297955	0.8497	14303727	1.0154	14309530	1.07735	14297955	34639.2844533365	14303727	857664.959621824	14309530	1951237.75931684	14314491	25824	14320279	876217	14326066	2234206	14314491	0.84981	14320279	1.0159	14326066	1.077	14314491	30387.9690754404	14320279	862503.199133773	14326066	2074471.68059424
121	14401321	37967	14407108	897745	14412912	2144462	14401321	0.84978	14407108	1.01579	14412912	1.07623	14401321	44678.6227023465	14407108	883789.956585515	14412912	1992568.50301516	14417888	29404	14423676	872981	14429479	2122810	14417888	0.84934	14423676	1.01608	14429479	1.07721	14417888	34619.8224503732	14423676	859165.616880561	14429479	1970655.67530936	14434455	26053	14440258	875447	14446062	2234631	14434455	0.84943	14440258	1.01634	14446062	1.07676	14434455	30671.1559516382	14440258	861372.178601649	14446062	2075328.76406999
122	14521332	37748	14527119	896555	14532923	2173896	14521332	0.84897	14527119	1.01573	14532923	1.07664	14521332	44463.2908112183	14527119	882670.591594223	14532923	2019148.46188141	14537899	29514	14543687	874889	14549505	2132939	14537899	0.84969	14543687	1.01598	14549505	1.07713	14537899	34735.0210076616	14543687	861128.171814406	14549505	1980205.73189866	14554482	25986	14560254	880684	14566057	2244403	14554482	0.84959	14560254	1.01554	14566057	1.07744	14554482	30586.5182028979	14560254	867207.593989405	14566057	2083088.61746362
123	14641343	38020	14647130	898661	14652949	2195570	14641343	0.84918	14647130	1.01545	14652949	1.07691	14641343	44772.6041593066	14647130	884987.936382885	14652949	2038768.32790112	14657926	29652	14663713	872859	14669516	2140433	14657926	0.84926	14663713	1.01618	14669516	1.07637	14657926	34915.1025598757	14663713	858961.010844535	14669516	1988566.19935524	14674493	26294	14680280	879593	14686068	2242501	14674493	0.84938	14680280	1.01541	14686068	1.0762	14674493	30956.69782665	14680280	866244.177228903	14686068	2083721.42724401
124	14761354	37993	14767141	900871	14772945	2212100	14761354	0.84928	14767141	1.01698	14772945	1.07768	14761354	44735.5406932931	14767141	885829.613168401	14772945	2052650.13733205	14777921	30330	14783709	875113	14789512	2149613	14777921	0.84989	14783709	1.01607	14789512	1.07704	14777921	35686.9712551036	14783709	861272.353282746	14789512	1995852.52172621	14794488	25968	14800276	878558	14806079	2237768	14794488	0.84943	14800276	1.01578	14806079	1.07616	14794488	30571.0888478156	14800276	864909.724546654	14806079	2079400.83258995
125	14881365	38509	14887152	898556	14892956	2219754	14881365	0.84949	14887152	1.01618	14892956	1.07665	14881365	45331.9050253682	14887152	884248.853549568	14892956	2061722.93688757	14897932	30166	14903720	876199	14909538	2150779	14897932	0.84992	14903720	1.01589	14909538	1.07698	14897932	35492.7522590361	14903720	862493.970803926	14909538	1997046.37040614	14914499	26151	14920287	878258	14926090	2244792	14914499	0.84973	14920287	1.01622	14926090	1.07734	14914499	30775.658150236	14920287	864240.026765858	14926090	2083643.04676332
126	15001376	38584	15007163	900026	15012967	2229719	15001376	0.84938	15007163	1.01613	15012967	1.07692	15001376	45426.0754903577	15007163	885739.029454893	15012967	2070459.27274078	15017959	30198	15023731	874366	15029549	2156833	15017959	0.84973	15023731	1.01619	15029549	1.07687	15017959	35538.3474750803	15023731	860435.548470266	15029549	2002872.21298764	15034510	26326	15040298	880017	15046101	2238049	15034510	0.84943	15040298	1.01676	15046101	1.07674	15034510	30992.5479439153	15040298	865511.03505252	15046101	2078541.70923343
127	15121387	39094	15127174	900048	15132978	2234038	15121387	0.84989	15127174	1.01597	15132978	1.07704	15121387	45998.8939745144	15127174	885900.174217743	15132978	2074238.65408898	15137954	30633	15143742	875258	15149545	2153704	15137954	0.84923	15143742	1.01616	15149545	1.07717	15137954	36071.5000647646	15143742	861338.765548732	15149545	1999409.56394998	15154599	26836	15160387	882166	15166190	2240411	15154599	0.84959	15160387	1.01675	15166190	1.07683	15154599	31587.0007886157	15160387	867633.144824195	15166190	2080561.46281214
128	15241398	39570	15247185	901272	15252989	2241844	15241398	0.85041	15247185	1.01658	15252989	1.07742	15241398	46530.497054362	15247185	886572.625863188	15252989	2080752.16721427	15257965	31184	15263753	876578	15269556	2155196	15257965	0.85005	15263753	1.01656	15269556	1.07843	15257965	36684.9008881831	15263753	862298.339497915	15269556	1998457.01621802	15274532	26520	15280320	882954	15286123	2237261	15274532	0.85023	15280320	1.01686	15286123	1.07748	15274532	31191.5599308422	15280320	868314.222213481	15286123	2076382.85629432
129	15361409	39774	15367196	901310	15373000	2241665	15361409	0.84952	15367196	1.0161	15373000	1.07824	15361409	46819.3803559657	15367196	887028.835744514	15373000	2079003.74684671	15377976	31003	15383764	875660	15389583	2152821	15377976	0.85031	15383764	1.01628	15389583	1.07696	15377976	36460.8201714669	15383764	861632.620931239	15389583	1998979.53498737	15394559	26814	15400347	878339	15406150	2237260	15394559	0.84903	15400347	1.01523	15406150	1.07704	15394559	31581.9229002509	15400347	865162.57399801	15406150	2077230.1864369
130	15481420	39800	15487208	897764	15493011	2240246	15481420	0.84992	15487208	1.01584	15493011	1.07806	15481420	46827.936746988	15487208	883765.159867696	15493011	2078034.61773927	15497972	31621	15503759	876841	15509562	2150224	15497972	0.8498	15503759	1.01604	15509562	1.07766	15497972	37209.9317486467	15503759	862998.503995906	15509562	1995271.23582577	15514539	26912	15520326	879528	15526130	2235320	15514539	0.84933	15520326	1.01651	15526130	1.07631	15514539	31686.1526144137	15520326	865242.840700042	15526130	2076836.59912107
131	15601431	40028	15607219	902589	15613022	2244001	15601431	0.84951	15607219	1.01632	15613022	1.07692	15601431	47118.9273816671	15607219	888095.284949622	15613022	2083721.16777477	15618014	31674	15623801	875665	15629620	2149592	15618014	0.85	15623801	1.01589	15629620	1.07695	15618014	37263.5294117647	15623801	861968.323342094	15629620	1995999.81429036	15634597	26989	15640384	879039	15646187	2235726	15634597	0.84967	15640384	1.0157	15646187	1.07776	15634597	31764.0966492874	15640384	865451.412818746	15646187	2074419.16567696
132	15721442	40806	15727230	898981	15733033	2239601	15721442	0.84859	15727230	1.01608	15733033	1.07652	15721442	48086.8263825876	15727230	884754.153216282	15733033	2080408.16705681	15738009	32015	15743797	876103	15749600	2148432	15738009	0.84865	15743797	1.01534	15749600	1.0768	15738009	37724.6214576092	15743797	862866.625957808	15749600	1995200.59435364	15754561	26677	15760348	883416	15766152	2236617	15754561	0.84933	15760348	1.01605	15766152	1.07804	15754561	31409.4639303922	15760348	869461.148565523	15766152	2074706.87544061
133	15841453	40655	15847241	901416	15853044	2239784	15841453	0.84962	15847241	1.01617	15853044	1.07716	15841453	47850.8038887973	15847241	887072.045031835	15853044	2079341.97333729	15858020	32269	15863808	875406	15869627	2143107	15858020	0.84893	15863808	1.01576	15869627	1.0771	15858020	38011.3790300732	15863808	861823.659132078	15869627	1989701.04911336	15874603	27266	15880391	881097	15886178	2228910	15874603	0.84928	15880391	1.01611	15886178	1.07748	15874603	32104.8417483045	15880391	867127.574770448	15886178	2068632.36440584
134	15961464	41447	15967252	901793	15973055	2233814	15961464	0.84918	15967252	1.01605	15973055	1.07686	15961464	48808.2620881321	15967252	887547.856896806	15973055	2074377.35638802	15978031	32858	15983819	875606	15989622	2139743	15978031	0.84933	15983819	1.01574	15989622	1.07772	15978031	38686.965019486	15983819	862037.529288991	15989622	1985434.99239135	15994598	27414	16000386	881582	16006189	2224930	15994598	0.84932	16000386	1.01663	16006189	1.07705	15994598	32277.5867753026	16000386	867161.110728584	16006189	2065762.96365071
135	16081475	41203	16087294	900933	16093081	2225584	16081475	0.84919	16087294	1.01539	16093081	1.07621	16081475	48520.3546909408	16087294	887277.794738967	16093081	2067983.01446744	16098073	33046	16103861	878672	16109664	2135154	16098073	0.84902	16103861	1.01651	16109664	1.07711	16098073	38922.522437634	16103861	864400.743721164	16109664	1982298.92954294	16114625	27314	16120413	881216	16126231	2227517	16114625	0.84972	16120413	1.01629	16126231	1.07783	16114625	32144.7064915502	16120413	867091.086205709	16126231	2066668.21298349
136	16201486	41432	16207274	904012	16213077	2226273	16201486	0.8505	16207274	1.01737	16213077	1.07744	16201486	48714.8736037625	16207274	888577.41038167	16213077	2066261.69438669	16218038	33217	16223825	879125	16229644	2133826	16218038	0.8495	16223825	1.01626	16229644	1.07759	16218038	39101.8246027075	16223825	865059.138409462	16229644	1980183.55775388	16234605	27609	16240392	882250	16246196	2224507	16234605	0.84994	16240392	1.01582	16246196	1.07722	16234605	32483.4694213709	16240392	868510.169124451	16246196	2065044.28064834
137	16321497	41628	16327285	902551	16333088	2225323	16321497	0.84941	16327285	1.01631	16333088	1.07754	16321497	49008.1350584523	16327285	888066.633212307	16333088	2065188.29927427	16338064	33530	16343867	876922	16349671	2129104	16338064	0.84935	16343867	1.01542	16349671	1.07849	16338064	39477.247306764	16343867	863605.207697308	16349671	1974152.75060501	16354647	27607	16360435	885024	16366238	2224712	16354647	0.84963	16360435	1.01614	16366238	1.07766	16354647	32492.9675270412	16360435	870966.599090676	16366238	2064391.36647922
138	16441508	42005	16447311	901628	16453114	2220004	16441508	0.84925	16447311	1.01628	16453114	1.07666	16441508	49461.2893729762	16447311	887184.634155941	16453114	2061935.98721974	16458153	33955	16463941	876489	16469728	2124662	16458153	0.84911	16463941	1.01642	16469728	1.0785	16458153	39988.929585095	16463941	862329.548808564	16469728	1970015.76263329	16474720	27831	16480508	884429	16486311	2217188	16474720	0.84856	16480508	1.01665	16486311	1.07744	16474720	32797.9164702555	16480508	869944.425318448	16486311	2057829.67032967
139	16561519	42491	16567307	901864	16573110	2215381	16561519	0.84929	16567307	1.01525	16573110	1.07741	16561519	50031.2025338812	16567307	888317.163260281	16573110	2056209.7994264	16578086	34290	16583858	878345	16589661	2116625	16578086	0.84885	16583858	1.0157	16589661	1.07666	16578086	40395.829651882	16583858	864768.140198878	16589661	1965917.74562072	16594638	27745	16600425	882248	16606229	2214745	16594638	0.84994	16600425	1.01611	16606229	1.07649	16594638	32643.4807162859	16600425	868260.326145791	16606229	2057376.28775
140	16681530	42966	16687318	900637	16693121	2211007	16681530	0.84896	16687318	1.01513	16693121	1.07743	16681530	50610.1583113457	16687318	887213.460344981	16693121	2052111.97015119	16698097	34623	16703885	878706	16709688	2113853	16698097	0.84936	16703885	1.0159	16709688	1.07759	16698097	40763.6337948573	16703885	864953.243429471	16709688	1961648.67899665	16714664	27928	16720452	881285	16726240	2208210	16714664	0.84923	16720452	1.01602	16726240	1.07585	16714664	32886.2616723385	16720452	867389.421468081	16726240	2052525.90974578
141	16801541	43465	16807344	900591	16813147	2210115	16801541	0.84973	16807344	1.01536	16813147	1.07768	16801541	51151.5422545985	16807344	886967.184052947	16813147	2050808.21765274	16818139	35002	16823927	879644	16829730	2105924	16818139	0.84895	16823927	1.01614	16829730	1.07736	16818139	41229.7544024972	16823927	865672.053063554	16829730	1954707.80426227	16834707	27616	16840479	883110	16846282	2210752	16834707	0.84925	16840479	1.01576	16846282	1.07709	16834707	32518.1042095967	16840479	869408.127904229	16846282	2052523.00179187
142	16921552	44066	16927340	901609	16933143	2204237	16921552	0.84947	16927340	1.01572	16933143	1.07615	16921552	51874.6983413187	16927340	887655.062418777	16933143	2048261.85940622	16938119	35479	16943891	878863	16949694	2102267	16938119	0.84866	16943891	1.0157	16949694	1.07658	16938119	41805.9057808781	16943891	865278.133307079	16949694	1952727.15450779	16954671	28073	16960458	881679	16966262	2205684	16954671	0.84941	16960458	1.01533	16966262	1.07666	16954671	33049.9994113561	16960458	868366.934888164	16966262	2048635.59526684
143	17041563	43925	17047351	900686	17053154	2199120	17041563	0.84953	17047351	1.01587	17053154	1.07773	17041563	51705.0604451873	17047351	886615.413389509	17053154	2040511.07420226	17058115	35933	17063902	877809	17069705	2093798	17058115	0.84919	17063902	1.01636	17069705	1.07733	17058115	42314.4408200756	17063902	863679.208154591	17069705	1943506.63213686	17074682	27960	17080470	884052	17086257	2204532	17074682	0.84947	17080470	1.01562	17086257	1.07778	17074682	32914.6408937337	17080470	870455.485319312	17086257	2045437.84445805
144	17161574	44319	17167362	902662	17173165	2190269	17161574	0.84873	17167362	1.01577	17173165	1.07559	17161574	52218.0198649747	17167362	888648.020713351	17173165	2036341.91467009	17178141	36329	17183913	876483	17189732	2085569	17178141	0.84869	17183913	1.0152	17189732	1.076	17178141	42805.971556163	17183913	863359.929078014	17189732	1938261.15241636	17194709	28248	17200496	881690	17206299	2198278	17194709	0.84879	17200496	1.0157	17206299	1.07698	17194709	33280.3166861061	17200496	868061.435463227	17206299	2041150.2534866
145	17281585	44429	17287373	899877	17293176	2186981	17281585	0.84913	17287373	1.01519	17293176	1.07662	17281585	52322.9658591735	17287373	886412.395709178	17293176	2031339.74847207	17298168	37035	17303940	878193	17309759	2083925	17298168	0.84912	17303940	1.01506	17309759	1.07726	17298168	43615.7433578293	17303940	865163.635647154	17309759	1934468.00215361	17314813	28012	17320601	881658	17326388	2198336	17314813	0.8488	17320601	1.01511	17326388	1.07644	17314813	33001.8850141376	17320601	868534.444542956	17326388	2042228.08516963
146	17401596	45031	17407384	900835	17413187	2185679	17401596	0.84846	17407384	1.01496	17413187	1.07693	17401596	53073.8043042689	17407384	887557.145109167	17413187	2029546.02434699	17418163	36741	17423951	878819	17429754	2077323	17418163	0.84908	17423951	1.01523	17429754	1.0762	17418163	43271.5409619824	17423951	865635.373265171	17429754	1930238.80319643	17434731	28214	17440503	882327	17446306	2196545	17434731	0.84855	17440503	1.01518	17446306	1.07658	17434731	33249.6611867303	17440503	869133.552670463	17446306	2040298.90950974
147	17521607	45018	17527395	898473	17533198	2179533	17521607	0.84832	17527395	1.01472	17533198	1.07532	17521607	53067.2387778197	17527395	885439.333017975	17533198	2026869.21102556	17538174	37852	17543962	878874	17549765	2067969	17538174	0.84832	17543962	1.01507	17549765	1.07653	17538174	44619.9547340626	17543962	865826.002147635	17549765	1920958.07827	17554742	28526	17560529	884347	17566332	2194315	17554742	0.84828	17560529	1.01445	17566332	1.0763	17554742	33628.0473428585	17560529	871750.209473114	17566332	2038757.78128775
148	17641618	45491	17647406	901603	17653225	2172817	17641618	0.84858	17647406	1.01455	17653225	1.07567	17641618	53608.381060124	17647406	888672.810605687	17653225	2019966.16062547	17658185	38528	17663973	877878	17669776	2057663	17658185	0.84833	17663973	1.0146	17669776	1.07541	17658185	45416.2884726463	17663973	865245.416913069	17669776	1913375.36381473	17674753	28567	17680540	883879	17686343	2187742	17674753	0.84881	17680540	1.01483	17686343	1.07596	17674753	33655.3527880209	17680540	870962.6242819	17686343	2033293.05922153
149	17761629	45859	17767417	902189	17773220	2170613	17761629	0.84781	17767417	1.01479	17773220	1.07627	17761629	54091.1289085998	17767417	889040.096965875	17773220	2016792.25473162	17778212	38012	17784000	877616	17789803	2052240	17778212	0.84919	17784000	1.01499	17789803	1.07578	17778212	44762.6561782404	17784000	864654.82418546	17789803	1907676.29069141	17794779	28697	17800567	882860	17806370	2186263	17794779	0.84817	17800567	1.01486	17806370	1.07625	17794779	33834.0191235248	17800567	869932.798612616	17806370	2031370.96399535
150	17881640	46218	17887428	899077	17893231	2161602	17881640	0.84874	17887428	1.01484	17893231	1.07626	17881640	54454.8389377194	17887428	885929.801742147	17893231	2008438.48140784	17898207	38978	17903995	877065	17909798	2044431	17898207	0.84888	17903995	1.0146	17909798	1.07667	17898207	45916.9729525964	17903995	864444.115907747	17909798	1898846.44319987	17914790	28611	17920562	882782	17926365	2182422	17914790	0.84886	17920562	1.01508	17926365	1.07651	17914790	33705.2046273826	17920562	869667.415376128	17926365	2027312.33337359
151	18001651	46342	18007439	901026	18013258	2156950	18001651	0.84886	18007439	1.01457	18013258	1.07654	18001651	54593.2191409655	18007439	888086.578550519	18013258	2003594.85016813	18018218	39470	18023990	878385	18029794	2036218	18018218	0.84846	18023990	1.01514	18029794	1.07631	18018218	46519.5766447446	18023990	865284.591287901	18029794	1891850.86081148	18034786	28518	18040558	884160	18046361	2176842	18034786	0.8491	18040558	1.01499	18046361	1.07627	18034786	33586.1500412201	18040558	871102.178346585	18046361	2022579.83591478
152	18121662	46311	18127465	902240	18133269	2156544	18121662	0.84863	18127465	1.01557	18133269	1.0766	18121662	54571.4858065352	18127465	888407.495298207	18133269	2003106.07467955	18138229	39765	18144033	877173	18149851	2031348	18138229	0.84874	18144033	1.0144	18149851	1.07594	18138229	46851.8038504136	18144033	864721.017350158	18149851	1887975.16590144	18154828	28791	18160600	885605	18166403	2180985	18154828	0.84893	18160600	1.01595	18166403	1.07729	18154828	33914.4570223693	18160600	871701.363256066	18166403	2024510.57746753
153	18241673	46961	18247476	901228	18253280	2145799	18241673	0.84901	18247476	1.01502	18253280	1.07565	18241673	55312.6582725763	18247476	887891.86419972	18253280	1994885.88295449	18258256	40089	18264044	877149	18269862	2016208	18258256	0.84784	18264044	1.01427	18269862	1.07614	18258256	47283.6856010568	18264044	864808.187169097	18269862	1873555.48534577	18274823	28995	18280611	882740	18286414	2173369	18274823	0.84869	18280611	1.01541	18286414	1.07616	18274823	34164.4181031943	18280611	869343.417929703	18286414	2019559.35920309
154	18361684	47101	18367472	899935	18373275	2138754	18361684	0.8487	18367472	1.01486	18373275	1.07578	18361684	55497.8201955933	18367472	886757.779398144	18373275	1988096.07912398	18378251	41021	18384039	877041	18389858	2006387	18378251	0.84875	18384039	1.01488	18389858	1.07578	18378251	48331.0751104566	18384039	864181.972252877	18389858	1865053.26367845	18394834	28958	18400622	881360	18406425	2172370	18394834	0.84833	18400622	1.01509	18406425	1.07646	18394834	34135.301121026	18400622	868257.986976524	18406425	2018068.48373372
155	18481695	47565	18487483	901997	18493286	2131977	18481695	0.84845	18487483	1.01496	18493286	1.0758	18481695	56061.0525075137	18487483	888702.01781351	18493286	1981759.62074735	18498262	40948	18504050	881228	18509838	2000333	18498262	0.84844	18504050	1.01469	18509838	1.07603	18498262	48262.6938852482	18504050	868470.173156334	18509838	1858993.70835386	18514814	28599	18520602	884891	18526405	2167518	18514814	0.84861	18520602	1.01516	18526405	1.07593	18514814	33700.9933891894	18520602	871676.385988416	18526405	2014552.99136561
156	18601706	48195	18607509	897121	18613313	2129437	18601706	0.84887	18607509	1.01466	18613313	1.07669	18601706	56775.4779883846	18607509	884159.225750498	18613313	1977762.40143402	18618429	41660	18624217	876475	18630020	1992382	18618429	0.84836	18624217	1.01444	18630020	1.07631	18618429	49106.5113866755	18624217	863998.856511967	18630020	1851122.81777555	18634997	29020	18640769	882094	18646572	2160211	18634997	0.84861	18640769	1.01489	18646572	1.07572	18634997	34197.0987850721	18640769	869152.321926514	18646572	2008153.60874577
157	18721717	47849	18727520	897067	18733308	2125918	18721717	0.84892	18727520	1.01503	18733308	1.07686	18721717	56364.5573198888	18727520	883783.730530132	18733308	1974182.34496592	18738284	41665	18744056	875591	18749844	1978809	18738284	0.84869	18744056	1.01504	18749844	1.07652	18738284	49093.3085107637	18744056	862617.236759143	18749844	1838153.49459369	18754836	29159	18760624	880223	18766427	2164701	18754836	0.84861	18760624	1.01545	18766427	1.07691	18754836	34360.8960535464	18760624	866830.469250086	18766427	2010103.9084046
158	18841728	48194	18847516	898036	18853335	2116582	18841728	0.84874	18847516	1.01587	18853335	1.07682	18841728	56782.9959704974	18847516	884006.811895223	18853335	1965585.70606044	18858311	42547	18864083	877086	18869886	1968618	18858311	0.84973	18864083	1.01608	18869886	1.07706	18858311	50071.1990867687	18864083	863205.653098181	18869886	1827770.04066626	18874863	29250	18880650	881361	18886453	2160200	18874863	0.84944	18880650	1.01614	18886453	1.07784	18874863	34434.450932379	18880650	867361.780856968	18886453	2004193.57232985
159	18961739	48218	18967527	897132	18973330	2110779	18961739	0.84891	18967527	1.01558	18973330	1.07677	18961739	56799.8963376565	18967527	883369.109277457	18973330	1960287.71232482	18978306	42636	18984094	874266	18989897	1959839	18978306	0.84971	18984094	1.01566	18989897	1.07639	18978306	50177.1192524508	18984094	860786.089833212	18989897	1820751.7721272	18994874	29248	19000661	878122	19006449	2156400	18994874	0.84922	19000661	1.01589	19006449	1.07703	18994874	34441.0164621653	19000661	864386.892281645	19006449	2002172.6414306
160	19081750	48585	19087553	897017	19093357	2103577	19081750	0.84912	19087553	1.0154	19093357	1.07633	19081750	57218.0610514415	19087553	883412.448296238	19093357	1954397.81479658	19098333	43846	19104136	876895	19109955	1950077	19098333	0.84911	19104136	1.01561	19109955	1.07706	19098333	51637.5970133434	19104136	863417.059698113	19109955	1810555.586504	19114916	29309	19120703	879371	19126507	2151736	19114916	0.84917	19120703	1.01481	19126507	1.07711	19114916	34514.8792350177	19120703	866537.578462964	19126507	1997693.82885685
161	19201761	48862	19207549	896406	19213352	2099683	19201761	0.84912	19207549	1.01571	19213352	1.07723	19201761	57544.2811381195	19207549	882541.276545471	19213352	1949150.13506865	19218328	43721	19224100	876189	19229904	1941921	19218328	0.84903	19224100	1.01535	19229904	1.07686	19218328	51495.2357396087	19224100	862942.827596395	19229904	1803317.98005312	19234880	29432	19240668	878874	19246471	2150382	19234880	0.84949	19240668	1.01549	19246471	1.07643	19234880	34646.6703551543	19240668	865467.902195	19246471	1997697.94598813
162	19321772	48802	19327575	894641	19333379	2094454	19321772	0.84898	19327575	1.01523	19333379	1.07718	19321772	57483.0973638955	19327575	881220.01910897	19333379	1944386.26784753	19338355	44030	19344143	876584	19349961	1930342	19338355	0.84918	19344143	1.01584	19349961	1.07686	19338355	51850.0200193128	19344143	862915.419751142	19349961	1792565.42168898	19354922	29314	19360710	879954	19366498	2147774	19354922	0.8488	19360710	1.01643	19366498	1.07788	19354922	34535.8152686145	19360710	865730.055193176	19366498	1992591.01198649
163	19441783	49171	19447571	897278	19453390	2087020	19441783	0.84933	19447571	1.01624	19453390	1.07743	19441783	57893.8692852013	19447571	882939.069511139	19453390	1937035.35264472	19458366	44328	19464138	874922	19469941	1916886	19458366	0.84939	19464138	1.01646	19469941	1.07768	19458366	52188.040829301	19464138	860753.989335537	19469941	1778715.38861258	19474918	29580	19480690	878062	19486493	2144338	19474918	0.84924	19480690	1.01586	19486493	1.07805	19474918	34831.1431397485	19480690	864353.355777371	19486493	1989089.55985344
164	19561794	48985	19567582	893015	19573401	2075952	19561794	0.84976	19567582	1.01616	19573401	1.07674	19561794	57645.6881943137	19567582	878813.375846323	19573401	1927997.47385627	19578361	44541	19584133	873427	19589937	1902470	19578361	0.84915	19584133	1.01535	19589937	1.07735	19578361	52453.6301006889	19584133	860222.583345644	19589937	1765879.24072957	19594913	29893	19600701	877364	19606504	2137866	19594913	0.84962	19600701	1.01572	19606504	1.07773	19594913	35183.964595937	19600701	863785.295160084	19606504	1983674.94641515
165	19681805	49245	19687593	892497	19693412	2067619	19681805	0.8479	19687593	1.01467	19693412	1.07665	19681805	58078.7828753391	19687593	879593.3653306	19693412	1920418.89193331	19698372	45108	19704145	872501	19709948	1890485	19698372	0.84798	19704145	1.01408	19709948	1.07572	19698372	53194.6508172363	19704145	860386.754496687	19709948	1757413.63923698	19714940	29481	19720712	876901	19726515	2133108	19714940	0.84834	19720712	1.0143	19726515	1.0757	19714940	34751.3968456044	19720712	864538.105097111	19726515	1982995.25890118
166	19801816	49796	19807604	894595	19813423	2064816	19801816	0.84871	19807604	1.01489	19813423	1.0764	19801816	58672.5736706295	19807604	881469.912995497	19813423	1918260.86956522	19818384	45062	19824171	872801	19829990	1881311	19818384	0.84836	19824171	1.01477	19829990	1.07704	19818384	53116.6014427837	19824171	860097.361963795	19829990	1746741.99658323	19834966	29694	19840738	877679	19846526	2130660	19834966	0.8481	19840738	1.01546	19846526	1.07639	19834966	35012.3806154935	19840738	864316.664368857	19846526	1979449.82766469
167	19921827	49985	19927615	893390	19933418	2057347	19921827	0.84909	19927615	1.01531	19933418	1.07707	19921827	58868.9067118916	19927615	879918.448552659	19933418	1910133.04613442	19938395	45601	19944167	872445	19949970	1863367	19938395	0.84869	19944167	1.01557	19949970	1.07646	19938395	53731.0443153566	19944167	859069.291136997	19949970	1731013.69303086	19954962	29930	19960749	877403	19966553	2135248	19954962	0.84868	19960749	1.01465	19966553	1.07659	19954962	35266.5315548852	19960749	864734.63755975	19966553	1983343.70558894
168	20041838	50056	20047626	892728	20053429	2048297	20041838	0.84832	20047626	1.01392	20053429	1.07582	20041838	59006.0354583176	20047626	880471.832097207	20053429	1903940.25022773	20058390	46093	20064178	873966	20069981	1852880	20058390	0.84819	20064178	1.01506	20069981	1.07667	20058390	54342.7769721407	20064178	860999.349792131	20069981	1720935.84849582	20074973	30047	20080745	875245	20086548	2124497	20074973	0.84802	20080745	1.01451	20086548	1.07558	20074973	35431.9473597321	20080745	862726.833643828	20086548	1975210.58405697
169	20161849	50202	20167637	892639	20173456	2039247	20161849	0.84822	20167637	1.01494	20173456	1.07685	20161849	59185.117068685	20167637	879499.28074566	20173456	1893715.00208943	20178417	46558	20184204	871021	20190007	1840165	20178417	0.84876	20184204	1.01604	20190007	1.07695	20178417	54854.1401574061	20184204	857270.383055785	20190007	1708681.925809	20194984	29844	20200771	876399	20206559	2120796	20194984	0.84871	20200771	1.01524	20206559	1.07689	20194984	35163.9547077329	20200771	863243.174027816	20206559	1969371.05925396
170	20281860	50127	20287664	889644	20293467	2031934	20281860	0.849	20287664	1.01474	20293467	1.07686	20281860	59042.4028268551	20287664	876721.130535901	20293467	1886906.37594488	20298428	46743	20304215	871193	20310003	1824326	20298428	0.84904	20304215	1.01557	20310003	1.07599	20298428	55053.943277113	20304215	857836.485914314	20310003	1695486.01752804	20314995	30371	20320782	876637	20326586	2116821	20314995	0.84864	20320782	1.01586	20326586	1.07621	20314995	35787.8487933635	20320782	862950.603429606	20326586	1966921.88327557
171	20401871	50379	20407659	890034	20413462	2028300	20401871	0.84875	20407659	1.01543	20413462	1.07656	20401871	59356.7010309278	20407659	876509.459046906	20413462	1884056.62480493	20418439	47067	20424211	871175	20430029	1811950	20418439	0.84878	20424211	1.01557	20430029	1.07756	20418439	55452.5318692712	20424211	857818.761877566	20430029	1681530.49482163	20435021	30044	20440809	874797	20446612	2117981	20435021	0.84931	20440809	1.01585	20446612	1.07744	20435021	35374.5982032473	20440809	861147.807255008	20446612	1965753.08137808
172	20521882	51158	20527670	890143	20533473	2019167	20521882	0.84927	20527670	1.01609	20533473	1.07703	20521882	60237.6158347758	20527670	876047.397376216	20533473	1874754.64935981	20538450	46983	20544222	870287	20550025	1796779	20538450	0.84838	20544222	1.0151	20550025	1.07708	20538450	55379.6647728612	20544222	857341.148655305	20550025	1668194.56307795	20555001	30222	20560789	875841	20566592	2115166	20555001	0.84857	20560789	1.01535	20566592	1.07715	20555001	35615.21147342	20560789	862600.088639385	20566592	1963668.94118739
173	20641893	51324	20647681	890144	20653484	2011261	20641893	0.84863	20647681	1.01515	20653484	1.07758	20641893	60478.6538302912	20647681	876859.577402355	20653484	1866460.95881512	20658461	47727	20664248	871490	20670051	1780673	20658461	0.84889	20664248	1.01568	20670051	1.07626	20658461	56222.8321690678	20664248	858035.995589162	20670051	1654500.77118912	20675028	30325	20680815	875557	20686619	2111343	20675028	0.84905	20680815	1.01564	20686619	1.07724	20675028	35716.388905247	20680815	862074.160135481	20686619	1959955.99866325
174	20761904	51170	20767708	891233	20773511	2007738	20761904	0.84921	20767708	1.01554	20773511	1.07786	20761904	60256.0026377457	20767708	877595.171042007	20773511	1862707.58725623	20778472	48211	20784259	870813	20790062	1766196	20778472	0.84899	20784259	1.01623	20790062	1.07726	20778472	56786.2990141227	20784259	856905.424953013	20790062	1639526.20537289	20795039	30130	20800826	876952	20806614	2109969	20795039	0.8495	20800826	1.01575	20806614	1.07736	20795039	35467.9223072396	20800826	863354.171794241	20806614	1958462.35241702
175	20881915	52072	20887719	890890	20893522	1994192	20881915	0.84945	20887719	1.01546	20893522	1.07671	20881915	61300.8417211137	20887719	877326.531818092	20893522	1852116.16869909	20898483	48606	20904270	872526	20910073	1756055	20898483	0.84902	20904270	1.01584	20910073	1.07724	20898483	57249.5347577207	20904270	858920.696172626	20910073	1630142.77226987	20915050	30480	20920837	877440	20926625	2107197	20915050	0.84868	20920837	1.01473	20926625	1.07714	20915050	35914.5967855965	20920837	864702.925901471	20926625	1956288.87609782
176	21001926	51586	21007714	892197	21013517	1990622	21001926	0.84946	21007714	1.01574	21013517	1.07773	21001926	60727.9919007369	21007714	878371.433634591	21013517	1847050.74554851	21018494	49109	21024266	871550	21030069	1743728	21018494	0.84933	21024266	1.01582	21030069	1.07771	21018494	57820.8705685658	21024266	857976.806914611	21030069	1617993.70888272	21035045	30481	21040833	872571	21046636	2102649	21035045	0.84875	21040833	1.01548	21046636	1.07692	21035045	35912.8129602356	21040833	859269.508015914	21046636	1952465.36418676
177	21121937	51870	21127725	888972	21133528	1979583	21121937	0.84918	21127725	1.01523	21133528	1.07727	21121937	61082.4560163923	21127725	875636.062764103	21133528	1837592.24706898	21138505	49313	21144292	871402	21150111	1726839	21138505	0.8493	21144292	1.01556	21150111	1.07745	21138505	58063.110797127	21144292	858050.730631376	21150111	1602709.17443965	21155087	30972	21160859	875914	21166663	2102580	21155087	0.849	21160859	1.01556	21166663	1.07695	21155087	36480.5653710247	21160859	862493.599590374	21166663	1952346.90561307
178	21241948	51879	21247752	888955	21253555	1973296	21241948	0.8488	21247752	1.01529	21253555	1.07685	21241948	61120.4052780396	21247752	875567.571826769	21253555	1832470.63193574	21258516	49407	21264303	869899	21270106	1709112	21258516	0.84907	21264303	1.01553	21270106	1.07699	21258516	58189.5485649004	21264303	856596.063139444	21270106	1586933.95481852	21275083	31105	21280870	872131	21286674	2095424	21275083	0.84856	21280870	1.01515	21286674	1.07685	21275083	36656.2175921561	21280870	859115.401664779	21286674	1945882.89919673
179	21361959	51964	21367731	888366	21373550	1963893	21361959	0.84964	21367731	1.01611	21373550	1.0774	21361959	61160.0207146556	21367731	874281.327808997	21373550	1822807.685168	21378527	49366	21384299	867546	21390102	1693358	21378527	0.84924	21384299	1.01502	21390102	1.07666	21378527	58129.6217794734	21384299	854708.281610215	21390102	1572788.06679918	21395078	30863	21400866	873413	21406669	2091843	21395078	0.8492	21400866	1.01628	21406669	1.07749	21395078	36343.617522374	21400866	859421.616090054	21406669	1941403.63251631
180	21481970	52089	21487758	886486	21493577	1953622	21481970	0.84915	21487758	1.01552	21493577	1.07791	21481970	61342.5189895778	21487758	872938.002205767	21493577	1812416.62105371	21498553	49661	21504325	870440	21510128	1679939	21498553	0.84937	21504325	1.0153	21510128	1.0778	21498553	58468.0410186373	21504325	857322.95873141	21510128	1558674.15104843	21515105	30928	21520877	872191	21526680	2091174	21515105	0.84955	21520877	1.01609	21526680	1.07752	21515105	36405.1556706492	21520877	858379.671092128	21526680	1940728.71037197
181	21601981	52481	21607769	886783	21613588	1944794	21601981	0.84803	21607769	1.01626	21613588	1.07759	21601981	61885.7823426058	21607769	872594.611615138	21613588	1804762.47923607	21618549	50409	21624321	868544	21630124	1664580	21618549	0.84892	21624321	1.01555	21630124	1.07682	21618549	59380.1536069359	21624321	855244.941164886	21630124	1545829.386527	21635116	31035	21640888	870788	21646691	2090750	21635116	0.84963	21640888	1.01528	21646691	1.07775	21635116	36527.6649835811	21640888	857682.609723426	21646691	1939921.13198794
182	21721992	52625	21727780	883697	21733599	1939772	21721992	0.84977	21727780	1.01541	21733599	1.07793	21721992	61928.5218353201	21727780	870285.894367792	21733599	1799534.2925793	21738575	50355	21744347	868184	21750151	1649175	21738575	0.84901	21744347	1.01568	21750151	1.07707	21738575	59310.2554740227	21744347	854781.033396345	21750151	1531167.89066635	21755143	31274	21760915	869681	21766718	2085447	21755143	0.84913	21760915	1.01574	21766718	1.07707	21755143	36830.6384181456	21760915	856204.343631244	21766718	1936222.34395165
183	21842003	52749	21847791	884182	21853610	1930568	21842003	0.84923	21847791	1.01571	21853610	1.07711	21842003	62113.9149582563	21847791	870506.3453151	21853610	1792359.18337032	21858571	50886	21864358	866410	21870146	1636226	21858571	0.84903	21864358	1.01545	21870146	1.07813	21858571	59934.2779407088	21864358	853227.633069083	21870146	1517651.86016529	21875138	31173	21880926	869472	21886713	2079616	21875138	0.84936	21880926	1.01523	21886713	1.0771	21875138	36701.7519073185	21880926	856428.592535682	21886713	1930754.80456782
184	21962014	52875	21967818	885483	21973621	1916968	21962014	0.84929	21967818	1.01635	21973621	1.07838	21962014	62257.8859988932	21967818	871238.254538299	21973621	1777636.82560878	21978597	51215	21984385	868760	21990173	1621217	21978597	0.84956	21984385	1.01628	21990173	1.07812	21978597	60284.1470879043	21984385	854843.153461644	21990173	1503744.48113383	21995149	31510	22000937	870977	22006740	2076563	21995149	0.84966	22000937	1.01686	22006740	1.07825	21995149	37085.4224042558	22000937	856535.806305686	22006740	1925864.13169488
185	22082025	52988	22087813	885015	22093632	1909257	22082025	0.84897	22087813	1.01629	22093632	1.07875	22082025	62414.4551633156	22087813	870829.19245491	22093632	1769879.02665122	22098593	51311	22104396	865966	22110230	1603992	22098593	0.84968	22104396	1.01633	22110230	1.07742	22098593	60388.6168910649	22104396	852051.990987179	22110230	1488734.19836276	22115207	31295	22120979	866922	22126782	2074274	22115207	0.85011	22120979	1.01601	22126782	1.07765	22115207	36812.8830386656	22120979	853261.286798358	22126782	1924812.32311047
186	22202036	53417	22207824	884833	22213643	1901728	22202036	0.8499	22207824	1.01693	22213643	1.07778	22202036	62850.9236380751	22207824	870102.17025754	22213643	1764486.25879122	22218619	51303	22224391	867750	22230195	1589633	22218619	0.84967	22224391	1.01676	22230195	1.07764	22218619	60379.9122012075	22224391	853446.241000826	22230195	1475105.78671913	22235187	31618	22240974	869865	22246777	2075559	22235187	0.84985	22240974	1.01716	22246777	1.07832	22235187	37204.2125080897	22240974	855189.940618978	22246777	1924808.03472068
187	22322048	53616	22327835	883063	22333654	1894902	22322048	0.84918	22327835	1.01665	22333654	1.07824	22322048	63138.5571963541	22327835	868600.796734373	22333654	1757402.80457041	22338630	51307	22344402	865840	22350206	1574827	22338630	0.85025	22344402	1.01585	22350206	1.07838	22338630	60343.4284034108	22344402	852330.560614264	22350206	1460363.69368868	22355182	31879	22360954	869380	22366757	2071981	22355182	0.85014	22360954	1.01712	22366757	1.07782	22355182	37498.5296539394	22360954	854746.735881705	22366757	1922381.28815572
188	22442059	53733	22447846	884054	22453665	1883422	22442059	0.84953	22447846	1.01684	22453665	1.07886	22442059	63250.2677951338	22447846	869413.083670981	22453665	1745751.99747882	22458641	51729	22464413	865600	22470217	1558103	22458641	0.84979	22464413	1.0164	22470217	1.07824	22458641	60872.6861930595	22464413	851633.215269579	22470217	1445042.8476035	22475193	31609	22480981	867824	22486768	2068737	22475193	0.8498	22480981	1.01656	22486768	1.07819	22475193	37195.8107790068	22480981	853686.944203982	22486768	1918712.84281991
189	22562070	53518	22567873	881561	22573676	1872101	22562070	0.84989	22567873	1.01579	22573676	1.07735	22562070	62970.5020649731	22567873	867857.529607498	22573676	1737690.62978605	22578652	52055	22584424	866069	22590228	1542188	22578652	0.84933	22584424	1.0163	22590228	1.07806	22578652	61289.4870074058	22584424	852178.490603168	22590228	1430521.49231026	22595204	31516	22600976	869447	22606779	2061428	22595204	0.84942	22600976	1.01646	22606779	1.0777	22595204	37102.9643756916	22600976	855367.648505598	22606779	1912803.19198293
190	22682081	53946	22687868	880302	22693671	1861528	22682081	0.8501	22687868	1.01566	22693671	1.07773	22682081	63458.4166568639	22687868	866729.023492113	22693671	1727267.49742514	22698648	52255	22704435	865195	22710239	1526270	22698648	0.84915	22704435	1.01568	22710239	1.07776	22698648	61538.0085968321	22704435	851838.177378702	22710239	1416150.16330166	22715215	31895	22721003	866849	22726790	2062255	22715215	0.84992	22721003	1.01575	22726790	1.07831	22715215	37527.0613704819	22721003	853407.826729018	22726790	1912488.06001985
191	22802092	53896	22807879	881242	22813698	1857353	22802092	0.84958	22807879	1.01648	22813698	1.07848	22802092	63438.4048588714	22807879	866954.588383441	22813698	1722195.1264743	22818659	52891	22824446	864943	22830250	1514822	22818659	0.85001	22824446	1.0164	22830250	1.07786	22818659	62223.9738356019	22824446	850986.816214089	22830250	1405397.73254412	22835242	32237	22841014	867914	22846817	2058405	22835242	0.8502	22841014	1.01679	22846817	1.07816	22835242	37916.9607151259	22841014	853582.352304803	22846817	1909183.23810937
192	22922103	54319	22927906	881337	22933709	1844937	22922103	0.84943	22927906	1.01635	22933709	1.07777	22922103	63947.5883827979	22927906	867158.951148718	22933709	1711809.56975978	22938685	52615	22944489	863653	22950292	1497029	22938685	0.84928	22944489	1.01569	22950292	1.07773	22938685	61952.4773926149	22944489	850311.610826138	22950292	1389057.55615971	22955268	32358	22961040	866615	22966843	2055569	22955268	0.84971	22961040	1.01633	22966843	1.07878	22955268	38081.2277129844	22961040	852690.563104503	22966843	1905457.09041695
193	23042114	54269	23047901	879501	23053720	1832159	23042114	0.84979	23047901	1.01544	23053720	1.07822	23042114	63861.6599395145	23047901	866127.983928149	23053720	1699244.12457569	23058681	53124	23064468	865825	23070272	1481693	23058681	0.85005	23064468	1.01674	23070272	1.07859	23058681	62495.1473442739	23064468	851569.722839664	23070272	1373731.44568372	23075264	32289	23081051	862899	23086854	2050030	23075264	0.84924	23081051	1.01635	23086854	1.07863	23075264	38021.054118977	23081051	849017.562847444	23086854	1900586.85554824
194	23162125	54168	23167912	879721	23173731	1823505	23162125	0.84956	23167912	1.01691	23173731	1.07785	23162125	63760.0640331466	23167912	865092.289386475	23173731	1691798.4877302	23178692	53315	23184479	866112	23190283	1467477	23178692	0.85001	23184479	1.01628	23190283	1.07826	23178692	62722.7914965706	23184479	852237.572322588	23190283	1360967.67013522	23195259	32562	23201031	864745	23206834	2046597	23195259	0.84999	23201031	1.01652	23206834	1.07813	23195259	38308.685984541	23201031	850691.575178059	23206834	1898284.06592897
195	23282136	54698	23287923	877128	23293742	1813652	23282136	0.84963	23287923	1.01629	23293742	1.07761	23282136	64378.6118663418	23287923	863068.612305543	23293742	1683031.89465577	23298703	53778	23304475	863240	23310278	1452983	23298703	0.84986	23304475	1.01635	23310278	1.07819	23298703	63278.6576612619	23304475	849353.077187977	23310278	1347613.12941133	23315270	32489	23321042	863189	23326845	2047216	23315270	0.84918	23321042	1.01569	23326845	1.07827	23315270	38259.2618761629	23321042	849854.778524944	23326845	1898611.66498187
196	23402162	54670	23407934	877992	23413753	1806013	23402162	0.84977	23407934	1.01619	23413753	1.07827	23402162	64335.0553679231	23407934	864003.77882089	23413753	1674917.22852347	23418729	53947	23424501	862792	23430305	1440975	23418729	0.84938	23424501	1.01656	23430305	1.07849	23418729	63513.3862346653	23424501	848736.916660109	23430305	1336104.18269989	23435281	32660	23441069	861530	23446872	2043787	23435281	0.84993	23441069	1.01619	23446872	1.07837	23435281	38426.6939630323	23441069	847804.052391777	23446872	1895255.80273932
197	23522173	54792	23527976	878433	23533780	1796667	23522173	0.85023	23527976	1.01652	23533780	1.07774	23522173	64443.7387530433	23527976	864157.124306457	23533780	1667069.05190491	23538740	54161	23544528	863051	23550331	1424442	23538740	0.84983	23544528	1.01616	23550331	1.0776	23538740	63731.5698433804	23544528	849325.893560069	23550331	1321865.25612472	23555308	32519	23561095	863169	23566898	2041936	23555308	0.84895	23561095	1.017	23566898	1.07865	23555308	38304.9649567112	23561095	848740.412979351	23566898	1893047.79122051
198	23642184	54648	23647987	876430	23653791	1787068	23642184	0.84905	23647987	1.01603	23653791	1.07818	23642184	64363.7006065603	23647987	862602.482210171	23653791	1657485.76304513	23658767	54416	23664539	859466	23670342	1410394	23658767	0.84927	23664539	1.01623	23670342	1.07758	23658767	64073.8516608381	23664539	845739.64555268	23670342	1308853.17099427	23675319	32846	23681091	864712	23686894	2034243	23675319	0.84887	23681091	1.01559	23686894	1.07775	23675319	38693.7929247117	23681091	851438.080327691	23686894	1887490.60542798
199	23762195	54918	23767998	875013	23773802	1775727	23762195	0.84985	23767998	1.01613	23773802	1.07813	23762195	64620.8154380185	23767998	861123.084644682	23773802	1647043.49197221	23778762	54325	23784534	861850	23790338	1396135	23778762	0.85005	23784534	1.01644	23790338	1.07828	23778762	63908.0054114464	23784534	847910.353783794	23790338	1294779.64907074	23795314	32812	23801117	861222	23806921	2030512	23795314	0.84956	23801117	1.01629	23806921	1.07834	23795314	38622.3456848251	23801117	847417.567820209	23806921	1882997.94128012
200	23882206	54789	23887994	874443	23893813	1762363	23882206	0.85015	23887994	1.01641	23893813	1.07839	23882206	64446.2741869082	23887994	860325.065672317	23893813	1634253.84137464	23898773	54574	23904561	859583	23910349	1379776	23898773	0.84962	23904561	1.01663	23910349	1.07848	23898773	64233.4220004237	23904561	845521.969644807	23910349	1279370.96654551	23915341	32774	23921113	862503	23926900	2028729	23915341	0.84936	23921113	1.01547	23926900	1.07762	23915341	38586.7005745502	23921113	849363.348991108	23926900	1882601.47361779
201	24002217	54969	24008020	875585	24013824	1754970	24002217	0.84934	24008020	1.01624	24013824	1.07789	24002217	64719.664680811	24008020	861592.733999843	24013824	1628153.15106365	24018800	55105	24024588	859642	24030407	1369914	24018800	0.84975	24024588	1.01621	24030407	1.07819	24018800	64848.4848484848	24024588	845929.483079285	24030407	1270568.26718853	24035367	33441	24041155	863454	24046958	2028192	24035367	0.84924	24041155	1.01646	24046958	1.07804	24035367	39377.5611134662	24041155	849471.695885721	24046958	1881369.89351045
202	24122228	55371	24128016	876598	24133819	1745466	24122228	0.84941	24128016	1.01685	24133819	1.0781	24122228	65187.6008052648	24128016	862072.085361656	24133819	1619020.49902606	24138780	54918	24144568	859514	24150371	1353234	24138780	0.84956	24144568	1.01721	24150371	1.07895	24138780	64642.8739582843	24144568	844972.031340628	24150371	1254213.81899069	24155347	33574	24161135	862191	24166938	2028213	24155347	0.84986	24161135	1.01695	24166938	1.07877	24155347	39505.3302896948	24161135	847820.443482964	24166938	1880116.24349954
203	24242239	54843	24248027	874500	24253830	1738240	24242239	0.85003	24248027	1.01568	24253830	1.07843	24242239	64518.8993329647	24248027	860999.527410208	24253830	1611824.59686767	24258807	54839	24264594	860667	24270382	1338465	24258807	0.84977	24264594	1.01661	24270382	1.07865	24258807	64533.9327112042	24264594	846604.892731726	24270382	1240870.53261021	24275374	33361	24281161	863495	24286949	2020950	24275374	0.84959	24281161	1.01676	24286949	1.07793	24275374	39267.1759319201	24281161	849261.379283213	24286949	1874843.44994573
204	24362250	55022	24368054	873631	24373857	1723633	24362250	0.84937	24368054	1.01634	24373857	1.07846	24362250	64779.7779530711	24368054	859585.374972942	24373857	1598235.44684087	24378833	54540	24384621	858433	24390440	1324384	24378833	0.84953	24384621	1.01543	24390440	1.0776	24378833	64200.2048191353	24384621	845388.65308293	24390440	1229012.62063846	24395416	33563	24401188	858516	24406991	2015337	24395416	0.84989	24401188	1.01573	24406991	1.07885	24395416	39490.9929520291	24401188	845220.678723677	24406991	1868041.89646383
205	24482261	55234	24488049	874106	24493852	1713263	24482261	0.84924	24488049	1.01631	24493852	1.07762	24482261	65039.3292826527	24488049	860078.125768712	24493852	1589858.20604666	24498829	55668	24504601	858835	24510404	1311117	24498829	0.84928	24504601	1.01592	24510404	1.07753	24498829	65547.2871137905	24504601	845376.604457044	24510404	1216780.04324706	24515380	33822	24521168	861809	24526971	2011635	24515380	0.8496	24521168	1.01621	24526971	1.07711	24515380	39809.3220338983	24521168	848061.91633619	24526971	1867622.61978814
206	24602272	56060	24608060	874003	24613863	1705477	24602272	0.85005	24608060	1.01653	24613863	1.07817	24602272	65949.061819893	24608060	859790.660383855	24613863	1581825.68611629	24618840	56140	24624627	860257	24630430	1301229	24618840	0.85011	24624627	1.01584	24630430	1.07865	24618840	66038.5126630671	24624627	846843.00677272	24630430	1206349.60367126	24635407	33800	24641210	862017	24647013	2009839	24635407	0.85019	24641210	1.01581	24647013	1.0782	24635407	39755.8192874534	24641210	848600.624132466	24647013	1864068.81840104
207	24722283	55873	24728071	873986	24733890	1693219	24722283	0.84905	24728071	1.01668	24733890	1.07805	24722283	65806.4896060303	24728071	859647.086595586	24733890	1570631.23231761	24738851	55834	24744638	860059	24750441	1288168	24738851	0.84934	24744638	1.01602	24750441	1.07822	24738851	65738.1025266678	24744638	846498.100431094	24750441	1194717.2191204	24755418	34517	24761205	859653	24766993	2007783	24755418	0.84954	24761205	1.01596	24766993	1.07791	24755418	40630.2234150246	24761205	846148.470412221	24766993	1862662.93104248
208	24842294	55662	24848082	872657	24853901	1684633	24842294	0.84985	24848082	1.0162	24853901	1.07867	24842294	65496.2640465965	24848082	858745.325723283	24853901	1561768.65955297	24858877	55938	24864680	857729	24870499	1273166	24858877	0.84993	24864680	1.01584	24870499	1.07826	24858877	65814.8318096785	24864680	844354.425893842	24870499	1180759.74254818	24875460	34296	24881279	859766	24887098	2006538	24875460	0.84978	24881279	1.017	24887098	1.07949	24875460	40358.6810703947	24881279	845394.296951819	24887098	1858783.31434288
209	24962305	55862	24968093	872562	24973912	1671588	24962305	0.84994	24968093	1.01726	24973912	1.07903	24962305	65724.6393863096	24968093	857757.112242691	24973912	1549158.04009156	24978888	56310	24984660	858095	24990463	1263808	24978888	0.84952	24984660	1.01677	24990463	1.07922	24978888	66284.4900649779	24984660	843942.091131721	24990463	1171038.34250663	24995440	34678	25001212	859237	25007015	2002574	24995440	0.85004	25001212	1.01673	25007015	1.07921	24995440	40795.7272598937	25001212	845098.502060527	25007015	1855592.51674836
210	25082316	56146	25088104	870745	25093923	1661232	25082316	0.84999	25088104	1.01699	25093923	1.07831	25082316	66054.8947634678	25088104	856198.192705926	25093923	1540588.51350725	25098899	56546	25104671	860107	25110474	1246441	25098899	0.85028	25104671	1.0168	25110474	1.07898	25098899	66502.7990779508	25104671	845895.948072384	25110474	1155203.06215129	25115451	34495	25121238	862067	25127026	1998333	25115451	0.85048	25121238	1.01671	25127026	1.07859	25115451	40559.4487818644	25121238	847898.614157429	25127026	1852727.17158513
211	25202327	55884	25208115	870479	25213934	1653090	25202327	0.85033	25208115	1.01657	25213934	1.0792	25202327	65720.3673867793	25208115	856290.270222415	25213934	1531773.53595256	25218895	56558	25224682	859774	25230470	1235993	25218895	0.85027	25224682	1.01722	25230470	1.07839	25218895	66517.6943794324	25224682	845219.323253574	25230470	1146146.57035024	25235446	34608	25241234	857783	25247037	1996252	25235446	0.84969	25241234	1.01708	25247037	1.07934	25235446	40730.1486424461	25241234	843378.102017541	25247037	1849511.7386551
212	25322338	56235	25328126	870695	25333929	1642108	25322338	0.85031	25328126	1.01689	25333929	1.07886	25322338	66134.7038139032	25328126	856233.220899016	25333929	1522077.00721132	25338906	56678	25344709	856523	25350496	1222477	25338906	0.85036	25344709	1.01678	25350496	1.0794	25338906	66651.7710146291	25344709	842387.733826393	25350496	1132552.34389476	25355473	34672	25361260	861511	25367064	1993671	25355473	0.85037	25361260	1.0167	25367064	1.07939	25355473	40772.8400578572	25361260	847360.086554539	25367064	1847034.89934129
213	25442349	56704	25448137	871825	25453956	1632643	25442349	0.85032	25448137	1.01708	25453956	1.07877	25442349	66685.4831122401	25448137	857184.292287726	25453956	1513430.11021812	25458917	57285	25464689	855374	25470492	1210978	25458917	0.84992	25464689	1.01658	25470492	1.07935	25458917	67400.4612198795	25464689	841423.203289461	25470492	1121951.17431788	25475468	35043	25481256	858225	25487059	1986990	25475468	0.85046	25481256	1.01687	25487059	1.07774	25475468	41204.7597770618	25481256	843986.940316855	25487059	1843663.5923321
214	25562360	56545	25568148	868985	25573967	1620707	25562360	0.85007	25568148	1.01633	25573967	1.07917	25562360	66518.0514545861	25568148	855022.482854978	25573967	1501808.79750178	25578943	57111	25584700	854679	25590518	1198853	25578943	0.84957	25584700	1.01631	25590518	1.07814	25578943	67223.4189060348	25584700	840962.895179621	25590518	1111964.1233977	25595479	35018	25601267	855031	25607070	1981752	25595479	0.85018	25601267	1.01657	25607070	1.07842	25595479	41188.9246982992	25601267	841094.071239561	25607070	1837643.96060904
215	25682371	56689	25688159	868214	25693978	1610770	25682371	0.84944	25688159	1.01616	25693978	1.07828	25682371	66736.9090224148	25688159	854406.786332861	25693978	1493832.77070891	25698954	56748	25704726	855817	25710529	1187309	25698954	0.84993	25704726	1.01645	25710529	1.07908	25698954	66767.8514701211	25704726	841966.648630036	25710529	1100297.47562739	25715521	35518	25721309	855432	25727097	1980117	25715521	0.84989	25721309	1.01553	25727097	1.07899	25715521	41791.2906376119	25721309	842350.299843431	25727097	1835157.8791277
216	25802382	57568	25808170	870820	25813973	1600864	25802382	0.85024	25808170	1.01721	25813973	1.07882	25802382	67707.941287166	25808170	856086.747082707	25813973	1483902.78266995	25818950	57528	25824737	857056	25830540	1179267	25818950	0.84996	25824737	1.01717	25830540	1.07968	25818950	67683.1850910631	25824737	842588.751142877	25830540	1092237.51481921	25835517	35526	25841320	856957	25847108	1974781	25835517	0.85057	25841320	1.01663	25847108	1.07919	25835517	41767.2854673925	25841320	842938.925666172	25847108	1829873.33092412
217	25922393	56853	25928181	870283	25933984	1590816	25922393	0.8492	25928181	1.0165	25933984	1.0786	25922393	66948.8930758361	25928181	856156.419085096	25933984	1474889.67179677	25938961	57429	25944748	854757	25950536	1164360	25938961	0.84964	25944748	1.01602	25950536	1.07845	25938961	67592.1566781225	25944748	841279.699218519	25950536	1079660.62404377	25955512	35763	25961300	855967	25967103	1972753	25955512	0.84937	25961300	1.01619	25967103	1.07765	25955512	42105.3251233267	25961300	842329.682441276	25967103	1830606.4121004
218	26042404	56903	26048192	870490	26054011	1578616	26042404	0.85072	26048192	1.0167	26054011	1.07862	26042404	66888.0477712996	26048192	856191.600275401	26054011	1463551.57516085	26058987	58044	26064759	855597	26070562	1151728	26058987	0.84987	26064759	1.01622	26070562	1.07854	26058987	68297.5043241908	26064759	841940.721497314	26070562	1067858.40117195	26075539	35742	26081311	854044	26087114	1973039	26075539	0.85006	26081311	1.01612	26087114	1.07877	26075539	42046.443780439	26081311	840495.217100342	26087114	1828970.95766475
219	26162415	57360	26168203	867504	26174022	1567502	26162415	0.84982	26168203	1.01649	26174022	1.07875	26162415	67496.6463486385	26168203	853430.924062214	26174022	1453072.53765933	26178998	57723	26184770	856675	26190574	1139968	26178998	0.84926	26184770	1.01654	26190574	1.07787	26178998	67968.5844146669	26184770	842736.14417534	26190574	1057611.77136389	26195550	36064	26201338	852935	26207125	1966558	26195550	0.84993	26201338	1.01558	26207125	1.07881	26195550	42431.7296718553	26201338	839850.134898285	26207125	1822895.59792735
220	26282426	57014	26288214	866687	26294033	1558994	26282426	0.84992	26288214	1.01688	26294033	1.07852	26282426	67081.6076807229	26288214	852300.173078436	26294033	1445493.82487112	26298994	57893	26304781	855540	26310569	1132405	26298994	0.8502	26304781	1.01615	26310569	1.07872	26298994	68093.3897906375	26304781	841942.626580721	26310569	1049767.31681993	26315561	36079	26321349	856694	26327136	1964465	26315561	0.84977	26321349	1.01618	26327136	1.07874	26315561	42457.370817986	26321349	843053.396051881	26327136	1821073.66001075
221	26402437	57028	26408225	867821	26414044	1550496	26402437	0.85042	26408225	1.01759	26414044	1.07941	26402437	67058.6298534842	26408225	852819.897994281	26414044	1436429.16037465	26419020	58883	26424792	854229	26430596	1123777	26419020	0.8498	26424792	1.01695	26430596	1.07928	26419020	69290.4212755943	26424792	839991.150007375	26430596	1041228.41153361	26435588	36448	26441375	855566	26447163	1961135	26435588	0.85027	26441375	1.01659	26447163	1.07818	26435588	42866.3836193209	26441375	841603.79307292	26447163	1818930.97627483
222	26522448	57002	26528252	867679	26534055	1540993	26522448	0.85033	26528252	1.01654	26534055	1.07927	26522448	67035.1510590006	26528252	853561.099415665	26534055	1427810.46448062	26539031	58131	26544819	857227	26550607	1112593	26539031	0.85017	26544819	1.01699	26550607	1.07896	26539031	68375.7366173824	26544819	842906.026607931	26550607	1031171.6838437	26555583	36647	26561371	855518	26567174	1958542	26555583	0.85019	26561371	1.01643	26567174	1.07955	26555583	43104.482527435	26561371	841689.048926144	26567174	1814220.7401232
223	26642459	57364	26648247	866989	26654066	1531306	26642459	0.85007	26648247	1.01651	26654066	1.07877	26642459	67481.501523404	26648247	852907.497220883	26654066	1419492.57024203	26659042	58875	26664814	856025	26670618	1101362	26659042	0.84991	26664814	1.01675	26670618	1.07886	26659042	69272.0405690014	26664814	841922.793213671	26670618	1020857.2011197	26675594	36528	26681366	853312	26687169	1949934	26675594	0.84986	26681366	1.01605	26687169	1.07821	26675594	42981.1969030193	26681366	839832.685399341	26687169	1808491.85223658
224	26762471	57206	26768258	864790	26774077	1515879	26762471	0.84986	26768258	1.01618	26774077	1.0781	26762471	67312.2631962912	26768258	851020.488496133	26774077	1406065.30006493	26779038	58641	26784825	854711	26790629	1088537	26779038	0.84993	26784825	1.01529	26790629	1.07835	26779038	68995.0937135999	26784825	841839.277447823	26790629	1009446.84007975	26795621	36942	26801393	853809	26807196	1946373	26795621	0.84987	26801393	1.01637	26807196	1.07843	26795621	43467.8244908045	26801393	840057.262611057	26807196	1804820.89704478
225	26882482	57502	26888269	865985	26894088	1504359	26882482	0.84999	26888269	1.0165	26894088	1.07854	26882482	67650.2076495018	26888269	851928.184948352	26894088	1394810.57726185	26899064	59423	26904836	855804	26910640	1083410	26899064	0.84961	26904836	1.01635	26910640	1.0792	26899064	69941.5025717682	26904836	842036.699955724	26910640	1003901.03780578	26915616	37162	26921404	854456	26927191	1942122	26915616	0.85027	26921404	1.01666	26927191	1.07847	26915616	43706.1168805203	26921404	840454.035764169	26927191	1800812.26181535
226	27002493	57781	27008280	865090	27014099	1499303	27002493	0.84965	27008280	1.01593	27014099	1.07829	27002493	68005.6493850409	27008280	851525.203508116	27014099	1390445.05652468	27019075	58838	27024847	856953	27030682	1072009	27019075	0.8497	27024847	1.01647	27030682	1.07896	27019075	69245.6160997999	27024847	843067.675386386	27030682	993557.68517832	27035658	37302	27041446	855120	27047249	1941359	27035658	0.84941	27041446	1.01602	27047249	1.07799	27035658	43915.1881894492	27041446	841636.975650085	27047249	1800906.31638512
227	27122504	57787	27128291	864537	27134110	1484847	27122504	0.8496	27128291	1.01616	27134110	1.07817	27122504	68016.713747646	27128291	850788.261691072	27134110	1377191.90851164	27139086	59013	27144874	852403	27150677	1061879	27139086	0.8501	27144874	1.01646	27150677	1.07855	27139086	69418.8918950712	27144874	838599.64976487	27150677	984543.136618608	27155654	37457	27161441	853598	27167244	1937582	27155654	0.84939	27161441	1.01608	27167244	1.07821	27155654	44098.7061302817	27161441	840089.36304228	27167244	1797035.82789995
228	27242515	57848	27248318	865656	27254121	1478966	27242515	0.84968	27248318	1.01607	27254121	1.07871	27242515	68082.1014970342	27248318	851964.923676518	27254121	1371050.60674324	27259097	59892	27264869	854100	27270673	1052440	27259097	0.84968	27264869	1.01647	27270673	1.07908	27259097	70487.7130213728	27264869	840260.902928763	27270673	975312.303072988	27275649	37736	27281437	851963	27287224	1930142	27275649	0.84971	27281437	1.0173	27287224	1.07848	27275649	44410.4459168422	27281437	837474.687899341	27287224	1789687.33773459
229	27362526	57545	27368313	863561	27374132	1468643	27362526	0.84999	27368313	1.01693	27374132	1.07881	27362526	67700.7964799586	27368313	849184.309637832	27374132	1361354.64076158	27379108	59834	27384880	853908	27390684	1042494	27379108	0.85012	27384880	1.01653	27390684	1.07913	27379108	70383.0047522703	27384880	840022.429244587	27390684	966050.429512663	27395676	37753	27401463	850035	27407266	1928545	27395676	0.84967	27401463	1.01641	27407266	1.0792	27395676	44432.5443995904	27401463	836311.134286361	27407266	1787013.52853966
230	27482537	58073	27488324	864221	27494143	1458050	27482537	0.84983	27488324	1.01662	27494143	1.07885	27482537	68334.8434392761	27488324	850092.463260609	27494143	1351485.37794874	27499104	59780	27504891	854530	27510695	1036164	27499104	0.84965	27504891	1.01633	27510695	1.07913	27499104	70358.382863532	27504891	840799.740241851	27510695	960184.593144478	27515687	37964	27521474	850798	27527277	1924435	27515687	0.85034	27521474	1.01679	27527277	1.07941	27515687	44645.6711433074	27521474	836748.984549415	27527277	1782858.2281061
231	27602548	58052	27608351	864920	27614154	1449761	27602548	0.84974	27608351	1.01694	27614154	1.07924	27602548	68317.3676654035	27608351	850512.321277558	27614154	1343316.59315815	27619130	59855	27624902	854571	27630721	1026709	27619130	0.85055	27624902	1.01634	27630721	1.0786	27619130	70372.1121627182	27624902	840831.808253144	27630721	951890.41349898	27635698	38394	27641485	853155	27647288	1923837	27635698	0.85013	27641485	1.01674	27647288	1.07918	27635698	45162.5045581264	27641485	839108.326612507	27647288	1782684.07494579
232	27722559	58330	27728346	864954	27734165	1440661	27722559	0.85008	27728346	1.01676	27734165	1.07901	27722559	68617.0713344626	27728346	850696.32951729	27734165	1335169.27553961	27739141	59554	27744929	855771	27750732	1016305	27739141	0.84989	27744929	1.0168	27750732	1.07822	27739141	70072.5976302816	27744929	841631.589299764	27750732	942576.654115116	27755709	38472	27761496	853686	27767299	1919223	27755709	0.84998	27761496	1.01724	27767299	1.07982	27755709	45262.2414645051	27761496	839217.883685266	27767299	1777354.55909318
233	27842570	58405	27848357	865779	27854176	1431047	27842570	0.8501	27848357	1.01675	27854176	1.07848	27842570	68703.6819197742	27848357	851516.105237276	27854176	1326911.02292115	27859137	59780	27864924	855769	27870728	1009928	27859137	0.8502	27864924	1.01711	27870728	1.07948	27859137	70312.867560574	27864924	841373.10615371	27870728	935568.977655909	27875720	38782	27881492	850942	27887295	1911284	27875720	0.84994	27881492	1.0164	27887295	1.07847	27875720	45629.1032308163	27881492	837211.727666273	27887295	1772218.0496444
234	27962581	58201	27968368	864595	27974171	1419564	27962581	0.85063	27968368	1.01632	27974171	1.07792	27962581	68421.052631579	27968368	850711.39011335	27974171	1316947.45435654	27979148	60342	27984935	853490	27990739	1001562	27979148	0.84952	27984935	1.01662	27990739	1.07816	27979148	71030.6996892363	27984935	839536.89677559	27990739	928954.886102248	27995715	38997	28001503	849068	28007306	1906908	27995715	0.85045	28001503	1.01657	28007306	1.07874	27995715	45854.5475924511	28001503	835228.267605773	28007306	1767717.8930975
235	28082592	57921	28088379	861970	28094182	1407525	28082592	0.85005	28088379	1.0163	28094182	1.07847	28082592	68138.3448032469	28088379	848145.232706878	28094182	1305112.79868703	28099159	60652	28104946	854402	28110734	991899	28099159	0.85004	28104946	1.01644	28110734	1.07847	28099159	71351.9363794645	28104946	840582.818464444	28110734	919727.947926229	28115710	39372	28121498	851622	28127301	1905252	28115710	0.85016	28121498	1.01652	28127301	1.07963	28115710	46311.2825821022	28121498	837781.843938142	28127301	1764726.80455341
236	28202603	58446	28208390	865041	28214209	1402579	28202603	0.85088	28208390	1.01751	28214209	1.07955	28202603	68688.8867995487	28208390	850154.789633517	28214209	1299225.60326062	28219170	60454	28224957	856131	28230761	984384	28219170	0.85026	28224957	1.01708	28230761	1.07851	28219170	71100.6045209701	28224957	841753.844338695	28230761	912725.890348722	28235737	40182	28241525	852056	28247312	1901163	28235737	0.85077	28241525	1.01707	28247312	1.07915	28235737	47230.156211432	28241525	837755.513386493	28247312	1761722.65208729
237	28322614	58887	28328401	863285	28334204	1391583	28322614	0.84986	28328401	1.01599	28334204	1.0791	28322614	69290.236038877	28328401	849698.3238024	28334204	1289577.42563247	28339181	60226	28344953	855620	28350756	976495	28339181	0.84983	28344953	1.01691	28350756	1.0789	28339181	70868.2913053199	28344953	841392.060260987	28350756	905083.881731393	28355748	39722	28361520	851926	28367323	1898346	28355748	0.85034	28361520	1.01665	28367323	1.07936	28355748	46713.0794740927	28361520	837973.737274381	28367323	1758770.01185888
238	28442625	58312	28448412	862004	28454215	1384974	28442625	0.85109	28448412	1.01608	28454215	1.08002	28442625	68514.4931793348	28448412	848362.333674514	28454215	1282359.58593359	28459192	60799	28464979	852858	28470783	969375	28459192	0.85002	28464979	1.01674	28470783	1.08005	28459192	71526.5523164161	28464979	838816.216535201	28470783	897527.892227212	28475759	40328	28481531	849592	28487334	1891534	28475759	0.85032	28481531	1.01665	28487334	1.07947	28475759	47426.8510678333	28481531	835677.961933802	28487334	1752280.28569576
239	28562636	58899	28568408	861601	28574211	1374243	28562636	0.85043	28568408	1.01688	28574211	1.07995	28562636	69257.9048246181	28568408	847298.599638109	28574211	1272506.13454327	28579187	60642	28584975	853957	28590763	964501	28579187	0.85088	28584975	1.01752	28590763	1.07974	28579187	71269.7442647612	28584975	839253.282490762	28590763	893271.528330895	28595739	40188	28601542	852122	28607345	1887891	28595739	0.85014	28601542	1.01775	28607345	1.07972	28595739	47272.2139882843	28601542	837260.623925326	28607345	1748500.5371763
240	28682647	58553	28688434	863441	28694222	1361933	28682647	0.85091	28688434	1.01714	28694222	1.07982	28682647	68812.212807465	28688434	848891.008120809	28694222	1261259.28395473	28699198	61427	28704986	854781	28710805	954929	28699198	0.8509	28704986	1.01732	28710805	1.079	28699198	72190.6216946762	28704986	840228.246766013	28710805	885012.97497683	28715781	40906	28721553	852784	28727356	1884400	28715781	0.85083	28721553	1.01747	28727356	1.08007	28715781	48077.7593643854	28721553	838141.665110519	28727356	1744701.73229513
241	28802658	58835	28808445	864022	28814249	1358260	28802658	0.85076	28808445	1.01811	28814249	1.0803	28802658	69155.8136254643	28808445	848652.89605249	28814249	1257298.89845413	28819225	61235	28825013	854923	28830816	948453	28819225	0.85097	28825013	1.01774	28830816	1.07946	28819225	71959.0584861981	28825013	840021.026981351	28830816	878636.540492469	28835792	40750	28841580	849889	28847383	1880813	28835792	0.85084	28841580	1.01743	28847383	1.07987	28835792	47893.8460815194	28841580	835329.21183767	28847383	1741703.16797392
242	28922669	58895	28928441	861140	28934244	1348822	28922669	0.85039	28928441	1.01675	28934244	1.07933	28922669	69256.4588012559	28928441	846953.528399312	28934244	1249684.52651182	28939220	61435	28945008	853156	28950796	941959	28939220	0.85066	28945008	1.01813	28950796	1.07982	28939220	72220.3935767522	28945008	837963.717796352	28950796	872329.647533848	28955788	40912	28961575	850162	28967378	1873520	28955788	0.8503	28961575	1.01769	28967378	1.07898	28955788	48114.7830177584	28961575	835384.056048502	28967378	1736380.65580456
243	29042680	58900	29048467	863066	29054286	1339172	29042680	0.85073	29048467	1.01726	29054286	1.07947	29042680	69234.6572943237	29048467	848422.232271003	29054286	1240582.87863489	29059263	61388	29065050	852782	29070853	935262	29059263	0.8508	29065050	1.01663	29070853	1.07979	29059263	72153.267512929	29065050	838832.220178433	29070853	866151.751729503	29075830	41523	29081617	849699	29087405	1870229	29075830	0.85063	29081617	1.01761	29087405	1.07976	29075830	48814.4081445517	29081617	834994.742583112	29087405	1732078.42483515
244	29162691	59160	29168478	862371	29174297	1327570	29162691	0.85039	29168478	1.0169	29174297	1.07993	29162691	69568.0805277578	29168478	848039.138558364	29174297	1229311.15905661	29179258	62196	29185046	851341	29190849	927989	29179258	0.85026	29185046	1.01698	29190849	1.08017	29179258	73149.3895984758	29185046	837126.590493422	29190849	859113.84319135	29195841	41495	29201628	849457	29207416	1864320	29195841	0.85008	29201628	1.01721	29207416	1.07964	29195841	48813.0528891398	29201628	835085.183983642	29207416	1726797.82149605
245	29282702	58778	29288489	861984	29294308	1319110	29282702	0.85095	29288489	1.0174	29294308	1.07981	29282702	69073.3885657207	29288489	847241.989384706	29294308	1221613.06155713	29299285	61925	29305057	854405	29310860	921280	29299285	0.84979	29305057	1.01635	29310860	1.07947	29299285	72870.9445863096	29305057	840660.205637822	29310860	853455.862599239	29315852	42120	29321624	850616	29327427	1859380	29315852	0.85005	29321624	1.01666	29327427	1.07914	29315852	49550.0264690312	29321624	836676.961816143	29327427	1723020.18273811
246	29402713	59083	29408516	863839	29414335	1312448	29402713	0.85022	29408516	1.01678	29414335	1.07929	29402713	69491.4257486298	29408516	849582.997305218	29414335	1216029.05613876	29419311	62511	29425099	855498	29430902	913968	29419311	0.85078	29425099	1.01653	29430902	1.07925	29419311	73474.9288887844	29425099	841586.573932889	29430902	846854.760250174	29435878	42087	29441666	848898	29447469	1853412	29435878	0.85013	29441666	1.01675	29447469	1.07947	29435878	49506.5460576618	29441666	834913.203835751	29447469	1716964.80680334
247	29522724	59443	29528511	863251	29534315	1305232	29522724	0.8507	29528511	1.01781	29534315	1.07968	29522724	69875.396732103	29528511	848145.52814376	29534315	1208906.34262004	29539291	61907	29545063	853093	29550866	910880	29539291	0.8505	29545063	1.01718	29550866	1.07993	29539291	72788.9476778366	29545063	838684.401974085	29550866	843462.076245683	29555843	42401	29561630	852903	29567433	1847510	29555843	0.85104	29561630	1.01765	29567433	1.07921	29555843	49822.5700319609	29561630	838110.352282219	29567433	1711909.63760529
248	29642735	58762	29648522	862661	29654341	1295399	29642735	0.85119	29648522	1.01745	29654341	1.07943	29642735	69035.1155441206	29648522	847865.742788344	29654341	1200076.89243397	29659318	62194	29665090	852900	29670893	904419	29659318	0.85045	29665090	1.01708	29670893	1.07956	29659318	73130.6955141396	29665090	838577.103079404	29670893	837766.312201267	29675869	42368	29681657	848931	29687460	1844154	29675869	0.85042	29681657	1.01757	29687460	1.07982	29675869	49820.0888972508	29681657	834272.826439459	29687460	1707834.63910652
249	29762746	59352	29768533	862720	29774337	1288775	29762746	0.85096	29768533	1.01726	29774337	1.08026	29762746	69747.109147316	29768533	848082.102903879	29774337	1193022.97595023	29779313	62406	29785101	853259	29790904	899555	29779313	0.85054	29785101	1.01735	29790904	1.07984	29779313	73372.2105956216	29785101	838707.42615619	29790904	833044.710327456	29795880	42801	29801668	848921	29807471	1837541	29795880	0.85041	29801668	1.01682	29807471	1.0803	29795880	50329.8409002716	29801668	834878.346216636	29807471	1700954.36452837
250	29882757	59311	29888529	862796	29894348	1274149	29882757	0.85041	29888529	1.01717	29894348	1.07998	29882757	69744.0058324808	29888529	848231.858981291	29894348	1179789.4405452	29899324	62404	29905112	852783	29910899	891447	29899324	0.85066	29905112	1.01712	29910899	1.07948	29899324	73359.5090870618	29905112	838429.093912223	29910899	825811.501834217	29915891	43085	29921663	850986	29927466	1830483	29915891	0.85038	29921663	1.01647	29927466	1.07925	29915891	50665.5847973847	29921663	837197.359489213	29927466	1696069.49270327
251	30002768	59674	30008555	863607	30014359	1273041	30002768	0.85109	30008555	1.01747	30014359	1.08043	30002768	70114.7939700854	30008555	848778.833773969	30014359	1178272.539637	30019335	62914	30025123	855975	30030926	887566	30019335	0.85121	30025123	1.01836	30030926	1.0811	30019335	73911.2557418263	30025123	840542.63718135	30030926	820984.182776801	30035902	43394	30041690	849000	30047493	1828356	30035902	0.85093	30041690	1.01681	30047493	1.08044	30035902	50995.9691161435	30041690	834964.250941671	30047493	1692232.79404687
252	30122779	59821	30128566	862000	30134385	1261032	30122779	0.85078	30128566	1.01757	30134385	1.07967	30122779	70313.1244269964	30128566	847116.168912212	30134385	1167979.10472644	30139346	62787	30145134	854436	30150937	879339	30139346	0.85047	30145134	1.01724	30150937	1.07945	30139346	73826.2372570461	30145134	839955.172820573	30150937	814617.629348279	30155913	43359	30161701	849827	30167504	1819933	30155913	0.8506	30161701	1.01697	30167504	1.08011	30155913	50974.6061603574	30161701	835646.085921905	30167504	1684951.53271426
253	30242790	59626	30248577	862942	30254381	1253374	30242790	0.85032	30248577	1.01693	30254381	1.07938	30242790	70121.836485088	30248577	848575.614840746	30254381	1161198.0952028	30259357	63342	30265145	853759	30270948	875227	30259357	0.85086	30265145	1.01678	30270948	1.07975	30259357	74444.6795007404	30265145	839669.34833494	30270948	810583.005325307	30275924	43753	30281712	849184	30287515	1813592	30275924	0.8506	30281712	1.01693	30287515	1.07957	30275924	51437.8086056901	30281712	835046.660045431	30287515	1679920.70917124
254	30362801	59711	30368588	862977	30374392	1241799	30362801	0.85031	30368588	1.01693	30374392	1.07948	30362801	70222.624689819	30368588	848610.032155606	30374392	1150367.76966688	30379368	62979	30385140	852756	30390943	869600	30379368	0.85022	30385140	1.01565	30390943	1.0794	30379368	74073.7691421044	30385140	839616.009452075	30390943	805632.758940152	30395920	44431	30401707	849851	30407511	1805452	30395920	0.85031	30401707	1.01718	30407511	1.07918	30395920	52252.7078359657	30401707	835497.158811616	30407511	1672985.04420023
255	30482812	59838	30488599	859969	30494403	1235285	30482812	0.84972	30488599	1.01688	30494403	1.07945	30482812	70420.8445134868	30488599	845693.690504288	30494403	1144365.18597434	30499379	62745	30505167	853677	30510970	865454	30499379	0.85015	30505167	1.01654	30510970	1.07979	30499379	73804.6227136388	30505167	839786.924272532	30510970	801502.143935395	30515962	44189	30521734	851099	30527537	1802231	30515962	0.85099	30521734	1.01752	30527537	1.07985	30515962	51926.579630783	30521734	836444.492491548	30527537	1668964.20799185
256	30602823	60201	30608610	862342	30614429	1230330	30602823	0.85071	30608610	1.0171	30614429	1.07982	30602823	70765.5957964524	30608610	847843.869825976	30614429	1139384.34183475	30619406	63571	30625193	857113	30630997	861542	30619406	0.85088	30625193	1.01743	30630997	1.08058	30619406	74712.062805566	30625193	842429.454606214	30630997	797295.896648096	30635989	45041	30641761	850210	30647564	1795793	30635989	0.85087	30641761	1.01752	30647564	1.08029	30635989	52935.23099886	30641761	835570.799591163	30647564	1662324.93126846
257	30722834	60115	30728621	861737	30734425	1222696	30722834	0.85145	30728621	1.0179	30734425	1.0807	30722834	70603.088848435	30728621	846583.161410748	30734425	1131392.6158971	30739401	63844	30745173	854258	30750976	857950	30739401	0.85134	30745173	1.01844	30750976	1.08092	30739401	74992.3649775648	30745173	838790.699501198	30750976	793722.014580172	30755953	44925	30761740	849037	30767544	1791445	30755953	0.85045	30761740	1.01829	30767544	1.08075	30755953	52824.9750132283	30761740	833787.035127518	30767544	1657594.26324312
258	30842845	60287	30848632	863359	30854436	1214047	30842845	0.85111	30848632	1.01764	30854436	1.08025	30842845	70833.3822890108	30848632	848393.341456704	30854436	1123857.44040731	30859412	63553	30865200	855078	30871003	850007	30859412	0.85053	30865200	1.01764	30871003	1.08038	30859412	74721.6441512939	30865200	840255.886167997	30871003	786766.693200541	30875979	44616	30881767	847947	30887570	1782310	30875979	0.85088	30881767	1.01749	30887570	1.08001	30875979	52435.1259872132	30881767	833371.335344819	30887570	1650271.75674299
259	30962856	60178	30968643	860679	30974447	1206699	30962856	0.85072	30968643	1.01758	30974447	1.08047	30962856	70737.728042129	30968643	845809.666070481	30974447	1116827.86194897	30979423	63246	30985211	855800	30991014	846394	30979423	0.85124	30985211	1.0181	30991014	1.08016	30979423	74298.6701752737	30985211	840585.404184265	30991014	783582.061916753	30995990	45431	31001762	848244	31007566	1777870	30995990	0.85082	31001762	1.0173	31007566	1.08065	30995990	53396.7231611857	31001762	833818.932468298	31007566	1645185.76782492
260	31082867	60324	31088655	860440	31094458	1201691	31082867	0.85103	31088655	1.01736	31094458	1.08076	31082867	70883.5176198254	31088655	845757.647243847	31094458	1111894.40763907	31099434	63685	31105222	855739	31111025	842631	31099434	0.85127	31105222	1.01748	31111025	1.07978	31099434	74811.7518531136	31105222	841037.66167394	31111025	780372.853729464	31115986	45597	31121773	851299	31127592	1772509	31115986	0.85069	31121773	1.01757	31127592	1.08141	31115986	53600.0188082615	31121773	836599.939070531	31127592	1639072.13730223
261	31202878	60201	31208666	862486	31214469	1194717	31202878	0.85087	31208666	1.01733	31214469	1.08031	31202878	70752.2888337819	31208666	847793.734579733	31214469	1105902.00960835	31219445	63647	31225233	856221	31231036	838246	31219445	0.85047	31225233	1.0184	31231036	1.08093	31219445	74837.4428257317	31225233	840751.178318932	31231036	775485.924157901	31236028	45722	31241800	849272	31247603	1765898	31236028	0.85147	31241800	1.01799	31247603	1.07995	31236028	53697.7227618119	31241800	834263.597874242	31247603	1635166.44289087
262	31322889	60700	31328661	861595	31334480	1182050	31322889	0.8515	31328661	1.01759	31334480	1.07991	31322889	71285.9659424545	31328661	846701.520258651	31334480	1094581.95590373	31339456	63935	31345244	853818	31351047	833641	31339456	0.85125	31345244	1.01763	31351047	1.08141	31339456	75107.1953010279	31345244	839025.972111671	31351047	770883.3837305	31356008	46111	31361795	850004	31367599	1760122	31356008	0.85135	31361795	1.01771	31367599	1.08104	31356008	54162.2129558936	31361795	835212.388597931	31367599	1628174.72063938
263	31442900	60665	31448688	862393	31454506	1178280	31442900	0.85127	31448688	1.01777	31454506	1.08077	31442900	71264.1112690451	31448688	847335.842086129	31454506	1090222.71158526	31459483	64150	31465255	853689	31471058	829478	31459483	0.85075	31465255	1.01792	31471058	1.0801	31459483	75404.0552453717	31465255	838660.209053757	31471058	767964.077400241	31476034	46200	31481822	848360	31487625	1746105	31476034	0.85058	31481822	1.01748	31487625	1.08004	31476034	54315.878576971	31481822	833785.430671856	31487625	1616704.01096256
264	31562911	60425	31568699	862082	31574517	1170350	31562911	0.85094	31568699	1.01828	31574517	1.08033	31562911	71009.7069123558	31568699	846606.041560278	31574517	1083326.39101015	31579478	64220	31585266	854830	31591069	825256	31579478	0.8514	31585266	1.01805	31591069	1.08096	31579478	75428.7056612638	31585266	839673.886351358	31591069	763447.306098283	31596045	46892	31601817	847774	31607621	1744359	31596045	0.85079	31601817	1.01683	31607621	1.08133	31596045	55115.8335194349	31601817	833742.120118407	31607621	1613160.64476154
265	31682922	60627	31688710	861171	31694513	1161277	31682922	0.85058	31688710	1.01741	31694513	1.07965	31682922	71277.246114416	31688710	846434.574065519	31694513	1075605.05719446	31699505	64539	31705292	855346	31711096	821431	31699505	0.85041	31705292	1.01684	31711096	1.08108	31699505	75891.6287437824	31705292	841180.520042485	31711096	759824.434824435	31716072	46903	31721860	848446	31727663	1733961	31716072	0.85054	31721860	1.01734	31727663	1.08037	31716072	55144.9667270205	31721860	833984.70521163	31727663	1604969.59375029
266	31802933	60654	31808721	860818	31814539	1156445	31802933	0.85097	31808721	1.01711	31814539	1.08015	31802933	71276.3082129805	31808721	846337.171004119	31814539	1070633.70828126	31819500	64702	31825303	855113	31831107	816885	31819500	0.85077	31825303	1.01757	31831107	1.08043	31819500	76051.106644569	31825303	840348.084161286	31831107	756073.970548763	31836099	47016	31841886	849445	31847689	1728624	31836099	0.85094	31841886	1.01737	31847689	1.08047	31836099	55251.8391425953	31841886	834942.05647896	31847689	1599881.53303655
267	31922944	60559	31928732	860231	31934550	1149291	31922944	0.85053	31928732	1.01725	31934550	1.07971	31922944	71201.4861321764	31928732	845643.647087737	31934550	1064444.15630123	31939527	64715	31945314	854553	31951133	812560	31939527	0.85087	31945314	1.01759	31951133	1.08039	31939527	76057.4470835733	31945314	839781.247850313	31951133	752098.779144568	31956125	47093	31961897	848603	31967700	1721928	31956125	0.85043	31961897	1.01725	31967700	1.08055	31956125	55375.5159154781	31961897	834212.828704842	31967700	1593566.23941511
268	32042955	60519	32048743	862598	32054546	1142797	32042955	0.85044	32048743	1.0172	32054546	1.08025	32042955	71161.9867362777	32048743	848012.190326386	32054546	1057900.48599861	32059522	65085	32065310	853306	32071113	810869	32059522	0.85079	32065310	1.0177	32071113	1.08001	32059522	76499.4887104926	32065310	838465.166552029	32071113	750797.67779928	32076074	47399	32081861	847081	32087665	1711630	32076074	0.85075	32081861	1.01754	32087665	1.08037	32076074	55714.3696738172	32081861	832479.312852566	32087665	1584299.82320872
269	32162966	60315	32168754	860789	32174557	1134692	32162966	0.85035	32168754	1.01766	32174557	1.0801	32162966	70929.6172164403	32168754	845851.266631292	32174557	1050543.46819739	32179533	65152	32185321	854361	32191108	805233	32179533	0.85095	32185321	1.01702	32191108	1.07994	32179533	76563.8404136553	32185321	840063.12560225	32191108	745627.534863048	32196100	47293	32201888	847544	32207691	1705431	32196100	0.85092	32201888	1.01694	32207691	1.0804	32196100	55578.6677948573	32201888	833425.767498574	32207691	1578518.1414291
270	32282977	60748	32288765	860837	32294583	1127314	32282977	0.85091	32288765	1.01836	32294583	1.08065	32282977	71391.8040685854	32288765	845316.980242743	32294583	1043181.41859066	32299560	64836	32305347	856299	32311151	802138	32299560	0.85116	32305347	1.01805	32311151	1.08107	32299560	76173.6923727619	32305347	841116.841019596	32311151	741985.255348867	32316127	48048	32321915	849963	32327718	1700758	32316127	0.85121	32321915	1.0176	32327718	1.08067	32316127	56446.7052783684	32321915	835262.382075472	32327718	1573799.58729307
271	32402988	60603	32408776	861673	32414579	1124108	32402988	0.85138	32408776	1.01817	32414579	1.08129	32402988	71182.0808569616	32408776	846295.805219168	32414579	1039598.99749373	32419571	65121	32425358	854951	32431146	801097	32419571	0.85127	32425358	1.01811	32431146	1.08076	32419571	76498.6432036839	32425358	839743.249747081	32431146	741234.871756912	32436138	48103	32441926	848025	32447729	1691425	32436138	0.85142	32441926	1.01758	32447729	1.08094	32436138	56497.3808461159	32441926	833374.280154877	32447729	1564772.32778878
272	32522999	61009	32528787	862407	32534590	1115249	32522999	0.85098	32528787	1.01791	32534590	1.08071	32522999	71692.6367247174	32528787	847233.05596762	32534590	1031959.54511386	32539566	64801	32545354	853747	32551141	795193	32539566	0.85105	32545354	1.01828	32551141	1.08043	32539566	76142.4123142001	32545354	838420.670149664	32551141	735996.779060189	32556133	48472	32561921	847918	32567724	1682961	32556133	0.85103	32561921	1.01816	32567724	1.08176	32556133	56956.8640353454	32561921	832794.452738273	32567724	1555761.9065227
273	32643010	61037	32648798	859978	32654601	1107306	32643010	0.85121	32648798	1.01793	32654601	1.0805	32643010	71706.1594671115	32648798	844830.194610631	32654601	1024808.88477557	32659593	65406	32665365	855197	32671168	793398	32659593	0.85086	32665365	1.01763	32671168	1.08022	32659593	76870.4604752838	32665365	840381.081532581	32671168	734478.161855918	32676160	48441	32681948	848501	32687751	1676253	32676160	0.85111	32681948	1.01785	32687751	1.08095	32676160	56915.0873565109	32681948	833620.86751486	32687751	1550722.05004857
274	32763021	61618	32768809	862452	32774612	1099956	32763021	0.8511	32768809	1.01852	32774612	1.08033	32763021	72398.073081894	32768809	846769.822880258	32774612	1018166.67129488	32779604	65808	32785391	856916	32791195	788626	32779604	0.85072	32785391	1.0182	32791195	1.081	32779604	77355.65168328	32785391	841598.900019643	32791195	729533.765032377	32796171	48705	32801959	850319	32807762	1665107	32796171	0.85083	32801959	1.0177	32807762	1.08037	32796171	57244.102817249	32801959	835530.116930333	32807762	1541237.72411304
275	32883032	61230	32888820	863251	32894623	1094309	32883032	0.85067	32888820	1.01779	32894623	1.08048	32883032	71978.5580777505	32888820	848162.194558799	32894623	1012798.94121131	32899615	65982	32905387	855234	32911190	786814	32899615	0.85139	32905387	1.01673	32911190	1.08033	32899615	77499.148451356	32905387	841161.370275294	32911190	728308.942637898	32916167	49132	32921954	847521	32927773	1659995	32916167	0.85138	32921954	1.01685	32927773	1.08057	32916167	57708.6612323522	32921954	833476.913999115	32927773	1536221.62377264
276	33003043	61242	33008831	862639	33014649	1090480	33003043	0.85059	33008831	1.0177	33014649	1.07984	33003043	71999.4356858181	33008831	847635.845534047	33014649	1009853.31160172	33019626	65867	33025429	854549	33031248	782880	33019626	0.85121	33025429	1.01802	33031248	1.08079	33019626	77380.4349103042	33025429	839422.604663956	33031248	724359.033669816	33036209	49112	33042012	849757	33047815	1649411	33036209	0.85108	33042012	1.01753	33047815	1.08023	33036209	57705.5035954317	33042012	835117.392116203	33047815	1526907.23271896
277	33123054	61510	33128842	861297	33134645	1083006	33123054	0.85085	33128842	1.01721	33134645	1.08017	33123054	72292.4134688841	33128842	846724.865072109	33134645	1002625.51265079	33139637	65604	33145425	853162	33151243	779240	33139637	0.8502	33145425	1.01654	33151243	1.08009	33139637	77163.0204657728	33145425	839280.303775552	33151243	721458.396985436	33156220	49380	33162007	849132	33167795	1643112	33156220	0.85052	33162007	1.01758	33167795	1.08033	33156220	58058.5994450454	33162007	834462.155309656	33167795	1520935.26977868
278	33243065	61300	33248853	861510	33254656	1077045	33243065	0.85136	33248853	1.01734	33254656	1.08015	33243065	72002.4431497839	33248853	846826.036526628	33254656	997125.399250104	33259632	65476	33265420	854401	33271208	775725	33259632	0.85057	33265420	1.01737	33271208	1.08072	33259632	76978.9670456282	33265420	839813.440537857	33271208	717785.365312014	33276200	49645	33281987	846758	33287790	1630827	33276200	0.85143	33281987	1.01751	33287790	1.07992	33276200	58307.7880741811	33281987	832186.415858321	33287790	1510136.86198978
279	33363076	61198	33368864	861521	33374683	1071735	33363076	0.85107	33368864	1.01749	33374683	1.08075	33363076	71907.1286733171	33368864	846712.006997612	33374683	991658.570437197	33379659	65902	33385447	854663	33391250	774355	33379659	0.85059	33385447	1.01744	33391250	1.08037	33379659	77477.9858686324	33385447	840013.170309797	33391250	716749.817192258	33396226	49742	33402014	847506	33407817	1623765	33396226	0.85089	33402014	1.01734	33407817	1.08064	33396226	58458.7902079	33402014	833060.726993925	33407817	1502595.68403909
280	33483087	61042	33488875	859661	33494694	1065699	33483087	0.85024	33488875	1.01755	33494694	1.08049	33483087	71793.8464433572	33488875	844834.160483514	33494694	986310.840452017	33499670	66306	33505442	855777	33511245	771652	33499670	0.85039	33505442	1.01708	33511245	1.08039	33499670	77971.2837639201	33505442	841405.7891218	33511245	714234.674515684	33516222	49713	33522009	848067	33527812	1615637	33516222	0.85077	33522009	1.01704	33527812	1.08035	33516222	58432.9489756338	33522009	833858.058680091	33527812	1495475.54033415
281	33603098	61257	33608886	859900	33614689	1060415	33603098	0.85075	33608886	1.01742	33614689	1.08034	33603098	72003.5263003233	33608886	845177.016374752	33614689	981556.732139882	33619665	66074	33625437	854554	33631241	769371	33619665	0.85064	33625437	1.0175	33631241	1.08086	33619665	77675.6324649676	33625437	839856.511056511	33631241	711813.740910016	33636233	50208	33642005	847036	33647823	1606665	33636233	0.85048	33642005	1.01735	33647823	1.08044	33636233	59034.8979399868	33642005	832590.553890008	33647823	1487046.9438377
282	33723109	61734	33728897	862239	33734716	1053446	33723109	0.85132	33728897	1.01711	33734716	1.08049	33723109	72515.6227975379	33728897	847734.266696817	33734716	974970.615183852	33739692	66187	33745480	855779	33751267	763915	33739692	0.8512	33745480	1.01727	33751267	1.08004	33739692	77757.2838345865	33745480	841250.602101704	33751267	707302.507314544	33756259	50519	33762047	849634	33767834	1600272	33756259	0.851	33762047	1.01848	33767834	1.08119	33756259	59364.2773207991	33762047	834217.657685963	33767834	1480102.47967517
283	33843120	61441	33848908	859990	33854711	1047165	33843120	0.8502	33848908	1.01661	33854711	1.0803	33843120	72266.5255234063	33848908	845938.953974484	33854711	969327.964454318	33859687	66314	33865475	854168	33871263	763492	33859687	0.85086	33865475	1.01722	33871263	1.08033	33859687	77937.6160590462	33865475	839708.224376241	33871263	706721.09448039	33876255	50422	33882027	847162	33887830	1587944	33876255	0.85026	33882027	1.01636	33887830	1.08029	33876255	59301.8606073436	33882027	833525.522452674	33887830	1469923.81675291
284	33963131	61650	33968919	861110	33974738	1043409	33963131	0.85061	33968919	1.01674	33974738	1.07982	33963131	72477.398572789	33968919	846932.352420481	33974738	966280.491192977	33979714	66882	33985502	855665	33991305	762265	33979714	0.85103	33985502	1.01734	33991305	1.08115	33979714	78589.4739315888	33985502	841080.661332494	33991305	705050.178051149	33996281	50778	34002069	845450	34007888	1582585	33996281	0.85071	34002069	1.01741	34007888	1.07999	33996281	59688.9656874846	34002069	830982.593054914	34007888	1465370.04972268
285	34083142	61938	34088930	860410	34094749	1036095	34083142	0.85045	34088930	1.01669	34094749	1.07978	34083142	72829.67840555	34088930	846285.495086998	34094749	959542.684620942	34099725	66753	34105497	854623	34111285	759356	34099725	0.85012	34105497	1.01712	34111285	1.08043	34099725	78521.8557380135	34105497	840238.123328614	34111285	702827.577908796	34116277	51105	34122049	846722	34127852	1571482	34116277	0.85061	34122049	1.01694	34127852	1.08003	34116277	60080.4128801684	34122049	832617.460223809	34127852	1455035.50827292
286	34203153	61414	34208956	861664	34214775	1034173	34203153	0.85018	34208956	1.01642	34214775	1.07992	34203153	72236.4675715731	34208956	847744.042816946	34214775	957638.52877991	34219752	66897	34225539	855478	34231342	755773	34219752	0.85055	34225539	1.01719	34231342	1.08021	34219752	78651.4608194698	34225539	841020.851561655	34231342	699653.771026004	34236319	50900	34242106	848287	34247894	1563633	34236319	0.85039	34242106	1.01712	34247894	1.07987	34236319	59854.890109244	34242106	834008.769859997	34247894	1447982.6275385
287	34323164	61690	34328936	861954	34334755	1027168	34323164	0.85073	34328936	1.01761	34334755	1.08098	34323164	72514.1936924759	34328936	847037.666689596	34334755	950219.245499454	34339731	66683	34345519	855259	34351307	751806	34339731	0.85099	34345519	1.0178	34351307	1.07984	34339731	78359.3226712417	34345519	840301.630968756	34351307	696219.810342273	34356283	51401	34362071	848066	34367874	1554918	34356283	0.85037	34362071	1.01649	34367874	1.08028	34356283	60445.4531556852	34362071	834308.256844632	34367874	1439365.71999852
288	34443175	61674	34448947	860900	34454766	1022515	34443175	0.85024	34448947	1.01703	34454766	1.07932	34443175	72537.1659766654	34448947	846484.37115916	34454766	947369.640143794	34459758	66979	34465530	854162	34471333	750465	34459758	0.85071	34465530	1.01685	34471333	1.0801	34459758	78733.0582689753	34465530	840007.867433742	34471333	694810.665679104	34476310	51251	34482097	847515	34487916	1542665	34476310	0.8499	34482097	1.01709	34487916	1.08054	34476310	60302.388516296	34482097	833274.341503702	34487916	1427679.67867918
289	34563186	61716	34568989	860702	34574808	1018025	34563186	0.85074	34568989	1.01735	34574808	1.0802	34563186	72543.9029550744	34568989	846023.492406743	34574808	942441.214589891	34579769	67205	34585572	855218	34591375	748804	34579769	0.85081	34585572	1.0171	34591375	1.08037	34579769	78989.4335985708	34585572	840839.642119752	34591375	693099.586252858	34596352	51901	34602139	849159	34607927	1538092	34596352	0.85027	34602139	1.0173	34607927	1.08092	34596352	61040.6106295647	34602139	834718.372161604	34607927	1422947.11912075
290	34683197	62375	34688985	862379	34694788	1010727	34683197	0.851	34688985	1.01812	34694788	1.0807	34683197	73296.1222091657	34688985	847030.801870114	34694788	935252.151383363	34699780	67195	34705552	855972	34711355	749000	34699780	0.85103	34705552	1.01688	34711355	1.08065	34699780	78957.2635512262	34705552	841763.039886712	34711355	693101.374172951	34716316	51399	34722104	848403	34727907	1528383	34716316	0.85072	34722104	1.01725	34727907	1.07983	34716316	60418.2339665225	34722104	834016.220201524	34727907	1415392.23766704
291	34803208	61810	34808996	861471	34814799	1007758	34803208	0.85066	34808996	1.01742	34814799	1.07998	34803208	72661.2277525686	34808996	846721.118122309	34814799	933126.539380359	34819791	66679	34825563	855088	34831366	743502	34819791	0.85015	34825563	1.0169	34831366	1.07973	34819791	78432.041404458	34825563	840877.17573016	34831366	688599.927759718	34836343	52096	34842146	847599	34847949	1522638	34836343	0.84999	34842146	1.01691	34847949	1.08015	34836343	61290.1328250921	34842146	833504.439920937	34847949	1409654.2146924
292	34923219	61907	34929007	862508	34934826	1002016	34923219	0.85037	34929007	1.0171	34934826	1.08018	34923219	72800.0752613568	34929007	848007.078949956	34934826	927637.986261549	34939786	67136	34945574	855884	34951377	741360	34939786	0.85036	34945574	1.01695	34951377	1.0796	34939786	78950.0917258573	34945574	841618.565317862	34951377	686698.777324935	34956338	52000	34962110	846913	34967913	1509782	34956338	0.84995	34962110	1.01658	34967913	1.08026	34956338	61180.069415848	34962110	833100.198705463	34967913	1397609.83466943
293	35043230	61749	35049018	860120	35054821	993869	35043230	0.85071	35049018	1.01629	35054821	1.07968	35043230	72585.2523186515	35049018	846333.231656319	35054821	920521.821280379	35059813	67208	35065585	855642	35071388	740805	35059813	0.84996	35065585	1.01696	35071388	1.08027	35059813	79071.9563273566	35065585	841372.325361863	35071388	685759.115776611	35076380	52306	35082168	846025	35087971	1501819	35076380	0.8508	35082168	1.01719	35087971	1.08026	35076380	61478.6083685943	35082168	831727.602512805	35087971	1390238.46111121
294	35163241	62204	35169029	862831	35174832	992591	35163241	0.85061	35169029	1.01733	35174832	1.0808	35163241	73128.6958770765	35169029	848132.85757817	35174832	918385.455218357	35179808	67512	35185596	855166	35191399	738331	35179808	0.85114	35185596	1.0174	35191399	1.0809	35179808	79319.500904669	35185596	840540.59367014	35191399	683070.589323712	35196376	52798	35202163	847970	35207982	1489801	35196376	0.85112	35202163	1.0176	35207982	1.07962	35196376	62033.5557853182	35202163	833303.852201258	35207982	1379930.90161353
295	35283252	62168	35289040	861793	35294859	986765	35283252	0.85058	35289040	1.01704	35294859	1.08024	35283252	73088.9510686826	35289040	847354.086368284	35294859	913468.303339999	35299835	67612	35305623	855922	35311426	737745	35299835	0.85059	35305623	1.01739	35311426	1.08151	35299835	79488.3551417251	35305623	841291.933280256	35311426	682143.484572496	35316402	52610	35322190	849324	35327993	1481427	35316402	0.85082	35322190	1.01718	35327993	1.08036	35316402	61834.4655743871	35322190	834979.059753436	35327993	1371234.58847051
296	35403263	62638	35409051	861919	35414854	985044	35403263	0.85086	35409051	1.01765	35414854	1.08111	35403263	73617.2813388807	35409051	846969.97985555	35414854	911141.326969504	35419831	67694	35425618	857648	35431406	737353	35419831	0.85193	35425618	1.01786	35431406	1.0818	35419831	79459.5800124424	35425618	842599.178668972	35431406	681598.262155667	35436382	53117	35442170	848137	35447973	1476045	35436382	0.8513	35442170	1.01803	35447973	1.08112	35436382	62395.1603430048	35442170	833115.919963066	35447973	1365292.47447092
297	35523274	62405	35529062	861708	35534865	978854	35523274	0.85088	35529062	1.01715	35534865	1.07954	35523274	73341.7168108311	35529062	847178.882170771	35534865	906732.497174723	35539842	67235	35545629	856386	35551417	732707	35539842	0.85081	35545629	1.01728	35551417	1.08076	35539842	79024.6941150198	35545629	841839.021704939	35551417	677955.327732337	35556409	53227	35562196	848682	35568000	1465740	35556409	0.8506	35562196	1.01755	35568000	1.08093	35556409	62575.8288267106	35562196	834044.51869687	35568000	1355999.00086037
298	35643285	62465	35649073	862374	35654892	974130	35643285	0.85099	35649073	1.0171	35654892	1.08043	35643285	73402.7426879282	35649073	847875.331825779	35654892	901613.246577752	35659868	67538	35665656	858336	35671443	731600	35659868	0.851	35665656	1.01772	35671443	1.08027	35659868	79363.1022326675	35665656	843391.109538969	35671443	677238.097882937	35676435	53106	35682223	848367	35688026	1453280	35676435	0.85125	35682223	1.01779	35688026	1.08059	35676435	62385.9030837004	35682223	833538.352705371	35688026	1344894.91851674
299	35763296	62294	35769084	863626	35774903	967917	35763296	0.8508	35769084	1.01784	35774903	1.0804	35763296	73218.147625764	35769084	848488.957006995	35774903	895887.634209552	35779864	67689	35785651	856331	35791454	728243	35779864	0.85037	35785651	1.0172	35791454	1.07936	35779864	79599.4684666675	35785651	841851.160047188	35791454	674698.895641862	35796431	53015	35802218	847778	35808022	1447099	35796431	0.85045	35802218	1.01749	35808022	1.0797	35796431	62337.5859838909	35802218	833205.240346342	35808022	1340278.78114291
300	35883307	62506	35889095	862043	35894898	964179	35883307	0.85064	35889095	1.01692	35894898	1.0801	35883307	73481.1436095175	35889095	847699.917397632	35894898	892675.678177947	35899875	68215	35905662	854762	35911465	729568	35899875	0.85073	35905662	1.01711	35911465	1.08021	35899875	80184.0772042834	35905662	840383.046081545	35911465	675394.599198304	35916442	53041	35922229	848055	35928033	1437793	35916442	0.85036	35922229	1.01722	35928033	1.08007	35916442	62374.7589256315	35922229	833698.708244038	35928033	1331203.53310434
301	36003318	62453	36009122	862233	36014940	962093	36003318	0.85028	36009122	1.01656	36014940	1.08008	36003318	73449.9223785106	36009122	848187.022900763	36014940	890760.869565217	36019917	68343	36025704	855552	36031523	724961	36019917	0.85056	36025704	1.01635	36031523	1.07889	36019917	80350.5925507901	36025704	841788.753874157	36031523	671950.801286508	36036500	53192	36042272	844728	36048075	1430599	36036500	0.85009	36042272	1.01601	36048075	1.07913	36036500	62572.1982378336	36042272	831417.013612071	36048075	1325696.62598575