HJY Multigroup Import
Application Version:	3.5.1.20
SystemConfiguration::	FL3-11_1602C-0213-FL
Experiment Time Stamp:	9/17/2025 7:06 PM
Export Time Stamp:	9/18/2025 12:16 PM
Experiment Comment:	None

Integration Time:	1
Time Sequence Interval Points:	301
Time Sequence Experiment Duration:	10:00:00	36000000 (ms)
Repetition Time Sequence Enabled:	False
Repetition Time Sequence Count:	2
Repetition Time Sequence Delay:	0 seconds
Time Sequence Interval Total Points:	301
Time Sequence Experiment Duration Total:	10:00:00	36000000 (ms)

Mono Count:	2
Mono Description:	Excitation 1 (Mono1)	Emission 1 (Mono2)
Mono Slit Width:		5	5
Mono Grating Index:		0	0
Mono Grating Value:		1200	1200

Mono Wavelength Group Count:	3
Mono Wavelength Group Description:	Group 1:(Excitation 1:596 Emission 1:615)	Group 2:(Excitation 1:549 Emission 1:565)	Group 3:(Excitation 1:495 Emission 1:520)

Detector Count:	3
Detector Description:	S1 (SCD1)	R (SCD2)	S1/R (SCD1/SCD2)
Detector High Voltage:	950	None	None

Accessory Sequential Type:	Temperature Controller
Accessory Sequential Description:	Temperature Control (TC1)
Accessory Sequential Scan Position Count:	1
Accessory Sequential Scan Positions:		37

Accessory Interleave Type:	Sample Changer
Accessory Interleave Description:	Sample Changer - 4 Position (SCH1)
Accessory Interleave Scan Position Count:	3
Accessory Interleave Scan Positions:	1	2	3

Axis	X	Y	X	Y	X	Y	X	Y	X	Y	X	Y	X	Y	X	Y	X	Y	X	Y	X	Y	X	Y	X	Y	X	Y	X	Y	X	Y	X	Y	X	Y	X	Y	X	Y	X	Y	X	Y	X	Y	X	Y	X	Y	X	Y	X	Y
Sequential: Temperature Controller	Idx:0(Pos:37.00)	Idx:0(Pos:37.00)	Idx:0(Pos:37.00)	Idx:0(Pos:37.00)	Idx:0(Pos:37.00)	Idx:0(Pos:37.00)	Idx:0(Pos:37.00)	Idx:0(Pos:37.00)	Idx:0(Pos:37.00)	Idx:0(Pos:37.00)	Idx:0(Pos:37.00)	Idx:0(Pos:37.00)	Idx:0(Pos:37.00)	Idx:0(Pos:37.00)	Idx:0(Pos:37.00)	Idx:0(Pos:37.00)	Idx:0(Pos:37.00)	Idx:0(Pos:37.00)	Idx:0(Pos:37.00)	Idx:0(Pos:37.00)	Idx:0(Pos:37.00)	Idx:0(Pos:37.00)	Idx:0(Pos:37.00)	Idx:0(Pos:37.00)	Idx:0(Pos:37.00)	Idx:0(Pos:37.00)	Idx:0(Pos:37.00)	Idx:0(Pos:37.00)	Idx:0(Pos:37.00)	Idx:0(Pos:37.00)	Idx:0(Pos:37.00)	Idx:0(Pos:37.00)	Idx:0(Pos:37.00)	Idx:0(Pos:37.00)	Idx:0(Pos:37.00)	Idx:0(Pos:37.00)	Idx:0(Pos:37.00)	Idx:0(Pos:37.00)	Idx:0(Pos:37.00)	Idx:0(Pos:37.00)	Idx:0(Pos:37.00)	Idx:0(Pos:37.00)	Idx:0(Pos:37.00)	Idx:0(Pos:37.00)	Idx:0(Pos:37.00)	Idx:0(Pos:37.00)	Idx:0(Pos:37.00)	Idx:0(Pos:37.00)	Idx:0(Pos:37.00)	Idx:0(Pos:37.00)	Idx:0(Pos:37.00)	Idx:0(Pos:37.00)	Idx:0(Pos:37.00)	Idx:0(Pos:37.00)
Interleave: Sample Changer	Idx:0(Pos:1)	Idx:0(Pos:1)	Idx:0(Pos:1)	Idx:0(Pos:1)	Idx:0(Pos:1)	Idx:0(Pos:1)	Idx:0(Pos:1)	Idx:0(Pos:1)	Idx:0(Pos:1)	Idx:0(Pos:1)	Idx:0(Pos:1)	Idx:0(Pos:1)	Idx:0(Pos:1)	Idx:0(Pos:1)	Idx:0(Pos:1)	Idx:0(Pos:1)	Idx:0(Pos:1)	Idx:0(Pos:1)	Idx:1(Pos:2)	Idx:1(Pos:2)	Idx:1(Pos:2)	Idx:1(Pos:2)	Idx:1(Pos:2)	Idx:1(Pos:2)	Idx:1(Pos:2)	Idx:1(Pos:2)	Idx:1(Pos:2)	Idx:1(Pos:2)	Idx:1(Pos:2)	Idx:1(Pos:2)	Idx:1(Pos:2)	Idx:1(Pos:2)	Idx:1(Pos:2)	Idx:1(Pos:2)	Idx:1(Pos:2)	Idx:1(Pos:2)	Idx:2(Pos:3)	Idx:2(Pos:3)	Idx:2(Pos:3)	Idx:2(Pos:3)	Idx:2(Pos:3)	Idx:2(Pos:3)	Idx:2(Pos:3)	Idx:2(Pos:3)	Idx:2(Pos:3)	Idx:2(Pos:3)	Idx:2(Pos:3)	Idx:2(Pos:3)	Idx:2(Pos:3)	Idx:2(Pos:3)	Idx:2(Pos:3)	Idx:2(Pos:3)	Idx:2(Pos:3)	Idx:2(Pos:3)
Detector	S1 (SCD1)	S1 (SCD1)	S1 (SCD1)	S1 (SCD1)	S1 (SCD1)	S1 (SCD1)	R (SCD2)	R (SCD2)	R (SCD2)	R (SCD2)	R (SCD2)	R (SCD2)	S1/R (SCD1/SCD2)	S1/R (SCD1/SCD2)	S1/R (SCD1/SCD2)	S1/R (SCD1/SCD2)	S1/R (SCD1/SCD2)	S1/R (SCD1/SCD2)	S1 (SCD1)	S1 (SCD1)	S1 (SCD1)	S1 (SCD1)	S1 (SCD1)	S1 (SCD1)	R (SCD2)	R (SCD2)	R (SCD2)	R (SCD2)	R (SCD2)	R (SCD2)	S1/R (SCD1/SCD2)	S1/R (SCD1/SCD2)	S1/R (SCD1/SCD2)	S1/R (SCD1/SCD2)	S1/R (SCD1/SCD2)	S1/R (SCD1/SCD2)	S1 (SCD1)	S1 (SCD1)	S1 (SCD1)	S1 (SCD1)	S1 (SCD1)	S1 (SCD1)	R (SCD2)	R (SCD2)	R (SCD2)	R (SCD2)	R (SCD2)	R (SCD2)	S1/R (SCD1/SCD2)	S1/R (SCD1/SCD2)	S1/R (SCD1/SCD2)	S1/R (SCD1/SCD2)	S1/R (SCD1/SCD2)	S1/R (SCD1/SCD2)
WL Group	1	1	2	2	3	3	1	1	2	2	3	3	1	1	2	2	3	3	1	1	2	2	3	3	1	1	2	2	3	3	1	1	2	2	3	3	1	1	2	2	3	3	1	1	2	2	3	3	1	1	2	2	3	3
Units	(ms)	CPS	(ms)	CPS	(ms)	CPS	(ms)	MicroAmps	(ms)	MicroAmps	(ms)	MicroAmps	(ms)	CPS	(ms)	CPS	(ms)	CPS	(ms)	CPS	(ms)	CPS	(ms)	CPS	(ms)	MicroAmps	(ms)	MicroAmps	(ms)	MicroAmps	(ms)	CPS	(ms)	CPS	(ms)	CPS	(ms)	CPS	(ms)	CPS	(ms)	CPS	(ms)	MicroAmps	(ms)	MicroAmps	(ms)	MicroAmps	(ms)	CPS	(ms)	CPS	(ms)	CPS
1	0	157885	5803	1384776	11606	4208622	0	0.84453	5803	1.01601	11606	1.06081	0	186950.13794655	5803	1362955.08902471	11606	3967366.44639474	16567	122801	22354	1301378	28158	3590209	16567	0.84414	22354	1.01598	28158	1.06168	16567	145474.684294074	22354	1280909.07301325	28158	3381630.05802125	33134	117140	38922	1340735	44725	3481460	33134	0.84491	38922	1.01641	44725	1.06151	33134	138641.985536921	38922	1319088.75355418	44725	3279724.16651751
2	120011	157152	125814	1220366	131617	4096469	120011	0.84371	125814	1.01568	131617	1.06138	120011	186263.052470636	125814	1201526.07120353	131617	3859568.6747442	136578	122614	142365	1164859	148184	3491200	136578	0.84435	142365	1.01616	148184	1.06054	136578	145217.030852135	142365	1146334.23870257	148184	3291907.89597752	153161	118366	158948	1207451	164751	3409219	153161	0.84407	158948	1.01615	164751	1.06197	153161	140232.445176348	158948	1188260.59144811	164751	3210278.06811868
3	240022	157274	245809	1195306	251612	4067928	240022	0.84504	245809	1.01678	251612	1.06124	240022	186114.266780271	245809	1175579.77143532	251612	3833183.82269798	256589	122107	262376	1145534	268211	3471553	256589	0.84503	262376	1.01617	268211	1.06121	256589	144500.19525934	262376	1127305.47054135	268211	3271315.76219598	273187	118607	278959	1182327	284762	3377926	273187	0.84513	278959	1.01682	284762	1.06122	273187	140341.722575225	278959	1162769.22169115	284762	3183059.12063474
4	360033	157513	365820	1186370	371623	4053601	360033	0.84508	365820	1.01572	371623	1.06135	360033	186388.270932929	365820	1168008.90009058	371623	3819287.69962783	376600	123251	382387	1136904	388191	3471052	376600	0.84512	382387	1.01574	388191	1.06079	376600	145838.460810299	382387	1119286.43156713	388191	3272138.68909021	393167	118265	398955	1174727	404758	3368009	393167	0.84482	398955	1.01548	404758	1.06051	393167	139988.399895836	398955	1156819.43514397	404758	3175838.98313076
5	480044	157524	485847	1187783	491650	4058807	480044	0.84579	485847	1.01632	491650	1.06198	480044	186244.81254212	485847	1168709.65837531	491650	3821924.14169758	496611	123114	502398	1139409	508202	3466901	496611	0.84481	502398	1.01638	508202	1.06214	496611	145729.809069495	502398	1121046.26222476	508202	3264071.59131565	513178	118431	518966	1170380	524769	3355763	513178	0.84463	518966	1.01622	524769	1.06111	513178	140216.426127417	518966	1151699.43516168	524769	3162502.47382458
6	600055	158054	605842	1183528	611661	4049429	600055	0.84414	605842	1.01482	611661	1.06165	600055	187236.714289099	605842	1166244.26006582	611661	3814278.71709132	616637	123318	622425	1136131	628244	3458681	616637	0.84469	622425	1.01578	628244	1.06114	616637	145992.020741337	622425	1118481.3640749	628244	3259401.21001941	633220	118327	639008	1171403	644795	3349385	633220	0.84451	639008	1.0164	644795	1.06168	633220	140113.201738286	639008	1152501.96772924	644795	3154797.11400799
7	720066	158783	725869	1185826	731672	4040479	720066	0.84462	725869	1.01695	731672	1.06119	720066	187993.417158012	725869	1166061.26161562	731672	3807498.18599874	736633	123142	742420	1136871	748224	3450356	736633	0.84481	742420	1.0167	748224	1.06104	736633	145762.952616565	742420	1118197.10829153	748224	3251862.32375782	753216	117846	758988	1166717	764791	3329526	753216	0.84516	758988	1.01609	764791	1.06008	753216	139436.319750107	758988	1148241.78960525	764791	3140825.22073806
8	840077	157141	845880	1185375	851683	4038924	840077	0.8448	845880	1.01603	851683	1.06117	840077	186009.706439394	845880	1166673.22815271	851683	3806104.58267761	856659	123674	862447	1139601	868266	3451712	856659	0.84498	862447	1.01673	868266	1.06097	856659	146363.227532013	862447	1120849.19300109	868266	3253354.94877329	873242	117411	879014	1164471	884817	3323607	873242	0.84452	879014	1.01574	884817	1.06092	873242	139026.90285606	879014	1146426.25081222	884817	3132759.30324624
9	960088	158017	965891	1181653	971678	4031155	960088	0.84478	965891	1.01532	971678	1.06089	960088	187051.066549871	965891	1163823.22814482	971678	3799786.02871174	976655	123535	982442	1135954	988246	3453106	976655	0.84459	982442	1.01601	988246	1.06106	976655	146266.235688322	982442	1118053.95616185	988246	3254392.77703429	993222	117468	999010	1162602	1004813	3310632	993222	0.84469	999010	1.01644	1004813	1.06089	993222	139066.40305911	999010	1143797.96151273	1004813	3120617.59466109
10	1080099	157739	1085902	1182637	1091689	4027063	1080099	0.84523	1085902	1.01682	1091689	1.06118	1080099	186622.576103546	1085902	1163074.09374324	1091689	3794891.53583746	1096666	123796	1102453	1134423	1108257	3452087	1096666	0.84545	1102453	1.01658	1108257	1.06278	1096666	146426.163581525	1102453	1115921.02933365	1108257	3248167.07126593	1113233	117082	1119021	1162032	1124824	3314866	1113233	0.84532	1119021	1.01644	1124824	1.06175	1113233	138506.127856906	1119021	1143237.18074849	1124824	3122077.70190723
11	1200110	152446	1205913	716546	1211716	3805428	1200110	0.84484	1205913	1.0159	1211716	1.06092	1200110	180443.634297618	1205913	705331.233389113	1211716	3586913.24510802	1216692	120443	1222480	734555	1228283	3347423	1216692	0.8441	1222480	1.01492	1228283	1.0613	1216692	142688.07013387	1222480	723756.552240571	1228283	3154078.01752568	1233260	109156	1239047	846288	1244850	3197807	1233260	0.84406	1239047	1.01569	1244850	1.0607	1233260	129322.560007582	1239047	833214.858864417	1244850	3014808.14556425
12	1320121	151358	1325908	370821	1331727	3793888	1320121	0.8452	1325908	1.01616	1331727	1.06197	1320121	179079.507808803	1325908	364923.830892773	1331727	3572500.16478808	1336688	120134	1342491	381715	1348310	3339216	1336688	0.8441	1342491	1.01484	1348310	1.06118	1336688	142321.999763061	1342491	376133.183556029	1348310	3146700.8424584	1353271	107393	1359058	474188	1364861	3157568	1353271	0.84483	1359058	1.01618	1364861	1.06082	1353271	127117.881704011	1359058	466637.800389695	1364861	2976535.13319885
13	1440132	151058	1445919	207499	1451722	3783129	1440132	0.84475	1445919	1.01535	1451722	1.06128	1440132	178819.769162474	1445919	204362.042645393	1451722	3564685.09724107	1456699	119935	1462486	214246	1468274	3331896	1456699	0.84459	1462486	1.01589	1468274	1.06078	1456699	142003.81250074	1462486	210894.880351219	1468274	3140986.8210185	1473250	106455	1479038	276995	1484841	3149782	1473250	0.84436	1479038	1.01539	1484841	1.06059	1473250	126077.739352883	1479038	272796.659411655	1484841	2969839.42899707
14	1560143	150829	1565930	124533	1571733	3777497	1560143	0.84467	1565930	1.01628	1571733	1.06067	1560143	178565.593663798	1565930	122538.080056677	1571733	3561425.32550181	1576710	119641	1582497	127758	1588301	3334086	1576710	0.84422	1582497	1.01579	1588301	1.06094	1576710	141717.79867807	1582497	125772.059185462	1588301	3142577.33707844	1593277	106419	1599065	171225	1604868	3153607	1593277	0.84529	1599065	1.01552	1604868	1.06284	1593277	125896.437908883	1599065	168608.200724752	1604868	2967151.21749276
15	1680154	150540	1685957	81006	1691760	3775763	1680154	0.8458	1685957	1.01623	1691760	1.0624	1680154	177985.339323717	1685957	79712.2698601695	1691760	3553993.7876506	1696736	119348	1702508	82354	1708312	3328147	1696736	0.84606	1702508	1.01737	1708312	1.06385	1696736	141063.281563955	1702508	80947.9343798225	1708312	3128398.74042393	1713288	106816	1719076	110696	1724879	3142411	1713288	0.84525	1719076	1.0171	1724879	1.06162	1713288	126372.079266489	1719076	108834.922819782	1724879	2960014.88291479
16	1800165	150006	1805952	57043	1811740	3771987	1800165	0.84502	1805952	1.01679	1811740	1.06223	1800165	177517.691888949	1805952	56101.0631497163	1811740	3551007.78550785	1816716	119262	1822504	57591	1828307	3321969	1816716	0.84504	1822504	1.0166	1828307	1.06123	1816716	141131.780744107	1822504	56650.6000393468	1828307	3130300.68882335	1833362	105707	1839149	76059	1844952	3136361	1833362	0.84471	1839149	1.01581	1844952	1.06071	1833362	125139.988871921	1839149	74875.2227286599	1844952	2956850.60006977
17	1920176	150497	1925963	43963	1931766	3764129	1920176	0.84403	1925963	1.01657	1931766	1.06108	1920176	178307.643093255	1925963	43246.4070354231	1931766	3547450.71059675	1936743	119975	1942531	43333	1948318	3320498	1936743	0.8447	1942531	1.0159	1948318	1.06099	1936743	142032.674322245	1942531	42654.788857171	1948318	3129622.333858	1953295	106213	1959082	55393	1964870	3131839	1953295	0.84473	1959082	1.01533	1964870	1.06077	1953295	125736.033999029	1959082	54556.6466075069	1964870	2952420.41158781
18	2040187	151084	2045974	36494	2051778	3770179	2040187	0.84493	2045974	1.01532	2051778	1.0612	2040187	178812.446001444	2045974	35943.3479100185	2051778	3552750.65963061	2056770	120181	2062557	35557	2068360	3315378	2056770	0.84479	2062557	1.01605	2068360	1.06041	2056770	142261.390404716	2062557	34995.3250332169	2068360	3126505.78549806	2073337	105920	2079124	44088	2084912	3135949	2073337	0.8444	2079124	1.01559	2084912	1.0618	2073337	125438.180956892	2079124	43411.2190943196	2084912	2953427.19909588
19	2160198	150812	2165985	31791	2171789	3761081	2160198	0.84418	2165985	1.01597	2171789	1.06034	2160198	178649.103271814	2165985	31291.2782857762	2171789	3547051.88901673	2176765	119640	2182553	30518	2188371	3308679	2176765	0.8448	2182553	1.01449	2188371	1.06044	2176765	141619.318181818	2182553	30082.1102228706	2188371	3120100.14710875	2193348	106297	2199120	36580	2204923	3130189	2193348	0.8451	2199120	1.01565	2204923	1.06037	2193348	125780.381019998	2199120	36016.3442130655	2204923	2951978.08312193
20	2280209	152015	2285996	28607	2291800	3764349	2280209	0.84345	2285996	1.01548	2291800	1.06112	2280209	180230.007706444	2285996	28170.9142474495	2291800	3547524.31393245	2296760	120109	2302548	27553	2308351	3311198	2296760	0.84431	2302548	1.0159	2308351	1.06093	2296760	142256.990915659	2302548	27121.763953145	2308351	3121033.43293148	2313328	106123	2319115	31712	2324903	3121351	2313328	0.84477	2319115	1.01619	2324903	1.06078	2313328	125623.542502693	2319115	31206.762514884	2324903	2942505.51480986
21	2400220	152019	2406007	26495	2411811	3754514	2400220	0.8451	2406007	1.01556	2411811	1.06111	2400220	179882.854100107	2406007	26089.0543148608	2411811	3538289.150041	2416803	119547	2422590	25279	2428409	3311272	2416803	0.84438	2422590	1.01614	2428409	1.06148	2416803	141579.620549989	2422590	24877.4775129411	2428409	3119486.0006783	2433370	105809	2439173	28271	2444992	3123668	2433370	0.84413	2439173	1.01535	2444992	1.06107	2433370	125346.806771469	2439173	27843.6007288127	2444992	2943884.94632776
22	2520231	153020	2526018	25054	2531822	3755909	2520231	0.84431	2526018	1.01611	2531822	1.06119	2520231	181236.749535123	2526018	24656.7792857073	2531822	3539336.97075924	2536798	119725	2542601	23684	2548404	3308872	2536798	0.84469	2542601	1.01475	2548404	1.06034	2536798	141738.389231552	2542601	23339.738851934	2548404	3120576.41888451	2553381	106053	2559153	25823	2564956	3117035	2553381	0.84462	2559153	1.01518	2564956	1.06046	2553381	125562.97506571	2559153	25436.8683386198	2564956	2939323.50112215
23	2640242	152134	2646029	24098	2651833	3756636	2640242	0.84468	2646029	1.01618	2651833	1.06195	2640242	180108.4434342	2646029	23714.3025841878	2651833	3537488.58232497	2656825	120609	2662597	22476	2668400	3307477	2656825	0.84516	2662597	1.0157	2668400	1.06129	2656825	142705.523214539	2662597	22128.5812739982	2668400	3116468.63722451	2673392	106093	2679179	24442	2684983	3124116	2673392	0.84414	2679179	1.01558	2684983	1.06117	2673392	125681.758949937	2679179	24067.0355855767	2684983	2944029.7030636
24	2760253	152383	2766040	23271	2771844	3751872	2760253	0.84474	2766040	1.01669	2771844	1.06153	2760253	180390.415985984	2766040	22888.9828758029	2771844	3534400.34666943	2776820	120349	2782623	21547	2788426	3306659	2776820	0.84525	2782623	1.01717	2788426	1.06145	2776820	142382.727003845	2782623	21183.2830303686	2788426	3115228.22554053	2793403	105851	2799175	23177	2804978	3113511	2793403	0.84477	2799175	1.01587	2804978	1.06099	2793403	125301.561371734	2799175	22814.9271068149	2804978	2934533.7844843
25	2880264	152004	2886051	22279	2891855	3742196	2880264	0.8443	2886051	1.01519	2891855	1.06068	2880264	180035.532393699	2886051	21945.6456426876	2891855	3528110.26888411	2896831	119819	2902619	21137	2908437	3298590	2896831	0.8442	2902619	1.015	2908437	1.06069	2896831	141932.006633499	2902619	20824.6305418719	2908437	3109853.02020383	2913398	106267	2919201	22324	2924989	3110508	2913398	0.84476	2919201	1.01513	2924989	1.06105	2913398	125795.492210805	2919201	21991.2720538256	2924989	2931537.6278215
26	3000275	144906	3006062	21848	3011866	3615801	3000275	0.84428	3006062	1.01613	3011866	1.06092	3000275	171632.633723409	3006062	21501.1858718865	3011866	3408174.98020586	3016858	114399	3022630	19707	3028448	3185797	3016858	0.84473	3022630	1.01527	3028448	1.0612	3016858	135426.704390752	3022630	19410.6001359244	3028448	3002070.2977761	3033425	101441	3039197	21233	3045000	3011925	3033425	0.84484	3039197	1.01562	3045000	1.06235	3033425	120071.256095829	3039197	20906.4413855576	3045000	2835153.19809856
27	3120286	144628	3126073	20744	3131877	3614811	3120286	0.8447	3126073	1.0163	3131877	1.06156	3120286	171218.18397064	3126073	20411.2958772016	3131877	3405187.64836656	3136853	113969	3142641	19006	3148459	3172750	3136853	0.84502	3142641	1.01483	3148459	1.06109	3136853	134871.363991385	3142641	18728.2599056	3148459	2990085.66662583	3153436	100908	3159223	20369	3165011	2997321	3153436	0.84462	3159223	1.01523	3165011	1.05942	3153436	119471.478297933	3159223	20063.4339016775	3165011	2829209.37871666
28	3240297	145918	3246084	20340	3251888	3606742	3240297	0.84458	3246084	1.0156	3251888	1.06161	3240297	172769.897463828	3246084	20027.5699094132	3251888	3397426.55023973	3256864	113458	3262652	18431	3268455	3160380	3256864	0.8444	3262652	1.01516	3268455	1.06085	3256864	134365.229748934	3262652	18155.7586981363	3268455	2979101.66376019	3273447	100802	3279219	19775	3285038	2996600	3273447	0.84416	3279219	1.01664	3285038	1.0614	3273447	119411.012130402	3279219	19451.3298709474	3285038	2823252.30827209
29	3360308	144747	3366095	19901	3371899	3598639	3360308	0.84524	3366095	1.01636	3371899	1.06074	3360308	171249.585916426	3366095	19580.6603959227	3371899	3392574.05207685	3376875	113995	3382647	18439	3388466	3159050	3376875	0.84428	3382647	1.01635	3388466	1.06074	3376875	135020.372388307	3382647	18142.3722142963	3388466	2978156.75848936	3393442	101481	3399230	19025	3405049	2993177	3393442	0.84437	3399230	1.01464	3405049	1.06124	3393442	120185.463718512	3399230	18750.4927856185	3405049	2820452.48954054
30	3480319	144366	3486106	19547	3491910	3592382	3480319	0.84462	3486106	1.01624	3491910	1.06168	3480319	170924.202599986	3486106	19234.6296150516	3491910	3383676.81410595	3496902	113317	3502689	18153	3508508	3162550	3496902	0.84534	3502689	1.01594	3508508	1.06206	3496902	134049.021695413	3502689	17868.1811918027	3508508	2977750.78620794	3513531	101108	3519319	18924	3525122	2988755	3513531	0.84498	3519319	1.0163	3525122	1.0609	3513531	119657.269994556	3519319	18620.4860769458	3525122	2817188.23640305
31	3600330	135681	3606117	20613	3611921	3475373	3600330	0.84428	3606117	1.01588	3611921	1.06175	3600330	160706.163831904	3606117	20290.7823758712	3611921	3273249.82340476	3616897	106548	3622669	19290	3628472	3035327	3616897	0.8446	3622669	1.01558	3628472	1.06057	3616897	126152.024627042	3622669	18994.0723527442	3628472	2861977.05007685	3633449	94952	3639330	19120	3645133	2887263	3633449	0.84462	3639330	1.01679	3645133	1.06309	3633449	112419.786412825	3639330	18804.276202559	3645133	2715915.86789453
32	3720341	127858	3726144	23688	3731932	3445676	3720341	0.84535	3726144	1.01657	3731932	1.06236	3720341	151248.595256403	3726144	23301.8877204718	3731932	3243416.5442976	3736908	105594	3742680	21129	3748483	3013566	3736908	0.84582	3742680	1.0173	3748483	1.06222	3736908	124842.164999645	3742680	20769.6844588617	3748483	2837045.05657962	3753475	95201	3759247	22019	3765051	2867654	3753475	0.84539	3759247	1.01698	3765051	1.0627	3753475	112611.930588249	3759247	21651.3599087494	3765051	2698460.52507763
33	3840352	110382	3846139	26793	3851958	3351176	3840352	0.84534	3846139	1.01677	3851958	1.0623	3840352	130577.045922351	3846139	26351.0921840731	3851958	3154641.81492987	3856919	103895	3862707	24473	3868510	2936676	3856919	0.84549	3862707	1.01509	3868510	1.0626	3856919	122881.406048564	3862707	24109.1922883685	3868510	2763670.24280068	3873471	93761	3879258	25098	3885062	2801338	3873471	0.84516	3879258	1.01597	3885062	1.06301	3873471	110938.757158408	3879258	24703.485339134	3885062	2635288.47329752
34	3960363	88982	3966150	30107	3971969	3182621	3960363	0.84516	3966150	1.01612	3971969	1.06175	3960363	105284.206540773	3966150	29629.3744833287	3971969	2997523.89922298	3976946	101578	3982733	28235	3988537	2809284	3976946	0.84456	3982733	1.0152	3988537	1.06249	3976946	120273.278393483	3982733	27812.2537431048	3988537	2644056.88524127	3993513	92828	3999301	28578	4005104	2688644	3993513	0.84422	3999301	1.01519	4005104	1.06206	3993513	109957.120181943	3999301	28150.3954924694	4005104	2531536.82466151
35	4080374	69829	4086161	33822	4091980	2977650	4080374	0.84494	4086161	1.01556	4091980	1.06088	4080374	82643.7380169006	4086161	33303.7929812123	4091980	2806773.6218988	4096957	96585	4102713	33284	4108516	2625257	4096957	0.84481	4102713	1.01583	4108516	1.06193	4096957	114327.481919011	4102713	32765.3249067265	4108516	2472156.35682201	4113508	90702	4119280	33529	4125084	2526107	4113508	0.84427	4119280	1.0149	4125084	1.06159	4113508	107432.45644166	4119280	33036.752389398	4125084	2379550.48559237
36	4200385	56127	4206172	38254	4211991	2754517	4200385	0.84482	4206172	1.01602	4211991	1.06133	4200385	66436.6373902133	4206172	37650.833645007	4211991	2595344.5205544	4216952	90957	4222740	39585	4228527	2415316	4216952	0.84454	4222740	1.0156	4228527	1.06167	4216952	107700.049731215	4222740	38976.9594328476	4228527	2275015.77703053	4233504	88428	4239291	39535	4245079	2337957	4233504	0.84427	4239291	1.01597	4245079	1.06109	4233504	104739.005294515	4239291	38913.5505969664	4245079	2203354.09814436
37	4320396	47435	4326183	42412	4332002	2535105	4320396	0.84449	4326183	1.01514	4332002	1.06218	4320396	56169.9960923161	4326183	41779.4589908781	4332002	2386699.99435124	4336979	84394	4342751	46957	4348538	2191522	4336979	0.84442	4342751	1.01514	4348538	1.06138	4336979	99943.1562492598	4342751	46256.6739563016	4348538	2064785.46797565	4353515	85595	4359302	47434	4365106	2128295	4353515	0.84476	4359302	1.01564	4365106	1.06156	4353515	101324.636583172	4359302	46703.5563782443	4365106	2004874.90108896
38	4440407	41551	4446195	47652	4452013	2341405	4440407	0.8446	4446195	1.01486	4452013	1.06111	4440407	49196.0691451575	4446195	46954.2597008454	4452013	2206561.9964	4456974	79279	4462762	55423	4468565	1987231	4456974	0.84377	4462762	1.01499	4468565	1.06018	4456974	93958.0691420648	4462762	54604.4788618607	4468565	1874427.92733309	4473541	80926	4479313	57225	4485117	1929475	4473541	0.84386	4479313	1.01527	4485117	1.0607	4473541	95899.7938046596	4479313	56364.3168812237	4485117	1819058.16913359
39	4560418	37441	4566221	53427	4572024	2186521	4560418	0.84371	4566221	1.0164	4572024	1.06032	4560418	44376.6222991312	4566221	52564.9350649351	4572024	2062133.12962125	4577001	73533	4582773	64860	4588576	1813405	4577001	0.84541	4582773	1.01531	4588576	1.06049	4577001	86979.0988987592	4582773	63881.9670839448	4588576	1709968.97660515	4593568	77049	4599356	69403	4605143	1754609	4593568	0.84429	4599356	1.01494	4605143	1.06036	4593568	91258.9276196568	4599356	68381.382150669	4605143	1654729.52582142
40	4680429	34972	4686217	58808	4692035	2076846	4680429	0.84461	4686217	1.01531	4692035	1.06137	4680429	41406.0927528682	4686217	57921.2260294885	4692035	1956759.65968512	4696996	68278	4702784	75233	4708587	1668620	4696996	0.84387	4702784	1.01544	4708587	1.0608	4696996	80910.5667934634	4702784	74089.0648388876	4708587	1572982.6546003	4713563	73101	4719335	82447	4725139	1608101	4713563	0.84409	4719335	1.01488	4725139	1.06084	4713563	86603.3242900639	4719335	81238.1759419833	4725139	1515875.15553712
41	4800440	32944	4806228	63774	4812046	2007298	4800440	0.84487	4806228	1.01511	4812046	1.06139	4800440	38992.9811687005	4806228	62824.7185034134	4812046	1891197.39209904	4817023	64331	4822795	85304	4828598	1558863	4817023	0.84435	4822795	1.01598	4828598	1.06017	4817023	76189.9686149109	4822795	83962.2827221008	4828598	1470389.65448937	4833574	69807	4839362	97543	4845150	1487437	4833574	0.8441	4839362	1.01546	4845150	1.06033	4833574	82699.917071437	4839362	96057.9441829319	4845150	1402805.73029151
42	4920451	31489	4926254	69051	4932057	1967972	4920451	0.84417	4926254	1.01528	4932057	1.06098	4920451	37301.7283248635	4926254	68011.7800015759	4932057	1854862.4856265	4937018	60884	4942806	95319	4948593	1483168	4937018	0.84408	4942806	1.01549	4948593	1.06101	4937018	72130.6037342432	4942806	93865.0306748466	4948593	1397883.14907494	4953570	66442	4959357	113994	4965161	1399897	4953570	0.84441	4959357	1.01523	4965161	1.06175	4953570	78684.5252898474	4959357	112283.91595993	4965161	1318480.80998352
43	5040462	30418	5046250	72915	5052068	1959950	5040462	0.84432	5046250	1.01513	5052068	1.06119	5040462	36026.6249763123	5046250	71828.2387477466	5052068	1846935.98695804	5057029	57727	5062817	105066	5068620	1431286	5057029	0.84478	5062817	1.01675	5068620	1.06129	5057029	68333.7673713866	5062817	103335.136464224	5068620	1348628.55581415	5073596	64353	5079368	130308	5085172	1336395	5073596	0.84478	5079368	1.01647	5085172	1.06151	5073596	76177.2295745638	5079368	128196.601965626	5085172	1258956.58071992
44	5160473	30086	5166261	77516	5172079	1982626	5160473	0.84469	5166261	1.01649	5172079	1.06088	5160473	35617.8006132427	5166261	76258.4973782329	5172079	1868850.38835684	5177040	55172	5182828	114200	5188615	1398880	5177040	0.84393	5182828	1.01628	5188615	1.06144	5177040	65375.0903510955	5182828	112370.606525761	5188615	1317907.74796503	5193592	62292	5199379	146926	5205183	1292406	5193592	0.8445	5199379	1.01528	5205183	1.06057	5193592	73761.9893428064	5199379	144714.758490269	5205183	1218595.6608239
45	5280484	29425	5286272	80847	5292090	2019556	5280484	0.84453	5286272	1.01602	5292090	1.0605	5280484	34841.8647058127	5286272	79572.2525147143	5292090	1904343.23432343	5297051	52867	5302839	123242	5308626	1376839	5297051	0.84402	5302839	1.01512	5308626	1.06023	5297051	62637.1412999692	5302839	121406.336196706	5308626	1298622.94030541	5313587	60898	5319390	163044	5325194	1261084	5313587	0.84494	5319390	1.01574	5325194	1.06054	5313587	72073.7567164532	5319390	160517.455254297	5325194	1189096.1208441
46	5400495	31273	5406283	900302	5412086	2054128	5400495	0.84487	5406283	1.01627	5412086	1.06181	5400495	37015.1620959438	5406283	885888.592598424	5412086	1934553.2628248	5417062	54478	5422865	856152	5428669	1350098	5417062	0.8448	5422865	1.01659	5428669	1.062	5417062	64486.268939394	5422865	842180.229984556	5428669	1271278.71939736	5433661	60588	5439448	870772	5445251	1237495	5433661	0.84464	5439448	1.01576	5445251	1.06064	5433661	71732.3356696344	5439448	857261.557848311	5445251	1166743.66420275
47	5520506	31010	5526294	910630	5532097	2125893	5520506	0.845	5526294	1.01718	5532097	1.06135	5520506	36698.224852071	5526294	895249.611671484	5532097	2003008.43265652	5537073	52913	5542861	869109	5548664	1348206	5537073	0.84469	5542861	1.01649	5548664	1.06112	5537073	62641.9159691721	5542861	855009.886963964	5548664	1270549.98492159	5553640	58974	5559428	883174	5565231	1230472	5553640	0.84495	5559428	1.0155	5565231	1.06088	5553640	69795.8459080419	5559428	869693.746922698	5565231	1159859.73908453
48	5640517	31048	5646320	911387	5652123	2210848	5640517	0.84479	5646320	1.01561	5652123	1.06119	5640517	36752.3289811669	5646320	897378.915134747	5652123	2083366.78634363	5657100	51039	5662872	872712	5668706	1356207	5657100	0.84427	5662872	1.01601	5668706	1.06119	5657100	60453.4094543215	5662872	858960.049605811	5668706	1278005.82365081	5673683	58312	5679455	888161	5685258	1228783	5673683	0.84463	5679455	1.01612	5685258	1.06091	5673683	69038.5139054971	5679455	874070.975868992	5685258	1158234.91153821
49	5760528	31233	5766316	912941	5772119	2298094	5760528	0.84604	5766316	1.01679	5772119	1.06138	5760528	36916.6942461349	5766316	897865.83266948	5772119	2165194.3695943	5777095	50089	5782867	875720	5788670	1368412	5777095	0.84546	5782867	1.01708	5788670	1.06116	5777095	59244.6715397535	5782867	861013.882880403	5788670	1289543.51841381	5793647	57744	5799434	892649	5805222	1239377	5793647	0.84499	5799434	1.01724	5805222	1.0614	5793647	68336.9033953065	5799434	877520.545790571	5805222	1167681.36423592
50	5880539	31222	5886327	916060	5892130	2383129	5880539	0.84515	5886327	1.01617	5892130	1.06148	5880539	36942.5545761108	5886327	901483.019573497	5892130	2245100.23740438	5897106	49098	5902909	875256	5908713	1391947	5897106	0.84508	5902909	1.01589	5908713	1.06158	5897106	58098.6415487291	5902909	861565.720698107	5908713	1311203.11234198	5913689	56944	5919461	891178	5925264	1248676	5913689	0.84558	5919461	1.01572	5925264	1.06146	5913689	67343.1254286998	5919461	877385.499940929	5925264	1176375.93503288
51	6000550	31534	6006338	917277	6012141	2457951	6000550	0.84477	6006338	1.01605	6012141	1.06159	6000550	37328.503616369	6006338	902787.264406279	6012141	2315348.67510056	6017117	48967	6022889	876897	6028692	1420153	6017117	0.84487	6022889	1.0163	6028692	1.06074	6017117	57958.0290458887	6022889	862832.824953262	6028692	1338832.32460358	6033669	56183	6039457	893447	6045244	1264892	6033669	0.84397	6039457	1.01639	6045244	1.06087	6033669	66569.9017737597	6039457	879039.541908126	6045244	1192315.7408542
52	6120561	31523	6126364	919358	6132167	2530805	6120561	0.84452	6126364	1.0162	6132167	1.06098	6120561	37326.5286790129	6126364	904701.830348357	6132167	2385346.56638202	6137144	48601	6142947	882709	6148750	1451733	6137144	0.84448	6142947	1.01691	6148750	1.06101	6137144	57551.3925729443	6142947	868030.60251153	6148750	1368255.71860774	6153727	55633	6159514	895448	6165318	1283857	6153727	0.84442	6159514	1.01665	6165318	1.06132	6153727	65883.0913526444	6159514	880782.963655142	6165318	1209679.45577206
53	6240572	31733	6246360	921221	6252163	2599144	6240572	0.84434	6246360	1.0161	6252163	1.06094	6240572	37583.2010801336	6246360	906624.347997245	6252163	2449850.13290101	6257139	48352	6262927	880600	6268730	1486420	6257139	0.8445	6262927	1.01693	6268730	1.06145	6257139	57255.180580225	6262927	865939.641863255	6268730	1400367.42192284	6273722	55422	6279494	897142	6285313	1308687	6273722	0.84447	6279494	1.01586	6285313	1.06204	6273722	65629.3296387083	6279494	883135.471423228	6285313	1232238.89872321
54	6360583	31574	6366371	919792	6372189	2655837	6360583	0.84566	6366371	1.01625	6372189	1.0614	6360583	37336.5182224535	6366371	905084.378843788	6372189	2502201.8089316	6377150	48122	6382922	882505	6388726	1516520	6377150	0.84533	6382922	1.01576	6388726	1.06116	6377150	56926.8806265009	6382922	868812.514767268	6388726	1429115.3077764	6393718	55301	6399490	894756	6405293	1329368	6393718	0.84503	6399490	1.01531	6405293	1.06086	6393718	65442.6470066152	6399490	881263.850449616	6405293	1253104.0853647
55	6480594	31822	6486382	922276	6492185	2704928	6480594	0.8445	6486382	1.0161	6492185	1.06119	6480594	37681.4683244523	6486382	907662.631630745	6492185	2548957.3026508	6497146	48780	6502933	881506	6508752	1552529	6497146	0.84555	6502933	1.01638	6508752	1.0614	6497146	57690.260777009	6502933	867299.632027391	6508752	1462718.10815904	6513729	54514	6519501	896744	6525304	1359824	6513729	0.84497	6519501	1.01528	6525304	1.06138	6513729	64515.8999727801	6519501	883247.971003073	6525304	1281184.87252445
56	6600605	31892	6606408	922128	6612212	2743512	6600605	0.84409	6606408	1.01651	6612212	1.06057	6600605	37782.7008968238	6606408	907150.938013399	6612212	2586827.83786077	6617172	47999	6622960	885039	6628763	1583094	6617172	0.84482	6622960	1.016	6628763	1.06091	6617172	56815.6530385171	6622960	871101.377952756	6628763	1492203.86272163	6633740	54534	6639527	898032	6645315	1388786	6633740	0.84567	6639527	1.0157	6645315	1.06111	6633740	64486.1470786477	6639527	884150.831938565	6645315	1308804.93068579
57	6720616	31954	6726419	923488	6732207	2781194	6720616	0.84491	6726419	1.016	6732207	1.06164	6720616	37819.4127185144	6726419	908944.881889764	6732207	2619714.78090502	6737183	48741	6742971	884291	6748759	1619755	6737183	0.84417	6742971	1.01573	6748759	1.06074	6737183	57738.3702334838	6742971	870596.51679088	6748759	1527004.7325452	6753751	54942	6759538	898430	6765341	1422021	6753751	0.8447	6759538	1.01537	6765341	1.06183	6753751	65043.2106073162	6759538	884830.160434128	6765341	1339217.20049349
58	6840627	32580	6846430	926978	6852218	2800866	6840627	0.84495	6846430	1.01678	6852218	1.06166	6840627	38558.4945854784	6846430	911680.00944157	6852218	2638194.90232278	6857194	48921	6862982	884220	6868785	1650655	6857194	0.84533	6862982	1.01589	6868785	1.06197	6857194	57872.0736280506	6862982	870389.510675368	6868785	1554332.98492424	6873777	55066	6879565	900418	6885368	1458978	6873777	0.84505	6879565	1.01636	6885368	1.0624	6873777	65163.0081060292	6879565	885924.278798851	6885368	1373285.01506024
59	6960638	32370	6966426	923357	6972245	2821406	6960638	0.84503	6966426	1.01686	6972245	1.0614	6960638	38306.3323195626	6966426	908047.322148575	6972245	2658192.95270398	6977221	49514	6983009	884551	6988827	1678548	6977221	0.84492	6983009	1.0151	6988827	1.06157	6977221	58601.997822279	6983009	871392.966210225	6988827	1581193.89206553	6993788	54663	6999576	900921	7005363	1487010	6993788	0.84407	6999576	1.016	7005363	1.06191	6993788	64761.2164867843	6999576	886733.267716535	7005363	1400316.41099528
60	7080649	32765	7086437	924939	7092240	2834699	7080649	0.84514	7086437	1.01654	7092240	1.0609	7080649	38768.7247083324	7086437	909889.428846873	7092240	2671975.68102555	7097216	49416	7103004	886291	7108792	1705967	7097216	0.84494	7103004	1.01587	7108792	1.06083	7097216	58484.626127299	7103004	872445.293196964	7108792	1608143.62338923	7113768	54759	7119556	901119	7125343	1522163	7113768	0.84562	7119556	1.01605	7125343	1.06183	7113768	64756.0369906104	7119556	886884.503715368	7125343	1433527.96587024
61	7200660	32970	7206448	926516	7212251	2847588	7200660	0.8448	7206448	1.01634	7212251	1.0617	7200660	39026.9886363636	7206448	911620.127122813	7212251	2682102.28878214	7217227	49939	7222999	887560	7228803	1727728	7217227	0.84521	7222999	1.01637	7228803	1.06157	7217227	59084.7245063357	7222999	873264.657555811	7228803	1627521.50117279	7233779	54428	7239567	900743	7245370	1554359	7233779	0.84451	7239567	1.01537	7245370	1.06172	7233779	64449.2072325964	7239567	887108.147768794	7245370	1464000.86651848
62	7320671	32918	7326459	927628	7332262	2853948	7320671	0.84441	7326459	1.01672	7332262	1.06122	7320671	38983.4322189458	7326459	912373.121410025	7332262	2689308.53168994	7337238	49996	7343010	885594	7348814	1749717	7337238	0.8446	7343010	1.01578	7348814	1.06161	7337238	59194.885152735	7343010	871836.421272323	7348814	1648173.05790262	7353790	54186	7359578	900854	7365381	1594292	7353790	0.84425	7359578	1.01513	7365381	1.06208	7353790	64182.4104234528	7359578	887427.226069568	7365381	1501103.49502862
63	7440682	33165	7446470	927537	7452289	2859521	7440682	0.84538	7446470	1.01651	7452289	1.06203	7440682	39230.8784215382	7446470	912472.085862412	7452289	2692504.91982336	7457249	50777	7463021	886125	7468825	1763370	7457249	0.84486	7463021	1.0163	7468825	1.06224	7457249	60101.0818360438	7463021	871912.821017416	7468825	1660048.57659286	7473801	54853	7479589	902093	7485392	1626130	7473801	0.84515	7479589	1.01596	7485392	1.06103	7473801	64903.2716085902	7479589	887921.768573566	7485392	1532595.68532464
64	7560693	33031	7566496	924056	7572300	2853697	7560693	0.84451	7566496	1.01565	7572300	1.05976	7560693	39112.6215201715	7566496	909817.358341949	7572300	2692776.66641504	7577276	50962	7583048	887633	7588882	1780999	7577276	0.84468	7583048	1.01659	7588882	1.06206	7577276	60332.9071364304	7583048	873147.483252836	7588882	1676928.7987496	7593843	54932	7599631	903191	7605434	1663315	7593843	0.84433	7599631	1.0168	7605434	1.0614	7593843	65059.8699560598	7599631	888268.095987412	7605434	1567095.34576974
65	7680704	33275	7686492	926520	7692311	2856880	7680704	0.84446	7686492	1.01468	7692311	1.06152	7680704	39403.8794022215	7686492	913115.464974179	7692311	2691310.57351722	7697287	51399	7703075	887271	7708893	1789729	7697287	0.84393	7703075	1.0165	7708893	1.0607	7697287	60904.3404073798	7703075	872868.66699459	7708893	1687309.3240313	7713870	54884	7719642	903178	7725445	1691068	7713870	0.8438	7719642	1.01609	7725445	1.05958	7713870	65043.8492533776	7719642	888875.985394994	7725445	1595979.53906265
66	7800715	33237	7806503	928013	7812306	2859848	7800715	0.84498	7806503	1.01638	7812306	1.06174	7800715	39334.6588084925	7806503	913057.124303902	7812306	2693548.32633225	7817282	51344	7823054	889499	7828858	1798883	7817282	0.84476	7823054	1.01685	7828858	1.06173	7817282	60779.392963682	7823054	874759.305698972	7828858	1694294.21792735	7833834	54965	7839622	905886	7845425	1728355	7833834	0.84576	7839622	1.01617	7845425	1.06172	7833834	64988.8857359062	7839622	891470.915299606	7845425	1627882.11581208
67	7920726	33851	7926529	929117	7932317	2853651	7920726	0.84431	7926529	1.01569	7932317	1.05962	7920726	40093.0937688764	7926529	914764.347389459	7932317	2693089.0319171	7937293	52373	7943065	888417	7948869	1802094	7937293	0.84478	7943065	1.01608	7948869	1.06118	7937293	61996.0226331116	7943065	874357.334068184	7948869	1698198.23215666	7953845	55307	7959633	905201	7965420	1753062	7953845	0.84455	7959633	1.01621	7965420	1.06043	7953845	65486.9457107335	7959633	890761.752000079	7965420	1653161.45337269
68	8040737	33454	8046525	928589	8052328	2852569	8040737	0.84572	8046525	1.01693	8052328	1.06251	8040737	39556.8273187343	8046525	913129.713942946	8052328	2684745.55533595	8057304	53115	8063076	889316	8068880	1809699	8057304	0.84534	8063076	1.01676	8068880	1.06192	8057304	62832.706366669	8063076	874656.752822692	8068880	1704176.39746874	8073856	55017	8079644	904039	8085447	1780701	8073856	0.84528	8079644	1.01619	8085447	1.06098	8073856	65087.3083475298	8079644	889635.796455387	8085447	1678354.91715207
69	8160748	33651	8166551	930017	8172355	2848444	8160748	0.84373	8166551	1.01679	8172355	1.06202	8160748	39883.6120559895	8166551	914659.860934903	8172355	2682100.14877309	8177331	52963	8183119	888889	8188937	1808576	8177331	0.84462	8183119	1.01578	8188937	1.06121	8177331	62706.3057943217	8183119	875080.233908917	8188937	1704258.34660435	8193914	55340	8199686	904470	8205489	1809717	8193914	0.84544	8199686	1.01716	8205489	1.06209	8193914	65457.0401211204	8199686	889211.136890951	8205489	1703920.57170296
70	8280759	33552	8286547	927682	8292350	2842638	8280759	0.84424	8286547	1.01625	8292350	1.06186	8280759	39742.2533876623	8286547	912848.216482165	8292350	2677036.52082195	8297326	53773	8303114	889851	8308933	1808838	8297326	0.84351	8303114	1.01568	8308933	1.06073	8297326	63749.0960391697	8303114	876113.539697543	8308933	1705276.55482545	8313909	55155	8319697	906674	8325500	1832382	8313909	0.84459	8319697	1.01609	8325500	1.06093	8313909	65303.8752530814	8319697	892316.625495773	8325500	1727146.93712121
71	8400770	33753	8406573	928140	8412377	2833081	8400770	0.84471	8406573	1.01543	8412377	1.061	8400770	39958.0921262919	8406573	914036.418069192	8412377	2670198.86899152	8417353	54078	8423156	890481	8428975	1799373	8417353	0.84483	8423156	1.01476	8428975	1.06119	8417353	64010.5109903768	8423156	877528.676731444	8428975	1695618.12681989	8433936	55564	8439724	905213	8445527	1856698	8433936	0.84448	8439724	1.01649	8445527	1.06068	8433936	65796.7032967033	8439724	890528.190144517	8445527	1750478.93803975
72	8520781	33757	8526569	926615	8532388	2823898	8520781	0.84471	8526569	1.01549	8532388	1.06035	8520781	39962.8274792532	8526569	912480.674354253	8532388	2663175.36662423	8537348	54674	8543152	890036	8548971	1795287	8537348	0.84482	8543152	1.01587	8548971	1.06118	8537348	64716.7443952558	8543152	876131.788516247	8548971	1691783.67477714	8553947	55740	8559735	904287	8565538	1872682	8553947	0.84471	8559735	1.01553	8565538	1.06109	8553947	65987.1435167099	8559735	890458.184396325	8565538	1764866.31671206
73	8640792	33615	8646595	926850	8652399	2815600	8640792	0.84418	8646595	1.01488	8652399	1.0606	8640792	39819.7066976237	8646595	913260.681065742	8652399	2654723.74127852	8657360	54477	8663147	887548	8668935	1786147	8657360	0.84412	8663147	1.01519	8668935	1.0606	8657360	64537.0326493863	8663147	874267.871038919	8668935	1684091.08052046	8673927	55757	8679699	904631	8685502	1893498	8673927	0.84503	8679699	1.0152	8685502	1.06115	8673927	65982.2728187165	8679699	891086.485421592	8685502	1784382.98072845
74	8760803	34520	8766591	925707	8772410	2816240	8760803	0.84421	8766591	1.01513	8772410	1.06158	8760803	40890.2998069201	8766591	911909.804655561	8772410	2652875.90195746	8777386	55483	8783158	890627	8788961	1780398	8777386	0.84374	8783158	1.0156	8788961	1.06062	8777386	65758.408988551	8783158	876946.632532493	8788961	1678638.90931719	8793938	56154	8799741	904407	8805529	1911455	8793938	0.84444	8799741	1.01582	8805529	1.06062	8793938	66498.5078868836	8799741	890322.104309819	8805529	1802205.31387302
75	8880814	34238	8886602	926849	8892421	2806304	8880814	0.84382	8886602	1.01407	8892421	1.06003	8880814	40575.004147804	8886602	913989.172345104	8892421	2647381.67787704	8897397	55427	8903169	888836	8908972	1767494	8897397	0.84391	8903169	1.01528	8908972	1.06017	8897397	65678.8046118662	8903169	875458.986683476	8908972	1667179.79192016	8913964	56498	8919752	906482	8925555	1927087	8913964	0.84369	8919752	1.01569	8925555	1.06104	8913964	66965.3545733623	8919752	892479.00442064	8925555	1816224.64751565
76	9000825	34199	9006629	928530	9012432	2795410	9000825	0.844	9006629	1.01583	9012432	1.06121	9000825	40520.1421800948	9006629	914060.423496057	9012432	2634172.31273735	9017408	56121	9023211	888025	9029030	1757703	9017408	0.84469	9023211	1.01511	9029030	1.06042	9017408	66439.7589648273	9023211	874806.671198196	9029030	1657553.61083344	9034007	56417	9039779	905813	9045582	1935139	9034007	0.84391	9039779	1.01568	9045582	1.06101	9034007	66851.9154886185	9039779	891829.119407688	9045582	1823864.99655988
77	9120836	33967	9126624	926412	9132443	2789849	9120836	0.8443	9126624	1.01513	9132443	1.06065	9120836	40230.960559043	9126624	912604.296986593	9132443	2630320.08673926	9137419	56643	9143222	888913	9149041	1748081	9137419	0.84426	9143222	1.01532	9149041	1.06082	9137419	67091.8911235875	9143222	875500.334869795	9149041	1647858.26059086	9154002	56769	9159774	905893	9165577	1947543	9154002	0.84361	9159774	1.01574	9165577	1.06008	9154002	67292.9434217233	9159774	891855.199165141	9165577	1837166.06293865
78	9240847	34523	9246635	927703	9252438	2779129	9240847	0.84369	9246635	1.01545	9252438	1.06048	9240847	40919.0579478244	9246635	913588.064404944	9252438	2620633.10953531	9257430	57088	9263202	890326	9269005	1735631	9257430	0.84327	9263202	1.01611	9269005	1.06109	9257430	67698.3646993252	9263202	876210.252826958	9269005	1635705.73655392	9273982	56755	9279769	901643	9285557	1959930	9273982	0.84397	9279769	1.01465	9285557	1.06017	9273982	67247.6509828548	9279769	888624.648893707	9285557	1848694.07736495
79	9360858	34477	9366646	924449	9372465	2775965	9360858	0.8434	9366646	1.01432	9372465	1.05937	9360858	40878.5866729903	9366646	911397.783736888	9372465	2620392.30863627	9377441	57515	9383229	887092	9389032	1720484	9377441	0.84364	9383229	1.01407	9389032	1.06092	9377441	68174.8139016642	9383229	874783.792045914	9389032	1621690.60815142	9394008	56989	9399796	906046	9405599	1962101	9394008	0.84354	9399796	1.01482	9405599	1.05939	9394008	67559.3332859141	9399796	892814.489269033	9405599	1852104.51297445
80	9480869	34582	9486657	925506	9492476	2767832	9480869	0.84443	9486657	1.01407	9492476	1.06043	9480869	40953.0689340739	9486657	912664.806177088	9492476	2610103.44860104	9497452	57843	9503224	890955	9509027	1705987	9497452	0.84328	9503224	1.01524	9509027	1.06049	9497452	68592.8754387629	9503224	877580.670580355	9509027	1608678.06391385	9514004	57252	9519791	904830	9525579	1968527	9514004	0.84397	9519791	1.01473	9525579	1.05944	9514004	67836.5344739742	9519791	891695.327821194	9525579	1858082.57192479
81	9600880	34722	9606668	924800	9612487	2757935	9600880	0.84403	9606668	1.01438	9612487	1.06062	9600880	41138.34816298	9606668	911689.899248802	9612487	2600304.53885463	9617463	57627	9623235	888500	9629038	1693909	9617463	0.8443	9623235	1.01545	9629038	1.06111	9617463	68254.1750562596	9623235	874981.535279925	9629038	1596355.70299027	9634030	57464	9639818	904540	9645606	1976537	9634030	0.84444	9639818	1.01552	9645606	1.06038	9634030	68049.8318412202	9639818	890716.086340003	9645606	1863989.32458175
82	9720891	34703	9726679	925272	9732467	2748552	9720891	0.84392	9726679	1.01501	9732467	1.06066	9720891	41121.1963219263	9726679	911589.04838376	9732467	2591360.09654366	9737443	58505	9743231	888554	9749034	1680292	9737443	0.84389	9743231	1.01476	9749034	1.06097	9737443	69327.7559871547	9743231	875629.705546139	9749034	1583731.86800758	9754010	57404	9759782	904976	9765585	1979736	9754010	0.8443	9759782	1.0154	9765585	1.06092	9754010	67990.0509297643	9759782	891250.738625173	9765585	1866055.87603212
83	9840902	34902	9846690	927231	9852493	2739779	9840902	0.84413	9846690	1.01528	9852493	1.06021	9840902	41346.7119993366	9846690	913276.140572059	9852493	2584185.20859075	9857470	58678	9863257	889264	9869060	1663654	9857470	0.84403	9863257	1.01568	9869060	1.0608	9857470	69521.2255488549	9863257	875535.601764335	9869060	1568301.28205128	9874037	57648	9879824	907873	9885643	1984293	9874037	0.84433	9879824	1.01577	9885643	1.06016	9874037	68276.6217000462	9879824	893778.119062386	9885643	1871692.0087534
84	9960913	35133	9966701	928615	9972504	2740665	9960913	0.84437	9966701	1.01607	9972504	1.06189	9960913	41608.5365420373	9966701	913928.174239964	9972504	2580931.16989519	9977481	59337	9983268	888917	9989056	1645785	9977481	0.8453	9983268	1.01645	9989056	1.06163	9977481	70196.3799834378	9983268	874530.965615623	9989056	1550243.49349585	9994048	57924	9999835	906001	10005639	1988764	9994048	0.84487	9999835	1.01651	10005639	1.06168	9994048	68559.6600660457	9999835	891285.87028165	10005639	1873223.57019064
85	10080924	34800	10086712	926765	10092515	2729387	10080924	0.84547	10086712	1.01616	10092515	1.06259	10080924	41160.5379256508	10086712	912026.64934656	10092515	2568617.24653912	10097492	59701	10103279	890154	10109067	1628470	10097492	0.8453	10103279	1.01739	10109067	1.06208	10097492	70626.996332663	10103279	874938.814024121	10109067	1533283.74510395	10114043	58147	10119831	907733	10125634	1986347	10114043	0.84555	10119831	1.01718	10125634	1.06304	10114043	68768.2573472887	10119831	892401.541516742	10125634	1868553.39403974
86	10200935	34955	10206723	924920	10212526	2718027	10200935	0.84527	10206723	1.01676	10212526	1.06158	10200935	41353.6503129178	10206723	909673.866005744	10212526	2560360.02939015	10217503	59405	10223290	888090	10229093	1617905	10217503	0.84531	10223290	1.01619	10229093	1.0621	10217503	70275.9934225314	10223290	873940.896879521	10229093	1523307.5981546	10234054	58268	10239826	905073	10245629	1987883	10234054	0.84461	10239826	1.01603	10245629	1.06178	10234054	68988.0536579013	10239826	890793.578929756	10245629	1872217.4085027
87	10320946	35869	10326734	927186	10332537	2713196	10320946	0.84482	10326734	1.01645	10332537	1.06184	10320946	42457.5649250728	10326734	912180.628658567	10332537	2555183.45513448	10337514	59734	10343301	890002	10349089	1604467	10337514	0.84547	10343301	1.01639	10349089	1.06253	10337514	70651.826794564	10343301	875650.09494387	10349089	1510043.95170019	10354081	58816	10359868	906916	10365672	1984735	10354081	0.8443	10359868	1.01633	10365672	1.06162	10354081	69662.4422598603	10359868	892344.0221188	10365672	1869534.29664098
88	10440957	35365	10446745	925618	10452548	2704122	10440957	0.845	10446745	1.0154	10452548	1.06225	10440957	41852.0710059172	10446745	911579.673035257	10452548	2545654.9776418	10457525	60410	10463312	891437	10469115	1584519	10457525	0.84451	10463312	1.01705	10469115	1.06182	10457525	71532.6047056873	10463312	876492.797797552	10469115	1492267.05091258	10474107	58947	10479895	907010	10485683	1985517	10474107	0.84473	10479895	1.01593	10485683	1.06144	10474107	69782.0605400542	10479895	892787.888929355	10485683	1870588.06903829
89	10560968	35794	10566756	925811	10572559	2695227	10560968	0.84513	10566756	1.01541	10572559	1.06127	10560968	42353.2474293896	10566756	911760.766586896	10572559	2539624.22380733	10577536	60755	10583323	890105	10589126	1570107	10577536	0.84461	10583323	1.0159	10589126	1.06257	10577536	71932.607949231	10583323	876173.836007481	10589126	1477650.41361981	10594103	59155	10599891	907853	10605694	1981629	10594103	0.8453	10599891	1.01579	10605694	1.06201	10594103	69981.0718088253	10599891	893740.832258636	10605694	1865923.10806866
90	10680979	35543	10686767	924725	10692570	2686926	10680979	0.84451	10686767	1.01578	10692570	1.06201	10680979	42087.1274466851	10686767	910359.526669161	10692570	2530038.32355628	10697547	60865	10703334	888802	10709138	1555135	10697547	0.84449	10703334	1.01644	10709138	1.06167	10697547	72073.0855309122	10703334	874426.429499036	10709138	1464800.73845922	10714114	58789	10719902	905617	10725705	1979099	10714114	0.84523	10719902	1.01572	10725705	1.06313	10714114	69553.8492481336	10719902	891601.031780412	10725705	1861577.60574906
91	10800990	36007	10806778	928437	10812581	2677670	10800990	0.84488	10806778	1.01723	10812581	1.06099	10800990	42617.8865637724	10806778	912710.989648359	10812581	2523746.68941272	10817558	61493	10823330	891816	10829133	1538921	10817558	0.84533	10823330	1.01702	10829133	1.06274	10817558	72744.3720203944	10823330	876891.30990541	10829133	1448069.14202909	10834109	59314	10839897	904872	10845685	1972620	10834109	0.84481	10839897	1.01567	10845685	1.06256	10834109	70209.8696748381	10839897	890911.418078707	10845685	1856478.69296793
92	10921001	36263	10926789	930034	10932592	2670467	10921001	0.84491	10926789	1.01677	10932592	1.06177	10921001	42919.3641926359	10926789	914694.572027105	10932592	2515108.73352986	10937569	61422	10943356	890231	10949160	1521100	10937569	0.84519	10943356	1.01598	10949160	1.06201	10937569	72672.4168530153	10943356	876228.862772889	10949160	1432284.0651218	10954136	59862	10959924	906746	10965727	1968193	10954136	0.8455	10959924	1.01565	10965727	1.06151	10954136	70800.7096392667	10959924	892774.085560971	10965727	1854144.5676442
93	11041012	36327	11046800	925795	11052619	2660407	11041012	0.8451	11046800	1.01671	11052619	1.06261	11041012	42985.4455094072	11046800	910579.221213522	11052619	2503653.26883805	11057595	61798	11063383	887960	11069171	1503493	11057595	0.84545	11063383	1.01707	11069171	1.06137	11057595	73094.8015849548	11063383	873056.918402863	11069171	1416558.78722783	11074163	59816	11079950	905072	11085753	1962891	11074163	0.84531	11079950	1.01688	11085753	1.06186	11074163	70762.2055813843	11079950	890047.989929982	11085753	1848540.29721432
94	11161024	36498	11166811	925715	11172614	2648604	11161024	0.84496	11166811	1.01661	11172614	1.06172	11161024	43194.9441393675	11166811	910590.098464505	11172614	2494635.12037072	11177606	62586	11183378	888085	11189182	1486552	11177606	0.84521	11183378	1.01567	11189182	1.06041	11177606	74047.869760178	11183378	874383.411934979	11189182	1401865.3162456	11194158	59735	11199946	904194	11205764	1953532	11194158	0.84473	11199946	1.01489	11205764	1.06096	11194158	70714.9029867532	11199946	890928.08087576	11205764	1841287.13617856
95	11281035	36559	11286822	923854	11292625	2634958	11281035	0.84461	11286822	1.01565	11292625	1.06027	11281035	43285.0664803874	11286822	909618.470929946	11292625	2485176.41732766	11297602	62517	11303389	888764	11309193	1473988	11297602	0.84431	11303389	1.01481	11309193	1.06047	11297602	74045.0782295602	11303389	875793.49829032	11309193	1389938.42352919	11314169	60032	11319957	904476	11325760	1948935	11314169	0.84481	11319957	1.01577	11325760	1.06117	11314169	71059.7649175554	11319957	890433.858058419	11325760	1836590.7441786
96	11401046	36665	11406833	925509	11412652	2629594	11401046	0.84399	11406833	1.01431	11412652	1.06032	11401046	43442.4578490266	11406833	912451.814534018	11412652	2480000.37724461	11417628	63475	11423416	888591	11429219	1456604	11417628	0.84445	11423416	1.01571	11429219	1.06084	11417628	75167.2686363906	11423416	874847.151253803	11429219	1373066.62644697	11434196	60476	11439983	904345	11445786	1940200	11434196	0.84368	11439983	1.01538	11445786	1.06005	11434196	71681.2061445098	11439983	890646.851425082	11445786	1830291.0240083
97	11521057	37010	11526844	924323	11532663	2619683	11521057	0.84406	11526844	1.0145	11532663	1.05965	11521057	43847.5937729545	11526844	911111.877772302	11532663	2472215.35412636	11537639	63114	11543427	885073	11549230	1439944	11537639	0.84315	11543427	1.01353	11549230	1.05959	11537639	74855.0080056929	11543427	873257.821672768	11549230	1358963.37262526	11554207	60488	11559994	904996	11565797	1932476	11554207	0.84358	11559994	1.01465	11565797	1.05969	11554207	71703.9284952227	11559994	891929.2366826	11565797	1823623.89000557
98	11641068	36915	11646855	922715	11652658	2604180	11641068	0.84278	11646855	1.01266	11652658	1.05874	11641068	43801.4665749069	11646855	911179.467935931	11652658	2459697.37612634	11657650	63452	11663422	887385	11669226	1423466	11657650	0.8429	11663422	1.01349	11669226	1.05944	11657650	75278.2061929054	11663422	875573.513305509	11669226	1343602.28045005	11674202	60450	11680005	901975	11685793	1917884	11674202	0.84301	11680005	1.01341	11685793	1.05916	11674202	71707.334432569	11680005	890039.569374686	11685793	1810759.4697685
99	11761079	37208	11766882	922028	11772685	2593263	11761079	0.84375	11766882	1.01361	11772685	1.05863	11761079	44098.3703703704	11766882	909647.694872781	11772685	2449640.57319366	11777677	63537	11783465	886452	11789268	1409587	11777677	0.84278	11783465	1.01357	11789268	1.05866	11777677	75389.7814376231	11783465	874583.896524167	11789268	1331482.25114768	11794260	60665	11800032	905939	11805835	1918437	11794260	0.84306	11800032	1.01365	11805835	1.06043	11794260	71958.104998458	11800032	893739.456419869	11805835	1809112.34122007
100	11881090	37300	11886877	920202	11892680	2586897	11881090	0.84206	11886877	1.0125	11892680	1.05818	11881090	44296.1309170368	11886877	908841.481481482	11892680	2444666.31385965	11897657	64383	11903444	886809	11909248	1395916	11897657	0.84214	11903444	1.01254	11909248	1.05834	11897657	76451.6588690716	11903444	875826.140201869	11909248	1318967.43957518	11914224	60775	11920012	903863	11925815	1902617	11914224	0.84195	11920012	1.01275	11925815	1.05796	11914224	72183.6213551874	11920012	892483.831152802	11925815	1798382.73658739
101	12001101	37780	12006873	920514	12012691	2577296	12001101	0.84135	12006873	1.01241	12012691	1.05795	12001101	44904.0232958935	12006873	909230.450114084	12012691	2436122.69010823	12017668	64175	12023440	886617	12029243	1375973	12017668	0.84193	12023440	1.01268	12029243	1.05773	12017668	76223.6765526825	12023440	875515.463917526	12029243	1300873.56886918	12034235	60853	12040023	904012	12045826	1894339	12034235	0.84189	12040023	1.01233	12045826	1.05785	12034235	72281.4144365653	12040023	893001.294044432	12045826	1790744.43446613
102	12121112	37765	12126884	919519	12132687	2564592	12121112	0.84128	12126884	1.01165	12132687	1.0576	12121112	44889.9296310384	12126884	908929.965897297	12132687	2424916.79273828	12137663	63840	12143451	884570	12149254	1361377	12137663	0.84158	12143451	1.01208	12149254	1.05705	12137663	75857.3160008555	12143451	874011.935815351	12149254	1287902.18059694	12154230	61013	12160002	899850	12165806	1883387	12154230	0.84141	12160002	1.01075	12165806	1.05653	12154230	72512.8058853591	12160002	890279.49542419	12165806	1782615.73263419
103	12241123	38079	12246910	917826	12252713	2550253	12241123	0.84096	12246910	1.0121	12252713	1.0576	12241123	45280.3938356164	12246910	906853.077759115	12252713	2411358.73676248	12257674	64398	12263477	883995	12269281	1347080	12257674	0.842	12263477	1.01241	12269281	1.05763	12257674	76482.1852731592	12263477	873159.095623315	12269281	1273677.94030048	12274257	61078	12280045	900544	12285863	1876469	12274257	0.84143	12280045	1.01134	12285863	1.05802	12274257	72588.3317685369	12280045	890446.33852117	12285863	1773566.66225591
104	12361134	37964	12366921	917669	12372724	2542640	12361134	0.84177	12366921	1.01087	12372724	1.05703	12361134	45100.2055193224	12366921	907801.20094572	12372724	2405456.79876635	12377701	64910	12383488	883879	12389292	1339120	12377701	0.84151	12383488	1.01133	12389292	1.05681	12377701	77135.149909092	12383488	873976.842375881	12389292	1267134.11114581	12394268	61241	12400102	902101	12405906	1864207	12394268	0.84187	12400102	1.01181	12405906	1.05659	12394268	72744.0103578937	12400102	891571.540111286	12405906	1764361.76757304
105	12481145	37870	12486932	921092	12492735	2534551	12481145	0.8417	12486932	1.01169	12492735	1.05764	12481145	44992.277533563	12486932	910448.852909488	12492735	2396421.27756136	12497727	64851	12503499	885740	12509303	1324478	12497727	0.84126	12503499	1.01184	12509303	1.0573	12497727	77087.9395192925	12503499	875375.553447185	12509303	1252698.38267285	12514279	62115	12520067	904086	12525886	1857705	12514279	0.84166	12520067	1.01172	12525886	1.057	12514279	73800.5845590856	12520067	893612.8573123	12525886	1757526.01702933
106	12601156	38514	12606943	918294	12612762	2524992	12601156	0.8413	12606943	1.01178	12612762	1.05756	12601156	45779.1513134435	12606943	907602.443218882	12612762	2387563.82616589	12617738	65659	12623510	884942	12629314	1309334	12617738	0.84196	12623510	1.01145	12629314	1.05819	12617738	77983.5146562782	12623510	874924.11883929	12629314	1237333.5601357	12634290	61636	12640062	901820	12645865	1846361	12634290	0.84196	12640062	1.01129	12645865	1.05756	12634290	73205.3779276925	12640062	891752.118581218	12645865	1745868.79231438
107	12721167	38762	12726954	918913	12732757	2513658	12721167	0.84104	12726954	1.01127	12732757	1.05683	12721167	46088.1765433273	12726954	908672.263589348	12732757	2378488.49862324	12737734	66007	12743521	884345	12749325	1295874	12737734	0.84177	12743521	1.01178	12749325	1.05617	12737734	78414.5312852679	12743521	874048.706240487	12749325	1226955.88778322	12754301	62159	12760089	900179	12765876	1835046	12754301	0.84166	12760089	1.01144	12765876	1.05733	12754301	73852.8622008887	12760089	889997.429407577	12765876	1735547.0855835
108	12841178	39051	12846965	917602	12852768	2502086	12841178	0.8417	12846965	1.01158	12852768	1.05743	12841178	46395.390281573	12846965	907097.807390419	12852768	2366195.39827695	12857745	65706	12863532	882457	12869336	1282907	12857745	0.84141	12863532	1.01136	12869336	1.05683	12857745	78090.3483438514	12863532	872544.890049043	12869336	1213919.93035777	12874312	61360	12880100	899986	12885903	1826359	12874312	0.84112	12880100	1.01137	12885903	1.05604	12874312	72950.3519117367	12880100	889868.198582121	12885903	1729441.11965456
109	12961189	39603	12966976	920850	12972779	2494181	12961189	0.84132	12966976	1.01168	12972779	1.05646	12961189	47072.4575666809	12966976	910218.646212241	12972779	2360885.40976469	12977771	66012	12983559	885951	12989362	1273476	12977771	0.8418	12983559	1.01161	12989362	1.05683	12977771	78417.6764076978	12983559	875783.15754095	12989362	1204996.07316219	12994339	62144	13000126	901145	13005930	1816611	12994339	0.84087	13000126	1.0108	13005930	1.05599	12994339	73904.4085292614	13000126	891516.620498615	13005930	1720291.85882442
110	13081200	39202	13086987	919422	13092790	2484499	13081200	0.84109	13086987	1.01133	13092790	1.05622	13081200	46608.5674541369	13086987	909121.651686393	13092790	2352255.21198235	13097767	66029	13103555	883777	13109358	1258459	13097767	0.84091	13103555	1.01095	13109358	1.05605	13097767	78520.8880855264	13103555	874204.461150403	13109358	1191666.11429383	13114334	62897	13120106	902468	13125909	1804414	13114334	0.84088	13120106	1.01122	13125909	1.05615	13114334	74799.020074208	13120106	892454.65872906	13125909	1708482.69658666
111	13201211	39659	13206998	918557	13212802	2470186	13201211	0.84063	13206998	1.01092	13212802	1.05585	13201211	47177.7119541296	13206998	908634.708977961	13212802	2339523.6065729	13217794	66056	13223566	883942	13229369	1249326	13217794	0.84071	13223566	1.01106	13229369	1.05619	13217794	78571.6834580295	13223566	874272.545645165	13229369	1182861.03826016	13234345	62600	13240117	899719	13245920	1796936	13234345	0.84077	13240117	1.01064	13245920	1.0566	13234345	74455.5585950973	13240117	890246.774321222	13245920	1700677.6452773
112	13321222	39743	13327009	915834	13332813	2458102	13321222	0.84053	13327009	1.01091	13332813	1.05608	13321222	47283.2617515139	13327009	905950.084577262	13332813	2327571.77486554	13337789	66245	13343577	884657	13349380	1233921	13337789	0.84059	13343577	1.01014	13349380	1.05552	13337789	78807.7421810871	13343577	875776.625022274	13349380	1169017.16689404	13354341	62645	13360128	900098	13365916	1784942	13354341	0.84052	13360128	1.01032	13365916	1.05557	13354341	74531.242564127	13360128	890903.872040541	13365916	1690974.54455886
113	13441233	40240	13447020	921958	13452824	2452049	13441233	0.84092	13447020	1.01079	13452824	1.05582	13441233	47852.3521857014	13447020	912116.265495306	13452824	2322411.96416056	13457800	67829	13463588	883779	13469391	1225117	13457800	0.8398	13463588	1.01073	13469391	1.05553	13457800	80768.0400095261	13463588	874396.723160488	13469391	1160665.25821151	13474367	63361	13480139	899802	13485942	1772978	13474367	0.84072	13480139	1.01103	13485942	1.05565	13474367	75365.1631934532	13480139	889985.460372096	13485942	1679513.09619666
114	13561244	40518	13567031	917225	13572835	2441058	13561244	0.841	13567031	1.01081	13572835	1.05592	13561244	48178.3590963139	13567031	907415.834825536	13572835	2311783.089628	13577811	67113	13583599	883834	13589402	1214618	13577811	0.84038	13583599	1.01065	13589402	1.05611	13577811	79860.3012922725	13583599	874520.358185326	13589402	1150086.63870241	13594378	62978	13600166	901948	13605953	1767701	13594378	0.84055	13600166	1.01029	13605953	1.05646	13594378	74924.7516507049	13600166	892761.484326282	13605953	1673230.41099521
115	13681255	41011	13687042	918546	13692846	2428844	13681255	0.84058	13687042	1.01055	13692846	1.05511	13681255	48788.9314520926	13687042	908956.508831824	13692846	2301981.78388983	13697838	67220	13703610	884024	13709413	1201253	13697838	0.83994	13703610	1.01053	13709413	1.05539	13697838	80029.525918518	13703610	874812.227247088	13709413	1138207.67678299	13714389	63129	13720177	898756	13725964	1755070	13714389	0.8407	13720177	1.01081	13725964	1.05658	13714389	75090.9955989057	13720177	889144.349581029	13725964	1661085.76728691
116	13801266	40844	13807053	918185	13812903	2417325	13801266	0.8409	13807053	1.01033	13812903	1.05566	13801266	48571.7683434416	13807053	908797.125691606	13812903	2289870.79173219	13817895	67476	13823683	881006	13829471	1190832	13817895	0.84096	13823683	1.01	13829471	1.05525	13817895	80236.8721461187	13823683	872283.168316832	13829471	1128483.29779673	13834447	63645	13840235	900572	13846038	1741476	13834447	0.84056	13840235	1.00953	13846038	1.05531	13834447	75717.3788902636	13840235	892070.567491803	13846038	1650203.2578105
117	13921277	41348	13927064	917144	13932868	2410670	13921277	0.8399	13927064	1.01088	13932868	1.05557	13921277	49229.6701988332	13927064	907272.87116176	13932868	2283761.38010743	13937844	67792	13943632	882843	13949435	1182949	13937844	0.84044	13943632	1.00942	13949435	1.05597	13937844	80662.5101137499	13943632	874604.228170633	13949435	1120248.68130723	13954411	63712	13960183	900949	13965986	1731428	13954411	0.84069	13960183	1.01049	13965986	1.05538	13954411	75785.3667820481	13960183	891596.156320201	13965986	1640573.0637306
118	14041288	41481	14047075	919302	14052879	2400086	14041288	0.84027	14047075	1.01031	14052879	1.05603	14041288	49366.2751258524	14047075	909920.717403569	14052879	2272744.14552617	14057855	68109	14063643	883490	14069446	1172050	14057855	0.84047	14063643	1.01039	14069446	1.05536	14057855	81036.8008376266	14063643	874404.93274874	14069446	1110568.90539721	14074422	63857	14080210	900194	14086013	1723861	14074422	0.84013	14080210	1.01044	14086013	1.05551	14074422	76008.4748788878	14080210	890893.076283599	14086013	1633201.95924245
119	14161299	41808	14167086	917212	14172890	2392475	14161299	0.83975	14167086	1.00991	14172890	1.05578	14161299	49786.2459065198	14167086	908211.622817875	14172890	2266073.42438766	14177866	68513	14183654	882246	14189457	1161120	14177866	0.84	14183654	1.01026	14189457	1.05509	14177866	81563.0952380952	14183654	873286.084770257	14189457	1100493.79673772	14194433	64115	14200221	899068	14206024	1709831	14194433	0.84013	14200221	1.0086	14206024	1.05493	14194433	76315.5702093724	14200221	891401.943287726	14206024	1620800.43225617
120	14281310	41941	14287097	919822	14292916	2376833	14281310	0.8402	14287097	1.01054	14292916	1.05553	14281310	49917.8766960248	14287097	910228.194826529	14292916	2251791.0433621	14297893	68279	14303680	884497	14309483	1153361	14297893	0.84045	14303680	1.00955	14309483	1.05513	14297893	81241.0018442501	14303680	876129.958892576	14309483	1093098.48075593	14314460	63689	14320247	898704	14326051	1697308	14314460	0.84042	14320247	1.01054	14326051	1.05567	14314460	75782.3469217772	14320247	889330.456983395	14326051	1607801.68044938
121	14401321	42349	14407108	917733	14412912	2365800	14401321	0.84024	14407108	1.01058	14412912	1.05527	14401321	50401.075883081	14407108	908125.037107404	14412912	2241890.70095805	14417888	68539	14423676	883350	14429479	1145890	14417888	0.84063	14423676	1.0096	14429479	1.0555	14417888	81532.8979455884	14423676	874950.475435816	14429479	1085637.13879678	14434455	64113	14440227	899123	14446015	1688280	14434455	0.8406	14440227	1.00931	14446015	1.05514	14434455	76270.5210563883	14440227	890829.378486293	14446015	1600053.07352579
122	14521332	42924	14527119	918650	14532923	2357357	14521332	0.84042	14527119	1.00955	14532923	1.0551	14521332	51074.4627686157	14527119	909959.88311624	14532923	2234249.83413894	14537899	68799	14543687	886599	14549490	1134253	14537899	0.83943	14543687	1.00956	14549490	1.05476	14537899	81959.186590901	14543687	878203.37572804	14549490	1075365.96002882	14554466	63900	14560238	900721	14566041	1678027	14554466	0.83877	14560238	1.01025	14566041	1.05483	14554466	76182.9822239708	14560238	891582.281613462	14566041	1590803.25739693
123	14641343	42815	14647115	915769	14652918	2342798	14641343	0.83961	14647115	1.00917	14652918	1.05386	14641343	50993.91384095	14647115	907447.704549283	14652918	2223063.78456341	14657894	69431	14663682	881745	14669485	1126931	14657894	0.83927	14663682	1.00907	14669485	1.05464	14657894	82727.8468192596	14663682	873819.457520291	14669485	1068545.66487143	14674462	64462	14680234	899433	14686037	1667521	14674462	0.83967	14680234	1.009	14686037	1.05475	14674462	76770.6360832232	14680234	891410.307234886	14686037	1580963.26143636
124	14761354	43211	14767141	917936	14772945	2332201	14761354	0.84001	14767141	1.0092	14772945	1.05517	14761354	51441.0542731634	14767141	909567.974633373	14772945	2210260.9058256	14777921	69098	14783709	883239	14789512	1119619	14777921	0.83935	14783709	1.00934	14789512	1.05448	14777921	82323.2263060702	14783709	875065.884637486	14789512	1061773.57560124	14794488	64733	14800260	899396	14806064	1655944	14794488	0.83964	14800260	1.00956	14806064	1.0545	14794488	77096.1364394264	14800260	890879.194896787	14806064	1570359.41204362
125	14881365	43334	14887152	918636	14892956	2324060	14881365	0.83932	14887152	1.01	14892956	1.05567	14881365	51629.8908640328	14887152	909540.594059406	14892956	2201502.36342797	14897948	69500	14903720	883158	14909523	1111477	14897948	0.84001	14903720	1.00991	14909523	1.055	14897948	82737.1102724968	14903720	874491.786396808	14909523	1053532.7014218	14914499	65042	14920303	900890	14926106	1645614	14914499	0.83948	14920303	1.00906	14926106	1.0545	14914499	77478.9155191309	14920303	892801.220938299	14926106	1560563.30014225
126	15001376	44061	15007163	917729	15012967	2310857	15001376	0.83928	15007163	1.00909	15012967	1.05343	15001376	52498.5702030312	15007163	909461.990506298	15012967	2193650.26627303	15017943	69804	15023731	881213	15029534	1104613	15017943	0.83973	15023731	1.00878	15029534	1.05403	15017943	83126.719302633	15023731	873543.28991455	15029534	1047990.09515858	15034510	64428	15040298	899467	15046101	1634339	15034510	0.83937	15040298	1.00859	15046101	1.05452	15034510	76757.5681761321	15040298	891806.383168582	15046101	1549841.63410841
127	15121387	44127	15127174	916170	15132978	2303995	15121387	0.83929	15127174	1.00896	15132978	1.05457	15121387	52576.5825876634	15127174	908034.015223597	15132978	2184771.99237604	15137954	69943	15143757	881149	15149545	1095061	15137954	0.83947	15143757	1.00832	15149545	1.05453	15137954	83318.0459099194	15143757	873878.332275468	15149545	1038435.13223901	15154521	64783	15160309	899807	15166128	1623487	15154521	0.83953	15160309	1.00915	15166128	1.054	15154521	77165.7951472848	15160309	891648.416984591	15166128	1540310.24667932
128	15241398	44174	15247185	916611	15252989	2291001	15241398	0.83867	15247185	1.00942	15252989	1.05474	15241398	52671.4917667259	15247185	908057.102098235	15252989	2172100.23323283	15257981	70147	15263753	885867	15269556	1088421	15257981	0.83962	15263753	1.00889	15269556	1.05468	15257981	83546.1280102904	15263753	878061.037377712	15269556	1031991.69416316	15274532	65334	15280304	899342	15286108	1612745	15274532	0.83989	15280304	1.00888	15286108	1.05434	15274532	77788.7580516496	15280304	891426.135913092	15286108	1529625.16835177
129	15361409	44621	15367196	917008	15373000	2278524	15361409	0.83953	15367196	1.00883	15373000	1.05422	15361409	53149.9767727181	15367196	908981.691662619	15373000	2161336.34345772	15377961	70454	15383748	881985	15389551	1080540	15377961	0.8394	15383748	1.00893	15389551	1.05447	15377961	83933.7622111032	15383748	874178.585233862	15389551	1024723.32072036	15394528	65127	15400315	895564	15406119	1601836	15394528	0.8394	15400315	1.0088	15406119	1.05478	15394528	77587.5625446748	15400315	887751.784298176	15406119	1518644.64627695
130	15481420	44633	15487208	918538	15493011	2267567	15481420	0.83953	15487208	1.00825	15493011	1.05335	15481420	53164.270484676	15487208	911022.067939499	15493011	2152719.41899654	15497987	70891	15503790	882959	15509594	1072223	15497987	0.83932	15503790	1.00796	15509594	1.05382	15497987	84462.4219606348	15503790	875986.150244058	15509594	1017463.13412158	15514570	65024	15520358	897909	15526161	1592741	15514570	0.83898	15520358	1.00892	15526161	1.0539	15514570	77503.6353667549	15520358	889970.463465884	15526161	1511282.85416074
131	15601431	45314	15607219	917807	15613022	2257286	15601431	0.83924	15607219	1.0084	15613022	1.05349	15601431	53994.0898908536	15607219	910161.642205474	15613022	2142674.34906834	15617998	70837	15623786	883277	15629605	1066717	15617998	0.83908	15623786	1.0087	15629605	1.05363	15617998	84422.2243409449	15623786	875658.768712204	15629605	1012420.86880594	15634581	65254	15640353	899470	15646187	1581559	15634581	0.83865	15640353	1.00873	15646187	1.05373	15634581	77808.3825195254	15640353	891685.584844309	15646187	1500914.84535887
132	15721442	45392	15727230	916918	15733033	2245778	15721442	0.83894	15727230	1.00796	15733033	1.05262	15721442	54106.3723269841	15727230	909676.971308385	15733033	2133512.56863826	15738025	71052	15743812	886093	15749600	1059031	15738025	0.83894	15743812	1.00815	15749600	1.05377	15738025	84692.5882661454	15743812	878929.72275951	15749600	1004992.55055657	15754576	65649	15760364	901818	15766167	1569612	15754576	0.83921	15760364	1.00825	15766167	1.05353	15754576	78227.1421932532	15760364	894438.879246219	15766167	1489859.80465673
133	15841453	45325	15847241	916655	15853044	2234229	15841453	0.83869	15847241	1.00807	15853044	1.05347	15841453	54042.6140767149	15847241	909316.813316536	15853044	2120828.31025089	15858020	71564	15863808	882816	15869627	1051251	15858020	0.83899	15863808	1.00696	15869627	1.05324	15858020	85297.7985434868	15863808	876714.070072297	15869627	998111.541528996	15874603	65824	15880391	897427	15886178	1558601	15874603	0.83818	15880391	1.00825	15886178	1.05368	15874603	78532.0575532702	15880391	890083.808579221	15886178	1479197.66912156
134	15961464	45825	15967252	915724	15973055	2220852	15961464	0.83841	15967252	1.00826	15973055	1.05304	15961464	54657.0293770351	15967252	908222.085573166	15973055	2108991.11144876	15978047	71641	15983834	884871	15989622	1049202	15978047	0.83753	15983834	1.00805	15989622	1.0531	15978047	85538.4284742039	15983834	877804.672387282	15989622	996298.54714652	15994614	66360	16000402	898535	16006189	1548885	15994614	0.83854	16000402	1.00725	16006189	1.05233	15994614	79137.5485963699	16000402	892067.510548523	16006189	1471862.43858866
135	16081475	45951	16087263	918058	16093066	2213686	16081475	0.83825	16087263	1.00789	16093066	1.05341	16081475	54817.7751267522	16087263	910871.22602665	16093066	2101447.67944105	16098058	71525	16103845	885116	16109633	1043612	16098058	0.83793	16103845	1.00735	16109633	1.05354	16098058	85359.15887962	16103845	878657.864694495	16109633	990576.532452494	16114625	66364	16120397	900105	16126200	1540977	16114625	0.83832	16120397	1.00778	16126200	1.05341	16114625	79163.0880809238	16120397	893156.244418425	16126200	1462846.37510561
136	16201486	46103	16207274	919153	16213077	2202404	16201486	0.83816	16207274	1.00744	16213077	1.05314	16201486	55005.0109764246	16207274	912365.004367506	16213077	2091273.71479575	16218053	71834	16223841	882430	16229644	1034960	16218053	0.83784	16223841	1.00799	16229644	1.05271	16218053	85737.1335815908	16223841	875435.272175319	16229644	983138.756162666	16234620	65791	16240392	897524	16246211	1529325	16234620	0.83814	16240392	1.00746	16246211	1.05317	16234620	78496.4325768965	16240392	890878.049748874	16246211	1452115.99266975
137	16321497	46744	16327285	919932	16333088	2188950	16321497	0.83846	16327285	1.00752	16333088	1.05241	16321497	55749.8270639029	16327285	913065.74559314	16333088	2079940.32743893	16338080	71997	16343867	883773	16349686	1030643	16338080	0.83794	16343867	1.00737	16349686	1.05199	16338080	85921.426355109	16343867	877307.245599929	16349686	979707.982015038	16354647	66199	16360435	897265	16366238	1516478	16354647	0.83822	16360435	1.00734	16366238	1.05235	16354647	78975.6865739305	16360435	890727.063354974	16366238	1441039.57808714
138	16441508	46837	16447296	917210	16453099	2180598	16441508	0.83837	16447296	1.00708	16453099	1.05358	16441508	55866.7414148884	16447296	910761.806410613	16453099	2069703.29732911	16458091	72430	16463878	884980	16469682	1024149	16458091	0.83822	16463878	1.00697	16469682	1.053	16458091	86409.2958889075	16463878	878854.384936989	16469682	972601.13960114	16474658	66059	16480446	895631	16486249	1508970	16474658	0.83792	16480446	1.00742	16486249	1.05297	16474658	78836.8818025587	16480446	889034.365011614	16486249	1433060.77096214
139	16561519	47348	16567307	917126	16573110	2166320	16561519	0.83755	16567307	1.00697	16573110	1.05187	16561519	56531.5503552027	16567307	910777.878189023	16573110	2059494.04394079	16578102	71752	16583889	885315	16589693	1019626	16578102	0.83789	16583889	1.00672	16589693	1.05246	16578102	85634.1524543795	16583889	879405.395740623	16589693	968802.614826216	16594669	66338	16600472	896947	16606291	1499100	16594669	0.83808	16600472	1.00658	16606291	1.05202	16594669	79154.7346315388	16600472	891083.669454986	16606291	1424972.90926028
140	16681530	47158	16687318	917000	16693121	2156977	16681530	0.83727	16687318	1.00691	16693121	1.05119	16681530	56323.5276553561	16687318	910707.014529601	16693121	2051938.27947374	16698113	72938	16703900	882882	16709719	1013538	16698113	0.83752	16703900	1.00649	16709719	1.05215	16698113	87088.0695386379	16703900	877189.043110215	16709719	963301.81057834	16714696	67273	16720483	898220	16726286	1488315	16714696	0.83755	16720483	1.00645	16726286	1.05244	16714696	80321.1748552325	16720483	892463.609717323	16726286	1414156.62650602
141	16801541	47572	16807329	916989	16813132	2148165	16801541	0.83802	16807329	1.00613	16813132	1.05234	16801541	56767.141595666	16807329	911402.105095763	16813132	2041322.19624836	16818108	72163	16823896	884179	16829715	1009938	16818108	0.83793	16823896	1.00656	16829715	1.05206	16818108	86120.5589965749	16823896	878416.587188047	16829715	959962.359561242	16834691	66771	16840463	900807	16846282	1474201	16834691	0.83792	16840463	1.00726	16846282	1.05187	16834691	79686.6049264846	16840463	894314.278339257	16846282	1401504.93882324
142	16921552	47543	16927340	921032	16933143	2135263	16921552	0.83782	16927340	1.00664	16933143	1.05172	16921552	56746.0791100714	16927340	914956.687594374	16933143	2030258.05347431	16938119	72553	16943907	885731	16949710	1004933	16938119	0.83667	16943907	1.0066	16949710	1.05239	16938119	86716.3875841132	16943907	879923.504867872	16949710	954905.500812436	16954671	66857	16960458	897102	16966262	1470727	16954671	0.83751	16960458	1.00683	16966262	1.05216	16954671	79828.3005576053	16960458	891016.358272995	16966262	1397816.87195864
143	17041563	47610	17047351	919808	17053154	2124693	17041563	0.83741	17047351	1.00635	17053154	1.05152	17041563	56853.8708637346	17047351	914004.074129279	17053154	2020592.09525259	17058146	73355	17063918	884789	17069721	1000191	17058146	0.83699	17063918	1.00646	17069721	1.0515	17058146	87641.4294077588	17063918	879109.949724778	17069721	951203.994293866	17074713	66607	17080485	895548	17086288	1457798	17074713	0.8375	17080485	1.00694	17086288	1.05194	17074713	79530.7462686567	17080485	889375.732417026	17086288	1385818.58280891
144	17161574	48536	17167362	916740	17173165	2113308	17161574	0.83734	17167362	1.00622	17173165	1.05142	17161574	57964.5066520171	17167362	911073.125161496	17173165	2009956.0594244	17178141	73472	17183929	885453	17189732	997073	17178141	0.83722	17183929	1.00629	17189732	1.05201	17178141	87757.1008814887	17183929	879918.313806159	17189732	947779.013507476	17194724	67331	17200496	897285	17206299	1450384	17194724	0.83771	17200496	1.00663	17206299	1.0524	17194724	80375.0701316685	17200496	891375.182539761	17206299	1378167.99695933
145	17281585	48428	17287373	918997	17293176	2106427	17281585	0.83708	17287373	1.00636	17293176	1.05239	17281585	57853.4907057868	17287373	913189.117214516	17293176	2001565.0091696	17298152	73429	17303940	882642	17309743	991955	17298152	0.83755	17303940	1.00632	17309743	1.0518	17298152	87671.1838099218	17303940	877098.735988552	17309743	943102.300817646	17314735	67299	17320523	896641	17326310	1440657	17314735	0.83786	17320523	1.0062	17326310	1.05237	17314735	80322.4882438594	17320523	891116.080302127	17326310	1368964.3376379
146	17401596	48757	17407384	918054	17413187	2093478	17401596	0.8369	17407384	1.00679	17413187	1.05128	17401596	58259.0512606046	17407384	911862.453937763	17413187	1991361.00753367	17418179	73601	17423951	885655	17429770	987965	17418179	0.83755	17423951	1.00612	17429770	1.05167	17418179	87876.5446838995	17423951	880267.761300839	17429770	939424.914659542	17434731	67908	17440518	894464	17446321	1428092	17434731	0.83761	17440518	1.0068	17446321	1.05105	17434731	81073.5306407517	17440518	888422.725466826	17446321	1358728.89015746
147	17521607	48831	17527395	917910	17533213	2084229	17521607	0.83627	17527395	1.00578	17533213	1.0517	17521607	58391.4286055939	17527395	912634.969874128	17533213	1981771.41770467	17538190	73770	17543978	885953	17549796	982651	17538190	0.83766	17543978	1.00708	17549796	1.05186	17538190	88066.757395602	17543978	879724.550184692	17549796	934203.220960964	17554757	67527	17560545	895892	17566348	1422165	17554757	0.83668	17560545	1.00548	17566348	1.05222	17554757	80708.2755653296	17560545	891009.269204758	17566348	1351585.21982095
148	17641618	49278	17647406	919320	17653209	2072554	17641618	0.83652	17647406	1.00561	17653209	1.05039	17641618	58908.334528762	17647406	914191.386322729	17653209	1973128.07623835	17658185	73831	17663973	885041	17669776	978747	17658185	0.83689	17663973	1.00587	17669776	1.05047	17658185	88220.6741626737	17663973	879876.127133725	17669776	931722.943063581	17674753	68231	17680540	897377	17686343	1412361	17674753	0.83672	17680540	1.00638	17686343	1.0516	17674753	81545.7978774261	17680540	891688.030366263	17686343	1343059.14796501
149	17761629	49145	17767417	920332	17773220	2063990	17761629	0.83689	17767417	1.0071	17773220	1.05152	17761629	58723.3686625483	17767417	913843.709661404	17773220	1962863.28362751	17778212	73622	17783984	886889	17789787	975040	17778212	0.83756	17783984	1.00664	17789787	1.05187	17778212	87900.5683174937	17783984	881038.90169276	17789787	926958.654586594	17794779	67437	17800551	897110	17806354	1404609	17794779	0.83751	17800551	1.0066	17806354	1.05126	17794779	80520.8296020346	17800551	891227.895887145	17806354	1336119.51372639
150	17881640	50040	17887428	920355	17893231	2050503	17881640	0.83647	17887428	1.00598	17893231	1.051	17881640	59822.8268796251	17887428	914883.993717569	17893231	1951001.90294957	17898192	74610	17903995	883811	17909814	970960	17898192	0.83726	17903995	1.00631	17909814	1.05155	17898192	89112.1037670497	17903995	878269.121841182	17909814	923360.753173886	17914790	67991	17920578	893817	17926365	1393327	17914790	0.83754	17920578	1.00543	17926365	1.05234	17914790	81179.4063567113	17920578	888989.785464926	17926365	1324027.40559135
151	18001651	50196	18007454	917772	18013242	2041369	18001651	0.83656	18007454	1.0059	18013242	1.05084	18001651	60002.8688916515	18007454	912388.905457799	18013242	1942606.86688744	18018218	74525	18024006	883471	18029825	967204	18018218	0.8367	18024006	1.00595	18029825	1.0515	18018218	89070.1565674674	18024006	878245.439634177	18029825	919832.620066572	18034801	68114	18040589	896152	18046392	1387266	18034801	0.83722	18040589	1.00586	18046392	1.05252	18034801	81357.3493227587	18040589	890931.143499095	18046392	1318042.41249572
152	18121662	50158	18127450	921277	18133253	2034374	18121662	0.83645	18127450	1.0056	18133253	1.05185	18121662	59965.3296670452	18127450	916146.579156722	18133253	1934091.36283691	18138229	74786	18144017	883245	18149820	966112	18138229	0.83752	18144017	1.00702	18149820	1.05119	18138229	89294.5840099341	18144017	877087.843339755	18149820	919065.059599121	18154797	68180	18160584	893165	18166372	1376494	18154797	0.83681	18160584	1.00554	18166372	1.0509	18154797	81476.0817867855	18160584	888244.127533464	18166372	1309823.96041488
153	18241673	50433	18247445	922532	18253264	2026752	18241673	0.83668	18247445	1.0053	18253264	1.05115	18241673	60277.5254577616	18247445	917668.357704168	18253264	1928128.2404985	18258240	74352	18264028	884906	18269831	959784	18258240	0.83734	18264028	1.00479	18269831	1.05046	18258240	88795.4713736356	18264028	880687.506842226	18269831	913679.72126497	18274823	68531	18280611	896075	18286414	1369420	18274823	0.83653	18280611	1.00564	18286414	1.05156	18274823	81922.9435883949	18280611	891049.480927569	18286414	1302274.71566054
154	18361684	50423	18367472	920255	18373275	2013170	18361684	0.83671	18367472	1.00563	18373275	1.05144	18361684	60263.4126519344	18367472	915102.970277339	18373275	1914678.91653352	18378267	74726	18384055	886455	18389842	960649	18378267	0.83732	18384055	1.0064	18389842	1.05209	18378267	89244.2554817752	18384055	880817.766295708	18389842	913086.332918286	18394819	68940	18400606	895247	18406409	1357867	18394819	0.83764	18400606	1.00643	18406409	1.05114	18394819	82302.6598538752	18400606	889527.339208887	18406409	1291804.13646137
155	18481695	50770	18487483	919455	18493286	2000469	18481695	0.83656	18487483	1.00509	18493286	1.05046	18481695	60689.0121449747	18487483	914798.674745545	18493286	1904374.27412753	18498278	75700	18504066	884521	18509869	954662	18498278	0.83627	18504066	1.00536	18509869	1.05115	18498278	90521.0039819675	18504066	879805.243892735	18509869	908207.201636303	18514845	68215	18520648	892181	18526452	1350019	18514845	0.83705	18520648	1.00573	18526452	1.05061	18514845	81494.53437668	18520648	887097.928867589	18526452	1284985.86535441
156	18601706	50625	18607494	919285	18613297	1993620	18601706	0.83609	18607494	1.00433	18613297	1.04995	18601706	60549.7015871497	18607494	915321.657224219	18613297	1898776.13219677	18618273	75033	18624061	885506	18629864	951717	18618273	0.83658	18624061	1.00518	18629864	1.05069	18618273	89690.1671089436	18624061	880942.716727352	18629864	905801.901607515	18634856	68456	18640644	892509	18646431	1342146	18634856	0.8357	18640644	1.00528	18646431	1.05011	18634856	81914.5626420964	18640644	887821.303517428	18646431	1278100.38948301
157	18721717	51322	18727505	922340	18733308	1985227	18721717	0.83585	18727505	1.00464	18733308	1.05037	18721717	61400.9690733983	18727505	918080.1082975	18733308	1890026.37165951	18738300	75559	18744072	885106	18749891	947393	18738300	0.83548	18744072	1.00489	18749891	1.05046	18738300	90437.832144396	18744072	880798.893411219	18749891	901883.936561126	18754867	68954	18760655	896062	18766442	1333343	18754867	0.83578	18760655	1.00512	18766442	1.05071	18754867	82502.5724472947	18760655	891497.532632919	18766442	1268992.3956182
158	18841728	51240	18847516	921493	18853335	1972717	18841728	0.83586	18847516	1.00424	18853335	1.04979	18841728	61302.1319359701	18847516	917602.365968294	18853335	1879153.9260233	18858311	76050	18864114	886306	18869917	945660	18858311	0.83589	18864114	1.00494	18869917	1.05012	18858311	90980.870688727	18864114	881949.171094792	18869917	900525.654210947	18874894	68843	18880681	892932	18886469	1324455	18874894	0.83573	18880681	1.00469	18886469	1.05054	18874894	82374.6903904371	18880681	888763.698255183	18886469	1260737.33508481
159	18961739	51570	18967542	922613	18973346	1965603	18961739	0.83649	18967542	1.00523	18973346	1.05018	18961739	61650.4680271133	18967542	917812.8388528	18973346	1871681.99737188	18978322	75416	18984110	887631	18989913	941466	18978322	0.83594	18984110	1.00537	18989913	1.05069	18978322	90217.0012201833	18984110	882889.881337219	18989913	896045.455843303	18994889	69148	19000677	890893	19006480	1313512	18994889	0.83647	19000677	1.00482	19006480	1.05037	18994889	82666.443506641	19000677	886619.494038733	19006480	1250523.1489856
160	19081750	51277	19087538	920209	19093357	1956558	19081750	0.83588	19087538	1.00446	19093357	1.05027	19081750	61344.9298942432	19087538	916123.091014077	19093357	1862909.53754749	19098317	76279	19104105	885305	19109908	937113	19098317	0.83609	19104105	1.00516	19109908	1.04988	19098317	91233.0012319248	19104105	880760.276970831	19109908	892590.581780775	19114885	68881	19120672	892551	19126475	1307170	19114885	0.83619	19120672	1.00499	19126475	1.04983	19114885	82374.8191200564	19120672	888119.284769003	19126475	1245125.40125544
161	19201761	51171	19207564	923095	19213368	1950219	19201761	0.83577	19207564	1.00424	19213368	1.05015	19201761	61226.1746652787	19207564	919197.602166813	19213368	1857086.13055278	19218328	75758	19224116	885528	19229919	935880	19218328	0.83644	19224116	1.00511	19229919	1.05039	19218328	90571.9477786811	19224116	881025.957357901	19229919	890983.349041785	19234896	68955	19240683	891411	19246471	1300830	19234896	0.83533	19240683	1.00498	19246471	1.04982	19234896	82548.2144781105	19240683	886993.771020319	19246471	1239098.13110819
162	19321772	52225	19327575	921338	19333379	1938668	19321772	0.83555	19327575	1.00446	19333379	1.04982	19321772	62503.7400514631	19327575	917247.078031978	19333379	1846667.04768436	19338355	76249	19344143	885038	19349946	934524	19338355	0.83601	19344143	1.00424	19349946	1.0495	19338355	91205.8468200141	19344143	881301.282561937	19349946	890446.879466413	19354922	69918	19360710	892315	19366513	1292195	19354922	0.83524	19360710	1.00396	19366513	1.04945	19354922	83710.0713567358	19360710	888795.370333479	19366513	1231306.87502978
163	19441783	51858	19447571	922007	19453374	1930575	19441783	0.83632	19447571	1.00466	19453374	1.05063	19441783	62007.3656016836	19447571	917730.376445763	19453374	1837540.33294309	19458350	76539	19464122	884962	19469926	929619	19458350	0.83672	19464122	1.00443	19469926	1.05072	19458350	91475.0454154317	19464122	881058.909032984	19469926	884744.746459571	19474902	69574	19480690	892359	19486493	1283297	19474902	0.83502	19480690	1.00483	19486493	1.05023	19474902	83320.1599961678	19480690	888069.623717445	19486493	1221919.96038963
164	19561794	52181	19567597	922756	19573401	1919274	19561794	0.83509	19567597	1.00461	19573401	1.04913	19561794	62485.4806068807	19567597	918521.615353222	19573401	1829395.78507907	19578377	76107	19584165	884747	19589968	927222	19578377	0.83531	19584165	1.00346	19589968	1.0501	19578377	91112.2816678838	19584165	881696.330695793	19589968	882984.477668793	19594944	69318	19600732	892030	19606535	1278303	19594944	0.83575	19600732	1.00394	19606535	1.05042	19594944	82941.0708944062	19600732	888529.194971811	19606535	1216944.65071114
165	19681805	52309	19687593	921942	19693396	1912936	19681805	0.83579	19687593	1.00431	19693396	1.04921	19681805	62586.2956005695	19687593	917985.482570123	19693396	1823215.56218488	19698372	76531	19704160	885927	19709948	925405	19698372	0.83555	19704160	1.00394	19709948	1.0497	19698372	91593.5611274011	19704160	882450.146423093	19709948	881589.978088978	19714924	69536	19720712	892823	19726499	1270628	19714924	0.83587	19720712	1.0044	19726499	1.04999	19714924	83189.9697321354	19720712	888911.788132218	19726499	1210133.42984219
166	19801816	52801	19807604	920891	19813407	1904188	19801816	0.83553	19807604	1.00421	19813407	1.04982	19801816	63194.6189843572	19807604	917030.302426783	19813407	1813823.32209331	19818384	76721	19824156	886186	19829959	921072	19818384	0.83512	19824156	1.00497	19829959	1.04978	19818384	91868.2345052208	19824156	881803.436918515	19829959	877395.263769552	19834935	69807	19840723	892153	19846526	1264764	19834935	0.83541	19840723	1.00342	19846526	1.05032	19834935	83560.1680611915	19840723	889112.236152359	19846526	1204170.15766624
167	19921827	52594	19927631	921683	19933434	1896088	19921827	0.83522	19927631	1.00424	19933434	1.04877	19921827	62970.2353870836	19927631	917791.563769617	19933434	1807915.93962451	19938410	76764	19944198	884477	19950017	920258	19938410	0.83537	19944198	1.00315	19950017	1.04925	19938410	91892.2154255001	19944198	881699.646114739	19950017	877062.663807482	19954993	69910	19960781	890776	19966584	1256851	19954993	0.83584	19960781	1.00378	19966584	1.04986	19954993	83640.4096477795	19960781	887421.546554026	19966584	1197160.57379079
168	20041838	53103	20047626	921247	20053445	1884827	20041838	0.83501	20047626	1.00361	20053445	1.04935	20041838	63595.645561131	20047626	917933.26092805	20053445	1796185.25754038	20058421	76923	20064193	884535	20070012	916381	20058421	0.83515	20064193	1.00413	20070012	1.04906	20058421	92106.8071603904	20064193	880896.895820262	20070012	873525.823117839	20074988	70181	20080776	891951	20086579	1247606	20074988	0.83524	20080776	1.00349	20086579	1.04913	20074988	84024.9509123126	20080776	888848.917278697	20086579	1189181.51230067
169	20161865	53078	20167637	923254	20173456	1879827	20161865	0.83467	20167637	1.00338	20173456	1.04982	20161865	63591.5990750836	20167637	920143.913572126	20173456	1790618.3917243	20178432	76636	20184220	885590	20190023	916883	20178432	0.83537	20184220	1.00361	20190023	1.04915	20178432	91738.9899086632	20184220	882404.519683941	20190023	873929.371395892	20194999	69752	20200787	891873	20206575	1241335	20194999	0.83628	20200787	1.00397	20206575	1.04884	20194999	83407.4711819008	20200787	888346.265326653	20206575	1183531.32985012
170	20281876	53290	20287664	924947	20293467	1870054	20281876	0.83556	20287664	1.00399	20293467	1.04993	20281876	63777.5862894346	20287664	921271.128198488	20293467	1781122.55102721	20298428	77453	20304231	886605	20310034	914388	20298428	0.83593	20304231	1.00438	20310034	1.04941	20298428	92654.8873709521	20304231	882738.604910492	20310034	871335.321752223	20315010	70373	20320798	889531	20326601	1236950	20315010	0.83562	20320798	1.00369	20326601	1.05096	20315010	84216.5098968431	20320798	886260.69802429	20326601	1176971.5307909
171	20401887	53732	20407675	922076	20413478	1863495	20401887	0.83567	20407675	1.00403	20413478	1.04957	20401887	64298.1081048739	20407675	918374.948955709	20413478	1775484.24592929	20418454	77348	20424242	885554	20430045	911516	20418454	0.83574	20424242	1.00361	20430045	1.04965	20418454	92550.3146911719	20424242	882368.649176473	20430045	868399.942838089	20435021	70255	20440809	890362	20446612	1228373	20435021	0.83508	20440809	1.00455	20446612	1.05007	20435021	84129.664223787	20440809	886329.202130307	20446612	1169801.06088166
172	20521898	53847	20527686	923492	20533489	1855218	20521898	0.83603	20527686	1.00451	20533489	1.0497	20521898	64407.9757903425	20527686	919345.750664503	20533489	1767379.25121463	20538465	77231	20544268	886329	20550056	909468	20538465	0.83501	20544268	1.00441	20550056	1.04986	20538465	92491.1078909235	20544268	882437.450841788	20550056	866275.503400454	20555032	70277	20560820	890984	20566623	1219762	20555032	0.83558	20560820	1.00495	20566623	1.05074	20555032	84105.6511644606	20560820	886595.353002637	20566623	1160859.96535775
173	20641909	53780	20647697	923486	20653500	1843672	20641909	0.83495	20647697	1.00413	20653500	1.04942	20641909	64411.0425773998	20647697	919687.689840957	20653500	1756848.54491052	20658492	78051	20664279	887236	20670083	908172	20658492	0.83533	20664279	1.00456	20670083	1.04877	20658492	93437.3241712856	20664279	883208.568925699	20670083	865940.101261478	20675059	70521	20680847	890212	20686665	1214486	20675059	0.83569	20680847	1.00389	20686665	1.04986	20675059	84386.5548229607	20680847	886762.493898734	20686665	1156807.57434325
174	20761920	53657	20767708	923451	20773511	1841360	20761920	0.83505	20767708	1.00298	20773511	1.04992	20761920	64256.0325728998	20767708	920707.292269038	20773511	1753809.81408107	20778503	77980	20784290	886928	20790109	905169	20778503	0.83536	20784290	1.00434	20790109	1.04959	20778503	93348.9752920896	20784290	883095.366111078	20790109	862402.4619137	20795148	70119	20800936	889195	20806739	1207322	20795148	0.83501	20800936	1.00342	20806739	1.05027	20795148	83973.8446246153	20800936	886164.318032329	20806739	1149534.88150666
175	20881931	54349	20887719	922357	20893522	1833703	20881931	0.83515	20887719	1.00406	20893522	1.04973	20881931	65076.932287613	20887719	918627.372866163	20893522	1746832.99515113	20898498	78130	20904301	886843	20910105	903821	20898498	0.83538	20904301	1.00426	20910105	1.04939	20898498	93526.2994086524	20904301	883081.07462211	20910105	861282.268746605	20915081	70948	20920869	891615	20926672	1202944	20915081	0.8353	20920869	1.00471	20926672	1.04976	20915081	84937.1483299414	20920869	887435.180300783	20926672	1145922.87761012
176	21001942	54200	21007730	922235	21013533	1824309	21001942	0.83499	21007730	1.00446	21013533	1.04875	21001942	64910.9570174493	21007730	918140.095175517	21013533	1739507.98569726	21018525	77691	21024297	885868	21030100	901860	21018525	0.83525	21024297	1.00468	21030100	1.05007	21018525	93015.2648907513	21024297	881741.450013935	21030100	858857.028579047	21035092	70659	21040864	889902	21046667	1193712	21035092	0.83526	21040864	1.00449	21046667	1.04913	21035092	84595.2158609295	21040864	885924.200340471	21046667	1137811.32938721
177	21121953	54795	21127741	922479	21133544	1818715	21121953	0.83547	21127741	1.00394	21133544	1.04974	21121953	65585.8379115947	21127741	918858.696734865	21133544	1732538.53335112	21138536	78854	21144323	887375	21150127	900923	21138536	0.83568	21144323	1.00408	21150127	1.04981	21138536	94359.0848171549	21144323	883769.22157597	21150127	858177.193968432	21155103	70385	21160891	888674	21166678	1187758	21155103	0.83517	21160891	1.00408	21166678	1.05001	21155103	84276.2551336854	21160891	885062.943191778	21166678	1131187.3220255
178	21241964	54666	21247752	925826	21253555	1813575	21241964	0.835	21247752	1.00469	21253555	1.05007	21241964	65468.2634730539	21247752	921504.145557336	21253555	1727099.14577123	21258531	78016	21264334	885300	21270153	899136	21258531	0.8346	21264334	1.00333	21270153	1.04949	21258531	93477.114785526	21264334	882361.735421048	21270153	856736.128976932	21275130	70482	21280917	890933	21286736	1180456	21275130	0.83497	21280917	1.00346	21286736	1.04927	21275130	84412.6136268369	21280917	887861.000936759	21286736	1125025.97043659
179	21361975	55146	21367763	926473	21373566	1804672	21361975	0.83489	21367763	1.00402	21373566	1.04927	21361975	66051.8152091892	21367763	922763.490767116	21373566	1719930.99964737	21378542	78624	21384330	885844	21390133	895079	21378542	0.83479	21384330	1.00301	21390133	1.04866	21378542	94184.1660776962	21384330	883185.611309957	21390133	853545.477085042	21395125	71151	21400897	893150	21406700	1177937	21395125	0.83472	21400897	1.00386	21406700	1.04933	21395125	85239.3617021277	21400897	889715.697408005	21406700	1122561.06277339
180	21481986	54607	21487774	923546	21493577	1802754	21481986	0.83453	21487774	1.00346	21493577	1.04893	21481986	65434.436149689	21487774	920361.549040321	21493577	1718659.96777669	21498553	78044	21504341	887222	21510144	894516	21498553	0.83528	21504341	1.00397	21510144	1.04988	21498553	93434.5369217508	21504341	883713.656782573	21510144	852017.373414105	21515120	71127	21520908	889843	21526711	1171572	21515120	0.83535	21520908	1.00423	21526711	1.0495	21515120	85146.3458430598	21520908	886094.818915985	21526711	1116314.43544545
181	21601997	54822	21607785	923158	21613588	1793763	21601997	0.83523	21607785	1.00407	21613588	1.04959	21601997	65637.0101648648	21607785	919415.976973717	21613588	1709013.04318829	21618564	78608	21624352	886777	21630155	894360	21618564	0.83426	21624352	1.00364	21630155	1.04993	21618564	94224.8219979383	21624352	883560.838547687	21630155	851828.217119237	21635147	70887	21640919	889162	21646722	1164038	21635147	0.83474	21640919	1.0038	21646722	1.05088	21635147	84921.0532620936	21640919	885795.975293883	21646722	1107679.27831912
182	21722008	54860	21727796	923476	21733599	1787561	21722008	0.83547	21727796	1.00409	21733599	1.05	21722008	65663.6384310628	21727796	919714.368233923	21733599	1702439.04761905	21738575	78911	21744363	886419	21750182	892677	21738575	0.83549	21744363	1.00362	21750182	1.04999	21738575	94448.7665920598	21744363	883221.737310934	21750182	850176.668349223	21755158	71244	21760946	889366	21766749	1158824	21755158	0.83455	21760946	1.00411	21766749	1.04958	21755158	85368.1624827752	21760946	885725.667506548	21766749	1104083.53817718
183	21842019	55464	21847807	926467	21853610	1779631	21842019	0.8346	21847807	1.00396	21853610	1.04893	21842019	66455.7872034508	21847807	922812.661859038	21853610	1696615.59875302	21858602	78602	21864390	887862	21870193	891004	21858602	0.83498	21864390	1.00362	21870193	1.04979	21858602	94136.3865002755	21864390	884659.532492378	21870193	848744.987092657	21875169	71569	21880957	889808	21886760	1152083	21875169	0.8348	21880957	1.00301	21886760	1.04906	21875169	85731.9118351701	21880957	887137.715476416	21886760	1098205.05976779
184	21962030	55515	21967818	926678	21973621	1775239	21962030	0.83541	21967818	1.00457	21973621	1.04932	21962030	66452.4006176608	21967818	922462.347073872	21973621	1691799.45107308	21978582	78657	21984369	886933	21990204	888921	21978582	0.83479	21984369	1.00412	21990204	1.04912	21978582	94223.696977683	21984369	883293.829422778	21990204	847301.547964008	21995180	71248	22000952	889847	22006755	1147070	21995180	0.83597	22000952	1.0046	22006755	1.05003	21995180	85227.9388016317	22000952	885772.446744973	22006755	1092416.40715027
185	22082041	55520	22087829	927680	22093632	1769656	22082041	0.83567	22087829	1.00377	22093632	1.04927	22082041	66437.7086649036	22087829	924195.781902229	22093632	1686559.22689108	22098608	79748	22104396	886934	22110199	887034	22098608	0.83532	22104396	1.00426	22110199	1.04934	22098608	95469.9995211416	22104396	883171.688606536	22110199	845325.633255189	22115176	71275	22120963	890198	22126766	1140784	22115176	0.83462	22120963	1.00453	22126766	1.04935	22115176	85398.1452637128	22120963	886183.588344798	22126766	1087133.94005813
186	22202052	55766	22207855	926037	22213659	1761586	22202052	0.83551	22207855	1.00413	22213659	1.04878	22202052	66744.8624193606	22207855	922228.197544143	22213659	1679652.5486756	22218619	78911	22224407	888323	22230210	887718	22218619	0.83484	22224407	1.00356	22230210	1.04935	22218619	94522.3036749557	22224407	885171.788433178	22230210	845969.409634536	22235187	71740	22240974	890502	22246762	1133666	22235187	0.83486	22240974	1.00392	22246762	1.0489	22235187	85930.5751862588	22240974	887024.862538848	22246762	1080814.1862904
187	22322063	56119	22327851	925539	22333654	1752308	22322063	0.83559	22327851	1.00391	22333654	1.0489	22322063	67160.928206417	22327851	921934.237132811	22333654	1670614.92992659	22338630	79348	22344402	888575	22350206	884311	22338630	0.83526	22344402	1.00383	22350206	1.04852	22338630	94997.9647056007	22344402	885184.742436468	22350206	843389.730286499	22355182	72006	22360970	887604	22366773	1131488	22355182	0.83461	22360970	1.00441	22366773	1.04934	22355182	86275.0266591582	22360970	883706.852779244	22366773	1078285.39844092
188	22442074	55962	22447862	928281	22453665	1751827	22442074	0.83523	22447862	1.0039	22453665	1.04968	22442074	67001.9036672533	22447862	924674.768403227	22453665	1668915.28846887	22458641	79839	22464429	890059	22470248	885511	22458641	0.83552	22464429	1.00438	22470248	1.0498	22458641	95556.0608962084	22464429	886177.542364444	22470248	843504.477043247	22475224	71541	22481012	889176	22486815	1125556	22475224	0.8359	22481012	1.00456	22486815	1.04934	22475224	85585.5963632014	22481012	885139.762682169	22486815	1072632.32126861
189	22562085	55908	22567888	928848	22573692	1746329	22562085	0.83561	22567888	1.00449	22573692	1.05047	22562085	66906.8105934587	22567888	924696.114446137	22573692	1662426.34249431	22578668	79517	22584456	887290	22590274	881569	22578668	0.83502	22584456	1.00465	22590274	1.04965	22578668	95227.6592177433	22584456	883183.198128702	22590274	839869.480302958	22595235	71958	22601023	888587	22606826	1121934	22595235	0.83576	22601023	1.0037	22606826	1.0503	22595235	86098.8800612616	22601023	885311.348012354	22606826	1068203.37046558
190	22682096	56401	22687899	928575	22693703	1742769	22682096	0.83613	22687899	1.00496	22693703	1.04971	22682096	67454.8216186478	22687899	923991.99968158	22693703	1660238.54207353	22698663	80041	22704451	885741	22710254	881763	22698663	0.83544	22704451	1.00345	22710254	1.04966	22698663	95806.9999042421	22704451	882695.699835567	22710254	840046.300706896	22715246	71527	22721018	890952	22726821	1114416	22715246	0.83522	22721018	1.00454	22726821	1.04866	22715246	85638.5144033907	22721018	886925.358870727	22726821	1062704.78515439
191	22802107	56749	22807895	927522	22813714	1733063	22802107	0.83525	22807895	1.00462	22813714	1.04987	22802107	67942.5321759952	22807895	923256.554717207	22813714	1650740.56787983	22818674	79621	22824462	888706	22830281	880177	22818674	0.83544	22824462	1.00527	22830281	1.04938	22818674	95304.270803409	22824462	884047.071930924	22830281	838759.076788199	22835257	72472	22841029	889316	22846832	1111146	22835257	0.83587	22841029	1.00392	22846832	1.05002	22835257	86702.477658009	22841029	885843.493505459	22846832	1058214.12925468
192	22922118	56383	22927921	927083	22933725	1726508	22922118	0.83494	22927921	1.00333	22933725	1.04901	22922118	67529.4033104175	22927921	924006.059820797	22933725	1645845.13017035	22938685	79649	22944473	887760	22950292	879836	22938685	0.83481	22944473	1.00346	22950292	1.04951	22938685	95409.7339514381	22944473	884698.94166185	22950292	838330.268410973	22955268	71942	22961056	889050	22966859	1108027	22955268	0.8356	22961056	1.00407	22966859	1.04976	22955268	86096.2182862614	22961056	885446.233828319	22966859	1055505.06782503
193	23042129	56428	23047932	927218	23053720	1724686	23042129	0.83512	23047932	1.00369	23053720	1.04883	23042129	67568.7326372258	23047932	923809.144257689	23053720	1644390.41598734	23058696	80152	23064484	889429	23070272	876392	23058696	0.83481	23064484	1.00331	23070272	1.04896	23058696	96012.2662641799	23064484	886494.702534611	23070272	835486.577181208	23075248	71819	23081036	889060	23086839	1098673	23075248	0.83501	23081036	1.00403	23086839	1.04884	23075248	86009.7483862469	23081036	885491.469378405	23086839	1047512.48998894
194	23162140	56682	23167943	927916	23173747	1720694	23162140	0.83399	23167943	1.00461	23173747	1.04943	23162140	67964.8437031619	23167943	923657.936910841	23173747	1639646.28417331	23178723	80190	23184511	889578	23190314	875055	23178723	0.83556	23184511	1.00357	23190314	1.0496	23178723	95971.5639810427	23184511	886413.503791464	23190314	833703.315548781	23195290	72298	23201078	889531	23206881	1097926	23195290	0.8347	23201078	1.00368	23206881	1.04968	23195290	86615.5504971846	23201078	886269.528136458	23206881	1045962.57907172
195	23282151	56553	23287939	927249	23293758	1714253	23282151	0.83496	23287939	1.00416	23293758	1.04875	23282151	67731.3883299799	23287939	923407.624282983	23293758	1634567.81883194	23298734	80215	23304522	889770	23310340	873304	23298734	0.83504	23304522	1.00427	23310340	1.04997	23298734	96061.2665261544	23304522	885986.836209386	23310340	831741.859291218	23315317	72312	23321104	888328	23326892	1092560	23315317	0.83511	23321104	1.0044	23326892	1.04893	23315317	86589.7905665122	23321104	884436.479490243	23326892	1041594.76800168
196	23402162	56749	23407965	929514	23413769	1707204	23402162	0.83519	23407965	1.00417	23413769	1.04935	23402162	67947.4131634718	23407965	925654.022725236	23413769	1626915.70972507	23418745	80537	23424533	886711	23430336	873222	23418745	0.83488	23424533	1.00346	23430336	1.0496	23418745	96465.3602912994	23424533	883653.558686943	23430336	831956.93597561	23435312	72054	23441100	889853	23446887	1084705	23435312	0.83492	23441100	1.00355	23446887	1.0492	23435312	86300.483878695	23441100	886705.19655224	23446887	1033840.06862371
197	23522173	56905	23527961	927709	23533764	1705127	23522173	0.83473	23527961	1.00406	23533764	1.04926	23522173	68171.7441567932	23527961	923957.731609665	23533764	1625075.76768389	23538740	80519	23544528	887907	23550331	872227	23538740	0.83453	23544528	1.00378	23550331	1.04948	23538740	96484.2486189831	23544528	884563.350534978	23550331	831103.975302054	23555308	72580	23561095	887719	23566898	1081851	23555308	0.83445	23561095	1.00264	23566898	1.04893	23555308	86979.447540296	23561095	885381.592595548	23566898	1031385.31646535
198	23642184	57441	23647972	929911	23653775	1698313	23642184	0.83443	23647972	1.0039	23653775	1.04903	23642184	68838.608391357	23647972	926298.436099213	23653775	1618936.54137632	23658751	81144	23664523	890425	23670327	870811	23658751	0.83463	23664523	1.00352	23670327	1.04845	23658751	97221.5233097301	23664523	887301.698022959	23670327	830569.88888359	23675303	72659	23681091	889256	23686878	1078904	23675303	0.8347	23681091	1.00381	23686878	1.04837	23675303	87048.0412124116	23681091	885880.794174196	23686878	1029125.21342656
199	23762195	57124	23767983	929668	23773786	1695291	23762195	0.83471	23767983	1.00307	23773786	1.04845	23762195	68435.7441506631	23767983	926822.654450836	23773786	1616949.78301302	23778762	80727	23784550	888933	23790338	869900	23778762	0.83456	23784550	1.00356	23790338	1.04812	23778762	96730.0134202454	23784550	885779.62453665	23790338	829962.218066634	23795314	72736	23801102	887348	23806905	1075965	23795314	0.83486	23801102	1.00344	23806905	1.04921	23795314	87123.5895838823	23801102	884305.987403333	23806905	1025500.13819922
200	23882206	57005	23887994	928838	23893813	1692021	23882206	0.83422	23887994	1.00349	23893813	1.04928	23882206	68333.2933758481	23887994	925607.629373487	23893813	1612554.32296432	23898773	80786	23904561	889021	23910364	868056	23898773	0.83421	23904561	1.0037	23910364	1.04866	23898773	96841.3229282795	23904561	885743.748131912	23910364	827776.400358553	23915341	72593	23921128	888149	23926932	1066641	23915341	0.83457	23921128	1.00382	23926932	1.04914	23915341	86982.517943372	23921128	884769.181725807	23926932	1016681.28181177
201	24002217	57114	24008005	926835	24013824	1683705	24002217	0.83382	24008005	1.00231	24013824	1.04914	24002217	68496.7978700439	24008005	924698.945436043	24013824	1604843.01427836	24018800	81360	24024588	889515	24030407	866598	24018800	0.83378	24024588	1.00362	24030407	1.04773	24018800	97579.6972822567	24024588	886306.570215819	24030407	827119.582335144	24035367	72743	24041139	885969	24046943	1065141	24035367	0.83423	24041139	1.00274	24046943	1.04904	24035367	87197.7751938914	24041139	883548.078265552	24046943	1015348.31846259
202	24122228	57763	24128016	928969	24133819	1682322	24122228	0.83431	24128016	1.00259	24133819	1.04822	24122228	69234.4572161427	24128016	926569.185808755	24133819	1604932.17072752	24138795	81105	24144583	891448	24150386	869165	24138795	0.83454	24144583	1.00304	24150386	1.04873	24138795	97185.2757207564	24144583	888746.211516988	24150386	828778.617947422	24155363	72468	24161150	887093	24166954	1059193	24155363	0.83436	24161150	1.0025	24166954	1.04853	24155363	86854.595138789	24161150	884880.798004988	24166954	1010169.47536074
203	24242239	57717	24248042	931596	24253846	1675696	24242239	0.83433	24248042	1.00344	24253846	1.04827	24242239	69177.6635144367	24248042	928402.296101411	24253846	1598534.72864815	24258822	81619	24264610	889055	24270429	866467	24258822	0.83446	24264610	1.00279	24270429	1.04804	24258822	97810.5601227141	24264610	886581.43778857	24270429	826749.933208656	24275389	72716	24281177	889717	24286980	1058224	24275389	0.83467	24281177	1.0031	24286980	1.04814	24275389	87119.4603855416	24281177	886967.401056724	24286980	1009620.85217624
204	24362250	57867	24368038	928554	24373841	1675303	24362250	0.83501	24368038	1.00284	24373841	1.04976	24362250	69300.9664554916	24368038	925924.374775637	24373841	1595891.44185338	24378818	81083	24384590	888787	24390393	864358	24378818	0.83474	24384590	1.00285	24390393	1.0495	24378818	97135.6350480389	24384590	886261.155706237	24390393	823590.281086232	24395369	73169	24401157	888067	24406960	1051815	24395369	0.83445	24401157	1.00252	24406960	1.04934	24395369	87685.3016957277	24401157	885834.696564657	24406960	1002358.62542169
205	24482261	57769	24488065	930108	24493868	1665743	24482261	0.83484	24488065	1.00387	24493868	1.04826	24482261	69197.6905754396	24488065	926522.358472711	24493868	1589055.19622994	24498844	81201	24504647	890742	24510451	863298	24498844	0.83406	24504647	1.00339	24510451	1.04932	24498844	97356.3053017769	24504647	887732.586531658	24510451	822721.381466092	24515427	73252	24521230	889284	24527049	1046699	24515427	0.8346	24521230	1.00295	24527049	1.04799	24515427	87768.9911334771	24521230	886668.328431128	24527049	998768.118016393
206	24602272	57826	24608060	929015	24613879	1663044	24602272	0.83429	24608060	1.00271	24613879	1.04882	24602272	69311.6302484748	24608060	926504.173689302	24613879	1585633.37846342	24618871	81681	24624658	888778	24630477	864897	24618871	0.8344	24624658	1.00304	24630477	1.0489	24618871	97891.8983700863	24624658	886084.303716701	24630477	824575.269329774	24635438	73105	24641226	888671	24647029	1042911	24635438	0.8337	24641226	1.00324	24647029	1.04844	24635438	87687.417536284	24641226	885801.004744627	24647029	994726.450726794
207	24722283	57666	24728087	930405	24733890	1663670	24722283	0.83437	24728087	1.0034	24733890	1.04948	24722283	69113.2231504009	24728087	927252.342037074	24733890	1585232.68666387	24738851	81666	24744638	890249	24750441	862329	24738851	0.83551	24744638	1.00364	24750441	1.04919	24738851	97743.8929516104	24744638	887020.246303456	24750441	821899.751236668	24755418	73018	24761205	887410	24767009	1042877	24755418	0.8343	24761205	1.00318	24767009	1.04961	24755418	87520.0767110152	24761205	884596.981598517	24767009	993585.236421147
208	24842294	58121	24848098	930329	24853901	1660060	24842294	0.83481	24848098	1.00356	24853901	1.04899	24842294	69621.8301170326	24848098	927028.777551915	24853901	1582531.76865366	24858893	81279	24864680	890568	24870484	859237	24858893	0.83395	24864680	1.00296	24870484	1.04835	24858893	97462.6776185623	24864680	887939.698492462	24870484	819608.909238327	24875460	73497	24881232	890722	24887035	1037900	24875460	0.8343	24881232	1.0025	24887035	1.04876	24875460	88094.2107155699	24881232	888500.748129676	24887035	989644.913993669
209	24962305	58464	24968093	931945	24973912	1650956	24962305	0.83405	24968093	1.00291	24973912	1.0485	24962305	70096.516995384	24968093	929240.908954941	24973912	1574588.45970434	24978888	81584	24984660	889946	24990463	861208	24978888	0.83454	24984660	1.00407	24990463	1.0497	24978888	97759.2446137992	24984660	886338.601890306	24990463	820432.504525102	24995440	73199	25001212	889156	25007015	1031143	24995440	0.8344	25001212	1.00304	25007015	1.04854	24995440	87726.5100671141	25001212	886461.158079439	25007015	983408.358288668
210	25082316	58645	25088120	930381	25093923	1648955	25082316	0.83439	25088120	1.00296	25093923	1.04842	25082316	70284.8787737149	25088120	927635.199808567	25093923	1572800.02289159	25098899	82084	25104687	890968	25110490	859677	25098899	0.83492	25104687	1.00314	25110490	1.0497	25098899	98313.6108848752	25104687	888179.117570828	25110490	818973.992569305	25115466	73385	25121254	887200	25127057	1028977	25115466	0.83501	25121254	1.00358	25127057	1.04971	25115466	87885.175027844	25121254	884035.15414815	25127057	980248.830629412
211	25202327	58312	25208131	931931	25213934	1646915	25202327	0.83486	25208131	1.004	25213934	1.0494	25202327	69846.4413195027	25208131	928218.12749004	25213934	1569387.26891557	25218910	81866	25224713	893718	25230517	859692	25218910	0.83542	25224713	1.0037	25230517	1.04895	25218910	97993.823466041	25224713	890423.433296802	25230517	819573.85957386	25235477	73420	25241265	888463	25247084	1025072	25235477	0.8347	25241265	1.00348	25247084	1.04895	25235477	87959.7460165329	25241265	885381.871088612	25247084	977236.283902951
212	25322338	58506	25328126	932717	25333945	1646176	25322338	0.83458	25328126	1.0038	25333945	1.04936	25322338	70102.3269189293	25328126	929186.092847181	25333945	1568742.85278646	25338921	82121	25344724	891281	25350528	858545	25338921	0.83487	25344724	1.00309	25350528	1.04973	25338921	98363.8171212285	25344724	888535.425535097	25350528	817872.214759986	25355504	73374	25361292	891179	25367079	1022447	25355504	0.83529	25361292	1.00434	25367079	1.04942	25355504	87842.5457026901	25361292	887327.996495211	25367079	974297.230851327
213	25442349	58879	25448137	932105	25453940	1639018	25442349	0.83489	25448137	1.00341	25453940	1.0487	25442349	70523.0629184683	25448137	928937.323726094	25453940	1562904.54848861	25458917	81870	25464689	891985	25470492	855846	25458917	0.83431	25464689	1.00404	25470492	1.04891	25458917	98128.9928204145	25464689	888395.880642206	25470492	815938.450391359	25475484	73648	25481256	888766	25487059	1019598	25475484	0.83409	25481256	1.00328	25487059	1.04843	25475484	88297.425937249	25481256	885860.37796029	25487059	972499.833083754
214	25562360	58917	25568148	932531	25573967	1636656	25562360	0.83438	25568148	1.00361	25573967	1.04924	25562360	70611.7116901172	25568148	929176.67221331	25573967	1559849.03358621	25578928	82267	25584700	890312	25590503	856698	25578928	0.83366	25584700	1.00304	25590503	1.04857	25578928	98681.7167670273	25584700	887613.654490349	25590503	817015.554517104	25595479	73443	25601267	886805	25607070	1013176	25595479	0.83395	25601267	1.00152	25607070	1.04908	25595479	88066.4308411775	25601267	885459.10216471	25607070	965775.727303923
215	25682371	58700	25688175	932684	25693978	1631108	25682371	0.83381	25688175	1.00269	25693978	1.04789	25682371	70399.7313536657	25688175	930181.810928602	25693978	1556564.14318297	25698939	82241	25704726	888965	25710529	855495	25698939	0.83409	25704726	1.00206	25710529	1.04827	25698939	98599.6714982796	25704726	887137.496756681	25710529	816101.767674359	25715521	73788	25721309	885931	25727097	1009867	25715521	0.83379	25721309	1.00242	25727097	1.04757	25715521	88497.1035872342	25721309	883792.222820774	25727097	964009.087698197
216	25802382	58619	25808170	933230	25813973	1630382	25802382	0.83424	25808170	1.00346	25813973	1.04932	25802382	70266.3502109705	25808170	930012.15793355	25813973	1553751.00064804	25818950	82709	25824737	891792	25830540	855674	25818950	0.83405	25824737	1.00233	25830540	1.04826	25818950	99165.5176548169	25824737	889718.954835234	25830540	816280.312136302	25835532	74171	25841304	888023	25847092	1009226	25835532	0.83516	25841304	1.00307	25847092	1.04897	25835532	88810.5273241056	25841304	885305.113302163	25847092	962111.404520625
217	25922393	59107	25928197	931128	25934000	1629556	25922393	0.83471	25928197	1.00235	25934000	1.04868	25922393	70811.4195349283	25928197	928944.979298648	25934000	1553911.58408666	25938992	82287	25944779	892630	25950598	854348	25938992	0.83394	25944779	1.00323	25950598	1.04895	25938992	98672.5663716814	25944779	889756.087836289	25950598	814479.241145908	25955575	73705	25961347	887672	25967150	1005448	25955575	0.83396	25961347	1.00205	25967150	1.0485	25955575	88379.5385869826	25961347	885855.99520982	25967150	958939.437291369
218	26042404	58485	26048192	932519	26054011	1625600	26042404	0.83392	26048192	1.00301	26054011	1.04861	26042404	70132.6266308519	26048192	929720.541171075	26054011	1550242.70224392	26058987	82738	26064759	889429	26070562	853366	26058987	0.83489	26064759	1.00232	26070562	1.0483	26058987	99100.4803027944	26064759	887370.300901908	26070562	814047.505485071	26075554	74089	26081342	888411	26087130	1000895	26075554	0.83349	26081342	1.00269	26087130	1.04912	26075554	88890.0886633313	26081342	886027.585794214	26087130	954032.903766967
219	26162415	59031	26168203	931806	26174022	1619031	26162415	0.83492	26168203	1.00302	26174022	1.04777	26162415	70702.5822833325	26168203	929000.418735419	26174022	1545216.03023564	26178998	82774	26184786	890558	26190605	852509	26178998	0.83477	26184786	1.00296	26190605	1.04745	26178998	99157.8518633875	26184786	887929.728005105	26190605	813889.923146689	26195581	74715	26201353	884125	26207156	995798	26195581	0.83407	26201353	1.00185	26207156	1.04778	26195581	89578.8123299004	26201353	882492.389080202	26207156	950388.440321441
220	26282426	59665	26288214	931904	26294017	1618123	26282426	0.83388	26288214	1.00247	26294017	1.04802	26282426	71551.062502998	26288214	929607.868564645	26294017	1543981.03089636	26298978	82698	26304766	892483	26310569	852156	26298978	0.83416	26304766	1.00251	26310569	1.04853	26298978	99139.2538601707	26304766	890248.476324426	26310569	812714.943778433	26315545	74331	26321333	886015	26327136	995231	26315545	0.83425	26321333	1.00354	26327136	1.04946	26315545	89099.190890021	26321333	882889.570918947	26327136	948326.758523431
221	26402437	59651	26408241	932370	26414044	1615480	26402437	0.83344	26408241	1.00156	26414044	1.04831	26402437	71572.0387790363	26408241	930917.768281481	26414044	1541032.70979004	26419005	83565	26424792	890946	26430596	850620	26419005	0.83399	26424792	1.00361	26430596	1.04811	26419005	100199.043153995	26424792	887741.254072797	26430596	811575.120931963	26435572	74374	26441360	888713	26447147	993044	26435572	0.83437	26441360	1.00296	26447147	1.04861	26435572	89137.9124369285	26441360	886090.17308766	26447147	947009.851136266
222	26522448	59572	26528252	932587	26534055	1613020	26522448	0.83393	26528252	1.00247	26534055	1.0483	26522448	71435.2523593107	26528252	930289.185711293	26534055	1538700.75360107	26539031	83483	26544835	893198	26550653	851041	26539031	0.83401	26544835	1.0028	26550653	1.04829	26539031	100098.320164027	26544835	890704.028719585	26550653	811837.373245953	26555630	74679	26561417	888104	26567205	989260	26555630	0.83424	26561417	1.00291	26567205	1.04879	26555630	89517.4050632911	26561417	885527.116092172	26567205	943239.352015179
223	26642459	59746	26648263	933073	26654066	1611876	26642459	0.83345	26648263	1.003	26654066	1.0479	26642459	71685.1640770292	26648263	930282.153539382	26654066	1538196.39278557	26659042	83211	26664814	890449	26670618	849680	26659042	0.83376	26664814	1.00227	26670618	1.04762	26659042	99802.1013241221	26664814	888432.258772586	26670618	811057.444493232	26675594	74671	26681382	886252	26687185	986261	26675594	0.83302	26681382	1.00142	26687185	1.04913	26675594	89638.9042279897	26681382	884995.306664536	26687185	940075.109852926
224	26762471	59860	26768258	933785	26774077	1607720	26762471	0.83403	26768258	1.00282	26774077	1.04863	26762471	71771.9986091628	26768258	931159.131249875	26774077	1533162.31654635	26779053	83232	26784825	892186	26790629	851968	26779053	0.83427	26784825	1.00324	26790629	1.04937	26779053	99766.2627207019	26784825	889304.652924524	26790629	811885.22637392	26795605	74062	26801393	887754	26807180	983497	26795605	0.83419	26801393	1.00203	26807180	1.04933	26795605	88783.1309413923	26801393	885955.510314062	26807180	937261.871861092
225	26882482	59429	26888285	934547	26894088	1605977	26882482	0.83453	26888285	1.00352	26894088	1.04937	26882482	71212.5387942914	26888285	931268.933354592	26894088	1530420.15685602	26899064	83194	26904852	891982	26910640	850464	26899064	0.83456	26904852	1.00323	26910640	1.0497	26899064	99686.0621165644	26904852	889110.174137536	26910640	810197.199199771	26915616	74335	26921388	887828	26927191	982211	26915616	0.83453	26921388	1.00283	26927191	1.04927	26915616	89074.0896073239	26921388	885322.537219668	26927191	936089.852945381
226	27002493	59871	27008296	934393	27014099	1604309	27002493	0.83557	27008296	1.00301	27014099	1.0492	27002493	71652.8836602559	27008296	931588.91735875	27014099	1529078.34540602	27019075	83574	27024847	895102	27030651	853002	27019075	0.83409	27024847	1.00249	27030651	1.04834	27019075	100197.820379096	27024847	892878.731957426	27030651	813669.229448461	27035627	74150	27041415	890466	27047218	977828	27035627	0.83434	27041415	1.00328	27047218	1.0491	27035627	88872.6418486468	27041415	887554.820189778	27047218	932063.673625012
227	27122504	60185	27128291	935265	27134110	1600354	27122504	0.83512	27128291	1.00334	27134110	1.04813	27122504	72067.4873072133	27128291	932151.613610541	27134110	1526865.94220183	27139071	83547	27144858	895038	27150662	847555	27139071	0.83436	27144858	1.00361	27150662	1.04841	27139071	100133.036099525	27144858	891818.535088331	27150662	808419.416068141	27155638	74511	27161426	890060	27167213	975082	27155638	0.83406	27161426	1.00204	27167213	1.04799	27155638	89335.2996187325	27161426	888247.974132769	27167213	930430.633880094
228	27242515	59670	27248302	936307	27254121	1598747	27242515	0.83415	27248302	1.00192	27254121	1.04795	27242515	71533.8967811545	27248302	934512.735547748	27254121	1525594.73257312	27259097	83317	27264885	892889	27270704	846567	27259097	0.83381	27264885	1.00241	27270704	1.048	27259097	99923.2439044866	27264885	890742.311030417	27270704	807792.938931298	27275680	74061	27281452	888416	27287255	970580	27275680	0.83289	27281452	1.00193	27287255	1.04885	27275680	88920.5057090372	27281452	886704.660006188	27287255	925375.411164609
229	27362541	60010	27368329	934785	27374132	1596234	27362541	0.83425	27368329	1.0027	27374132	1.04855	27362541	71932.8738387773	27368329	932267.876732821	27374132	1522325.11563588	27379108	83399	27384880	891812	27390684	846699	27379108	0.83354	27384880	1.00271	27390684	1.04838	27379108	100053.98661132	27384880	889401.721335182	27390684	807626.051622503	27395660	74439	27401448	888879	27407235	968224	27395660	0.8339	27401448	1.00294	27407235	1.04839	27395660	89266.0990526442	27401448	886273.356332383	27407235	923534.180982268
230	27482552	60144	27488340	934889	27494159	1594319	27482552	0.83358	27488340	1.00268	27494159	1.04913	27482552	72151.4431728209	27488340	932390.194279331	27494159	1519658.19297894	27499135	83506	27504907	891613	27510710	846815	27499135	0.83299	27504907	1.00327	27510710	1.04795	27499135	100248.502382982	27504907	888706.928344314	27510710	808068.133021614	27515687	74561	27521474	887158	27527277	967040	27515687	0.83343	27521474	1.00221	27527277	1.04807	27515687	89462.8223126118	27521474	885201.704233644	27527277	922686.461782133
231	27602563	60628	27608351	935265	27614170	1593727	27602563	0.8334	27608351	1.00238	27614170	1.04831	27602563	72747.7801775858	27608351	933044.354436441	27614170	1520282.16844254	27619130	83842	27624918	892185	27630706	846445	27619130	0.83327	27624918	1.00197	27630706	1.04829	27619130	100618.04697157	27624918	890430.851223091	27630706	807453.090270822	27635698	75354	27641485	890792	27647273	963379	27635698	0.83448	27641485	1.00242	27647273	1.048	27635698	90300.5464480874	27641485	888641.487600008	27647273	919254.770992367
232	27722574	60124	27728362	936877	27734181	1590937	27722574	0.83364	27728362	1.00299	27734181	1.04804	27722574	72122.2590086848	27728362	934084.08857516	27734181	1518011.71711003	27739141	83566	27744913	892435	27750717	845053	27739141	0.83409	27744913	1.00265	27750717	1.04829	27739141	100188.229087988	27744913	890076.297810802	27750717	806125.213442845	27755693	75111	27761481	890310	27767284	960434	27755693	0.834	27761481	1.00219	27767284	1.04737	27755693	90061.1510791367	27761481	888364.481784891	27767284	916995.904026275
233	27842585	60790	27848373	935418	27854176	1589283	27842585	0.83372	27848373	1.00267	27854176	1.04809	27842585	72914.1678261287	27848373	932927.084683894	27854176	1516361.19035579	27859152	83831	27864940	892923	27870743	845678	27859152	0.83418	27864940	1.00287	27870743	1.04812	27859152	100495.096981467	27864940	890367.644859254	27870743	806852.268824181	27875720	74944	27881523	888162	27887326	957971	27875720	0.83361	27881523	1.0028	27887326	1.0485	27875720	89902.952219863	27881523	885682.090147587	27887326	913658.559847401
234	27962596	60157	27968399	934761	27974203	1584307	27962596	0.83387	27968399	1.00185	27974203	1.04844	27962596	72141.9405902599	27968399	933034.885461895	27974203	1511108.88558239	27979163	83479	27984967	894422	27990785	846003	27979163	0.83339	27984967	1.00313	27990785	1.04902	27979163	100167.988576777	27984967	891631.194361648	27990785	806469.848048655	27995762	75456	28001534	888365	28007337	955353	27995762	0.83428	28001534	1.00285	28007337	1.04889	27995762	90444.4550990075	28001534	885840.354988284	28007337	910822.869891028
235	28082607	60641	28088395	933859	28094214	1582861	28082607	0.83312	28088395	1.00149	28094214	1.0473	28082607	72787.8336854235	28088395	932469.620265804	28094214	1511373.05452115	28099174	83994	28104962	894008	28110765	846105	28099174	0.83313	28104962	1.00209	28110765	1.04825	28099174	100817.399445465	28104962	892143.420251674	28110765	807159.551633675	28115757	75452	28121529	889071	28127333	953851	28115757	0.83327	28121529	1.00312	28127333	1.04797	28115757	90549.2817454127	28121529	886305.72613446	28127333	910189.22297394
236	28202618	60295	28208406	933784	28214225	1582478	28202618	0.83322	28208406	1.00165	28214225	1.04707	28202618	72363.8414824416	28208406	932245.794439175	28214225	1511339.26098542	28219201	84081	28224989	890326	28230792	843222	28219201	0.83221	28224989	1.00102	28230792	1.04711	28219201	101033.393013783	28224989	889418.792831312	28230792	805285.022585975	28235768	75170	28241556	888641	28247359	950221	28235768	0.83273	28241556	1.00232	28247359	1.04765	28235768	90269.3550130294	28241556	886584.124830393	28247359	907002.33856727
237	28322629	60864	28328417	934310	28334220	1581932	28322629	0.83268	28328417	1.00177	28334220	1.04824	28322629	73094.1057789307	28328417	932659.193227987	28334220	1509131.49660383	28339196	83648	28344984	892509	28350787	844520	28339196	0.83423	28344984	1.00232	28350787	1.04832	28339196	100269.709792264	28344984	890443.171841328	28350787	805593.711843712	28355764	75794	28361551	888687	28367355	949827	28355764	0.83364	28361551	1.003	28367355	1.04779	28355764	90919.3416822609	28361551	886028.913260219	28367355	906505.120300824
238	28442640	60947	28448443	934760	28454247	1578398	28442640	0.83301	28448443	1.00219	28454247	1.04716	28442640	73164.7879377198	28448443	932717.349005678	28454247	1507313.11356431	28459223	84316	28465011	891628	28470814	842759	28459223	0.83379	28465011	1.00179	28470814	1.04771	28459223	101123.784166277	28465011	890034.837640623	28470814	804381.93774995	28475790	75343	28481578	886950	28487381	947373	28475790	0.83304	28481578	1.00248	28487381	1.04815	28475790	90443.4360895035	28481578	884755.805602107	28487381	903852.502027382
239	28562651	61325	28568439	935046	28574258	1575933	28562651	0.83381	28568439	1.00224	28574258	1.04712	28562651	73547.9305837061	28568439	932956.17816092	28574258	1505016.61700665	28579234	84501	28585022	894236	28590856	841815	28579234	0.83378	28585022	1.00265	28590856	1.04741	28579234	101346.878073353	28585022	891872.537774897	28590856	803711.058706715	28595817	75673	28601605	888152	28607392	942773	28595817	0.834	28601605	1.00209	28607392	1.04837	28595817	90735.0119904077	28601605	886299.633765431	28607392	899275.065101062
240	28682662	61168	28688465	934717	28694269	1575395	28682662	0.8333	28688465	1.00158	28694269	1.04789	28682662	73404.5361814473	28688465	933242.476886519	28694269	1503397.30315205	28699245	84493	28705033	894403	28710852	844246	28699245	0.83299	28705033	1.00202	28710852	1.04771	28699245	101433.390556909	28705033	892599.948104828	28710852	805801.22362104	28715828	75394	28721616	887389	28727419	942966	28715828	0.83371	28721616	1.00195	28727419	1.04745	28715828	90431.924770004	28721616	885661.9591796	28727419	900249.176571674
241	28802689	61403	28808461	937160	28814280	1577834	28802689	0.83366	28808461	1.00169	28814280	1.04867	28802689	73654.72734688	28808461	935578.871706816	28814280	1504604.88046764	28819256	84715	28825044	893719	28830847	843914	28819256	0.83385	28825044	1.00257	28830847	1.04824	28819256	101595.011093122	28825044	891428.029962995	28830847	805077.08158437	28835823	75195	28841595	889821	28847414	941069	28835823	0.83374	28841595	1.00234	28847414	1.04811	28835823	90189.9872862043	28841595	887743.679789293	28847414	897872.360725496
242	28922700	61147	28928488	934989	28934291	1570971	28922700	0.83407	28928488	1.00116	28934291	1.04757	28922700	73311.5925521839	28928488	933905.669423469	28934291	1499633.43738366	28939267	84283	28945055	892638	28950889	840616	28939267	0.83385	28945055	1.00228	28950889	1.04742	28939267	101076.932301973	28945055	890607.415093587	28950889	802558.667965095	28955866	75206	28961638	890628	28967441	937090	28955866	0.83506	28961638	1.00286	28967441	1.04711	28955866	90060.5944483031	28961638	888088.068125162	28967441	894929.854552053
243	29042711	61279	29048514	936584	29054317	1574099	29042711	0.83413	29048514	1.00245	29054317	1.04892	29042711	73464.5678731133	29048514	934294.977305601	29054317	1500685.46695649	29059294	84249	29065081	894115	29070900	844178	29059294	0.83478	29065081	1.00244	29070900	1.04928	29059294	100923.596636239	29065081	891938.669646064	29070900	804530.725831046	29075861	75622	29081649	886255	29087452	934986	29075861	0.83348	29081649	1.00258	29087452	1.04805	29075861	90730.4314440659	29081649	883974.346186838	29087452	892119.65078002
244	29162722	61407	29168510	936148	29174313	1567869	29162722	0.83361	29168510	1.00315	29174313	1.04766	29162722	73663.9435707345	29168510	933208.393560285	29174313	1496543.72601798	29179289	84829	29185077	892567	29190880	841532	29179289	0.8344	29185077	1.00285	29190880	1.04775	29179289	101664.669223394	29185077	890030.413322032	29190880	803180.147936053	29195856	75511	29201644	888070	29207447	933367	29195856	0.83384	29201644	1.00255	29207447	1.04682	29195856	90558.1406504845	29201644	885811.181487208	29207447	891621.291148431
245	29282733	61456	29288536	938823	29294339	1569219	29282733	0.83353	29288536	1.00212	29294339	1.04744	29282733	73729.7997672549	29288536	936836.905759789	29294339	1498146.9105629	29299316	84989	29305103	894009	29310922	843182	29299316	0.83344	29305103	1.00263	29310922	1.04757	29299316	101973.747360338	29305103	891663.923880195	29310922	804893.229092089	29315899	75617	29321686	886671	29327489	931896	29315899	0.83386	29321686	1.00204	29327489	1.04832	29315899	90683.0882882019	29321686	884865.87361782	29327489	888942.307692308
246	29402744	61407	29408532	937444	29414350	1569746	29402744	0.83355	29408532	1.0016	29414350	1.04863	29402744	73669.245996041	29408532	935946.485623003	29414350	1496949.3529653	29419311	84551	29425099	893540	29430902	841566	29419311	0.83336	29425099	1.002	29430902	1.04708	29419311	101457.953345493	29425099	891756.487025948	29430902	803726.553844978	29435894	75548	29441666	889274	29447485	929432	29435894	0.83412	29441666	1.00253	29447485	1.04771	29435894	90572.0999376589	29441666	887029.81456914	29447485	887108.073799047
247	29522755	61924	29528543	933988	29534346	1566191	29522755	0.83288	29528543	1.00215	29534346	1.0483	29522755	74349.2459898185	29528543	931984.233897121	29534346	1494029.38090241	29539322	85215	29545094	895146	29550897	840587	29539322	0.83374	29545094	1.0028	29550897	1.04836	29539322	102208.122436251	29545094	892646.589549262	29550897	801811.400663894	29555874	75867	29561661	888509	29567465	928282	29555874	0.83455	29561661	1.00262	29567465	1.04758	29555874	90907.6747947996	29561661	886187.189563344	29567465	886120.391760057
248	29642766	61732	29648554	938142	29654357	1564598	29642766	0.83328	29648554	1.00302	29654357	1.04767	29642766	74083.1413210446	29648554	935317.341628283	29654357	1493407.27519162	29659333	84971	29665105	893511	29670908	839273	29659333	0.83322	29665105	1.00218	29670908	1.04797	29659333	101979.069153405	29665105	891567.383104831	29670908	800855.940532649	29675885	76599	29681672	887720	29687460	927102	29675885	0.83336	29681672	1.00213	29687460	1.04856	29675885	91915.8586925218	29681672	885833.175336533	29687460	884166.85740444
249	29762777	61677	29768580	936930	29774383	1560279	29762777	0.83327	29768580	1.00173	29774383	1.0475	29762777	74018.0253699281	29768580	935311.910395017	29774383	1489526.49164678	29779344	85571	29785132	894482	29790919	842348	29779344	0.83356	29785132	1.00231	29790919	1.04818	29779344	102657.277220596	29785132	892420.508625076	29790919	803629.147665477	29795896	75827	29801683	887898	29807487	923781	29795896	0.83368	29801683	1.00197	29807487	1.04741	29795896	90954.5629018328	29801683	886152.280008384	29807487	881966.947040796
250	29882788	61599	29888576	938120	29894379	1567768	29882788	0.83418	29888576	1.00259	29894379	1.04866	29882788	73843.7747248795	29888576	935696.545946	29894379	1495020.3116358	29899355	85050	29905143	896129	29910930	841323	29899355	0.83425	29905143	1.00162	29910930	1.04804	29899355	101947.857356907	29905143	894679.619017192	29910930	802758.482500668	29915922	75978	29921710	887948	29927513	920774	29915922	0.83432	29921710	1.00106	29927513	1.04785	29915922	91065.7781187075	29921710	887007.771761932	29927513	878726.917020566
251	30002799	62168	30008587	938298	30014405	1566712	30002799	0.83338	30008587	1.00252	30014405	1.04884	30002799	74597.4225443375	30008587	935939.432629773	30014405	1493756.91239846	30019382	84965	30025154	894356	30030957	840160	30019382	0.83417	30025154	1.00302	30030957	1.0488	30019382	101855.736840212	30025154	891663.177204842	30030957	801067.887109077	30035933	76602	30041721	889197	30047524	921104	30035933	0.83363	30041721	1.00229	30047524	1.04751	30035933	91889.6872713314	30041721	887165.391254028	30047524	879327.166327768
252	30122810	62189	30128613	939288	30134416	1562436	30122810	0.83333	30128613	1.00245	30134416	1.04864	30122810	74627.098508394	30128613	936992.368696693	30134416	1489964.14403418	30139393	85443	30145180	894354	30150984	840341	30139393	0.83387	30145180	1.00229	30150984	1.04874	30139393	102465.612145778	30145180	892310.608706063	30150984	801286.305471328	30155960	76056	30161748	888086	30167551	917655	30155960	0.83394	30161748	1.00231	30167551	1.04839	30155960	91200.8058133679	30161748	886039.249334038	30167551	875299.268402026
253	30242821	61999	30248609	935360	30254427	1561713	30242821	0.83352	30248609	1.00214	30254427	1.04841	30242821	74382.1384009982	30248609	933362.604027382	30254427	1489601.39640026	30259404	85335	30265191	895441	30270995	838050	30259404	0.83351	30265191	1.00312	30270995	1.04827	30259404	102380.29537738	30265191	892655.913549725	30270995	799460.062770088	30275971	76009	30281759	887165	30287562	916495	30275971	0.83348	30281759	1.00242	30287562	1.04926	30275971	91194.7497240486	30281759	885023.243750125	30287562	873467.967901187
254	30362832	61734	30368620	937628	30374438	1558722	30362832	0.83393	30368620	1.00309	30374438	1.04752	30362832	74027.7960979938	30368620	934739.654467695	30374438	1488011.6847411	30379399	84576	30385187	896227	30391021	840589	30379399	0.83368	30385187	1.00201	30391021	1.04836	30379399	101448.997217158	30385187	894429.1973134	30391021	801813.30840551	30395982	76295	30401770	889541	30407573	914450	30395982	0.83388	30401770	1.00206	30407573	1.04692	30395982	91493.9799491534	30401770	887712.31263597	30407573	873466.931570703
255	30482843	62219	30488631	938895	30494449	1558541	30482843	0.83312	30488631	1.00203	30494449	1.04896	30482843	74681.9185711542	30488631	936992.90440406	30494449	1485796.40787065	30499410	85647	30505182	895203	30510985	839153	30499410	0.83353	30505182	1.0025	30510985	1.04797	30499410	102752.150492484	30505182	892970.573566085	30510985	800741.43343798	30515977	75481	30521765	889704	30527568	914386	30515977	0.83419	30521765	1.00143	30527568	1.04782	30515977	90484.1822606361	30521765	888433.540037746	30527568	872655.608787769
256	30602854	62254	30608642	941942	30614445	1557564	30602854	0.83343	30608642	1.0035	30614445	1.04894	30602854	74696.1352483112	30608642	938656.701544594	30614445	1484893.32087631	30619468	86025	30625256	893628	30631059	836252	30619468	0.83479	30625256	1.00243	30631059	1.04841	30619468	103049.868829286	30625256	891461.747952476	30631059	797638.328516516	30636035	76313	30641823	889393	30647642	911834	30636035	0.83367	30641823	1.00257	30647642	1.04748	30636035	91538.6183981671	30641823	887113.119283442	30647642	870502.53942796
257	30722865	62519	30728668	937877	30734471	1554120	30722865	0.83438	30728668	1.00279	30734471	1.0482	30722865	74928.6895659052	30728668	935267.603386552	30734471	1482655.98168288	30739463	84909	30745251	895556	30751070	837957	30739463	0.83436	30745251	1.00184	30751070	1.04865	30739463	101765.424996404	30745251	893911.20338577	30751070	799081.676441139	30756031	76186	30761818	890499	30767622	909017	30756031	0.83378	30761818	1.00254	30767622	1.04815	30756031	91374.2234162489	30761818	888242.863127656	30767622	867258.50307685
258	30842876	62285	30848664	939234	30854482	1553775	30842876	0.83408	30848664	1.00319	30854482	1.04838	30842876	74675.091118358	30848664	936247.370886871	30854482	1482072.340182	30859459	85661	30865247	896996	30871050	836335	30859459	0.83387	30865247	1.00276	30871050	1.04854	30859459	102727.043783803	30865247	894527.105189677	30871050	797618.593472829	30876026	76015	30881798	891779	30887601	906425	30876026	0.83362	30881798	1.00317	30887601	1.04832	30876026	91186.6317986613	30881798	888960.993650129	30887601	864645.337301587
259	30962887	62236	30968690	940682	30974494	1556080	30962887	0.83384	30968690	1.00227	30974494	1.04898	30962887	74637.8202053152	30968690	938551.488121963	30974494	1483421.99088638	30979470	86023	30985242	899265	30991045	838795	30979470	0.8335	30985242	1.0024	30991045	1.04785	30979470	103206.958608278	30985242	897111.931364725	30991045	800491.482559527	30996022	76665	31001809	890667	31007597	907195	30996022	0.8339	31001809	1.00124	31007597	1.04913	30996022	91935.4838709677	31001809	889563.940713515	31007597	864711.713515008
260	31082898	62317	31088701	940320	31094505	1554535	31082898	0.83394	31088701	1.0021	31094505	1.04747	31082898	74725.9994723841	31088701	938349.466121146	31094505	1484085.46306815	31099481	85718	31105269	895141	31111087	836626	31099481	0.8329	31105269	1.00147	31111087	1.04835	31099481	102915.115860247	31105269	893827.074200925	31111087	798040.730672008	31116064	76603	31121851	890894	31127655	904571	31116064	0.83305	31121851	1.00207	31127655	1.04784	31116064	91954.8646539824	31121851	889053.658926023	31127655	863272.064437319
261	31202909	62980	31208712	939945	31214516	1551398	31202909	0.83357	31208712	1.0015	31214516	1.04719	31202909	75554.5425099272	31208712	938537.194208687	31214516	1481486.64521243	31219492	85336	31225295	895620	31231098	835891	31219492	0.83268	31225295	1.00125	31231098	1.04749	31219492	102483.547100927	31225295	894501.872659176	31231098	797994.252928429	31236075	76477	31241847	887603	31247650	901794	31236075	0.83353	31241847	1.00168	31247650	1.04744	31236075	91750.7468237496	31241847	886114.327929079	31247650	860950.507904987
262	31322920	63141	31328723	939936	31334527	1555513	31322920	0.83307	31328723	1.00167	31334527	1.04769	31322920	75793.1506356009	31328723	938368.923897092	31334527	1484707.30845956	31339503	85703	31345291	895316	31351109	834489	31339503	0.8332	31345291	1.0006	31351109	1.046	31339503	102860.057609217	31345291	894779.132520488	31351109	797790.630975143	31356086	76589	31361873	889243	31367661	900386	31356086	0.83333	31361873	1.00097	31367661	1.04701	31356086	91907.1676286705	31361873	888381.270167937	31367661	859959.312709525
263	31442931	63324	31448719	940193	31454522	1551085	31442931	0.83308	31448719	1.00259	31454522	1.0479	31442931	76011.9076199165	31448719	937764.190745968	31454522	1480184.17787957	31459498	85808	31465270	895437	31471074	837018	31459498	0.83389	31465270	1.00167	31471074	1.04774	31459498	102900.862224034	31465270	893944.113330738	31471074	798879.49300399	31476050	76861	31481838	890327	31487641	898360	31476050	0.83341	31481838	1.00167	31487641	1.04767	31476050	92224.71532619	31481838	888842.632803219	31487641	857483.749653994
264	31562942	62554	31568730	939932	31574533	1555603	31562942	0.83325	31568730	1.00128	31574533	1.04819	31562942	75072.3072307231	31568730	938730.425055928	31574533	1484084.94643147	31579525	86020	31585297	896559	31591100	836497	31579525	0.83347	31585297	1.00065	31591100	1.04759	31579525	103207.074039857	31585297	895976.61520012	31591100	798496.549222501	31596077	76838	31601864	888974	31607667	899998	31596077	0.83301	31601864	1.00112	31607667	1.0474	31596077	92241.3896591878	31601864	887979.463001439	31607667	859268.665266374
265	31682953	62975	31688756	941083	31694560	1548243	31682953	0.83271	31688756	1.0015	31694560	1.04704	31682953	75626.5686733677	31688756	939673.489765352	31694560	1478685.62805623	31699520	86007	31705308	895957	31711111	836070	31699520	0.83321	31705308	1.00152	31711111	1.04742	31699520	103223.677104211	31705308	894597.212237399	31711111	798218.47969296	31716088	77100	31721875	889053	31727678	897036	31716088	0.83259	31721875	1.00158	31727678	1.04664	31716088	92602.6015205563	31721875	887650.512190739	31727678	857062.600321027
266	31802964	63091	31808767	939611	31814571	1553192	31802964	0.83335	31808767	1.00084	31814571	1.04792	31802964	75707.6858462831	31808767	938822.389193078	31814571	1482166.57760134	31819531	85970	31825319	896605	31831153	835350	31819531	0.83317	31825319	1.00138	31831153	1.04761	31819531	103184.224107925	31825319	895369.390241467	31831153	797386.431973731	31836130	76737	31841902	889890	31847705	894961	31836130	0.83265	31841902	1.0013	31847705	1.04715	31836130	92159.9711763646	31841902	888734.64496155	31847705	854663.610752996
267	31922975	62868	31928763	939811	31934582	1552488	31922975	0.83358	31928763	1.00139	31934582	1.04804	31922975	75419.2758943353	31928763	938506.475998362	31934582	1481325.14026182	31939558	86044	31945346	897409	31951149	835668	31939558	0.83418	31945346	1.00169	31951149	1.04762	31939558	103148.001630344	31945346	895894.937555531	31951149	797682.365743304	31956125	76856	31961913	889626	31967747	892571	31956125	0.83346	31961913	1.00179	31967747	1.04845	31956125	92213.1835960934	31961913	888036.414817477	31967747	851324.33592446
268	32042986	63193	32048774	940841	32054593	1549231	32042986	0.83361	32048774	1.00162	32054593	1.04705	32042986	75806.4322644882	32048774	939319.302729578	32054593	1479615.10911609	32059553	85932	32065341	901215	32071129	835286	32059553	0.83349	32065341	1.00082	32071129	1.04711	32059553	103099.017384732	32065341	900476.609180472	32071129	797706.067175368	32076121	76838	32081908	893338	32087711	891227	32076121	0.83362	32081908	1.00209	32087711	1.04813	32076121	92173.8921810897	32081908	891474.817631151	32087711	850301.966359135
269	32162997	63189	32168785	942938	32174588	1552645	32162997	0.83362	32168785	1.00139	32174588	1.04653	32162997	75800.7245507545	32168785	941629.135501653	32174588	1483612.50991371	32179564	85393	32185336	898477	32191140	837621	32179564	0.83297	32185336	1.00073	32191140	1.0473	32179564	102516.297105538	32185336	897821.590239125	32191140	799790.890862217	32196132	76627	32201919	887560	32207707	891035	32196132	0.83268	32201919	1.00008	32207707	1.04693	32196132	92024.5472450401	32201919	887489.00087993	32207707	851093.196297747
270	32283008	63296	32288796	941960	32294615	1548508	32283008	0.83313	32288796	1.00112	32294615	1.04634	32283008	75973.7375919724	32288796	940906.185072719	32294615	1479928.13043561	32299591	85815	32305394	893989	32311197	832207	32299591	0.83283	32305394	1.00077	32311197	1.0468	32299591	103040.236302727	32305394	893301.158108257	32311197	795000.95529232	32316174	76279	32321961	889518	32327765	887770	32316174	0.83225	32321961	1.00059	32327765	1.04683	32316174	91653.9501351757	32321961	888993.493838635	32327765	848055.558209069
271	32403019	62713	32408822	941862	32414626	1547529	32403019	0.8335	32408822	1.00095	32414626	1.04712	32403019	75240.5518896221	32408822	940968.080323693	32414626	1477890.78615631	32419602	86658	32425405	895188	32431208	833945	32419602	0.83376	32425405	1.00091	32431208	1.04647	32419602	103936.3845711	32425405	894374.119551209	32431208	796912.477185204	32436185	77283	32441972	889612	32447776	885178	32436185	0.83279	32441972	1.00087	32447776	1.04631	32436185	92800.1056688961	32441972	888838.71032202	32447776	845999.751507679
272	32523030	63309	32528818	937221	32534637	1547707	32523030	0.8331	32528818	1.00081	32534637	1.04682	32523030	75992.0777817789	32528818	936462.465403024	32534637	1478484.3621635	32539613	87107	32545401	894736	32551204	834929	32539613	0.8332	32545401	1.00088	32551204	1.0473	32539613	104545.127220355	32545401	893949.324594357	32551204	797220.471689105	32556180	77156	32561968	887908	32567756	886286	32556180	0.8331	32561968	1.00076	32567756	1.04698	32556180	92613.1316768695	32561968	887233.702386186	32567756	846516.647882481
273	32643041	63341	32648844	939018	32654648	1549616	32643041	0.83256	32648844	1.00041	32654648	1.04619	32643041	76079.8020563083	32648844	938633.160404234	32654648	1481199.39972663	32659608	86368	32665396	894755	32671199	834794	32659608	0.83236	32665396	1.0005	32671199	1.04685	32659608	103762.794944495	32665396	894307.846076961	32671199	797434.207384057	32676176	77308	32681963	888556	32687767	885584	32676176	0.83297	32681963	1.0014	32687767	1.04659	32676176	92810.0651884222	32681963	887313.760734971	32687767	846161.343028311
274	32763052	63396	32768840	941704	32774659	1549671	32763052	0.83298	32768840	1.00184	32774659	1.04677	32763052	76107.4695670965	32768840	939974.447017488	32774659	1480431.23131156	32779635	86333	32785407	898302	32791210	836987	32779635	0.83383	32785407	1.002	32791210	1.04833	32779635	103537.891416716	32785407	896508.982035928	32791210	798400.312878578	32796187	77882	32801974	890409	32807778	884527	32796187	0.83349	32801974	1.00181	32807778	1.04822	32796187	93440.8331233728	32801974	888800.27150857	32807778	843837.171586117
275	32883063	63585	32888851	941421	32894670	1552625	32883063	0.83449	32888851	1.00181	32894670	1.0477	32883063	76196.2396194083	32888851	939720.106607041	32894670	1481936.62307913	32899630	86196	32905402	895752	32911206	834245	32899630	0.83299	32905402	1.00173	32911206	1.04743	32899630	103477.832867141	32905402	894205.02530622	32911206	796468.499088245	32916198	77451	32921970	891418	32927773	882172	32916198	0.83305	32921970	1.00216	32927773	1.04694	32916198	92972.8107556569	32921970	889496.687155744	32927773	842619.443330086
276	33003074	63518	33008862	943192	33014681	1550952	33003074	0.8337	33008862	1.00215	33014681	1.04784	33003074	76188.0772460118	33008862	941168.487751335	33014681	1480142.00641319	33019657	87123	33025429	897594	33031232	835303	33019657	0.83345	33025429	1.00255	33031232	1.04776	33019657	104532.965384846	33025429	895310.957059498	33031232	797227.418492785	33036209	77145	33041996	889221	33047784	879730	33036209	0.83349	33041996	1.00163	33047784	1.04672	33036209	92556.5993593204	33041996	887773.928496551	33047784	840463.543258942
277	33123085	63910	33128873	939869	33134692	1548263	33123085	0.83369	33128873	1.00205	33134692	1.04752	33123085	76659.189866737	33128873	937946.210268949	33134692	1478027.14983962	33139668	86235	33145456	897732	33151259	835127	33139668	0.8329	33145456	1.00182	33151259	1.0483	33139668	103535.838636091	33145456	896101.09600527	33151259	796648.860059143	33156235	77016	33162023	890406	33167826	879910	33156235	0.83331	33162023	1.00113	33167826	1.04645	33156235	92421.7878100587	33162023	889400.976896107	33167826	840852.405752783
278	33243096	63392	33248884	940097	33254703	1553238	33243096	0.83298	33248884	1.00069	33254703	1.04751	33243096	76102.6675310332	33248884	939448.780341564	33254703	1482790.61775067	33259679	86821	33265451	899135	33271254	835037	33259679	0.83312	33265451	1.00164	33271254	1.04745	33259679	104211.87824083	33265451	897662.832953956	33271254	797209.413337152	33276231	77764	33282003	889620	33287806	879796	33276231	0.83328	33282003	1.00207	33287806	1.04785	33276231	93322.7726574501	33282003	887782.290658337	33287806	839620.174643317
279	33363107	63515	33368895	940700	33374714	1546905	33363107	0.83268	33368895	1.00107	33374714	1.04648	33363107	76277.8017966085	33368895	939694.526856264	33374714	1478198.34110542	33379690	86943	33385462	896508	33391265	834844	33379690	0.83294	33385462	1.00067	33391265	1.04867	33379690	104380.867769587	33385462	895907.741812985	33391265	796097.914501225	33396242	78041	33402029	888166	33407833	877149	33396242	0.83408	33402029	1.00173	33407833	1.04761	33396242	93565.3654325724	33402029	886632.126421291	33407833	837285.822013918
280	33483118	64065	33488906	940128	33494725	1548782	33483118	0.83333	33488906	1.00056	33494725	1.04621	33483118	76878.3075132301	33488906	939601.822979132	33494725	1480373.92110571	33499701	86799	33505489	896022	33511292	834799	33499701	0.83285	33505489	1.00156	33511292	1.04711	33499701	104219.247163355	33505489	894626.382842765	33511292	797240.977547727	33516268	77864	33522056	891036	33527859	876503	33516268	0.83286	33522056	1.0008	33527859	1.04689	33516268	93489.9022644862	33522056	890323.741007194	33527859	837244.600674378
281	33603129	63472	33608917	943651	33614736	1549946	33603129	0.83331	33608917	1.00187	33614736	1.04664	33603129	76168.5327189161	33608917	941889.666323974	33614736	1480877.85676068	33619697	87314	33625484	896651	33631287	834449	33619697	0.8335	33625484	1.00104	33631287	1.04698	33619697	104755.848830234	33625484	895719.451770159	33631287	797005.673460811	33636279	77692	33642051	892081	33647855	874023	33636279	0.83334	33642051	1.00149	33647855	1.04668	33636279	93229.6541627667	33642051	890753.77687246	33647855	835043.184163259
282	33723140	63745	33728928	939824	33734747	1547107	33723140	0.83356	33728928	1.00104	33734747	1.04687	33723140	76473.1992897932	33728928	938847.598497563	33734747	1477840.61058202	33739723	85799	33745526	896015	33751345	834636	33739723	0.83303	33745526	1.00084	33751345	1.04677	33739723	102996.290649797	33745526	895262.979097558	33751345	797344.211240292	33756306	77575	33762094	889886	33767897	875850	33756306	0.83151	33762094	1.00035	33767897	1.04717	33756306	93294.1275510818	33762094	889574.648872895	33767897	836397.146595109
283	33843151	63400	33848939	942677	33854758	1550128	33843151	0.83253	33848939	1.00064	33854758	1.0469	33843151	76153.4118890611	33848939	942074.07259354	33854758	1480683.92396599	33859734	86924	33865506	897388	33871309	834945	33859734	0.83244	33865506	1.00056	33871309	1.04644	33859734	104420.739032243	33865506	896885.743983369	33871309	797890.94453576	33876301	77559	33882073	891568	33887861	873730	33876301	0.83194	33882073	1.00097	33887861	1.04645	33876301	93226.675000601	33882073	890704.01710341	33887861	834946.724640451
284	33963162	63856	33968950	942277	33974753	1550421	33963162	0.83252	33968950	1.00078	33974753	1.04666	33963162	76702.0612117427	33968950	941542.596774516	33974753	1481303.38409799	33979730	87289	33985517	895449	33991320	833166	33979730	0.83315	33985517	1.0014	33991320	1.04546	33979730	104769.849366861	33985517	894197.124026363	33991320	796937.233370956	33996297	77478	34002084	890869	34007888	871927	33996297	0.83248	34002084	1.00003	34007888	1.04684	33996297	93068.9025562176	34002084	890842.274731758	34007888	832913.339192236
285	34083173	64329	34088961	941779	34094780	1547904	34083173	0.83241	34088961	1.00028	34094780	1.0456	34083173	77280.4267127978	34088961	941515.375694806	34094780	1480397.85768936	34099756	87043	34105528	896971	34111331	833200	34099756	0.83231	34105528	1.00037	34111331	1.04632	34099756	104580.024269803	34105528	896639.243479912	34111331	796314.702958942	34116308	77632	34122080	889116	34127883	869658	34116308	0.8326	34122080	1.00024	34127883	1.04563	34116308	93240.4515974057	34122080	888902.663360793	34127883	831707.200443752
286	34203184	64300	34208972	942014	34214791	1548607	34203184	0.83379	34208972	1.00099	34214791	1.04717	34203184	77117.7394787656	34208972	941082.32849479	34214791	1478849.66146853	34219767	87244	34225539	895014	34231342	833249	34219767	0.83325	34225539	1.00041	34231342	1.046	34219767	104703.270327033	34225539	894647.194650194	34231342	796605.162523901	34236319	77935	34242106	890038	34247910	869469	34236319	0.83258	34242106	1.00105	34247910	1.0469	34236319	93606.6203848279	34242106	889104.440337646	34247910	830517.718979845
287	34323195	63914	34328999	941549	34334802	1549333	34323195	0.83266	34328999	1.00153	34334802	1.04662	34323195	76758.821127471	34328999	940110.630734976	34334802	1480320.4601479	34339778	87612	34345581	898234	34351400	832653	34339778	0.83276	34345581	1.00022	34351400	1.04626	34339778	105206.782266199	34345581	898036.431984963	34351400	795837.554718712	34356377	77778	34362149	891684	34367952	867226	34356377	0.83318	34362149	1.00106	34367952	1.04731	34356377	93350.7765428839	34362149	890739.815795257	34367952	828050.911382494
288	34443206	64518	34448994	943097	34454813	1551486	34443206	0.83294	34448994	1.00062	34454813	1.04633	34443206	77458.1602516388	34448994	942512.64216186	34454813	1482788.41283343	34459789	87343	34465561	897108	34471364	835185	34459789	0.83225	34465561	1.00112	34471364	1.04737	34459789	104948.032442175	34465561	896104.363113313	34471364	797411.611942294	34476341	77488	34482128	892067	34487932	865871	34476341	0.83207	34482128	1.00097	34487932	1.04604	34476341	93126.7801987814	34482128	891202.533542464	34487932	827760.888684945
289	34563217	64090	34569005	942776	34574824	1551550	34563217	0.83302	34569005	1.00133	34574824	1.04704	34563217	76936.9282850352	34569005	941523.773381403	34574824	1481844.05562347	34579785	87239	34585572	896495	34591375	834174	34579785	0.83319	34585572	1.00168	34591375	1.04706	34579785	104704.809227187	34585572	894991.414423768	34591375	796682.138559395	34596367	78114	34602155	892048	34607958	866328	34596367	0.8328	34602155	1.00155	34607958	1.0477	34596367	93796.8299711816	34602155	890667.465428586	34607958	826885.55884318
290	34683228	64323	34689032	943823	34694835	1553396	34683228	0.83227	34689032	1.00038	34694835	1.04667	34683228	77286.217213164	34689032	943464.483496272	34694835	1484131.57919879	34699811	87311	34705614	898925	34711433	834706	34699811	0.83259	34705614	1.00081	34711433	1.04645	34699811	104866.741133091	34705614	898197.460057354	34711433	797654.928568016	34716410	77869	34722197	888977	34727985	864105	34716410	0.83292	34722197	1.00109	34727985	1.04672	34716410	93489.1706286318	34722197	888009.070113576	34727985	825535.959951085
291	34803239	64436	34809027	942705	34814846	1549609	34803239	0.83317	34809027	1.00059	34814846	1.04655	34803239	77338.3583182304	34809027	942149.132012113	34814846	1480683.19717166	34819822	87209	34825610	899130	34831397	832816	34819822	0.83227	34825610	1.00113	34831397	1.04556	34819822	104784.505028416	34825610	898115.129903209	34831397	796526.263437775	34836389	78386	34842177	886800	34847980	861000	34836389	0.83239	34842177	0.99924	34847980	1.04555	34836389	94169.8002138421	34842177	887474.48060526	34847980	823490.02917125
292	34923250	64654	34929038	942904	34934857	1549772	34923250	0.83189	34929038	1.0003	34934857	1.04669	34923250	77719.4100181515	34929038	942621.213635909	34934857	1480640.87743267	34939833	87340	34945605	898832	34951408	835116	34939833	0.83265	34945605	1.00077	34951408	1.04603	34939833	104894.013090734	34945605	898140.431867462	34951408	798367.159641693	34956385	78933	34962173	892181	34967976	862843	34956385	0.83262	34962173	1.00029	34967976	1.04545	34956385	94800.749441522	34962173	891922.342520669	34967976	825331.67535511
293	35043261	64483	35049049	942510	35054868	1551253	35043261	0.8325	35049049	1.00015	35054868	1.04575	35043261	77457.0570570571	35049049	942368.644703295	35054868	1483387.99904375	35059844	87201	35065632	897825	35071451	833677	35059844	0.83243	35065632	1.00039	35071451	1.04631	35059844	104754.754153502	35065632	897474.984755945	35071451	796778.201489043	35076443	77864	35082215	893114	35088018	863521	35076443	0.83175	35082215	1.0006	35088018	1.04795	35076443	93614.667868951	35082215	892578.452928243	35088018	824009.733288802
294	35163272	64117	35169076	942843	35174879	1553912	35163272	0.83246	35169076	0.99977	35174879	1.04707	35163272	77021.1181318021	35169076	943059.903777869	35174879	1484057.41736465	35179855	87303	35185627	896318	35191431	833609	35179855	0.8331	35185627	1.00028	35191431	1.04618	35179855	104792.942023767	35185627	896067.101211661	35191431	796812.21204764	35196407	78441	35202195	891643	35207982	860669	35196407	0.83202	35202195	1.0002	35207982	1.04716	35196407	94277.7817840917	35202195	891464.707058588	35207982	821907.826884144
295	35283283	64696	35289071	943734	35294890	1552594	35283283	0.83308	35289071	0.99969	35294890	1.04556	35283283	77658.8082777164	35289071	944026.648260961	35294890	1484940.12777842	35299851	87305	35305638	898114	35311442	833695	35299851	0.83243	35305638	0.99985	35311442	1.04627	35299851	104879.689583509	35305638	898248.737310597	35311442	796825.867127988	35316418	77814	35322206	891881	35328009	857544	35316418	0.83259	35322206	1	35328009	1.04606	35316418	93460.1664684899	35322206	891881	35328009	819784.715981875
296	35403294	64822	35409082	943129	35414901	1555316	35403294	0.83245	35409082	1.00125	35414901	1.04752	35403294	77868.9410775422	35409082	941951.560549313	35414901	1484760.19550939	35419877	87412	35425665	898104	35431484	835489	35419877	0.83312	35425665	1.00041	35431484	1.04669	35419877	104921.25984252	35425665	897735.92826941	35431484	798220.103373492	35436460	78779	35442248	891273	35448035	858775	35436460	0.83262	35442248	1.00055	35448035	1.0466	35436460	94615.7911171963	35442248	890783.069311879	35448035	820537.932352379
297	35523305	64753	35529109	944604	35534912	1554631	35523305	0.83332	35529109	1.00036	35534912	1.04674	35523305	77704.8432774924	35529109	944264.064936623	35534912	1485212.18258593	35539888	87998	35545676	898041	35551464	834717	35539888	0.83305	35545676	1.00132	35551464	1.04638	35539888	105633.515395234	35545676	896857.148563896	35551464	797718.801964869	35556440	78765	35562228	891654	35568031	858663	35556440	0.83335	35562228	1.00145	35568031	1.04762	35556440	94516.1096778065	35562228	890362.973688152	35568031	819632.118516256
298	35643317	65009	35649104	943684	35654923	1555489	35643317	0.83244	35649104	1.00098	35654923	1.04716	35643317	78094.5173225698	35649104	942760.095106796	35654923	1485435.84552504	35659899	87384	35665671	898483	35671475	833710	35659899	0.83384	35665671	1.00193	35671475	1.04789	35659899	104797.083373309	35665671	896752.268122524	35671475	795608.317666931	35676451	78733	35682239	893598	35688042	856827	35676451	0.83329	35682239	1.00113	35688042	1.04643	35676451	94484.5131946861	35682239	892589.374007372	35688042	818809.667154038
299	35763328	64403	35769115	944746	35774934	1554780	35763328	0.83303	35769115	1.00067	35774934	1.04706	35763328	77311.7414738965	35769115	944113.443992525	35774934	1484900.57876339	35779910	88325	35785698	898914	35791501	836216	35779910	0.83282	35785698	1.00072	35791501	1.04717	35779910	106055.330083331	35785698	898267.247581741	35791501	798548.468730006	35796478	78319	35802265	890665	35808068	856862	35796478	0.83327	35802265	1.00102	35808068	1.04653	35796478	93989.9432356859	35802265	889757.447403648	35808068	818764.870572272
300	35883339	64580	35889126	943692	35894929	1556557	35883339	0.83275	35889126	1.00028	35894929	1.0474	35883339	77550.2851996398	35889126	943427.840204743	35894929	1486115.14225702	35899906	87826	35905678	898897	35911481	836328	35899906	0.83254	35905678	1.00092	35911481	1.04786	35899906	105491.628029884	35905678	898070.774887104	35911481	798129.521119234	35916473	78487	35922245	892013	35928048	855025	35916473	0.83274	35922245	1.00062	35928048	1.04652	35916473	94251.507073036	35922245	891460.294617337	35928048	817017.352750067
301	36003350	64540	36009137	943255	36014940	1558041	36003350	0.83222	36009137	1.00061	36014940	1.0475	36003350	77551.6089495566	36009137	942679.965221215	36014940	1487389.97613365	36019917	88024	36025689	900399	36031492	834733	36019917	0.83294	36025689	1.00173	36031492	1.04644	36019917	105678.680337119	36025689	898843.999880207	36031492	797688.352891709	36036484	78502	36042272	892698	36048075	854907	36036484	0.83295	36042272	1.00055	36048075	1.04662	36036484	94245.7530464014	36042272	892207.285992704	36048075	816826.546406528