HJY Multigroup Import
Application Version:	3.5.1.20
SystemConfiguration::	FL3-11_1602C-0213-FL
Experiment Time Stamp:	9/24/2025 9:45 PM
Export Time Stamp:	9/25/2025 10:02 AM
Experiment Comment:	None

Integration Time:	1
Time Sequence Interval Points:	301
Time Sequence Experiment Duration:	10:00:00	36000000 (ms)
Repetition Time Sequence Enabled:	False
Repetition Time Sequence Count:	2
Repetition Time Sequence Delay:	0 seconds
Time Sequence Interval Total Points:	301
Time Sequence Experiment Duration Total:	10:00:00	36000000 (ms)

Mono Count:	2
Mono Description:	Excitation 1 (Mono1)	Emission 1 (Mono2)
Mono Slit Width:		5	5
Mono Grating Index:		0	0
Mono Grating Value:		1200	1200

Mono Wavelength Group Count:	3
Mono Wavelength Group Description:	Group 1:(Excitation 1:596 Emission 1:615)	Group 2:(Excitation 1:549 Emission 1:565)	Group 3:(Excitation 1:495 Emission 1:520)

Detector Count:	3
Detector Description:	S1 (SCD1)	R (SCD2)	S1/R (SCD1/SCD2)
Detector High Voltage:	950	None	None

Accessory Sequential Type:	Temperature Controller
Accessory Sequential Description:	Temperature Control (TC1)
Accessory Sequential Scan Position Count:	1
Accessory Sequential Scan Positions:		37

Accessory Interleave Type:	Sample Changer
Accessory Interleave Description:	Sample Changer - 4 Position (SCH1)
Accessory Interleave Scan Position Count:	3
Accessory Interleave Scan Positions:	1	2	3

Axis	X	Y	X	Y	X	Y	X	Y	X	Y	X	Y	X	Y	X	Y	X	Y	X	Y	X	Y	X	Y	X	Y	X	Y	X	Y	X	Y	X	Y	X	Y	X	Y	X	Y	X	Y	X	Y	X	Y	X	Y	X	Y	X	Y	X	Y
Sequential: Temperature Controller	Idx:0(Pos:37.00)	Idx:0(Pos:37.00)	Idx:0(Pos:37.00)	Idx:0(Pos:37.00)	Idx:0(Pos:37.00)	Idx:0(Pos:37.00)	Idx:0(Pos:37.00)	Idx:0(Pos:37.00)	Idx:0(Pos:37.00)	Idx:0(Pos:37.00)	Idx:0(Pos:37.00)	Idx:0(Pos:37.00)	Idx:0(Pos:37.00)	Idx:0(Pos:37.00)	Idx:0(Pos:37.00)	Idx:0(Pos:37.00)	Idx:0(Pos:37.00)	Idx:0(Pos:37.00)	Idx:0(Pos:37.00)	Idx:0(Pos:37.00)	Idx:0(Pos:37.00)	Idx:0(Pos:37.00)	Idx:0(Pos:37.00)	Idx:0(Pos:37.00)	Idx:0(Pos:37.00)	Idx:0(Pos:37.00)	Idx:0(Pos:37.00)	Idx:0(Pos:37.00)	Idx:0(Pos:37.00)	Idx:0(Pos:37.00)	Idx:0(Pos:37.00)	Idx:0(Pos:37.00)	Idx:0(Pos:37.00)	Idx:0(Pos:37.00)	Idx:0(Pos:37.00)	Idx:0(Pos:37.00)	Idx:0(Pos:37.00)	Idx:0(Pos:37.00)	Idx:0(Pos:37.00)	Idx:0(Pos:37.00)	Idx:0(Pos:37.00)	Idx:0(Pos:37.00)	Idx:0(Pos:37.00)	Idx:0(Pos:37.00)	Idx:0(Pos:37.00)	Idx:0(Pos:37.00)	Idx:0(Pos:37.00)	Idx:0(Pos:37.00)	Idx:0(Pos:37.00)	Idx:0(Pos:37.00)	Idx:0(Pos:37.00)	Idx:0(Pos:37.00)	Idx:0(Pos:37.00)	Idx:0(Pos:37.00)
Interleave: Sample Changer	Idx:0(Pos:1)	Idx:0(Pos:1)	Idx:0(Pos:1)	Idx:0(Pos:1)	Idx:0(Pos:1)	Idx:0(Pos:1)	Idx:0(Pos:1)	Idx:0(Pos:1)	Idx:0(Pos:1)	Idx:0(Pos:1)	Idx:0(Pos:1)	Idx:0(Pos:1)	Idx:0(Pos:1)	Idx:0(Pos:1)	Idx:0(Pos:1)	Idx:0(Pos:1)	Idx:0(Pos:1)	Idx:0(Pos:1)	Idx:1(Pos:2)	Idx:1(Pos:2)	Idx:1(Pos:2)	Idx:1(Pos:2)	Idx:1(Pos:2)	Idx:1(Pos:2)	Idx:1(Pos:2)	Idx:1(Pos:2)	Idx:1(Pos:2)	Idx:1(Pos:2)	Idx:1(Pos:2)	Idx:1(Pos:2)	Idx:1(Pos:2)	Idx:1(Pos:2)	Idx:1(Pos:2)	Idx:1(Pos:2)	Idx:1(Pos:2)	Idx:1(Pos:2)	Idx:2(Pos:3)	Idx:2(Pos:3)	Idx:2(Pos:3)	Idx:2(Pos:3)	Idx:2(Pos:3)	Idx:2(Pos:3)	Idx:2(Pos:3)	Idx:2(Pos:3)	Idx:2(Pos:3)	Idx:2(Pos:3)	Idx:2(Pos:3)	Idx:2(Pos:3)	Idx:2(Pos:3)	Idx:2(Pos:3)	Idx:2(Pos:3)	Idx:2(Pos:3)	Idx:2(Pos:3)	Idx:2(Pos:3)
Detector	S1 (SCD1)	S1 (SCD1)	S1 (SCD1)	S1 (SCD1)	S1 (SCD1)	S1 (SCD1)	R (SCD2)	R (SCD2)	R (SCD2)	R (SCD2)	R (SCD2)	R (SCD2)	S1/R (SCD1/SCD2)	S1/R (SCD1/SCD2)	S1/R (SCD1/SCD2)	S1/R (SCD1/SCD2)	S1/R (SCD1/SCD2)	S1/R (SCD1/SCD2)	S1 (SCD1)	S1 (SCD1)	S1 (SCD1)	S1 (SCD1)	S1 (SCD1)	S1 (SCD1)	R (SCD2)	R (SCD2)	R (SCD2)	R (SCD2)	R (SCD2)	R (SCD2)	S1/R (SCD1/SCD2)	S1/R (SCD1/SCD2)	S1/R (SCD1/SCD2)	S1/R (SCD1/SCD2)	S1/R (SCD1/SCD2)	S1/R (SCD1/SCD2)	S1 (SCD1)	S1 (SCD1)	S1 (SCD1)	S1 (SCD1)	S1 (SCD1)	S1 (SCD1)	R (SCD2)	R (SCD2)	R (SCD2)	R (SCD2)	R (SCD2)	R (SCD2)	S1/R (SCD1/SCD2)	S1/R (SCD1/SCD2)	S1/R (SCD1/SCD2)	S1/R (SCD1/SCD2)	S1/R (SCD1/SCD2)	S1/R (SCD1/SCD2)
WL Group	1	1	2	2	3	3	1	1	2	2	3	3	1	1	2	2	3	3	1	1	2	2	3	3	1	1	2	2	3	3	1	1	2	2	3	3	1	1	2	2	3	3	1	1	2	2	3	3	1	1	2	2	3	3
Units	(ms)	CPS	(ms)	CPS	(ms)	CPS	(ms)	MicroAmps	(ms)	MicroAmps	(ms)	MicroAmps	(ms)	CPS	(ms)	CPS	(ms)	CPS	(ms)	CPS	(ms)	CPS	(ms)	CPS	(ms)	MicroAmps	(ms)	MicroAmps	(ms)	MicroAmps	(ms)	CPS	(ms)	CPS	(ms)	CPS	(ms)	CPS	(ms)	CPS	(ms)	CPS	(ms)	MicroAmps	(ms)	MicroAmps	(ms)	MicroAmps	(ms)	CPS	(ms)	CPS	(ms)	CPS
1	0	130249	5787	1492036	11590	3779341	0	0.84026	5787	1.00653	11590	1.05887	0	155010.353938067	5787	1482356.21392308	11590	3569220.96196889	16567	125583	22354	1502096	28158	3781003	16567	0.84035	22354	1.00601	28158	1.0588	16567	149441.30421848	22354	1493122.33476804	28158	3571026.6339252	33134	115316	38937	1495695	44740	3690571	33134	0.84013	38937	1.00718	44740	1.05959	33134	137259.709806816	38937	1485032.46688775	44740	3483017.95977689
2	120011	130187	125798	1363556	131617	3716897	120011	0.84034	125798	1.00707	131617	1.05915	120011	154921.81735964	125798	1353983.33780174	131617	3509320.68167871	136593	125275	142381	1350077	148200	3695980	136593	0.84045	142381	1.00673	148200	1.0595	136593	149057.05276935	142381	1341051.72191154	148200	3488419.06559698	153176	115454	158948	1334400	164751	3604940	153176	0.84074	158948	1.00662	164751	1.05889	153176	137324.261959702	158948	1325624.3666925	164751	3404451.83163501
3	240022	130933	245809	1341411	251628	3700424	240022	0.84043	245809	1.00668	251628	1.05921	240022	155792.867936651	245809	1332509.83430683	251628	3493569.73593527	256604	125520	262392	1321704	268211	3672247	256604	0.84019	262392	1.00745	268211	1.0598	256604	149394.779752199	262392	1311930.12060152	268211	3465037.74297037	273172	116425	278959	1305831	284762	3587926	273172	0.84087	278959	1.00758	284762	1.05971	273172	138457.787767431	278959	1296007.26493182	284762	3385762.14247294
4	360033	132390	365820	1333940	371623	3695790	360033	0.8406	365820	1.00729	371623	1.05988	360033	157494.646680942	365820	1324285.95538524	371623	3486989.09310488	376600	126363	382387	1316332	388191	3660796	376600	0.84153	382387	1.00778	388191	1.06036	376600	150158.639620691	382387	1306169.99742007	388191	3452408.61594176	393167	116244	398955	1298159	404742	3571451	393167	0.84119	398955	1.0081	404742	1.05945	393167	138189.945196686	398955	1287728.39996032	404742	3371042.52206333
5	480044	132426	485831	1332294	491650	3689638	480044	0.84096	485831	1.00727	491650	1.06015	480044	157470.034246575	485831	1322678.12999494	491650	3480298.07102769	496626	125536	502414	1313630	508217	3657617	496626	0.8404	502414	1.00756	508217	1.06008	496626	149376.487386959	502414	1303773.47254754	508217	3450321.67383594	513194	116364	518981	1295502	524784	3567663	513194	0.84024	518981	1.00742	524784	1.06067	513194	138489.003141959	518981	1285960.17549781	524784	3363593.76620438
6	600055	132734	605842	1333991	611661	3689452	600055	0.84022	605842	1.00847	611661	1.06037	600055	157975.29218538	605842	1322786.99415947	611661	3479400.5865877	616637	126152	622409	1310819	628213	3654007	616637	0.8404	622409	1.00709	628213	1.06089	616637	150109.471680152	622409	1301590.72178256	628213	3444284.51583105	633189	116745	638992	1293095	644780	3566584	633189	0.84088	638992	1.0071	644780	1.05961	633189	138836.694891067	638992	1283978.75086883	644780	3365940.29878918
7	720066	133678	725853	1336694	731656	3688421	720066	0.84039	725853	1.00679	731656	1.05929	720066	159066.623829413	725853	1327679.05918811	731656	3481974.7189155	736633	126474	742405	1310314	748208	3647820	736633	0.8404	742405	1.0067	748208	1.05971	736633	150492.622560685	742405	1301593.32472435	748208	3442281.3788678	753184	116830	758972	1292056	764775	3558296	753184	0.84063	758972	1.00739	764775	1.05932	753184	138979.099009077	758972	1282577.75042436	764775	3359037.87335272
8	840077	133320	845864	1337677	851683	3687057	840077	0.83994	845864	1.0063	851683	1.05985	840077	158725.623258804	845864	1329302.39491205	851683	3478847.95018163	856659	126223	862463	1306486	868266	3633717	856659	0.84063	862463	1.00704	868266	1.06001	856659	150152.861544318	862463	1297352.63743248	868266	3428002.56601353	873242	116781	879045	1288871	884849	3551810	873242	0.84098	879045	1.00661	884849	1.06014	873242	138862.99317463	879045	1280407.50638281	884849	3350321.65563039
9	960088	135287	965875	1336227	971694	3682270	960088	0.84149	965875	1.00779	971694	1.05982	960088	160770.775647958	965875	1325898.25261215	971694	3474429.62012417	976655	126098	982442	1308699	988230	3628096	976655	0.84121	982442	1.00769	988230	1.05871	976655	149900.738222323	982442	1298711.90544711	988230	3426902.55121799	993206	116440	998994	1289237	1004797	3540870	993206	0.84011	998994	1.0073	1004797	1.05963	993206	138600.897501518	998994	1279893.77543929	1004797	3341609.80719685
10	1080099	134602	1085902	1335950	1091689	3674604	1080099	0.84059	1085902	1.00712	1091689	1.05984	1080099	160128.00532959	1085902	1326505.28238939	1091689	3467130.88768116	1096666	126176	1102469	1306891	1108272	3626568	1096666	0.84147	1102469	1.00721	1108272	1.0601	1096666	149947.116355901	1102469	1297535.76711907	1108272	3420967.83322328	1113249	116713	1119036	1288551	1124839	3538544	1113249	0.84045	1119036	1.00734	1124839	1.06016	1113249	138869.653161997	1119036	1279161.95127762	1124839	3337745.2460006
11	1200110	118758	1205897	836550	1211700	3486634	1200110	0.84076	1205897	1.00696	1211700	1.05987	1200110	141250.773110043	1205897	830767.85572416	1211700	3289680.80991065	1216677	118632	1222449	827876	1228252	3475251	1216677	0.84003	1222449	1.00654	1228252	1.05931	1216677	141223.527731152	1222449	822496.870467145	1228252	3280674.21245905	1233228	103215	1239016	773471	1244819	3236607	1233228	0.84067	1239016	1.00704	1244819	1.05992	1233228	122777.070669823	1239016	768063.830632348	1244819	3053633.29307872
12	1320121	116602	1325908	431384	1331711	3475573	1320121	0.84023	1325908	1.00627	1331711	1.05953	1320121	138773.907144472	1325908	428696.075605951	1331711	3280296.92410786	1336688	117000	1342460	408272	1348263	3460977	1336688	0.84059	1342460	1.00666	1348263	1.05974	1336688	139187.951319906	1342460	405570.897820515	1348263	3265873.70487101	1353239	100859	1359027	365114	1364830	3226388	1353239	0.84037	1359027	1.00684	1364830	1.05942	1353239	120017.373299856	1359027	362633.586269914	1364830	3045428.63076023
13	1440132	116773	1445919	241249	1451738	3474442	1440132	0.84002	1445919	1.00694	1451738	1.05984	1440132	139012.166376991	1445919	239586.271277335	1451738	3278270.30495169	1456699	116239	1462486	220918	1468274	3458507	1456699	0.84028	1462486	1.00726	1468274	1.06033	1456699	138333.650687866	1462486	219325.695451026	1468274	3261727.00951591	1473266	100292	1479054	194252	1484857	3212785	1473266	0.8404	1479054	1.00707	1484857	1.05861	1473266	119338.410280819	1479054	192888.27986138	1484857	3034908.98442297
14	1560143	116501	1565946	145502	1571749	3465869	1560143	0.84039	1565946	1.00759	1571749	1.05882	1560143	138627.303989814	1565946	144405.958772914	1571749	3273331.63332767	1576710	116296	1582497	131070	1588285	3449598	1576710	0.84032	1582497	1.00753	1588285	1.05925	1576710	138394.897182026	1582497	130090.419143847	1588285	3256641.96365353	1593261	100618	1599049	114956	1604852	3206755	1593261	0.83995	1599049	1.00763	1604852	1.05968	1593261	119790.463718078	1599049	114085.527425742	1604852	3026154.12199909
15	1680154	116160	1685941	95023	1691760	3462650	1680154	0.84002	1685941	1.00682	1691760	1.05946	1680154	138282.421847099	1685941	94379.3329492859	1691760	3268315.93453269	1696736	115876	1702508	85167	1708312	3448563	1696736	0.84019	1702508	1.00705	1708312	1.05966	1696736	137916.423666076	1702508	84570.7760289956	1708312	3254405.18656928	1713288	100240	1719076	75476	1724863	3210435	1713288	0.83998	1719076	1.00719	1724863	1.05977	1713288	119336.174670826	1719076	74937.2015210635	1724863	3029369.58019193
16	1800165	115659	1805952	67871	1811771	3464250	1800165	0.84072	1805952	1.00731	1811771	1.06006	1800165	137571.367399372	1805952	67378.4634323098	1811771	3267975.397619	1816747	115784	1822520	61465	1828323	3442196	1816747	0.84015	1822520	1.00781	1828323	1.06002	1816747	137813.48568708	1822520	60988.6784215279	1828323	3247293.44729345	1833299	100517	1839087	54905	1844890	3207591	1833299	0.84084	1839087	1.00779	1844890	1.06029	1833299	119543.551686409	1839087	54480.5961559452	1844890	3025201.59578983
17	1920176	115782	1925963	52467	1931782	3452202	1920176	0.8402	1925963	1.00719	1931782	1.05887	1920176	137802.904070459	1925963	52092.4552467757	1931782	3260269.91037616	1936759	115505	1942531	48101	1948334	3435455	1936759	0.84054	1942531	1.00635	1948334	1.0591	1936759	137417.612487211	1942531	47797.4859641278	1948334	3243749.40987631	1953310	100289	1959113	44007	1964932	3197816	1953310	0.84006	1959113	1.00643	1964932	1.05895	1953310	119383.139299574	1959113	43725.8428305992	1964932	3019798.8573587
18	2040187	116450	2045974	43311	2051778	3455332	2040187	0.83996	2045974	1.00737	2051778	1.06047	2040187	138637.554169246	2045974	42994.1332380357	2051778	3258302.45080012	2056754	116148	2062542	40639	2068329	3434142	2056754	0.84109	2062542	1.00663	2068329	1.05942	2056754	138092.23745378	2062542	40371.3380288686	2068329	3241530.27128051	2073321	100568	2079093	37116	2084896	3194176	2073321	0.83999	2079093	1.00774	2084896	1.0594	2073321	119725.234824224	2079093	36830.9286125389	2084896	3015080.23409477
19	2160198	115269	2165985	38349	2171804	3448253	2160198	0.84075	2165985	1.00668	2171804	1.05983	2160198	137102.586975914	2165985	38094.5285492907	2171804	3253590.67020183	2176781	116446	2182553	35983	2188356	3429511	2176781	0.8404	2182553	1.00695	2188356	1.05908	2176781	138560.209424084	2182553	35734.6442226526	2188356	3238198.2475356	2193348	100612	2199120	32888	2204923	3190544	2193348	0.84035	2199120	1.00677	2204923	1.05898	2193348	119726.304515975	2199120	32666.8454562611	2204923	3012846.32382104
20	2280209	115372	2285996	34325	2291815	3448528	2280209	0.84038	2285996	1.00626	2291815	1.0604	2280209	137285.513696185	2285996	34111.4622463379	2291815	3252101.09392682	2296776	116356	2302564	33165	2308351	3430248	2296776	0.84012	2302564	1.00695	2308351	1.05979	2296776	138499.262010189	2302564	32936.0941456875	2308351	3236724.25669236	2313343	100420	2319131	30773	2324918	3187520	2313343	0.8403	2319131	1.00641	2324918	1.05906	2313343	119504.938712365	2319131	30577.0014208921	2324918	3009763.37506846
21	2400220	115699	2405992	32146	2411795	3440160	2400220	0.8407	2405992	1.00665	2411795	1.05923	2400220	137622.219578922	2405992	31933.6412854517	2411795	3247793.20827394	2416771	115675	2422559	30917	2428347	3421013	2416771	0.84028	2422559	1.00654	2428347	1.05895	2416771	137662.445851383	2422559	30716.1165974527	2428347	3230570.84848199	2433323	100337	2439126	29075	2444929	3189184	2433323	0.84074	2439126	1.0061	2444929	1.05896	2433323	119343.673430549	2439126	28898.7178212901	2444929	3011618.94689129
22	2520231	115540	2526034	30596	2531853	3431659	2520231	0.84025	2526034	1.00699	2531853	1.05884	2520231	137506.69443618	2526034	30383.6185066386	2531853	3240960.86283102	2536814	116285	2542601	29561	2548389	3419730	2536814	0.8403	2542601	1.00679	2548389	1.05912	2536814	138385.100559324	2542601	29361.6345017332	2548389	3228840.92454113	2553381	99548	2559168	27603	2564956	3181554	2553381	0.84042	2559168	1.0079	2564956	1.0594	2553381	118450.298660194	2559168	27386.6455005457	2564956	3003165.9429866
23	2640242	116330	2646029	29229	2651848	3429262	2640242	0.84111	2646029	1.00718	2651848	1.05929	2640242	138305.334617351	2646029	29020.6318632221	2651848	3237321.22459383	2656809	115932	2662597	28107	2668400	3419747	2656809	0.84006	2662597	1.00747	2668400	1.05956	2656809	138004.428255125	2662597	27898.597476848	2668400	3227516.13877459	2673376	100518	2679179	25982	2684983	3178731	2673376	0.84034	2679179	1.00718	2684983	1.05934	2673376	119615.869766999	2679179	25796.7791258762	2684983	3000671.17261691
24	2760253	115139	2766040	27902	2771844	3429254	2760253	0.84029	2766040	1.00713	2771844	1.05867	2760253	137022.932558998	2766040	27704.467149226	2771844	3239209.57427716	2776820	116558	2782608	27488	2788395	3418038	2776820	0.84009	2782608	1.00717	2788395	1.05929	2776820	138744.658310419	2782608	27292.3141078467	2788395	3226725.44817755	2793372	100721	2799159	25562	2804962	3179584	2793372	0.83981	2799159	1.00768	2804962	1.05981	2793372	119933.080101452	2799159	25367.180057161	2804962	3000145.30906483
25	2880264	115460	2886051	26980	2891855	3432442	2880264	0.84033	2886051	1.00841	2891855	1.06004	2880264	137398.403008342	2886051	26754.9905296457	2891855	3238030.64035319	2896831	116394	2902619	26337	2908422	3418058	2896831	0.84064	2902619	1.00755	2908422	1.06105	2896831	138458.793300343	2902619	26139.6456751526	2908422	3221392.01734131	2913398	99620	2919186	24727	2924989	3186312	2913398	0.83983	2919186	1.00745	2924989	1.06079	2913398	118619.244370885	2919186	24544.1461114696	2924989	3003716.09837951
26	3000275	110099	3006062	25843	3011850	3315002	3000275	0.84081	3006062	1.0081	3011850	1.06085	3000275	130943.970694925	3006062	25635.353635552	3011850	3124854.59772824	3016826	110153	3022598	25175	3028402	3304115	3016826	0.841	3022598	1.00844	3028402	1.06115	3016826	130978.596908442	3022598	24964.3012970529	3028402	3113711.53936767	3033378	95441	3039181	23184	3044969	3068009	3033378	0.84112	3039181	1.00749	3044969	1.05962	3033378	113468.946167015	3039181	23011.642795462	3044969	2895386.08180291
27	3120286	110343	3126073	24831	3131877	3305007	3120286	0.84194	3126073	1.00776	3131877	1.05979	3120286	131058.032638905	3126073	24639.7951893308	3131877	3118548.9578124	3136853	110424	3142641	24437	3148444	3287100	3136853	0.84083	3142641	1.00833	3148444	1.06095	3136853	131327.378899421	3142641	24235.121438418	3148444	3098260.99250672	3153420	95639	3159192	22948	3164995	3059317	3153420	0.84151	3159192	1.00881	3164995	1.06025	3153420	113651.650010101	3159192	22747.5936995073	3164995	2885467.57840132
28	3240297	110271	3246100	24104	3251903	3300366	3240297	0.84114	3246100	1.00817	3251903	1.06122	3240297	131097.082530851	3246100	23908.6661971691	3251903	3109973.42681065	3256864	109924	3262667	23706	3268486	3279786	3256864	0.84113	3262667	1.0083	3268486	1.06023	3256864	130686.100840536	3262667	23510.859863136	3268486	3093466.51198325	3273462	95131	3279234	21866	3285038	3055026	3273462	0.84174	3279234	1.00826	3285038	1.0604	3273462	113017.083660038	3279234	21686.8664828516	3285038	2881012.82534893
29	3360308	109786	3366095	23682	3371899	3300024	3360308	0.84181	3366095	1.00802	3371899	1.06041	3360308	130416.602321189	3366095	23493.581476558	3371899	3112026.48032365	3376875	110205	3382663	23303	3388466	3275127	3376875	0.84152	3382663	1.00709	3388466	1.06036	3376875	130959.454320753	3382663	23138.9448807952	3388466	3088693.46259761	3393442	95172	3399230	21679	3405033	3050615	3393442	0.84084	3399230	1.00756	3405033	1.06094	3393442	113186.813186813	3399230	21516.3364960896	3405033	2875388.80615303
30	3480319	109741	3486106	23318	3491925	3294182	3480319	0.84067	3486106	1.00696	3491925	1.06019	3480319	130539.926487207	3486106	23156.8284738222	3491925	3107161.92380611	3496886	110333	3502674	22940	3508461	3274765	3496886	0.84126	3502674	1.008	3508461	1.06118	3496886	131152.081401707	3502674	22757.9365079365	3508461	3085965.6231742	3513438	95574	3519225	21307	3525028	3055177	3513438	0.84056	3519225	1.00843	3525028	1.0607	3513438	113702.769582183	3519225	21128.8835119939	3525028	2880340.34128406
31	3600330	103639	3606117	23480	3611921	3168270	3600330	0.84081	3606117	1.00759	3611921	1.06059	3600330	123260.903176699	3606117	23303.1292490001	3611921	2987271.23582157	3616897	103286	3622685	23533	3628488	3138562	3616897	0.8411	3622685	1.00732	3628488	1.05982	3616897	122798.715967186	3622685	23361.9902315054	3628488	2961410.42818592	3633464	88506	3639252	21743	3645055	2924618	3633464	0.84112	3639252	1.00741	3645055	1.05959	3633464	105223.987064866	3639252	21583.069455336	3645055	2760141.18668542
32	3720341	102781	3726128	26127	3731932	3134615	3720341	0.84137	3726128	1.00729	3731932	1.06083	3720341	122159.097662146	3726128	25937.9126170219	3731932	2954870.24311153	3736908	101571	3742680	26401	3748483	3109611	3736908	0.84048	3742680	1.00775	3748483	1.06032	3736908	120848.800685323	3742680	26197.9657653188	3748483	2932709.93662291	3753475	87203	3759247	23758	3765051	2897149	3753475	0.84163	3759247	1.00888	3765051	1.06031	3753475	103612.038544253	3759247	23548.8858932678	3765051	2732360.34744556
33	3840352	100894	3846139	29307	3851943	3045550	3840352	0.84125	3846139	1.00838	3851943	1.06165	3840352	119933.432392273	3846139	29063.448303219	3851943	2868694.95596477	3856919	99277	3862707	29978	3868510	3016348	3856919	0.84214	3862707	1.00769	3868510	1.06117	3856919	117886.574678794	3862707	29749.2284333476	3868510	2842473.87317772	3873486	79651	3879274	27065	3885062	2811203	3873486	0.84121	3879274	1.00814	3885062	1.0602	3873486	94686.225793797	3879274	26846.4697363461	3885062	2651578.00415016
34	3960363	98116	3966166	33633	3971969	2880464	3960363	0.84131	3966166	1.00738	3971969	1.06008	3960363	116622.885737719	3966166	33386.6068415097	3971969	2717213.79518527	3976946	93062	3982718	35541	3988521	2850070	3976946	0.84116	3982718	1.00785	3988521	1.06092	3976946	110635.313138999	3982718	35264.1762166989	3988521	2686413.67869396	3993497	65673	3999285	31238	4005088	2668631	3993497	0.84094	3999285	1.00842	4005088	1.06007	3993497	78094.751111851	3999285	30977.1722099919	4005088	2517410.17102644
35	4080374	95547	4086161	38862	4091965	2665692	4080374	0.84161	4086161	1.00795	4091965	1.0608	4080374	113528.831644111	4086161	38555.4839029714	4091965	2512907.23981901	4096941	84232	4102713	42034	4108516	2631665	4096941	0.84169	4102713	1.00816	4108516	1.06097	4096941	100074.849410115	4102713	41693.7787652754	4108516	2480432.99999058	4113508	51751	4119280	36421	4125084	2471225	4113508	0.84148	4119280	1.00838	4125084	1.0609	4113508	61499.9762323525	4119280	36118.3284079415	4125084	2329366.57554906
36	4200385	93622	4206157	1021594	4211976	2419291	4200385	0.84157	4206157	1.00775	4211976	1.06014	4200385	111246.836270304	4206157	1013737.53411064	4211976	2282048.59735507	4216952	80717	4222740	1021793	4228543	2410375	4216952	0.84098	4222740	1.0081	4228543	1.06052	4216952	95979.6903612452	4222740	1013582.97787918	4228543	2272823.70912383	4233519	45696	4239291	953722	4245095	2255631	4233519	0.84139	4239291	1.00881	4245095	1.06112	4233519	54310.1296663854	4239291	945393.086904373	4245095	2125707.74276236
37	4320396	90620	4326183	1029922	4331971	2191953	4320396	0.8412	4326183	1.00745	4331971	1.06143	4320396	107727.05658583	4326183	1022305.82162886	4331971	2065094.25963088	4336963	73442	4342751	1027385	4348554	2184491	4336963	0.8417	4342751	1.00821	4348554	1.06036	4336963	87254.3661637163	4342751	1019018.85519882	4348554	2060140.89554491	4353515	39781	4359318	957703	4365137	2050110	4353515	0.84143	4359318	1.00843	4365137	1.06172	4353515	47277.8484247056	4359318	949697.053836161	4365137	1930932.82598048
38	4440407	89469	4446179	1034649	4451982	1993184	4440407	0.84117	4446179	1.00852	4451982	1.06106	4440407	106362.566425336	4446179	1025908.26161107	4451982	1878483.78037057	4456959	69053	4462746	1030557	4468549	1994720	4456959	0.84152	4462746	1.00917	4468549	1.06089	4456959	82057.4674398707	4462746	1021192.66327774	4468549	1880232.63486318	4473526	36471	4479313	958951	4485117	1882653	4473526	0.84243	4479313	1.00809	4485117	1.06043	4473526	43292.6177842669	4479313	951255.344264897	4485117	1775367.539583
39	4560418	88698	4566206	1037797	4572024	1822244	4560418	0.84145	4566206	1.00887	4572024	1.05993	4560418	105410.897854893	4566206	1028672.67338706	4572024	1719211.6460521	4577001	65920	4582788	1029172	4588592	1847146	4577001	0.84146	4582788	1.00771	4588592	1.06153	4577001	78340.0280464906	4582788	1021297.7940082	4588592	1740078.94265824	4593568	33726	4599356	959357	4605159	1753074	4593568	0.84089	4599356	1.00845	4605159	1.06016	4593568	40107.50514336	4599356	951318.35985919	4605159	1653593.79716269
40	4680429	87217	4686217	1037650	4692020	1695309	4680429	0.84102	4686217	1.00887	4692020	1.06089	4680429	103703.835818411	4686217	1028526.96581324	4692020	1598006.3908605	4696996	64429	4702784	1031447	4708587	1733742	4696996	0.84166	4702784	1.00915	4708587	1.06073	4696996	76549.9132666397	4702784	1022094.8322846	4708587	1634480.02790531	4713563	32569	4719335	962356	4725139	1653024	4713563	0.84157	4719335	1.00866	4725139	1.05999	4713563	38700.2863695236	4719335	954093.549858228	4725139	1559471.31576713
41	4800440	86758	4806212	1038617	4812015	1591404	4800440	0.84122	4806212	1.0077	4812015	1.06145	4800440	103133.544138275	4806212	1030680.75816215	4812015	1499273.63512177	4816992	63462	4822779	1033219	4828582	1649352	4816992	0.84143	4822779	1.00901	4828582	1.0611	4816992	75421.6036984657	4822779	1023992.8246499	4828582	1554379.41758552	4833559	31300	4839331	962787	4845134	1584865	4833559	0.84184	4839331	1.00855	4845134	1.06057	4833559	37180.4618454813	4839331	954624.956620892	4845134	1494352.09368547
42	4920451	86261	4926254	1040227	4932057	1508612	4920451	0.84137	4926254	1.00915	4932057	1.06159	4920451	102524.454164042	4926254	1030795.22370312	4932057	1421087.23706893	4937034	62400	4942806	1033589	4948625	1589155	4937034	0.84202	4942806	1.00829	4948625	1.06166	4937034	74107.5033847177	4942806	1025090.99564609	4948625	1496858.69299022	4953585	30446	4959373	963094	4965192	1536451	4953585	0.8418	4959373	1.0082	4965192	1.06045	4953585	36167.735804229	4959373	955260.86094029	4965192	1448866.99042859
43	5040462	85392	5046250	1040450	5052053	1440574	5040462	0.84147	5046250	1.00794	5052053	1.06087	5040462	101479.553638276	5046250	1032253.90400222	5052053	1357917.55823051	5057029	62227	5062817	1032738	5068620	1541982	5057029	0.84202	5062817	1.00792	5068620	1.06018	5057029	73902.0450820646	5062817	1024622.98595127	5068620	1454453.01741214	5073596	30198	5079400	963193	5085203	1508261	5073596	0.84209	5079400	1.00804	5085203	1.06062	5073596	35860.7749765464	5079400	955510.694020079	5085203	1422055.96726443
44	5160473	85959	5166261	1042841	5172064	1387425	5160473	0.84151	5166261	1.00801	5172064	1.06104	5160473	102148.51873418	5166261	1034554.22069226	5172064	1307608.5727211	5177040	62163	5182828	1031560	5188631	1506435	5177040	0.84149	5182828	1.00784	5188631	1.06019	5177040	73872.5356213383	5182828	1023535.48182251	5188631	1420910.40285232	5193607	30111	5199379	965759	5205183	1492112	5193607	0.84132	5199379	1.00814	5205183	1.06141	5193607	35790.1868492369	5199379	957961.195865654	5205183	1405782.87372457
45	5280484	85288	5286272	1045155	5292075	1344719	5280484	0.84132	5286272	1.00879	5292075	1.06154	5280484	101374.031284173	5286272	1036048.13687685	5292075	1266762.43947473	5297051	61885	5302839	1033772	5308642	1485561	5297051	0.8417	5302839	1.00823	5308642	1.06063	5297051	73523.8208387787	5302839	1025333.50525178	5308642	1400640.1855501	5313618	29635	5319390	963956	5325194	1485572	5313618	0.84121	5319390	1.00734	5325194	1.06117	5313618	35229.0153469407	5319390	956932.11825203	5325194	1399937.80449881
46	5400495	85097	5406283	1042781	5412086	1305627	5400495	0.84158	5406283	1.00853	5412086	1.06012	5400495	101115.758454336	5406283	1033961.31002548	5412086	1231584.16028374	5417047	61521	5422850	1033340	5428637	1468590	5417047	0.8416	5422850	1.00848	5428637	1.05997	5417047	73100.0475285171	5422850	1024650.95986038	5428637	1385501.47645688	5433614	29581	5439401	964017	5445205	1486714	5433614	0.84167	5439401	1.0082	5445205	1.06094	5433614	35145.603383749	5439401	956176.353898036	5445205	1401317.69939865
47	5520506	85124	5526294	1043915	5532097	1279639	5520506	0.84175	5526294	1.00909	5532097	1.06142	5520506	101127.413127413	5526294	1034511.29235252	5532097	1205591.56601534	5537089	61719	5542861	1035205	5548664	1464945	5537089	0.84244	5542861	1.00802	5548664	1.06188	5537089	73262.1907791653	5542861	1026968.71093828	5548664	1379576.78833767	5553640	29378	5559428	966791	5565231	1495843	5553640	0.84178	5559428	1.00822	5565231	1.06237	5553640	34899.8550690204	5559428	958908.769911329	5565231	1408024.51123432
48	5640517	85003	5646305	1041460	5652108	1252293	5640517	0.8418	5646305	1.00896	5652108	1.06117	5640517	100977.666904253	5646305	1032211.3859816	5652108	1180105.92082324	5657084	61699	5662872	1035284	5668675	1453979	5657084	0.84215	5662872	1.00886	5668675	1.06089	5657084	73263.6703675117	5662872	1026191.93941677	5668675	1370527.57590325	5673636	29460	5679423	969168	5685227	1509619	5673636	0.84236	5679423	1.00941	5685227	1.06112	5673636	34973.1706158887	5679423	960133.147085922	5685227	1422665.67400483
49	5760528	84373	5766316	1046234	5772119	1229353	5760528	0.84123	5766316	1.00844	5772119	1.06083	5760528	100297.183885501	5766316	1037477.68831066	5772119	1158859.57222175	5777080	61550	5782883	1034470	5788686	1453527	5777080	0.84212	5782883	1.00782	5788686	1.06163	5777080	73089.3459364461	5782883	1026443.214066	5788686	1369146.50113505	5793662	29826	5799434	964075	5805238	1520204	5793662	0.84118	5799434	1.00718	5805238	1.06088	5793662	35457.3337454528	5799434	957202.28757521	5805238	1432965.08558932
50	5880539	84591	5886327	1043121	5892130	1210222	5880539	0.84129	5886327	1.00851	5892130	1.06114	5880539	100549.156652284	5886327	1034318.94577148	5892130	1140492.30073317	5897106	62123	5902894	1034057	5908697	1450080	5897106	0.84149	5902894	1.0084	5908697	1.06122	5897106	73825.0008912762	5902894	1025443.27647759	5908697	1366427.3195002	5913673	30331	5919461	965791	5925280	1534440	5913673	0.84067	5919461	1.00833	5925280	1.06116	5913673	36079.5555925631	5919461	957812.422520405	5925280	1446002.48784349
51	6000550	83975	6006338	1041731	6012141	1195682	6000550	0.84126	6006338	1.0088	6012141	1.06104	6000550	99820.5073342368	6006338	1032643.73513085	6012141	1126896.25273317	6017133	62169	6022905	1035203	6028708	1451307	6017133	0.8415	6022905	1.0087	6028708	1.06187	6017133	73878.7878787879	6022905	1026274.41261029	6028708	1366746.40021848	6033684	30562	6039457	967972	6045260	1553313	6033684	0.84219	6039457	1.00892	6045260	1.06191	6033684	36288.7234472031	6039457	959414.026880228	6045260	1462753.90569822
52	6120561	83878	6126349	1051168	6132152	1181364	6120561	0.84279	6126349	1.00904	6132152	1.06165	6120561	99524.1993853748	6126349	1041750.57480377	6132152	1112762.20976781	6137128	62873	6142916	1038238	6148719	1450985	6137128	0.84222	6142916	1.01023	6148719	1.06211	6137128	74651.5162309135	6142916	1027724.37959673	6148719	1366134.3928595	6153696	30805	6159468	969751	6165255	1571211	6153696	0.84263	6159468	1.00919	6165255	1.06171	6153696	36558.1571982958	6159468	960920.143877764	6165255	1479887.16316132
53	6240572	83513	6246344	1046736	6252147	1167540	6240572	0.84205	6246344	1.0094	6252147	1.06156	6240572	99178.1960691171	6246344	1036988.30988706	6252147	1099834.20626248	6257124	62945	6262911	1036156	6268715	1451705	6257124	0.84164	6262911	1.0086	6268715	1.0615	6257124	74788.5081507533	6262911	1027321.03906405	6268715	1367597.73904852	6273691	30879	6279479	966552	6285266	1582646	6273691	0.84151	6279479	1.00816	6285266	1.06127	6273691	36694.7511021854	6279479	958728.773210602	6285266	1491275.54722173
54	6360583	83944	6366371	1045375	6372174	1155637	6360583	0.84238	6366371	1.00871	6372174	1.06116	6360583	99650.9888648828	6366371	1036348.40538906	6372174	1089031.81424102	6377150	62955	6382938	1032872	6388741	1453344	6377150	0.8423	6382938	1.00887	6388741	1.06183	6377150	74741.7784637303	6382938	1023790.97406009	6388741	1368716.2728497	6393718	31650	6399521	966707	6405324	1595888	6393718	0.84254	6399521	1.00952	6405324	1.06192	6393718	37564.9820780022	6399521	957590.736191458	6405324	1502832.60509266
55	6480594	83326	6486382	1043698	6492185	1144638	6480594	0.84184	6486382	1.00923	6492185	1.06264	6480594	98980.8039532453	6486382	1034152.76993351	6492185	1077164.4206881	6497161	63390	6502949	1035839	6508752	1453594	6497161	0.84165	6502949	1.00916	6508752	1.06166	6497161	75316.3428978792	6502949	1026436.8385588	6508752	1369170.92101049	6513729	32080	6519501	966885	6525304	1604305	6513729	0.84207	6519501	1.00897	6525304	1.06209	6513729	38096.595294928	6519501	958289.146357176	6525304	1510516.99950098
56	6600605	82931	6606393	1044046	6612196	1136379	6600605	0.84191	6606393	1.00874	6612196	1.06176	6600605	98503.4029765652	6606393	1035000.09913357	6612196	1070278.59403255	6617188	63017	6622960	1035071	6628763	1453029	6617188	0.84114	6622960	1.0082	6628763	1.06087	6617188	74918.5629027273	6622960	1026652.44991073	6628763	1369657.92227134	6633755	32525	6639527	967162	6645330	1611640	6633755	0.84176	6639527	1.00813	6645330	1.06187	6633755	38639.2796046379	6639527	959362.383819547	6645330	1517737.57616281
57	6720616	83519	6726404	1043970	6732207	1123831	6720616	0.84225	6726404	1.00946	6732207	1.06138	6720616	99161.7690709409	6726404	1034186.59481307	6732207	1058839.43545196	6737183	63444	6742971	1035586	6748774	1451156	6737183	0.84177	6742971	1.00925	6748774	1.06085	6737183	75369.7565843402	6742971	1026094.62472133	6748774	1367918.17881887	6753751	33020	6759538	967827	6765341	1618703	6753751	0.84164	6759538	1.00943	6765341	1.06096	6753751	39232.9261917209	6759538	958785.651308164	6765341	1525696.53898356
58	6840627	83152	6846415	1040599	6852218	1115665	6840627	0.84121	6846415	1.00843	6852218	1.06155	6840627	98848.0878734204	6846415	1031900.08230616	6852218	1050977.34444915	6857194	63780	6862982	1030443	6868785	1444284	6857194	0.84161	6862982	1.00823	6868785	1.0618	6857194	75783.3200651133	6862982	1022031.67927953	6868785	1360222.26407986	6873762	33581	6879549	968173	6885352	1615727	6873762	0.84107	6879549	1.00879	6885352	1.06027	6873762	39926.5221681905	6879549	959736.912538784	6885352	1523882.59594254
59	6960638	82874	6966426	1042609	6972229	1107361	6960638	0.84187	6966426	1.00968	6972229	1.06199	6960638	98440.376780263	6966426	1032613.30322478	6972229	1042722.62450682	6977205	63858	6982993	1033787	6988796	1439536	6977205	0.84198	6982993	1.00921	6988796	1.06197	6977205	75842.6565951685	6982993	1024352.71152684	6988796	1355533.58381122	6993773	34197	6999545	966746	7005348	1614441	6993773	0.84212	6999545	1.00847	7005348	1.06173	6993773	40608.22685603	6999545	958626.434103146	7005348	1520575.8526179
60	7080649	82738	7086437	1043226	7092240	1097979	7080649	0.84258	7086437	1.00916	7092240	1.06137	7080649	98196.0169954188	7086437	1033756.78782354	7092240	1034492.21289466	7097201	64351	7102988	1033584	7108807	1432209	7097201	0.84238	7102988	1.00899	7108807	1.06167	7097201	76391.889646003	7102988	1024374.86991942	7108807	1349015.23072141	7113784	35152	7119571	969135	7125374	1605200	7113784	0.84264	7119571	1.00907	7125374	1.06078	7113784	41716.5100161398	7119571	960423.954730594	7125374	1513226.11663116
61	7200660	82845	7206448	1045216	7212251	1092061	7200660	0.84211	7206448	1.01019	7212251	1.0624	7200660	98377.8841244018	7206448	1034672.68533642	7212251	1027918.86295181	7217227	65499	7223015	1034915	7228818	1426247	7217227	0.84199	7223015	1.00798	7228818	1.06193	7217227	77790.7101034454	7223015	1026721.76035239	7228818	1343070.63554095	7233795	35236	7239567	967152	7245370	1599033	7233795	0.84233	7239567	1.00932	7245370	1.06222	7233795	41831.5861954341	7239567	958221.376768517	7245370	1505368.94428649
62	7320671	83356	7326474	1042764	7332278	1085106	7320671	0.84175	7326474	1.00899	7332278	1.0623	7320671	99027.027027027	7326474	1033473.07703743	7332278	1021468.51171985	7337254	65123	7343026	1031953	7348829	1414977	7337254	0.84202	7343026	1.00851	7348829	1.06187	7337254	77341.3933160733	7343026	1023245.18348851	7348829	1332533.17261058	7353806	36360	7359593	968017	7365381	1590019	7353806	0.84286	7359593	1.00911	7365381	1.06163	7353806	43138.8368175023	7359593	959277.977623847	7365381	1497714.83473527
63	7440682	83582	7446470	1040635	7452273	1078456	7440682	0.84243	7446470	1.0096	7452273	1.06152	7440682	99215.365074843	7446470	1030739.89698891	7452273	1015954.48036777	7457249	65724	7463021	1033607	7468825	1405500	7457249	0.84209	7463021	1.00948	7468825	1.06179	7457249	78048.6646320465	7463021	1023900.42398066	7468825	1323708.07786851	7473801	36448	7479589	966978	7485392	1582669	7473801	0.84162	7479589	1.00949	7485392	1.06259	7473801	43306.9556331836	7479589	957887.646237209	7485392	1489444.65880537
64	7560693	82498	7566481	1035942	7572284	1071265	7560693	0.84204	7566481	1.00804	7572284	1.06186	7560693	97973.9679825187	7566481	1027679.4571644	7572284	1008857.099806	7577245	65607	7583032	1031740	7588836	1399710	7577245	0.84176	7583032	1.00877	7588836	1.0608	7577245	77940.2680098841	7583032	1022770.30443015	7588836	1319485.29411765	7593812	36959	7599600	966123	7605403	1571722	7593812	0.84215	7599600	1.00897	7605403	1.06136	7593812	43886.4810306953	7599600	957533.920731042	7605403	1480856.63676792
65	7680704	83288	7686507	1041765	7692311	1064585	7680704	0.84143	7686507	1.00902	7692311	1.06254	7680704	98983.8726929156	7686507	1032452.28043052	7692311	1001924.63342557	7697287	66265	7703059	1032162	7708862	1393374	7697287	0.8418	7703059	1.0084	7708862	1.06282	7697287	78718.2228557852	7703059	1023564.06188021	7708862	1311015.97636477	7713839	37816	7719626	965246	7725445	1563080	7713839	0.84188	7719626	1.00871	7725445	1.06022	7713839	44918.5157029505	7719626	956911.302554748	7725445	1474297.7872517
66	7800715	82854	7806503	1042770	7812306	1061126	7800715	0.84154	7806503	1.00957	7812306	1.06277	7800715	98455.2130617677	7806503	1032885.28779579	7812306	998453.098977201	7817282	66113	7823070	1033234	7828873	1383558	7817282	0.84219	7823070	1.00912	7828873	1.06265	7817282	78501.288307864	7823070	1023896.06786111	7828873	1301988.42516351	7833834	38531	7839622	967036	7845425	1559294	7833834	0.84182	7839622	1.00837	7845425	1.0623	7833834	45771.0674490984	7839622	959009.093884189	7845425	1467847.12416455
67	7920726	82844	7926514	1041012	7932301	1057185	7920726	0.84186	7926514	1.00984	7932301	1.06219	7920726	98405.9107214976	7926514	1030868.25635744	7932301	995288.036980201	7937278	66792	7943065	1033019	7948869	1378136	7937278	0.84214	7943065	1.00952	7948869	1.06144	7937278	79312.2283705797	7943065	1023277.39916	7948869	1298364.48598131	7953861	38569	7959633	964615	7965436	1547773	7953861	0.84232	7959633	1.0097	7965436	1.06156	7953861	45789.011302118	7959633	955348.123204913	7965436	1458017.44602283
68	8040737	82806	8046525	1040836	8052328	1050475	8040737	0.84254	8046525	1.00851	8052328	1.0622	8040737	98281.3872338405	8046525	1032053.22703791	8052328	988961.589154585	8057304	66675	8063108	1030796	8068911	1367214	8057304	0.84223	8063108	1.00953	8068911	1.0623	8057304	79164.8362086366	8063108	1021065.2481848	8068911	1287031.9118893	8073887	39578	8079675	965171	8085478	1535176	8073887	0.84192	8079675	1.00926	8085478	1.06163	8073887	47009.2170277461	8079675	956315.518300537	8085478	1446055.59375677
69	8160748	82329	8166520	1037452	8172339	1046525	8160748	0.84177	8166520	1.00849	8172339	1.06149	8160748	97804.625966713	8166520	1028718.18262948	8172339	985901.892622634	8177315	66600	8183103	1032452	8188906	1361287	8177315	0.84292	8183103	1.00937	8188906	1.06248	8177315	79011.0568025436	8183103	1022867.72937575	8188906	1281235.4114901	8193883	39457	8199670	964746	8205458	1527855	8193883	0.84206	8199670	1.00893	8205458	1.06238	8193883	46857.706101703	8199670	956207.070857245	8205458	1438143.60210094
70	8280759	82381	8286531	1038401	8292350	1044036	8280759	0.84187	8286531	1.00822	8292350	1.06257	8280759	97854.775677955	8286531	1029934.93483565	8292350	982557.384454671	8297311	67225	8303098	1032066	8308917	1350512	8297311	0.84235	8303098	1.00953	8308917	1.06189	8297311	79806.4937377575	8303098	1022323.2593385	8308917	1271800.2806317	8313878	40482	8319666	963563	8325469	1514621	8313878	0.8425	8319666	1.01005	8325469	1.06139	8313878	48049.8516320475	8319666	953975.545765061	8325469	1427016.45954833
71	8400770	82546	8406558	1039585	8412361	1042197	8400770	0.84231	8406558	1.00961	8412361	1.06253	8400770	97999.5488596835	8406558	1029689.6821545	8412361	980863.599145436	8417322	67786	8423109	1031790	8428928	1333068	8417322	0.84244	8423109	1.0098	8428928	1.0617	8417322	80463.8906034851	8423109	1021776.58942365	8428928	1255597.62644815	8433905	40721	8439692	965845	8445496	1503415	8433905	0.84241	8439692	1.00902	8445496	1.06081	8433905	48338.6949347705	8439692	957210.957166359	8445496	1417233.05775775
72	8520781	82127	8526569	1037364	8532372	1034208	8520781	0.842	8526569	1.00929	8532372	1.06156	8520781	97538.0047505938	8526569	1027815.59313973	8532372	974234.14597385	8537348	68222	8543136	1031157	8548939	1316770	8537348	0.8423	8543136	1.00905	8548939	1.06198	8537348	80994.8949305473	8543136	1021908.72602943	8548939	1239919.77250042	8553916	41526	8559703	960741	8565507	1491251	8553916	0.84239	8559703	1.00916	8565507	1.06255	8553916	49295.4569736108	8559703	952020.492290618	8565507	1403464.307562
73	8640792	81953	8646564	1039281	8652383	1030657	8640792	0.84192	8646564	1.00957	8652383	1.06234	8640792	97340.6024325352	8646564	1029429.36101509	8652383	970176.214771166	8657344	68399	8663132	1032331	8668935	1304663	8657344	0.84183	8663132	1.00851	8668935	1.06158	8657344	81250.3712150909	8663132	1023619.99385232	8668935	1228982.27170821	8673911	41715	8679699	962074	8685486	1477986	8673911	0.84259	8679699	1.00906	8685486	1.0625	8673911	49508.064420418	8679699	953435.871008661	8685486	1391045.64705882
74	8760803	81725	8766591	1036467	8772394	1028244	8760803	0.84254	8766591	1.009	8772394	1.06279	8760803	96998.3620955682	8766591	1027222.00198216	8772394	967494.989602838	8777355	69063	8783143	1030059	8788946	1285641	8777355	0.84265	8783143	1.00882	8788946	1.06255	8777355	81959.2950809945	8783143	1021053.3098075	8788946	1209958.1196179	8793922	41690	8799710	960463	8805513	1465547	8793922	0.84244	8799710	1.00856	8805513	1.06165	8793922	49487.203836475	8799710	952311.215991116	8805513	1380442.70710686
75	8880814	82238	8886602	1036735	8892405	1026487	8880814	0.84257	8886602	1.0096	8892405	1.0621	8880814	97603.7599249914	8886602	1026876.98098257	8892405	966469.259015159	8897382	69625	8903169	1032570	8908972	1269591	8897382	0.84221	8903169	1.00864	8908972	1.06213	8897382	82669.4054926919	8903169	1023725.01586294	8908972	1195325.43097361	8913949	42391	8919736	959989	8925540	1452136	8913949	0.84243	8919736	1.00792	8925540	1.06246	8913949	50319.9078855217	8919736	952445.630605603	8925540	1366767.69007774
76	9000825	81575	9006613	1036522	9012416	1021644	9000825	0.84216	9006613	1.00914	9012416	1.0615	9000825	96864.016338938	9006613	1027133.99528311	9012416	962453.132359868	9017393	68963	9023165	1029879	9028983	1248543	9017393	0.84205	9023165	1.00819	9028983	1.06154	9017393	81898.9371177484	9023165	1021512.8100854	9028983	1176161.99106958	9033960	43258	9039732	959375	9045535	1436616	9033960	0.84106	9039732	1.00901	9045535	1.06177	9033960	51432.7158585594	9039732	950808.217956215	9045535	1353038.79371239
77	9120836	81894	9126624	1036805	9132427	1020815	9120836	0.84181	9126624	1.00922	9132427	1.06201	9120836	97283.2349342488	9126624	1027332.98983373	9132427	961210.346418584	9137404	69565	9143191	1030097	9148994	1229658	9137404	0.84172	9143191	1.00913	9148994	1.06123	9137404	82646.2481585325	9143191	1020777.30322159	9148994	1158710.17592793	9153986	43395	9159774	958813	9165577	1423891	9153986	0.84197	9159774	1.00827	9165577	1.06204	9153986	51539.8410869746	9159774	950948.654626241	9165577	1340713.15581334
78	9240847	81628	9246635	1034977	9252438	1017652	9240847	0.84271	9246635	1.00916	9252438	1.06138	9240847	96863.6897627891	9246635	1025582.66280867	9252438	958800.806497202	9257415	70336	9263202	1033091	9269005	1218947	9257415	0.84219	9263202	1.0101	9269005	1.06217	9257415	83515.596243128	9263202	1022761.11276111	9269005	1147600.66655997	9273982	43965	9279785	958882	9285573	1413488	9273982	0.84134	9279785	1.00876	9285573	1.06185	9273982	52255.9250719091	9279785	950555.136999881	9285573	1331156.00131845
79	9360858	82103	9366646	1034496	9372449	1016396	9360858	0.84237	9366646	1.0091	9372449	1.06228	9360858	97466.6714151739	9366646	1025166.98047765	9372449	956806.115148549	9377410	70812	9383198	1031341	9389016	1214724	9377410	0.84286	9383198	1.00978	9389016	1.06177	9377410	84013.9524950763	9383198	1021352.17572144	9389016	1144055.68060879	9393977	44268	9399765	960894	9405568	1400704	9393977	0.84139	9399765	1.00892	9405568	1.06218	9393977	52612.9381143109	9399765	952398.604448321	9405568	1318706.81052176
80	9480869	81813	9486657	1032751	9492460	1013203	9480869	0.84209	9486657	1.00867	9492460	1.06169	9480869	97154.698428909	9486657	1023874.01231324	9492460	954330.360086278	9497437	70897	9503209	1030743	9509027	1210941	9497437	0.84196	9503209	1.00955	9509027	1.06156	9497437	84204.7128129603	9503209	1020992.52142043	9509027	1140718.37672859	9514019	44889	9519791	958475	9525595	1385820	9514019	0.84247	9519791	1.00886	9525595	1.06254	9514019	53282.6094697734	9519791	950057.490632992	9525595	1304252.07521599
81	9600880	82196	9606668	1033307	9612471	1012058	9600880	0.84212	9606668	1.00871	9612471	1.06195	9600880	97606.0418942668	9606668	1024384.61004649	9612471	953018.503696031	9617448	70628	9623220	1030655	9629023	1211342	9617448	0.84205	9623220	1.00907	9629023	1.06209	9617448	83876.2543791936	9623220	1021390.98377714	9629023	1140526.69736086	9633999	45006	9639787	960208	9645574	1372606	9633999	0.84217	9639787	1.00905	9645574	1.06131	9633999	53440.5167602741	9639787	951596.055695952	9645574	1293312.9811271
82	9720891	81540	9726679	1034851	9732482	1007286	9720891	0.84184	9726679	1.00919	9732482	1.06149	9720891	96859.2606671102	9726679	1025427.32290253	9732482	948935.929683747	9737459	71198	9743246	1030089	9749065	1211283	9737459	0.84245	9743246	1.00913	9749065	1.06112	9737459	84513.0274793756	9743246	1020769.37560076	9749065	1141513.68365501	9754041	45567	9759813	958585	9765617	1359732	9754041	0.84181	9759813	1.00897	9765617	1.06215	9754041	54129.7917582352	9759813	950062.935468844	9765617	1280169.46758932
83	9840902	82526	9846690	1034307	9852493	1006177	9840902	0.84243	9846690	1.00896	9852493	1.06157	9840902	97961.8484621868	9846690	1025121.90770695	9852493	947819.738688923	9857470	70661	9863242	1026640	9869060	1209209	9857470	0.84192	9863242	1.00847	9869060	1.06118	9857470	83928.4017483847	9863242	1018017.39268397	9869060	1139494.71343222	9874037	45502	9879809	957818	9885612	1347286	9874037	0.84196	9879809	1.00871	9885612	1.06238	9874037	54042.947408428	9879809	949547.441782078	9885612	1268177.11176792
84	9960913	82542	9966701	1033675	9972504	1006173	9960913	0.84288	9966701	1.00995	9972504	1.06169	9960913	97928.5307517084	9966701	1023491.26194366	9972504	947708.841563922	9977481	70959	9983268	1029458	9989071	1206021	9977481	0.84266	9983268	1.00944	9989071	1.06197	9977481	84208.3402558565	9983268	1019830.79727374	9989071	1135645.07471962	9994048	46486	9999835	954520	10005623	1333458	9994048	0.84214	9999835	1.00855	10005623	1.06107	9994048	55199.8480062697	9999835	946428.040255813	10005623	1256710.67884305
85	10080924	82341	10086712	1036145	10092515	1003051	10080924	0.84219	10086712	1.00861	10092515	1.06286	10080924	97770.0993837495	10086712	1027299.94745243	10092515	943728.242666014	10097492	71229	10103279	1027698	10109098	1204232	10097492	0.84224	10103279	1.01009	10109098	1.06177	10097492	84570.9061550152	10103279	1017432.11001	10109098	1134174.06783013	10114074	46861	10119846	957138	10125650	1322633	10114074	0.84256	10119846	1.00928	10125650	1.06181	10114074	55617.404101785	10119846	948337.428662017	10125650	1245639.99208898
86	10200935	81020	10206707	1036102	10212511	999351	10200935	0.84197	10206707	1.00849	10212511	1.06158	10200935	96226.7064147179	10206707	1027379.54764053	10212511	941380.772056746	10217487	70362	10223259	1027668	10229062	1194745	10217487	0.84226	10223259	1.00974	10229062	1.06111	10217487	83539.5246123525	10223259	1017755.06566047	10229062	1125938.87532867	10234039	47107	10239811	957622	10245614	1310401	10234039	0.84217	10239811	1.00917	10245614	1.06282	10234039	55935.2624766971	10239811	948920.399932618	10245614	1232947.25353305
87	10320946	82014	10326734	1032957	10332537	998168	10320946	0.84218	10326734	1.00913	10332537	1.06189	10320946	97382.9822603244	10326734	1023611.42766541	10332537	939991.901232708	10337514	71206	10343286	1026557	10349104	1191700	10337514	0.84229	10343286	1.00878	10349104	1.06295	10337514	84538.5793491553	10343286	1017622.27641309	10349104	1121125.17051602	10354065	47248	10359853	956212	10365641	1295365	10354065	0.84279	10359853	1.00856	10365641	1.06153	10354065	56061.4150618778	10359853	948096.295708733	10365641	1220281.10368996
88	10440957	81836	10446745	1033285	10452548	998096	10440957	0.84223	10446745	1.00878	10452548	1.06176	10440957	97165.8573073864	10446745	1024291.71870973	10452548	940039.180229054	10457525	70934	10463312	1027122	10469115	1185960	10457525	0.84217	10463312	1.00856	10469115	1.0612	10457525	84227.6499994063	10463312	1018404.45784088	10469115	1117565.02073125	10474107	47842	10479895	957125	10485698	1285820	10474107	0.84237	10479895	1.00881	10485698	1.06129	10474107	56794.520222705	10479895	948766.368295318	10485698	1211563.28618945
89	10560968	81507	10566740	1035946	10572559	996071	10560968	0.84214	10566740	1.00894	10572559	1.06161	10560968	96785.5700952336	10566740	1026766.70565148	10572559	938264.522753177	10577536	71469	10583323	1026788	10589142	1181089	10577536	0.84175	10583323	1.00917	10589142	1.06197	10577536	84905.2569052569	10583323	1017457.91095653	10589142	1112167.95201371	10594119	47968	10599891	958261	10605694	1271568	10594119	0.84238	10599891	1.00972	10605694	1.06142	10594119	56943.4222085045	10599891	949036.36651745	10605694	1197987.60151495
90	10680979	81907	10686767	1036121	10692570	996280	10680979	0.84284	10686767	1.00903	10692570	1.06144	10680979	97179.7731479284	10686767	1026848.55752554	10692570	938611.697316853	10697547	71643	10703334	1025978	10709138	1174743	10697547	0.84227	10703334	1.0093	10709138	1.06201	10697547	85059.4227504244	10703334	1016524.32378876	10709138	1106150.60121844	10714130	48419	10719902	952994	10725705	1264191	10714130	0.84226	10719902	1.00835	10725705	1.0621	10714130	57486.9992638853	10719902	945102.395001736	10725705	1190274.92703135
91	10800990	81623	10806778	1033233	10812581	994066	10800990	0.84185	10806778	1.00946	10812581	1.06231	10800990	96956.7025004455	10806778	1023550.21496642	10812581	935758.865114703	10817573	71072	10823361	1025807	10829164	1168482	10817573	0.84247	10823361	1.00806	10829164	1.06177	10817573	84361.4609422294	10823361	1017605.10287086	10829164	1100503.87560394	10834125	48492	10839913	953945	10845716	1250186	10834125	0.84151	10839913	1.00826	10845716	1.06125	10834125	57624.9836603249	10839913	946129.966476901	10845716	1178031.56654888
92	10921001	81695	10926789	1032375	10932592	994299	10921001	0.84197	10926789	1.00847	10932592	1.06212	10921001	97028.3976863784	10926789	1023704.22521245	10932592	936145.633261778	10937569	71436	10943341	1026371	10949160	1165595	10937569	0.8418	10943341	1.00918	10949160	1.06215	10937569	84861.0121168924	10943341	1017034.62216849	10949160	1097392.08209763	10954136	48810	10959924	954459	10965711	1241862	10954136	0.84213	10959924	1.00888	10965711	1.06169	10954136	57960.1724199352	10959924	946058.004916343	10965711	1169703.02065575
93	11041012	82070	11046800	1033590	11052603	992471	11041012	0.84109	11046800	1.00846	11052603	1.06156	11041012	97575.7647814146	11046800	1024919.18370585	11052603	934917.47993519	11057564	71958	11063352	1027363	11069171	1161914	11057564	0.84162	11063352	1.00899	11069171	1.06109	11057564	85499.3940258074	11063352	1018209.29840732	11069171	1095019.27263474	11074131	49642	11079919	956083	11085722	1230677	11074131	0.8414	11079919	1.0088	11085722	1.06083	11074131	58999.2869027811	11079919	947742.862807296	11085722	1160107.65155586
94	11161024	81489	11166811	1033388	11172614	992744	11161024	0.84185	11166811	1.00862	11172614	1.06123	11161024	96797.5292510542	11166811	1024556.32448296	11172614	935465.450467853	11177591	72142	11183378	1022928	11189197	1156807	11177591	0.84276	11183378	1.00963	11189197	1.06229	11177591	85602.0693910485	11183378	1013171.16171271	11189197	1088974.76207062	11194174	49660	11199961	957113	11205764	1222850	11194174	0.84204	11199961	1.00916	11205764	1.06241	11194174	58975.8206260985	11199961	948425.423124182	11205764	1151015.14481227
95	11281035	81567	11286822	1031480	11292625	989184	11281035	0.84172	11286822	1.00879	11292625	1.06146	11281035	96905.1466045716	11286822	1022492.29274676	11292625	931908.880221582	11297602	72079	11303374	1025264	11309193	1152168	11297602	0.8426	11303374	1.00886	11309193	1.06203	11297602	85543.5556610491	11303374	1016259.93695855	11309193	1084873.3086636	11314169	50139	11319941	955593	11325744	1209116	11314169	0.84181	11319941	1.00937	11325744	1.06063	11314169	59560.9460567111	11319941	946722.212865451	11325744	1139997.9257611
96	11401046	81892	11406833	1031514	11412636	986792	11401046	0.8423	11406833	1.00959	11412636	1.06108	11401046	97224.2668882821	11406833	1021715.7459959	11412636	929988.313793493	11417628	72015	11423416	1024022	11429219	1149906	11417628	0.84173	11423416	1.00804	11429219	1.06183	11417628	85555.9383650339	11423416	1015854.52958216	11429219	1082947.3644557	11434196	50573	11439983	953811	11445771	1200817	11434196	0.84197	11439983	1.00977	11445771	1.06146	11434196	60065.0854543511	11439983	944582.429662201	11445771	1131288.03723174
97	11521057	81508	11526844	1035555	11532647	989140	11521057	0.84229	11526844	1.00991	11532647	1.06182	11521057	96769.5211862898	11526844	1025393.35188284	11532647	931551.487069372	11537624	72404	11543396	1024188	11549199	1143576	11537624	0.8422	11543396	1.00962	11549199	1.06183	11537624	85970.0783661838	11543396	1014429.19118084	11549199	1076985.95820423	11554191	50762	11559963	956074	11565766	1193799	11554191	0.84169	11559963	1.00934	11565766	1.06186	11554191	60309.6151789851	11559963	947226.900747023	11565766	1124252.72634811
98	11641068	81976	11646855	1031770	11652658	988297	11641068	0.8413	11646855	1.00812	11652658	1.06118	11641068	97439.6766908356	11646855	1023459.50878864	11652658	931318.909138883	11657619	72438	11663407	1023906	11669210	1140106	11657619	0.84186	11663407	1.00801	11669210	1.06127	11657619	86045.1856603236	11663407	1015769.68482456	11669210	1074284.58356497	11674186	51112	11679958	955411	11685762	1184085	11674186	0.84156	11679958	1.00782	11685762	1.06007	11674186	60734.8257997053	11679958	947997.658312	11685762	1116987.55742545
99	11761079	81872	11766882	1033031	11772685	989641	11761079	0.84165	11766882	1.00793	11772685	1.06107	11761079	97275.589615636	11766882	1024903.51512506	11772685	932682.103913974	11777646	72921	11783433	1024036	11789237	1134064	11777646	0.84119	11783433	1.00825	11789237	1.06104	11777646	86687.9064182884	11783433	1015656.83114307	11789237	1068823.04154415	11794213	51146	11800001	958474	11805788	1177312	11794213	0.84222	11800001	1.00897	11805788	1.061	11794213	60727.6008643822	11800001	949952.922287085	11805788	1109624.88218662
100	11881090	81678	11886877	1034115	11892680	989454	11881090	0.84232	11886877	1.00836	11892680	1.06173	11881090	96967.8981859626	11886877	1025541.47328335	11892680	931926.195925518	11897641	72912	11903429	1023639	11909232	1131503	11897641	0.84261	11903429	1.00904	11909232	1.06185	11897641	86531.1354007192	11903429	1014468.20740506	11909232	1065595.89395866	11914224	51324	11919996	954042	11925799	1166987	11914224	0.84248	11919996	1.00929	11925799	1.06168	11914224	60920.1405374608	11919996	945260.529679279	11925799	1099189.02117399
101	12001101	81827	12006888	1033793	12012691	984977	12001101	0.84278	12006888	1.00908	12012691	1.0613	12001101	97091.7677211135	12006888	1024490.62512388	12012691	928085.367002733	12017668	72959	12023440	1025381	12029243	1130086	12017668	0.84117	12023440	1.00775	12029243	1.06158	12017668	86735.1427178811	12023440	1017495.4105681	12029243	1064532.11251154	12034219	52103	12040007	955412	12045810	1160117	12034219	0.84207	12040007	1.00868	12045810	1.06183	12034219	61874.9035115845	12040007	947190.387437047	12045810	1092563.78139627
102	12121112	81829	12126899	1033226	12132702	988304	12121112	0.84225	12126899	1.00913	12132702	1.06222	12121112	97155.2389433066	12126899	1023877.99391555	12132702	930413.661953268	12137679	73910	12143451	1023432	12149254	1123770	12137679	0.84231	12143451	1.00843	12149254	1.06169	12137679	87746.7915613017	12143451	1014876.59034341	12149254	1058472.81221449	12154230	52058	12160018	953958	12165821	1152314	12154230	0.84238	12160018	1.00824	12165821	1.06048	12154230	61798.7131698283	12160018	946161.628183766	12165821	1086596.63548582
103	12241123	81666	12246910	1034309	12252713	987131	12241123	0.84224	12246910	1.00832	12252713	1.06165	12241123	96962.8609422493	12246910	1025774.5556966	12252713	929808.317242029	12257690	73323	12263462	1023082	12269265	1121997	12257690	0.84174	12263462	1.00792	12269265	1.06173	12257690	87108.845961936	12263462	1015042.86054449	12269265	1056763.0188466	12274241	52885	12280029	953514	12285832	1144661	12274241	0.84154	12280029	1.00879	12285832	1.06134	12274241	62843.1209449343	12280029	945205.642403275	12285832	1078505.47421185
104	12361134	81490	12366937	1033473	12372740	986458	12361134	0.84161	12366937	1.00852	12372740	1.06172	12361134	96826.3209800264	12366937	1024742.19648594	12372740	929113.137173643	12377701	73307	12383488	1020767	12389292	1118444	12377701	0.84183	12383488	1.00807	12389292	1.06175	12377701	87080.5269472459	12383488	1012595.35548127	12389292	1053396.75064752	12394284	53033	12400056	954754	12405859	1139193	12394284	0.84222	12400056	1.00853	12405859	1.06125	12394284	62968.108095272	12400056	946678.829583652	12405859	1073444.5229682
105	12481145	81870	12486932	1034168	12492735	987166	12481145	0.84169	12486932	1.00889	12492735	1.0616	12481145	97268.5905737267	12486932	1025055.25874972	12492735	929885.079125848	12497712	73795	12503484	1025543	12509287	1114785	12497712	0.84224	12503484	1.00804	12509287	1.06149	12497712	87617.5436930091	12503484	1017363.39827785	12509287	1050207.72687449	12514263	53020	12520051	954008	12525854	1132117	12514263	0.84184	12520051	1.00815	12525854	1.06115	12514263	62981.0890430486	12520051	946295.690125478	12525854	1066877.44428215
106	12601156	81323	12606943	1029930	12612762	984630	12601156	0.84256	12606943	1.00847	12612762	1.06213	12601156	96518.9422711736	12606943	1021279.76042916	12612762	927033.413988872	12617723	73888	12623510	1022962	12629314	1111438	12617723	0.84301	12623510	1.00897	12629314	1.06142	12617723	87647.8333590349	12623510	1013867.60756019	12629314	1047123.66452488	12634290	53554	12640078	952170	12645881	1123538	12634290	0.8424	12640078	1.00824	12645881	1.06046	12634290	63573.1244064577	12640078	944388.240895025	12645881	1059481.7343417
107	12721167	81831	12726954	1033228	12732773	986185	12721167	0.842	12726954	1.00934	12732773	1.06143	12721167	97186.4608076009	12726954	1023666.95068064	12732773	929109.785854932	12737734	74158	12743521	1024031	12749309	1111108	12737734	0.8427	12743521	1.00905	12749309	1.06148	12737734	88000.474664768	12743521	1014846.63792676	12749309	1046753.58932811	12754301	53420	12760073	956122	12765876	1119109	12754301	0.84252	12760073	1.00923	12765876	1.06216	12754301	63405.0230261596	12760073	947377.703793981	12765876	1053616.21601265
108	12841178	82056	12846965	1037078	12852768	984670	12841178	0.84195	12846965	1.00914	12852768	1.06115	12841178	97459.4690896134	12846965	1027684.95947044	12852768	927927.248739575	12857729	74257	12863517	1026204	12869320	1105183	12857729	0.84182	12863517	1.00864	12869320	1.06094	12857729	88210.0686607588	12863517	1017413.54695431	12869320	1041701.69849379	12874297	53725	12880084	955576	12885872	1116863	12874297	0.84186	12880084	1.00836	12885872	1.0619	12874297	63817.0242083007	12880084	947653.615772145	12885872	1051759.1110274
109	12961189	82164	12966976	1033492	12972779	985832	12961189	0.84147	12966976	1.00935	12972779	1.06197	12961189	97643.4097472281	12966976	1023918.36330312	12972779	928304.942700829	12977740	73643	12983528	1022874	12989331	1101363	12977740	0.84153	12983528	1.0088	12989331	1.06139	12977740	87510.84334486	12983528	1013951.22918319	12989331	1037660.99171841	12994308	54775	13000095	956560	13005898	1105641	12994308	0.84168	13000095	1.00964	13005898	1.0612	12994308	65078.1769793746	13000095	947426.805594073	13005898	1041878.06257067
110	13081200	81950	13086987	1034241	13092790	985510	13081200	0.84224	13086987	1.00864	13092790	1.06094	13081200	97300.0569908815	13086987	1025381.70209391	13092790	928902.671216091	13097767	74705	13103555	1022637	13109358	1100021	13097767	0.84221	13103555	1.00839	13109358	1.06238	13097767	88701.1552938103	13103555	1014128.46220212	13109358	1035430.82512849	13114334	54368	13120106	953893	13125909	1101057	13114334	0.84199	13120106	1.00952	13125909	1.0613	13114334	64570.8381334695	13120106	944897.575085189	13125909	1037460.66145294
111	13201211	81632	13206998	1032106	13212817	987060	13201211	0.84251	13206998	1.00906	13212817	1.06234	13201211	96891.4315557085	13206998	1022839.07795374	13212817	929137.564244969	13217794	74152	13223581	1024465	13229400	1097717	13217794	0.84225	13223581	1.00955	13229400	1.06144	13217794	88040.3680617394	13223581	1014773.90916745	13229400	1034177.15556226	13234361	54875	13240148	955362	13245952	1097501	13234361	0.84135	13240148	1.0092	13245952	1.0614	13234361	65222.5589825875	13240148	946652.794292509	13245952	1034012.62483512
112	13321222	81640	13327009	1033143	13332813	988561	13321222	0.84287	13327009	1.00877	13332813	1.06215	13321222	96859.5394307545	13327009	1024161.10709081	13332813	930716.9420515	13337773	74473	13343561	1024378	13349364	1096084	13337773	0.84204	13343561	1.00898	13349364	1.06161	13337773	88443.5418744953	13343561	1015260.95660965	13349364	1032473.31882706	13354341	55296	13360128	955086	13365916	1092981	13354341	0.84221	13360128	1.00874	13365916	1.06225	13354341	65655.8340556393	13360128	946810.87297024	13365916	1028930.10120028
113	13441233	82145	13447020	1034645	13452824	986141	13441233	0.84225	13447020	1.00875	13452824	1.06243	13441233	97530.4244582962	13447020	1025670.38413879	13452824	928193.857477669	13457800	74720	13463572	1022578	13469375	1092961	13457800	0.8427	13463572	1.00917	13469375	1.0622	13457800	88667.3786638187	13463572	1013286.16585907	13469375	1028959.70627001	13474352	55134	13480139	958179	13485927	1087447	13474352	0.84184	13480139	1.00925	13485927	1.06184	13474352	65492.255060344	13480139	949397.077037404	13485927	1024115.68597906
114	13561244	81521	13567031	1032694	13572850	985341	13561244	0.84221	13567031	1.00905	13572850	1.06093	13561244	96794.148727752	13567031	1023431.94093454	13572850	928752.13256294	13577811	75438	13583583	1023264	13589386	1088950	13577811	0.84224	13583583	1.00957	13589386	1.06115	13577811	89568.2940729483	13583583	1013564.19069505	13589386	1026197.99274372	13594378	55488	13600150	953346	13605953	1080513	13594378	0.84317	13600150	1.0091	13605953	1.0616	13594378	65808.7930073413	13600150	944748.786046973	13605953	1017815.56141673
115	13681255	83014	13687042	1034269	13692846	986536	13681255	0.84239	13687042	1.00949	13692846	1.0621	13681255	98545.8041999549	13687042	1024546.05791043	13692846	928854.156859053	13697822	75048	13703594	1022716	13709397	1089590	13697822	0.84307	13703594	1.00863	13709397	1.06141	13697822	89017.5193044469	13703594	1013965.4779255	13709397	1026549.58969672	13714374	55748	13720161	955313	13725964	1077168	13714374	0.84281	13720161	1.00843	13725964	1.06213	13714374	66145.3945729168	13720161	947327.033110875	13725964	1014158.34219917
116	13801266	82235	13807069	1034484	13812872	988314	13801266	0.84251	13807069	1.00951	13812872	1.06263	13801266	97607.1500635007	13807069	1024738.73463363	13812872	930064.086276503	13817849	75139	13823636	1025805	13829455	1088019	13817849	0.8428	13823636	1.00973	13829455	1.06244	13817849	89154.0104413859	13823636	1015920.09745179	13829455	1024075.71251082	13834431	56109	13840203	954866	13846007	1075697	13834431	0.84266	13840203	1.0096	13846007	1.06269	13834431	66585.5742529609	13840203	945786.450079239	13846007	1012239.69360773
117	13921277	82284	13927064	1034666	13932868	989082	13921277	0.84275	13927064	1.00907	13932868	1.06125	13921277	97637.4962919015	13927064	1025365.93100578	13932868	931997.173144876	13937844	74750	13943616	1023975	13949419	1085487	13937844	0.84245	13943616	1.00882	13949419	1.06135	13937844	88729.3014422221	13943616	1015022.50153645	13949419	1022741.79111509	13954396	56514	13960168	957443	13965971	1071587	13954396	0.84227	13960168	1.00943	13965971	1.06188	13954396	67097.2491006447	13960168	948498.657658282	13965971	1009141.33423739
118	14041288	82143	14047075	1034389	14052894	990158	14041288	0.84166	14047075	1.00864	14052894	1.06157	14041288	97596.41660528	14047075	1025528.43432741	14052894	932729.824693614	14057855	75700	14063643	1022849	14069446	1082939	14057855	0.84261	14063643	1.00919	14069446	1.06132	14057855	89839.9022086137	14063643	1013534.61687096	14069446	1020369.9167075	14074422	56700	14080210	956356	14086013	1068570	14074422	0.84212	14080210	1.01003	14086013	1.06266	14074422	67330.0717237448	14080210	946859.004187995	14086013	1005561.51544238
119	14161299	82052	14167102	1033437	14172905	987732	14161299	0.84199	14167102	1.00904	14172905	1.06221	14161299	97450.0884808608	14167102	1024178.42701974	14172905	929883.921258508	14177882	75333	14183669	1024323	14189472	1081440	14177882	0.84173	14183669	1.00922	14189472	1.06195	14177882	89497.8199660224	14183669	1014965.02249262	14189472	1018353.02980366	14194449	57102	14200236	956050	14206024	1061661	14194449	0.84186	14200236	1.00875	14206024	1.06106	14194449	67828.3800156796	14200236	947757.125154895	14206024	1000566.41471736
120	14281310	82433	14287097	1031500	14292916	988243	14281310	0.8424	14287097	1.00835	14292916	1.06128	14281310	97854.9382716049	14287097	1022958.29820995	14292916	931180.272878034	14297877	75322	14303665	1025236	14309468	1080318	14297877	0.84208	14303665	1.00875	14309468	1.06181	14297877	89447.5584267528	14303665	1016342.99876084	14309468	1017430.61376329	14314444	57255	14320232	955007	14326035	1060818	14314444	0.84234	14320232	1.00905	14326035	1.06316	14314444	67971.3654818719	14320232	946441.702591547	14326035	997797.133074984
121	14401321	81205	14407108	1033295	14412927	989668	14401321	0.84128	14407108	1.00846	14412927	1.06206	14401321	96525.5325218714	14407108	1024626.65846935	14412927	931838.125906258	14417888	75448	14423676	1021063	14429479	1078456	14417888	0.84164	14423676	1.00828	14429479	1.06273	14417888	89644.0283256499	14423676	1012678.02594517	14429479	1014797.73790144	14434455	57252	14440243	957615	14446046	1057133	14434455	0.84279	14440243	1.00861	14446046	1.06244	14434455	67931.5131883387	14440243	949440.318854661	14446046	995004.894394036
122	14521332	82161	14527119	1033861	14532938	991401	14521332	0.84247	14527119	1.00847	14532938	1.06176	14521332	97523.9474402649	14527119	1025177.74450405	14532938	933733.612115733	14537915	75918	14543718	1023378	14549521	1074449	14537915	0.84238	14543718	1.00849	14549521	1.06133	14537915	90123.222298725	14543718	1014762.66497437	14549521	1012360.90565611	14554497	57364	14560269	958713	14566073	1052149	14554497	0.84198	14560269	1.00919	14566073	1.06213	14554497	68129.8843202927	14560269	949982.659360477	14566073	990602.845226103
123	14641343	81771	14647146	1035242	14652949	990006	14641343	0.84081	14647146	1.0093	14652949	1.06116	14641343	97252.6492310986	14647146	1025702.96244922	14652949	932946.963700102	14657926	76130	14663698	1022773	14669532	1071272	14657926	0.84171	14663698	1.00848	14669532	1.06104	14657926	90446.8284801179	14663698	1014172.81453276	14669532	1009643.36877026	14674493	57625	14680280	954483	14686084	1047714	14674493	0.84154	14680280	1.00824	14686084	1.06103	14674493	68475.6517812582	14680280	946682.337538681	14686084	987449.930727689
124	14761354	81996	14767141	1034573	14772945	989111	14761354	0.84119	14767141	1.00976	14772945	1.06185	14761354	97476.1944388307	14767141	1024573.16590081	14772945	931497.857512832	14777905	76606	14783693	1022989	14789481	1071376	14777905	0.84274	14783693	1.00901	14789481	1.0611	14777905	90901.1082896267	14783693	1013854.17389322	14789481	1009684.28988785	14794457	58267	14800245	955054	14806048	1046040	14794457	0.84181	14800245	1.00844	14806048	1.06177	14794457	69216.3314762238	14800245	947060.806790687	14806048	985185.115420477
125	14881365	82144	14887152	1032909	14892971	991782	14881365	0.84155	14887152	1.00828	14892971	1.06198	14881365	97610.3618323332	14887152	1024426.74653866	14892971	933898.943482928	14897948	76374	14903751	1021648	14909554	1071992	14897948	0.8417	14903751	1.00924	14909554	1.06213	14897948	90737.7925626708	14903751	1012294.39974634	14909554	1009285.11575796	14914515	58232	14920303	954996	14926106	1044928	14914515	0.84138	14920303	1.00761	14926106	1.06152	14914515	69210.1072048302	14920303	947783.368565219	14926106	984369.583239129
126	15001376	82428	15007163	1035514	15012982	994017	15001376	0.841	15007163	1.00893	15012982	1.06255	15001376	98011.8906064209	15007163	1026348.70605493	15012982	935501.388169968	15017943	76819	15023731	1025394	15029534	1069779	15017943	0.84171	15023731	1.0093	15029534	1.06166	15017943	91265.4001972176	15023731	1015945.70494402	15029534	1007647.45775484	15034526	58633	15040314	954767	15046101	1042833	15034526	0.84209	15040314	1.00837	15046101	1.06272	15034526	69627.9495065848	15040314	946841.933020617	15046101	981286.69828365
127	15121387	81986	15127174	1037036	15132993	993979	15121387	0.84184	15127174	1.00959	15132993	1.0628	15121387	97389.0525515537	15127174	1027185.29303975	15132993	935245.577719232	15137954	76746	15143742	1024292	15149545	1067951	15137954	0.84284	15143742	1.00904	15149545	1.06237	15137954	91056.4282663376	15143742	1015115.35717117	15149545	1005253.34864501	15154521	58638	15160293	956847	15166097	1042147	15154521	0.84169	15160293	1.00864	15166097	1.06229	15154521	69666.9795292804	15160293	948650.658312183	15166097	981038.134596015
128	15241398	82878	15247185	1031741	15252989	994994	15241398	0.84175	15247185	1.00817	15252989	1.06168	15241398	98459.1624591625	15247185	1023379.98551832	15252989	937188.229975134	15257949	76143	15263737	1021995	15269540	1068595	15257949	0.84151	15263737	1.00875	15269540	1.06188	15257949	90483.7732171929	15263737	1013130.11152416	15269540	1006323.69005914	15274517	58469	15280304	956633	15286108	1034878	15274517	0.84182	15280304	1.00867	15286108	1.06035	15274517	69455.4655389513	15280304	948410.28284771	15286108	975977.743198001
129	15361409	81872	15367196	1033793	15373015	995852	15361409	0.84205	15367196	1.00901	15373015	1.06224	15361409	97229.380678107	15367196	1024561.69909119	15373015	937501.882813677	15377976	77064	15383748	1024953	15389551	1066292	15377976	0.84199	15383748	1.00959	15389551	1.06117	15377976	91526.0276250312	15383748	1015217.06831486	15389551	1004826.74783494	15394528	58661	15400315	956463	15406134	1035204	15394528	0.8418	15400315	1.00829	15406134	1.06231	15394528	69685.1983844144	15400315	948599.113350326	15406134	974483.907710555
130	15481420	82132	15487208	1032649	15493026	997873	15481420	0.84163	15487208	1.00806	15493026	1.06196	15481420	97586.8255646781	15487208	1024392.39727794	15493026	939652.152623451	15497987	76390	15503775	1024650	15509578	1066000	15497987	0.84191	15503775	1.00897	15509578	1.06105	15497987	90734.1639842739	15503775	1015540.60081073	15509578	1004665.19014184	15514554	59426	15520342	955619	15526145	1031762	15514554	0.84161	15520342	1.00827	15526145	1.0615	15514554	70609.9024488778	15520342	947780.852351057	15526145	971984.926990108
131	15601431	82589	15607234	1035763	15613037	998143	15601431	0.84257	15607234	1.00856	15613037	1.06229	15601431	98020.3425234699	15607234	1026972.11866423	15613037	939614.417908481	15618014	77116	15623801	1024250	15629620	1062597	15618014	0.84215	15623801	1.00904	15629620	1.06107	15618014	91570.3853232797	15623801	1015073.73344962	15629620	1001439.11334785	15634597	59465	15640400	957871	15646187	1031011	15634597	0.84186	15640400	1.00827	15646187	1.06088	15634597	70635.2600194807	15640400	950014.381068563	15646187	971845.072015685
132	15721442	82013	15727230	1035813	15733033	995095	15721442	0.84036	15727230	1.00884	15733033	1.06042	15721442	97592.6983673664	15727230	1026736.6480314	15733033	938397.050225382	15738009	76668	15743797	1022640	15749600	1062107	15738009	0.84075	15743797	1.00813	15749600	1.06152	15738009	91190.0089206066	15743797	1014392.98503169	15749600	1000552.98063155	15754576	59205	15760364	956542	15766152	1027529	15754576	0.84158	15760364	1.00855	15766152	1.06088	15754576	70349.8181991017	15760364	948432.898715978	15766152	968562.891184677
133	15841453	82151	15847241	1032208	15853059	998580	15841453	0.84167	15847241	1.00814	15853059	1.06151	15841453	97604.7619613388	15847241	1023873.66833971	15853059	940716.526457593	15858036	76753	15863808	1020970	15869611	1059274	15858036	0.84203	15863808	1.00774	15869611	1.06112	15858036	91152.3342398727	15863808	1013128.38629011	15869611	998260.328709288	15874587	59793	15880359	955389	15886163	1027376	15874587	0.84177	15880359	1.00843	15886163	1.06115	15874587	71032.4673010442	15880359	947402.397786658	15886163	968172.265937897
134	15961464	82751	15967252	1033046	15973070	999935	15961464	0.84206	15967252	1.0086	15973070	1.0622	15961464	98272.0946250861	15967252	1024237.55700972	15973070	941381.095838825	15978031	77448	15983819	1022578	15989684	1059692	15978031	0.84246	15983819	1.00799	15989684	1.0613	15978031	91930.7741613845	15983819	1014472.36579728	15989684	998484.877037595	15994645	59567	16000417	957095	16006220	1025293	15994645	0.84123	16000417	1.00851	16006220	1.0616	15994645	70809.4100305505	16000417	949018.849589989	16006220	965799.736247174
135	16081475	82442	16087263	1035946	16093081	1001813	16081475	0.84244	16087263	1.00811	16093081	1.06081	16081475	97860.9752623332	16087263	1027612.06614358	16093081	944384.951122256	16098042	77394	16103830	1024750	16109633	1059853	16098042	0.84127	16103830	1.00858	16109633	1.06179	16098042	91996.6241515804	16103830	1016032.44165064	16109633	998175.722129611	16114625	60517	16120397	956401	16126185	1024247	16114625	0.84207	16120397	1.00818	16126185	1.06212	16114625	71866.9469284026	16120397	948641.115673788	16126185	964342.070575829
136	16201486	83016	16207274	1034083	16213077	1002229	16201486	0.8421	16207274	1.00868	16213077	1.06134	16201486	98582.1161382259	16207274	1025184.39941309	16213077	944305.312152562	16218053	77370	16223825	1023465	16229660	1055900	16218053	0.84157	16223825	1.00849	16229660	1.06115	16218053	91935.3113822974	16223825	1014848.93256254	16229660	995052.537341563	16234636	60258	16240424	958824	16246227	1022457	16234636	0.84245	16240424	1.00893	16246227	1.06103	16234636	71527.0935960591	16240424	950337.486247807	16246227	963645.702760525
137	16321497	82195	16327285	1033718	16333103	1002843	16321497	0.84209	16327285	1.00774	16333103	1.06144	16321497	97608.3316510112	16327285	1025778.47460655	16333103	944794.807054567	16338080	77753	16343852	1022532	16349671	1055628	16338080	0.84159	16343852	1.00805	16349671	1.06116	16338080	92388.2175406077	16343852	1014366.35087545	16349671	994786.837046251	16354647	60502	16360435	955971	16366222	1019954	16354647	0.84163	16360435	1.00841	16366222	1.06236	16354647	71886.6960540855	16360435	947998.334010968	16366222	960083.210964268
138	16441508	82878	16447296	1033642	16453114	1002748	16441508	0.84187	16447296	1.00774	16453114	1.06177	16441508	98445.1281076651	16447296	1025703.05832854	16453114	944411.689914012	16458075	77544	16463847	1023460	16469650	1057083	16458075	0.84177	16463847	1.00823	16469650	1.06122	16458075	92120.1753448092	16463847	1015105.68025153	16469650	996101.656583932	16474642	61269	16480414	956030	16486218	1017253	16474642	0.8414	16480414	1.00791	16486218	1.06163	16474642	72817.9225101022	16480414	948527.150241589	16486218	958199.18427324
139	16561519	82870	16567322	1036365	16573125	1002712	16561519	0.84169	16567322	1.00833	16573125	1.06111	16561519	98456.6764485737	16567322	1027803.39769718	16573125	944965.177974009	16578102	77951	16583874	1022133	16589677	1054470	16578102	0.84191	16583874	1.00814	16589677	1.06152	16578102	92588.2814077514	16583874	1013880.01666435	16589677	993358.58014922	16594653	60785	16600425	957941	16606229	1017655	16594653	0.84199	16600425	1.00859	16606229	1.0616	16594653	72192.0687894156	16600425	949782.369446455	16606229	958604.935945742
140	16681530	82382	16687318	1035229	16693136	1005861	16681530	0.84202	16687318	1.00878	16693136	1.06126	16681530	97838.5311512791	16687318	1026218.79894526	16693136	947798.842884873	16698097	78407	16703885	1025231	16709688	1055218	16698097	0.8428	16703885	1.00837	16709688	1.06122	16698097	93031.561461794	16703885	1016721.04485457	16709688	994344.245302576	16714649	61265	16720436	958854	16726240	1017012	16714649	0.84209	16720436	1.00835	16726240	1.06174	16714649	72753.5061572991	16720436	950913.869192245	16726240	957872.925574999
141	16801541	82118	16807344	1034867	16813163	1007697	16801541	0.84251	16807344	1.00841	16813163	1.06198	16801541	97468.2793082575	16807344	1026236.35227735	16813163	948885.101414339	16818124	77770	16823911	1024245	16829730	1054148	16818124	0.84218	16823911	1.00836	16829730	1.06177	16818124	92343.6794984445	16823911	1015753.302392	16829730	992821.420835021	16834707	61150	16840479	959155	16846282	1014289	16834707	0.84139	16840479	1.00847	16846282	1.06152	16834707	72677.3553286823	16840479	951099.18986187	16846282	955506.25518125
142	16921552	82918	16927355	1036224	16933158	1009311	16921552	0.84216	16927355	1.00844	16933158	1.0615	16921552	98458.7251828631	16927355	1027551.46563008	16933158	950834.667922751	16938135	77907	16943922	1023812	16949710	1053209	16938135	0.84238	16943922	1.00845	16949710	1.06173	16938135	92484.3894679361	16943922	1015233.27879419	16949710	991974.419108436	16954686	61623	16960474	958903	16966277	1011570	16954686	0.84177	16960474	1.00811	16966277	1.06137	16954686	73206.45782102	16960474	951188.858358711	16966277	953079.510444049
143	17041563	82337	17047366	1035258	17053169	1008277	17041563	0.84295	17047366	1.00857	17053169	1.06181	17041563	97677.2050536805	17047366	1026461.22728219	17053169	949583.25877511	17058146	78413	17063918	1025018	17069705	1053824	17058146	0.84288	17063918	1.00895	17069705	1.06271	17058146	93029.8500379651	17063918	1015925.46706973	17069705	991638.358536195	17074682	62240	17080470	958208	17086273	1012695	17074682	0.84216	17080470	1.00892	17086273	1.06176	17074682	73905.1961622495	17080470	949736.351742457	17086273	953788.991862568
144	17161574	82564	17167362	1034910	17173180	1014034	17161574	0.84227	17167362	1.00873	17173180	1.06304	17161574	98025.5737471357	17167362	1025953.42658591	17173180	953900.135460566	17178141	78075	17183913	1025662	17189716	1057127	17178141	0.84329	17183913	1.00885	17189716	1.063	17178141	92583.8086541996	17183913	1016664.51900679	17189716	994475.070555033	17194709	62018	17200481	962229	17206284	1012819	17194709	0.84247	17200481	1.00899	17206284	1.0632	17194709	73614.4907237053	17200481	953655.635833854	17206284	952613.807373966
145	17281585	82533	17287373	1034694	17293191	1016845	17281585	0.84223	17287373	1.00789	17293191	1.06325	17281585	97993.422224333	17287373	1026594.17198305	17293191	956355.513754996	17298152	78382	17303940	1027611	17309743	1053562	17298152	0.84227	17303940	1.00858	17309743	1.06212	17298152	93060.4200553267	17303940	1018869.10309544	17309743	991942.530034271	17314720	62233	17320507	960448	17326310	1012511	17314720	0.84179	17320507	1.00898	17326310	1.06272	17314720	73929.3648059492	17320507	951899.938551805	17326310	952754.253236977
146	17401596	83094	17407384	1036951	17413202	1014647	17401596	0.8427	17407384	1.00885	17413202	1.06351	17401596	98604.4855820577	17407384	1027854.48778312	17413202	954054.968923658	17418163	78803	17423951	1027045	17429739	1052935	17418163	0.84309	17423951	1.0094	17429739	1.06272	17418163	93469.2618818869	17423951	1017480.68159303	17429739	990792.494730503	17434731	62108	17440503	958017	17446306	1010698	17434731	0.84248	17440503	1.00925	17446306	1.06244	17434731	73720.444402241	17440503	949236.561803319	17446306	951298.896878883
147	17521607	82983	17527410	1034791	17533213	1015740	17521607	0.84234	17527410	1.00906	17533213	1.06192	17521607	98514.8514851485	17527410	1025499.97026936	17533213	956512.731655869	17538190	78359	17543962	1028291	17549765	1050362	17538190	0.84214	17543962	1.00904	17549765	1.06183	17538190	93047.4742916855	17543962	1019078.530088	17549765	989199.7777422	17554757	62706	17560529	960544	17566332	1009415	17554757	0.84216	17560529	1.00886	17566332	1.06163	17554757	74458.5351952123	17560529	952108.320282299	17566332	950816.197733674
148	17641618	82889	17647421	1035496	17653225	1017532	17641618	0.84246	17647421	1.00926	17653225	1.06302	17641618	98389.2410322152	17647421	1025995.28367319	17653225	957208.707267972	17658201	78541	17663973	1026923	17669776	1054418	17658201	0.84292	17663973	1.00983	17669776	1.06309	17658201	93177.288473402	17663973	1016926.61140984	17669776	991842.647376986	17674753	62684	17680540	957779	17686343	1011391	17674753	0.84265	17680540	1.00941	17686343	1.0635	17674753	74389.1295318341	17680540	948850.318502888	17686343	951002.350728726
149	17761629	82987	17767417	1035929	17773220	1019449	17761629	0.84248	17767417	1.00968	17773220	1.06228	17761629	98503.2285632893	17767417	1025997.34569369	17773220	959680.122001732	17778196	79351	17783968	1026979	17789772	1050639	17778196	0.84186	17783968	1.01034	17789772	1.06306	17778196	94256.764782743	17783968	1016468.71350239	17789772	988315.805316727	17794764	62260	17800551	958266	17806339	1007704	17794764	0.84285	17800551	1.00887	17806339	1.06183	17794764	73868.422613751	17800551	949840.91111838	17806339	949025.738583389
150	17881640	82729	17887443	1037454	17893247	1020230	17881640	0.84259	17887443	1.01004	17893247	1.0625	17881640	98184.1702370073	17887443	1027141.49934656	17893247	960216.470588235	17898223	78859	17904011	1024993	17909829	1049951	17898223	0.84318	17904011	1.00839	17909829	1.06256	17898223	93525.7003249603	17904011	1016464.85982606	17909829	988133.375997591	17914806	62566	17920578	962391	17926381	1006488	17914806	0.842	17920578	1.00923	17926381	1.06174	17914806	74306.4133016627	17920578	953589.370113849	17926381	947960.894380922
151	18001651	82901	18007439	1038126	18013258	1023212	18001651	0.84243	18007439	1.00854	18013258	1.06244	18001651	98406.9893047494	18007439	1029335.47504313	18013258	963077.444373329	18018218	79341	18024037	1026420	18029856	1049875	18018218	0.84193	18024037	1.00838	18029856	1.06272	18018218	94237.0505861532	18024037	1017890.08112021	18029856	987913.090936465	18034832	62882	18040604	960311	18046408	1003078	18034832	0.84181	18040604	1.00869	18046408	1.06194	18034832	74698.5661847685	18040604	952037.791591074	18046408	944571.256379833
152	18121662	82799	18127450	1034031	18133269	1022214	18121662	0.84269	18127450	1.00906	18133269	1.06197	18121662	98255.5862772787	18127450	1024746.79404594	18133269	962563.914234865	18138229	78895	18144017	1026646	18149820	1050708	18138229	0.84219	18144017	1.00928	18149820	1.0617	18138229	93678.3861123974	18144017	1017206.3253012	18149820	989646.792879345	18154797	63223	18160584	957194	18166387	1007501	18154797	0.8415	18160584	1.00866	18166387	1.06224	18154797	75131.3131313131	18160584	948975.868974679	18166387	948468.331073957
153	18241673	82355	18247461	1033648	18253264	1024811	18241673	0.84269	18247461	1.0093	18253264	1.06257	18241673	97728.7021324568	18247461	1024123.65005449	18253264	964464.458812125	18258240	79401	18264028	1022448	18269831	1049617	18258240	0.84205	18264028	1.00902	18269831	1.06202	18258240	94294.8756012113	18264028	1013307.96218113	18269831	988321.312216342	18274823	64118	18280626	956995	18286414	1004063	18274823	0.84264	18280626	1.00962	18286414	1.06185	18274823	76091.8067027438	18280626	947876.428755373	18286414	945578.942411829
154	18361684	82642	18367456	1034878	18373259	1025483	18361684	0.84249	18367456	1.00877	18373259	1.06244	18361684	98092.5589621242	18367456	1025881.02342457	18373259	965214.976845751	18378236	79227	18384023	1025886	18389811	1050472	18378236	0.8423	18384023	1.0087	18389811	1.06193	18378236	94060.311053069	18384023	1017037.77138892	18389811	989210.211595868	18394787	63697	18400575	957961	18406394	1003653	18394787	0.84236	18400575	1.00883	18406394	1.06169	18394787	75617.313262738	18400575	949576.241785038	18406394	945335.267356762
155	18481695	83290	18487483	1035678	18493286	1029252	18481695	0.84208	18487483	1.00861	18493286	1.06156	18481695	98909.8422952689	18487483	1026836.93399827	18493286	969565.545046912	18498262	79278	18504050	1025107	18509853	1048815	18498262	0.84173	18504050	1.00918	18509853	1.06115	18498262	94184.5960105972	18504050	1015782.12013714	18509853	988375.818687273	18514830	64079	18520617	958064	18526420	1003914	18514830	0.84208	18520617	1.0094	18526420	1.06247	18514830	76096.0953828615	18520617	949142.064592828	18526420	944886.914454055
156	18601706	83724	18607478	1035496	18613281	1032469	18601706	0.84189	18607478	1.00919	18613281	1.06278	18601706	99447.6713109789	18607478	1026066.44933065	18613281	971479.515986376	18618258	80066	18624045	1023976	18629833	1048596	18618258	0.84223	18624045	1.00843	18629833	1.06184	18618258	95064.2936015103	18624045	1015416.04275954	18629833	987527.311082649	18634825	63932	18640597	959381	18646400	1002390	18634825	0.84202	18640597	1.00871	18646400	1.06214	18634825	75926.9376024322	18640597	951096.945603791	18646400	943745.645583445
157	18721717	83728	18727489	1037860	18733292	1030825	18721717	0.84215	18727489	1.00904	18733292	1.06255	18721717	99421.7182212195	18727489	1028561.8013161	18733292	970142.581525575	18738269	79018	18744056	1026969	18749860	1046837	18738269	0.84156	18744056	1.00875	18749860	1.0616	18738269	93894.6717999905	18744056	1018060.96654275	18749860	986093.632253203	18754852	63916	18760624	957657	18766427	1000759	18754852	0.84207	18760624	1.00827	18766427	1.06081	18754852	75903.4284560666	18760624	949802.13633253	18766427	943391.370744997
158	18841728	82491	18847531	1035745	18853335	1032251	18841728	0.84242	18847531	1.00877	18853335	1.0615	18841728	97921.4643526982	18847531	1026740.48593832	18853335	972445.595854922	18858311	79679	18864114	1027656	18869917	1047418	18858311	0.84215	18864114	1.00888	18869917	1.06167	18858311	94613.7861426112	18864114	1018610.73665847	18869917	986575.866323811	18874894	64011	18880681	960127	18886485	1004185	18874894	0.84245	18880681	1.0086	18886485	1.06236	18874894	75981.957386195	18880681	951940.313305572	18886485	945239.843367597
159	18961739	83174	18967527	1034972	18973330	1034818	18961739	0.84183	18967527	1.00908	18973330	1.0615	18961739	98801.420714396	18967527	1025659.01613351	18973330	974863.871879416	18978306	80206	18984094	1025165	18989882	1048565	18978306	0.84207	18984094	1.00854	18989882	1.06141	18978306	95248.6135356918	18984094	1016484.22472088	18989882	987898.173184726	18994858	65127	19000646	958384	19006449	1004212	18994858	0.84221	19000646	1.0079	19006449	1.06202	18994858	77328.6947435913	19000646	950872.110328406	19006449	945567.880077588
160	19081750	82195	19087538	1035783	19093341	1034255	19081750	0.84239	19087538	1.00842	19093341	1.06096	19081750	97573.5704364962	19087538	1027134.5272803	19093341	974829.399788871	19098317	80267	19104105	1021840	19109893	1049396	19098317	0.8419	19104105	1.00759	19109893	1.06084	19098317	95340.301698539	19104105	1014142.65723161	19109893	989212.322310622	19114885	64430	19120672	958226	19126475	1003530	19114885	0.84127	19120672	1.00786	19126475	1.0622	19114885	76586.5893232851	19120672	950753.08078503	19126475	944765.580869893
161	19201761	83240	19207549	1034927	19213352	1040012	19201761	0.8417	19207549	1.0086	19213352	1.06204	19201761	98895.0932636331	19207549	1026102.51834226	19213352	979258.78497985	19218328	80634	19224116	1025422	19229919	1050648	19218328	0.84253	19224116	1.00864	19229919	1.06215	19218328	95704.6039903624	19224116	1016638.24555838	19229919	989171.021042226	19234911	65056	19240683	959540	19246487	1003054	19234911	0.8423	19240683	1.00926	19246487	1.06165	19234911	77236.1391428232	19240683	950736.182945921	19246487	944806.668864503
162	19321772	83035	19327544	1033922	19333363	1039801	19321772	0.84264	19327544	1.00833	19333363	1.06214	19321772	98541.4886547043	19327544	1025380.57977051	19333363	978967.932664244	19338339	80295	19344127	1023490	19349915	1048554	19338339	0.8427	19344127	1.00841	19349915	1.06152	19338339	95283.0188679245	19344127	1014954.23488462	19349915	987785.439746778	19354891	65089	19360679	958481	19366482	1001208	19354891	0.84256	19360679	1.00875	19366482	1.06231	19354891	77251.4717052792	19360679	950167.038413879	19366482	942481.94971336
163	19441783	82600	19447571	1037813	19453374	1042073	19441783	0.84237	19447571	1.00984	19453374	1.06235	19441783	98056.6734332894	19447571	1027700.42779054	19453374	980913.070080482	19458350	80607	19464138	1024274	19469926	1050239	19458350	0.84239	19464138	1.0093	19469926	1.06344	19458350	95688.4578401928	19464138	1014836.0249678	19469926	987586.511697886	19474918	65240	19480690	961828	19486493	1006209	19474918	0.8432	19480690	1.0096	19486493	1.06315	19474918	77371.9165085389	19480690	952682.250396197	19486493	946441.235949772
164	19561794	83232	19567582	1039139	19573369	1043992	19561794	0.84286	19567582	1.00967	19573369	1.06279	19561794	98749.4957644211	19567582	1029186.7639922	19573369	982312.592327741	19578346	79896	19584133	1024731	19589921	1051589	19578346	0.84225	19584133	1.00937	19589921	1.06313	19578346	94860.195903829	19584133	1015218.40355866	19589921	989144.319133126	19594913	65237	19600701	960218	19606504	1003447	19594913	0.84228	19600701	1.00973	19606504	1.06211	19594913	77452.8660302987	19600701	950965.109484714	19606504	944767.491126154
165	19681805	83039	19687577	1036366	19693380	1044853	19681805	0.84238	19687577	1.0092	19693380	1.06251	19681805	98576.6518673283	19687577	1026918.35116924	19693380	983381.803465379	19698357	80527	19704145	1025984	19709948	1053321	19698357	0.84235	19704145	1.00933	19709948	1.06319	19698357	95598.0293227281	19704145	1016500.05449159	19709948	990717.557539104	19714924	65327	19720712	959870	19726515	1002541	19714924	0.84217	19720712	1.00865	19726515	1.0624	19714924	77569.8493178337	19720712	951638.328458831	19726515	943656.814759036
166	19801816	83282	19807604	1034195	19813407	1043940	19801816	0.84243	19807604	1.00856	19813407	1.06183	19801816	98859.252400793	19807604	1025417.42682637	19813407	983151.728619459	19818384	80724	19824156	1024733	19829974	1050234	19818384	0.8427	19824156	1.00863	19829974	1.06238	19818384	95792.0968316127	19824156	1015965.2201501	19829974	988567.179352021	19834966	65538	19840738	959828	19846542	1001151	19834966	0.84236	19840738	1.00875	19846542	1.0614	19834966	77802.8396410086	19840738	951502.354399009	19846542	943236.291690221
167	19921827	83227	19927615	1036147	19933418	1048557	19921827	0.84217	19927615	1.00811	19933418	1.06283	19921827	98824.4653692247	19927615	1027811.44914741	19933418	986570.759199496	19938395	80641	19944182	1025882	19949985	1050631	19938395	0.8417	19944182	1.00862	19949985	1.0629	19938395	95807.2947606036	19944182	1017114.47324067	19949985	988457.051462978	19954962	65778	19960749	960872	19966553	1003115	19954962	0.84234	19960749	1.00881	19966553	1.06262	19954962	78089.6075219033	19960749	952480.64551303	19966553	944001.618640718
168	20041838	82983	20047626	1041268	20053429	1052673	20041838	0.84253	20047626	1.00954	20053429	1.06263	20041838	98492.6352770821	20047626	1031428.17520851	20053429	990629.852347478	20058406	80534	20064193	1026940	20069996	1052453	20058406	0.84235	20064193	1.00801	20069996	1.06201	20058406	95606.3394076097	20064193	1018779.57559945	20069996	991001.026355684	20074973	65738	20080745	962803	20086548	1007707	20074973	0.84191	20080745	1.00917	20086548	1.06294	20074973	78081.9802591726	20080745	954054.321868466	20086548	948037.518580541
169	20161849	83377	20167637	1036256	20173440	1053048	20161849	0.84292	20167637	1.00872	20173440	1.06174	20161849	98914.4877331182	20167637	1027297.96177334	20173440	991813.438318232	20178417	81048	20184204	1026705	20190007	1050294	20178417	0.84241	20184204	1.00874	20190007	1.06171	20178417	96209.6841205589	20184204	1017809.34631322	20190007	989247.534637519	20194999	65939	20200771	958770	20206575	1003728	20194999	0.84207	20200771	1.00812	20206575	1.0621	20194999	78305.8415571152	20200771	951047.494345911	20206575	945040.956595424
170	20281860	83014	20287648	1037538	20293451	1053258	20281860	0.84175	20287648	1.00914	20293451	1.06098	20281860	98620.7306207306	20287648	1028140.7931506	20293451	992721.823220042	20298428	81096	20304215	1024229	20310034	1049407	20298428	0.84142	20304215	1.00834	20310034	1.06131	20298428	96379.92916736	20304215	1015757.58176805	20310034	988784.615239657	20315026	65896	20320798	957668	20326601	1004347	20315026	0.84146	20320798	1.00811	20326601	1.0622	20315026	78311.5061916193	20320798	949963.793633631	20326601	945534.739220486
171	20401871	82843	20407643	1036576	20413447	1054654	20401871	0.84182	20407643	1.00795	20413447	1.06095	20401871	98409.3986838041	20407643	1028400.21826479	20413447	994065.695838635	20418439	81130	20424211	1026700	20430029	1051696	20418439	0.84152	20424211	1.00917	20430029	1.06051	20418439	96408.8791710239	20424211	1017370.71058395	20430029	991688.904395055	20435006	66540	20440793	959313	20446581	1003393	20435006	0.84138	20440793	1.00868	20446581	1.06224	20435006	79084.3614062611	20440793	951057.818138557	20446581	944601.031781895
172	20521882	83766	20527670	1038835	20533473	1056656	20521882	0.84266	20527670	1.0078	20533473	1.06188	20521882	99406.6408753234	20527670	1030794.80055567	20533473	995080.423400007	20538450	81075	20544237	1026980	20550040	1052936	20538450	0.84187	20544237	1.00883	20550040	1.06147	20538450	96303.4672811717	20544237	1017991.13824926	20550040	991960.206129236	20555017	66150	20560804	962861	20566608	1004825	20555017	0.84197	20560804	1.00928	20566608	1.0616	20555017	78565.74462273	20560804	954007.807545973	20566608	946519.404672193
173	20641893	83145	20647681	1037363	20653500	1060763	20641893	0.84223	20647681	1.00894	20653500	1.06199	20641893	98720.0645904326	20647681	1028171.14991972	20653500	998844.621889095	20658476	81403	20664248	1029366	20670051	1055782	20658476	0.84194	20664248	1.00847	20670051	1.06224	20658476	96685.0369384992	20664248	1020720.49738713	20670051	993920.394637747	20675028	66379	20680815	961954	20686603	1006105	20675028	0.8414	20680815	1.00908	20686603	1.06293	20675028	78891.1338245781	20680815	953298.053672652	20686603	946539.282925498
174	20761904	82900	20767676	1036420	20773480	1059889	20761904	0.84156	20767676	1.00835	20773480	1.06232	20761904	98507.5336280241	20767676	1027837.55640403	20773480	997711.612320205	20778456	80977	20784244	1027778	20790047	1051841	20778456	0.84148	20784244	1.0089	20790047	1.0614	20778456	96231.6394923231	20784244	1018711.46793538	20790047	990993.970228001	20795023	66447	20800811	959550	20806614	1002882	20795023	0.84132	20800811	1.00835	20806614	1.06089	20795023	78979.4608472401	20800811	951604.105717261	20806614	945321.381104544
175	20881915	83468	20887703	1035738	20893506	1061922	20881915	0.84182	20887703	1.00888	20893506	1.06164	20881915	99151.8376850158	20887703	1026621.60019031	20893506	1000265.62676614	20898483	81448	20904270	1027499	20910073	1054830	20898483	0.84214	20904270	1.00937	20910073	1.06297	20898483	96715.5104851925	20904270	1017960.7081645	20910073	992342.21097491	20915065	66646	20920837	959008	20926641	1007732	20915065	0.84241	20920837	1.00829	20926641	1.06246	20915065	79113.495803706	20920837	951123.188765137	20926641	948489.354893361
176	21001926	83655	21007714	1038147	21013533	1065668	21001926	0.842	21007714	1.00841	21013533	1.06302	21001926	99352.7315914489	21007714	1029488.99753077	21013533	1002491.0161615	21018494	81400	21024266	1028068	21030069	1052948	21018494	0.84184	21024266	1.00838	21030069	1.06225	21018494	96692.9582818588	21024266	1019524.38564827	21030069	991243.116027301	21035061	66873	21040848	960352	21046636	1005722	21035061	0.84212	21040848	1.00902	21046636	1.06226	21035061	79410.2978197882	21040848	951767.061108799	21046636	946775.742285316
177	21121937	83580	21127725	1038293	21133544	1066177	21121937	0.84224	21127725	1.00889	21133544	1.0613	21121937	99235.3723404255	21127725	1029143.91063446	21133544	1004595.30764157	21138520	81886	21144292	1028823	21150095	1054295	21138520	0.84172	21144292	1.00858	21150095	1.06134	21138520	97284.1324906145	21144292	1020070.7925995	21150095	993362.164810523	21155072	67186	21160859	960955	21166663	1008462	21155072	0.842	21160859	1.00835	21166663	1.06221	21155072	79793.3491686461	21160859	952997.47111618	21166663	949399.836190584
178	21241948	83635	21247736	1037092	21253555	1066735	21241948	0.84183	21247736	1.00951	21253555	1.06123	21241948	99349.0372165402	21247736	1027322.16619944	21253555	1005187.3769117	21258531	81649	21264334	1024427	21270153	1054696	21258531	0.84132	21264334	1.00777	21270153	1.06175	21258531	97048.6853991347	21264334	1016528.57298788	21270153	993356.251471627	21275114	67483	21280902	962572	21286705	1006362	21275114	0.84106	21280902	1.00822	21286705	1.05993	21275114	80235.6550067772	21280902	954724.167344429	21286705	949460.813449945
179	21361959	83842	21367747	1037843	21373566	1070202	21361959	0.84203	21367747	1.00788	21373566	1.06241	21361959	99571.2741826301	21367747	1029728.73754812	21373566	1007334.26831449	21378542	81697	21384330	1026847	21390133	1058194	21378542	0.84159	21384330	1.0086	21390133	1.0636	21378542	97074.585011704	21384330	1018091.41384097	21390133	994917.26212862	21395125	66903	21400897	959153	21406700	1006526	21395125	0.84226	21400897	1.00923	21406700	1.06188	21395125	79432.7167382994	21400897	950380.983522091	21406700	947871.699250386
180	21481970	83577	21487758	1035017	21493577	1071473	21481970	0.84203	21487758	1.00805	21493577	1.06127	21481970	99256.5585549208	21487758	1026751.64922375	21493577	1009613.95309393	21498553	81796	21504325	1025726	21510144	1057086	21498553	0.84162	21504325	1.00789	21510144	1.0619	21498553	97188.7550200803	21504325	1017696.37559654	21510144	995466.616442226	21515120	66865	21520908	960003	21526696	1008010	21515120	0.84173	21520908	1.00845	21526696	1.06168	21515120	79437.586874651	21520908	951958.946898706	21526696	949448.044608545
181	21601981	82976	21607769	1037315	21613572	1073569	21601981	0.84193	21607769	1.0088	21613572	1.0613	21601981	98554.5116577388	21607769	1028266.25693894	21613572	1011560.35051352	21618549	82266	21624336	1024575	21630139	1058126	21618549	0.84192	21624336	1.00828	21630139	1.06114	21618549	97712.3717217788	21624336	1016161.18538501	21630139	997159.658480502	21635116	67649	21640904	960970	21646707	1008668	21635116	0.84195	21640904	1.00871	21646707	1.06189	21635116	80348.0016628066	21640904	952672.224920938	21646707	949879.931066307
182	21721992	83147	21727780	1035961	21733599	1077011	21721992	0.8421	21727780	1.00869	21733599	1.06132	21721992	98737.6796104976	21727780	1027036.05666756	21733599	1014784.41940225	21738560	81971	21744347	1027397	21750151	1057119	21738560	0.84225	21744347	1.00878	21750151	1.06231	21738560	97323.8349658652	21744347	1018454.96540375	21750151	995113.479116265	21755127	67955	21760915	963583	21766718	1009291	21755127	0.84203	21760915	1.0085	21766718	1.06209	21755127	80703.7753999264	21760915	955461.576598909	21766718	950287.640407122
183	21842003	83543	21847791	1036187	21853594	1079816	21842003	0.84216	21847791	1.0089	21853594	1.06268	21842003	99200.8644438112	21847791	1027046.28803648	21853594	1016125.26818986	21858571	81997	21864358	1025083	21870162	1058035	21858571	0.84173	21864358	1.00787	21870162	1.06201	21858571	97414.8479916363	21864358	1017078.59148501	21870162	996257.097390797	21875122	67759	21880910	961369	21886713	1011409	21875122	0.84188	21880910	1.00839	21886713	1.06238	21875122	80485.342329073	21880910	953370.223822132	21886713	952021.875411811
184	21962014	83778	21967786	1035363	21973590	1080337	21962014	0.84279	21967786	1.00865	21973590	1.06173	21962014	99405.5458655181	21967786	1026483.91414267	21973590	1017525.17118288	21978566	81904	21984354	1027266	21990157	1059330	21978566	0.84188	21984354	1.009	21990157	1.06156	21978566	97287.0242789946	21984354	1018103.07234886	21990157	997899.317984853	21995118	68168	22000905	960021	22006709	1009336	21995118	0.84229	22000905	1.00869	22006709	1.06205	21995118	80931.7455983094	22000905	951750.289980073	22006709	950365.801986724
185	22082025	83412	22087813	1034726	22093632	1081177	22082025	0.84174	22087813	1.00807	22093632	1.06215	22082025	99094.7323401525	22087813	1026442.60815221	22093632	1017913.66567811	22098608	81974	22104380	1027502	22110168	1060308	22098608	0.84119	22104380	1.00878	22110168	1.06189	22098608	97450.0410133264	22104380	1018559.05152759	22110168	998510.203505071	22115160	68182	22120932	961418	22126751	1012388	22115160	0.84234	22120932	1.0094	22126751	1.06083	22115160	80943.5619820975	22120932	952464.830592431	22126751	954335.755964669
186	22202036	83932	22207824	1038424	22213627	1084496	22202036	0.84172	22207824	1.00832	22213627	1.06145	22202036	99714.8695528204	22207824	1029855.60139638	22213627	1021711.80931744	22218604	82991	22224391	1028119	22230195	1062337	22218604	0.84141	22224391	1.00796	22230195	1.06175	22218604	98633.2465742028	22224391	1019999.80157943	22230195	1000552.86084295	22235187	67730	22240959	963321	22246762	1013111	22235187	0.84159	22240959	1.00928	22246762	1.06109	22235187	80478.6178542996	22240959	954463.577996195	22246762	954783.288882187
187	22322048	83503	22327835	1038434	22333638	1085244	22322048	0.84209	22327835	1.00847	22333638	1.0611	22322048	99161.6098041777	22327835	1029712.33650976	22333638	1022753.74611252	22338615	82365	22344402	1029422	22350206	1060282	22338615	0.84184	22344402	1.00889	22350206	1.06157	22338615	97839.2568659128	22344402	1020351.0789085	22350206	998786.702713905	22355182	67771	22360970	964624	22366773	1013499	22355182	0.84178	22360970	1.00825	22366773	1.06193	22355182	80509.1591627266	22360970	956730.969501612	22366773	954393.415761868
188	22442059	83319	22447846	1038363	22453665	1086609	22442059	0.84133	22447846	1.00804	22453665	1.06163	22442059	99032.4842808411	22447846	1030081.14757351	22453665	1023528.91308648	22458641	82519	22464413	1027629	22470217	1062845	22458641	0.84222	22464413	1.0085	22470217	1.06278	22458641	97977.9630025409	22464413	1018967.77392167	22470217	1000061.16035304	22475209	69037	22480981	961273	22486784	1014330	22475209	0.84244	22480981	1.00887	22486784	1.06232	22475209	81948.8628270263	22480981	952821.473529791	22486784	954825.288048799
189	22562070	83383	22567857	1036588	22573660	1088499	22562070	0.84183	22567857	1.00886	22573660	1.06206	22562070	99049.6893672119	22567857	1027484.48744127	22573660	1024894.07378114	22578637	82569	22584424	1028308	22590212	1062331	22578637	0.84168	22584424	1.00849	22590212	1.06169	22578637	98100.2281151982	22584424	1019651.1616377	22590212	1000603.75439158	22595188	68227	22600976	960611	22606779	1014582	22595188	0.84148	22600976	1.00848	22606779	1.06244	22595188	81079.764224937	22600976	952533.515786134	22606779	954954.632732201
190	22682081	83667	22687868	1036613	22693671	1090314	22682081	0.84179	22687868	1.00818	22693671	1.06181	22682081	99391.7722947529	22687868	1028202.30514392	22693671	1026844.72739944	22698648	82337	22704435	1028339	22710223	1063877	22698648	0.8414	22704435	1.00921	22710223	1.06199	22698648	97857.1428571429	22704435	1018954.42970244	22710223	1001776.85288939	22715215	69300	22721003	961435	22726806	1016867	22715215	0.84221	22721003	1.00746	22726806	1.06201	22715215	82283.515987699	22721003	954315.804101404	22726806	957492.867298801
191	22802092	84241	22807879	1037671	22813682	1095052	22802092	0.84177	22807879	1.00845	22813682	1.0621	22802092	100076.030269551	22807879	1028976.15151966	22813682	1031025.327182	22818659	82450	22824431	1027771	22830234	1065530	22818659	0.84205	22824431	1.00778	22830234	1.06184	22818659	97915.8007244226	22824431	1019836.67070194	22830234	1003475.09982672	22835210	68194	22840998	963836	22846801	1019606	22835210	0.84244	22840998	1.0086	22846801	1.06175	22835210	80948.1980912587	22840998	955617.687884196	22846801	960307.040263716
192	22922103	83607	22927890	1034674	22933693	1097752	22922103	0.8418	22927890	1.008	22933693	1.06251	22922103	99319.3157519601	22927890	1026462.3015873	22933693	1033168.62900114	22938685	83114	22944457	1029073	22950261	1063563	22938685	0.84206	22944457	1.00913	22950261	1.06175	22938685	98703.1802959409	22944457	1019762.56775638	22950261	1001707.55827643	22955237	69260	22961025	963212	22966828	1019833	22955237	0.84286	22961025	1.00824	22966828	1.06191	22955237	82172.6028047363	22961025	955339.998413076	22966828	960376.114736654
193	23042114	83957	23047901	1038354	23053704	1098801	23042114	0.84194	23047901	1.00912	23053704	1.06226	23042114	99718.5072570492	23047901	1028969.79546536	23053704	1034399.2996065	23058681	82833	23064468	1028690	23070256	1066104	23058681	0.84189	23064468	1.00821	23070256	1.06116	23058681	98389.3382745964	23064468	1020313.22839488	23070256	1004659.0523578	23075248	68330	23081036	960667	23086839	1018113	23075248	0.8412	23081036	1.0083	23086839	1.06093	23075248	81229.1963861151	23081036	952759.099474363	23086839	959642.012196846
194	23162125	83859	23167912	1036748	23173715	1098684	23162125	0.84173	23167912	1.00782	23173715	1.06241	23162125	99626.958763499	23167912	1028703.53833026	23173715	1034143.12741785	23178692	82846	23184479	1029211	23190267	1066370	23178692	0.84239	23184479	1.00869	23190267	1.06121	23178692	98346.3716330916	23184479	1020344.20882531	23190267	1004862.37408242	23195259	68962	23201047	962944	23206850	1022211	23195259	0.84162	23201047	1.0087	23206850	1.06244	23195259	81939.5926902878	23201047	954638.643798949	23206850	962135.273521328
195	23282136	83961	23287923	1037900	23293726	1103831	23282136	0.84238	23287923	1.00925	23293726	1.06232	23282136	99671.169780859	23287923	1028387.41639832	23293726	1039075.79637021	23298718	83313	23304506	1029398	23310309	1070850	23298718	0.84233	23304506	1.00874	23310309	1.06184	23298718	98907.7914831479	23304506	1020479.01342269	23310309	1008485.2708506	23315301	69295	23321073	963507	23326876	1022341	23315301	0.84219	23321073	1.00853	23326876	1.06218	23315301	82279.5331219796	23321073	955357.797983203	23326876	962493.174414883
196	23402147	83644	23407934	1035966	23413737	1102161	23402147	0.84158	23407934	1.00779	23413737	1.06138	23402147	99389.2440409706	23407934	1027958.20557854	23413737	1038422.61960843	23418698	83122	23424486	1029187	23430289	1066125	23418698	0.84196	23424486	1.00866	23430289	1.06208	23418698	98724.4049598556	23424486	1020350.76239764	23430289	1003808.5643266	23435265	69664	23441053	966583	23446856	1024617	23435265	0.84239	23441053	1.00802	23446856	1.06243	23435265	82698.0377259939	23441053	958892.68070078	23446856	964408.949295483
197	23522158	84163	23527930	1040746	23533733	1104238	23522158	0.84171	23527930	1.00818	23533733	1.06139	23522158	99990.4955388435	23527930	1032301.77150906	23533733	1040369.70387888	23538709	84008	23544497	1027789	23550300	1067970	23538709	0.84164	23544497	1.00886	23550300	1.06174	23538709	99814.647592795	23544497	1018762.76192931	23550300	1005867.72656206	23555276	69149	23561064	962382	23566867	1020857	23555276	0.84186	23561064	1.00844	23566867	1.06124	23555276	82138.3602974366	23561064	954327.476101702	23566867	961947.344615733
198	23642169	83428	23647956	1035655	23653759	1105613	23642169	0.84221	23647956	1.00789	23653759	1.06202	23642169	99058.4296078175	23647956	1027547.649049	23653759	1041047.24958099	23658736	83289	23664523	1028811	23670327	1069288	23658736	0.84195	23664523	1.00838	23670327	1.06212	23658736	98923.9265989667	23664523	1020261.21105139	23670327	1006748.76661771	23675303	68993	23681091	962350	23686894	1023377	23675303	0.84179	23681091	1.00811	23686894	1.06104	23675303	81959.8712267905	23681091	954608.128081261	23686894	964503.694488427
199	23762180	83930	23767952	1036942	23773770	1108772	23762180	0.84201	23767952	1.00876	23773770	1.06158	23762180	99678.1510908422	23767952	1027937.26951901	23773770	1044454.49236044	23778747	83691	23784519	1028514	23790322	1072280	23778747	0.84124	23784519	1.00759	23790322	1.06181	23778747	99485.2836289287	23784519	1020766.38315188	23790322	1009860.52118552	23795361	69403	23801133	963096	23806936	1024957	23795361	0.8406	23801133	1.00781	23806936	1.06023	23795361	82563.6450154652	23801133	955632.510096149	23806936	966730.803693538
200	23882191	83696	23887978	1039684	23893781	1111128	23882191	0.84184	23887978	1.00928	23893781	1.06152	23882191	99420.317399981	23887978	1030124.44514902	23893781	1046732.98666064	23898773	83553	23904545	1029833	23910349	1072936	23898773	0.8418	23904545	1.00745	23910349	1.06166	23898773	99255.1674982181	23904545	1022217.47977567	23910349	1010621.10280127	23915310	69599	23921097	964836	23926900	1025883	23915310	0.84149	23921097	1.00817	23926900	1.06153	23915310	82709.2419398923	23921097	957017.16972336	23926900	966419.22508078
201	24002202	83438	24007989	1038183	24013808	1112336	24002202	0.84166	24007989	1.00754	24013808	1.06135	24002202	99135.0426538032	24007989	1030413.68084642	24013808	1048038.81848589	24018784	83335	24024572	1027835	24030360	1072599	24018784	0.84171	24024572	1.00757	24030360	1.06181	24018784	99006.7838091504	24024572	1020112.74650893	24030360	1010160.95158267	24035352	69147	24041139	963863	24046943	1028291	24035352	0.84183	24041139	1.00821	24046943	1.06168	24035352	82138.9116567478	24041139	956014.124041618	24046943	968550.787431241
202	24122213	83831	24128000	1038764	24133803	1114557	24122213	0.84194	24128000	1.00813	24133803	1.06138	24122213	99568.8528873792	24128000	1030386.95406346	24133803	1050101.75431985	24138780	83431	24144568	1028619	24150355	1075374	24138780	0.84174	24144568	1.00834	24150355	1.06247	24138780	99117.3046308836	24144568	1020111.27199159	24150355	1012145.28410214	24155332	69738	24161119	963374	24166922	1027385	24155332	0.84196	24161119	1.00837	24166922	1.06214	24155332	82828.162858093	24161119	955377.490405308	24166922	967278.324891257
203	24242224	83641	24248011	1037129	24253814	1117725	24242224	0.84219	24248011	1.00832	24253814	1.06126	24242224	99313.6940595353	24248011	1028571.28689305	24253814	1053205.62350414	24258807	83637	24264579	1029799	24270382	1073944	24258807	0.84217	24264579	1.00954	24270382	1.06196	24258807	99311.3029435862	24264579	1020067.55552034	24270382	1011284.79415421	24275358	69955	24281146	964754	24286949	1030027	24275358	0.84186	24281146	1.00982	24286949	1.06286	24275358	83095.7641413062	24281146	955372.244558436	24286949	969108.819599947
204	24362235	83870	24368022	1036739	24373826	1119174	24362235	0.84255	24368022	1.00874	24373826	1.06338	24362235	99543.0538246988	24368022	1027756.40898547	24373826	1052468.54370028	24378802	84024	24384590	1030466	24390393	1078689	24378802	0.8422	24384590	1.00854	24390393	1.06232	24378802	99767.2761814296	24384590	1021740.3375176	24390393	1015408.72806687	24395369	69778	24401157	965273	24406960	1033025	24395369	0.84123	24401157	1.00824	24406960	1.06107	24395369	82947.588649953	24401157	957384.154566373	24406960	973569.133044945
205	24482246	83845	24488033	1036876	24493837	1121531	24482246	0.84173	24488033	1.00889	24493837	1.06247	24482246	99610.3263516805	24488033	1027739.39676278	24493837	1055588.39308404	24498813	84032	24504601	1032820	24510404	1075879	24498813	0.84162	24504601	1.00824	24510404	1.06269	24498813	99845.5359901143	24504601	1024379.11608347	24510404	1012410.95709944	24515396	70183	24521168	965006	24526971	1032888	24515396	0.84198	24521168	1.00781	24526971	1.06232	24515396	83354.7115133376	24521168	957527.708595866	24526971	972294.600497025
206	24602257	83343	24608044	1037938	24613848	1124846	24602257	0.84211	24608044	1.00824	24613848	1.06248	24602257	98969.2557979361	24608044	1029455.28842339	24613848	1058698.51667796	24618840	83470	24624612	1028989	24630415	1077504	24618840	0.84145	24624612	1.00876	24630415	1.06201	24618840	99197.8132984729	24624612	1020053.33280463	24630415	1014589.31648478	24635391	69729	24641179	963186	24646982	1033514	24635391	0.84205	24641179	1.00855	24646982	1.0626	24635391	82808.6218158067	24641179	955020.574091518	24646982	972627.517410126
207	24722268	83654	24728118	1038723	24733905	1122901	24722268	0.84243	24728118	1.00875	24733905	1.06152	24722268	99300.832116615	24728118	1029713.01115242	24733905	1057823.68678876	24738882	83593	24744669	1029696	24750488	1076661	24738882	0.84173	24744669	1.00862	24750488	1.06212	24738882	99310.9429389472	24744669	1020895.87753564	24750488	1013690.54344142	24755480	69929	24761252	961207	24767055	1031900	24755480	0.84215	24761252	1.00739	24767055	1.06164	24755480	83036.276197827	24761252	954155.788721349	24767055	971986.737500471
208	24842279	83975	24848066	1040188	24853885	1125167	24842279	0.84192	24848066	1.00889	24853885	1.0621	24842279	99742.2557962752	24848066	1031022.2125306	24853885	1059379.5311176	24858846	84365	24864634	1031518	24870437	1082026	24858846	0.84187	24864634	1.00835	24870437	1.06269	24858846	100211.434069393	24864634	1022976.14915456	24870437	1018195.33448136	24875413	70348	24881201	965536	24887004	1036402	24875413	0.84214	24881201	1.00864	24887004	1.06221	24875413	83534.8041893272	24881201	957265.228426396	24887004	975703.486127978
209	24962290	84446	24968077	1037802	24973881	1127052	24962290	0.8414	24968077	1.00851	24973881	1.06162	24962290	100363.67958165	24968077	1029044.82850939	24973881	1061634.10636574	24978857	84162	24984645	1029968	24990463	1080977	24978857	0.84217	24984645	1.0078	24990463	1.06144	24978857	99934.6925205125	24984645	1021996.42786267	24990463	1018406.12752487	24995440	70688	25001227	965363	25007031	1038021	24995440	0.8423	25001227	1.00879	25007031	1.06252	24995440	83922.5929003918	25001227	956951.39721845	25007031	976942.551669616
210	25082301	83760	25088088	1039064	25093892	1130670	25082301	0.84229	25088088	1.0085	25093892	1.06187	25082301	99443.1846513671	25088088	1030306.39563708	25093892	1064791.35864089	25098868	83658	25104656	1029682	25110443	1080069	25098868	0.8418	25104656	1.00824	25110443	1.06148	25098868	99379.9002138275	25104656	1021266.76188209	25110443	1017512.34125937	25115420	70507	25121207	965231	25126995	1037263	25115420	0.84239	25121207	1.00875	25126995	1.06262	25115420	83698.7618561474	25121207	956858.488228005	25126995	976137.28331859
211	25202312	83402	25208099	1037636	25213918	1132388	25202312	0.84109	25208099	1.00826	25213918	1.06199	25202312	99159.4240806572	25208099	1029135.34207447	25213918	1066288.75978117	25218895	84403	25224667	1030512	25230470	1082912	25218895	0.84141	25224667	1.00847	25230470	1.0612	25218895	100311.382084834	25224667	1021856.87229169	25230470	1020459.85676593	25235462	70681	25241249	963277	25247053	1036935	25235462	0.84205	25241249	1.00955	25247053	1.062	25235462	83939.1960097382	25241249	954164.726858501	25247053	976398.305084746
212	25322323	83763	25328110	1037027	25333914	1135478	25322323	0.84215	25328110	1.00842	25333914	1.06266	25322323	99463.278513329	25328110	1028368.14025902	25333914	1068524.26928651	25338890	83819	25344662	1030304	25350465	1083304	25338890	0.84133	25344662	1.00938	25350465	1.06281	25338890	99626.7814056316	25344662	1020729.55675761	25350465	1019282.84453477	25355442	70889	25361229	963984	25367032	1038254	25355442	0.8416	25361229	1.00786	25367032	1.06195	25355442	84231.2262357414	25361229	956466.175857758	25367032	977686.331748199
213	25442334	84319	25448121	1038828	25453925	1136725	25442334	0.84148	25448121	1.00916	25453925	1.06231	25442334	100203.213385939	25448121	1029398.70783622	25453925	1070050.17367812	25458917	84021	25464689	1032896	25470492	1084713	25458917	0.84243	25464689	1.00926	25470492	1.06201	25458917	99736.476621203	25464689	1023419.13877494	25470492	1021377.38816019	25475453	71006	25481240	963167	25487028	1041534	25475453	0.84281	25481240	1.0081	25487028	1.0634	25475453	84249.1190185214	25481240	955428.032933241	25487028	979437.652811736
214	25562345	83760	25568132	1038257	25573936	1139552	25562345	0.84218	25568132	1.00827	25573936	1.06226	25562345	99456.1732646228	25568132	1029741.04158608	25573936	1072761.847382	25578912	84083	25584700	1031349	25590503	1086186	25578912	0.84216	25584700	1.00933	25590503	1.06256	25578912	99842.0727652703	25584700	1021815.46174195	25590503	1022234.97967174	25595479	70717	25601251	966352	25607070	1041452	25595479	0.84228	25601251	1.00925	25607070	1.06166	25595479	83959.0160041791	25601251	957495.169680456	25607070	980965.65755515
215	25682356	83874	25688143	1040875	25693947	1138976	25682356	0.84231	25688143	1.0085	25693947	1.06242	25682356	99576.1655447519	25688143	1032102.13187903	25693947	1072058.13143578	25698923	84183	25704695	1029978	25710514	1086997	25698923	0.84145	25704695	1.0092	25710514	1.0624	25698923	100045.160140234	25704695	1020588.58501784	25710514	1023152.29668675	25715490	71403	25721278	962080	25727081	1040399	25715490	0.84238	25721278	1.0088	25727081	1.06201	25715490	84763.4084379971	25721278	953687.549563838	25727081	979650.850745285
216	25802367	83710	25808139	1037719	25813958	1140520	25802367	0.84215	25808139	1.00935	25813958	1.06201	25802367	99400.3443567061	25808139	1028106.20696488	25813958	1073925.85757196	25818934	84385	25824722	1029426	25830525	1087171	25818934	0.84191	25824722	1.00909	25830525	1.06135	25818934	100230.428430592	25824722	1020152.81094848	25830525	1024328.44961606	25835517	70996	25841304	964473	25847108	1042677	25835517	0.8427	25841304	1.00986	25847108	1.06269	25835517	84248.249673668	25841304	955056.14639653	25847108	981167.602969822
217	25922378	84051	25928165	1038710	25933969	1143566	25922378	0.84228	25928165	1.00891	25933969	1.06262	25922378	99789.8561048582	25928165	1029536.82687257	25933969	1076175.86719618	25938945	84626	25944733	1027457	25950520	1091575	25938945	0.84269	25944733	1.009	25950520	1.06364	25938945	100423.643332661	25944733	1018292.36868186	25950520	1026263.58542364	25955512	71231	25961300	962293	25967103	1043734	25955512	0.84189	25961300	1.00896	25967103	1.06184	25955512	84608.4405326111	25961300	953747.423089122	25967103	982948.466812326
218	26042389	83925	26048176	1039067	26053980	1144677	26042389	0.84126	26048176	1.00802	26053980	1.06105	26042389	99761.0726766992	26048176	1030799.9841273	26053980	1078815.32444277	26058956	84507	26064728	1029040	26070547	1090350	26058956	0.84162	26064728	1.00765	26070547	1.06344	26058956	100409.923718543	26064728	1021227.60879274	26070547	1025304.67163169	26075523	70774	26081311	964369	26087114	1045435	26075523	0.84151	26081311	1.00819	26087114	1.06321	26075523	84103.5757150836	26081311	956534.978525873	26087114	983281.759953349
219	26162400	83097	26168187	1036148	26173991	1147376	26162400	0.84119	26168187	1.00849	26173991	1.06239	26162400	98785.0545061163	26168187	1027425.1603883	26173991	1079995.10537562	26178967	84548	26184755	1028684	26190558	1089182	26178967	0.8423	26184755	1.00824	26190558	1.06204	26178967	100377.537694408	26184755	1020276.91819408	26190558	1025556.47621559	26195519	71645	26201291	964909	26207094	1047931	26195519	0.84156	26201291	1.0089	26207094	1.06251	26195519	85133.561481059	26201291	956397.066111607	26207094	986278.717376778
220	26282411	84125	26288198	1038290	26294002	1150039	26282411	0.84191	26288198	1.00777	26294002	1.06218	26282411	99921.606822582	26288198	1030284.68797444	26294002	1082715.73556271	26298994	84609	26304766	1029343	26310569	1090193	26298994	0.84163	26304766	1.00809	26310569	1.06189	26298994	100529.9240759	26304766	1021082.44303584	26310569	1026653.41984575	26315561	71209	26321333	963420	26327152	1049528	26315561	0.84221	26321333	1.00865	26327152	1.06303	26315561	84550.1715724107	26321333	955157.884300798	26327152	987298.571065727
221	26402422	83498	26408209	1035821	26414028	1153230	26402422	0.8423	26408209	1.00923	26414028	1.06369	26402422	99130.9509675888	26408209	1026347.80971632	26414028	1084178.66107607	26419005	84564	26424777	1029853	26430580	1090716	26419005	0.84228	26424777	1.00944	26430580	1.06142	26419005	100398.917224676	26424777	1020222.10334443	26430580	1027600.76124437	26435572	71057	26441360	962623	26447178	1047545	26435572	0.84202	26441360	1.00838	26447178	1.06253	26435572	84388.7318591007	26441360	954623.257105456	26447178	985896.868794293
222	26522433	84250	26528220	1037275	26534024	1154919	26522433	0.84153	26528220	1.00812	26534024	1.06214	26522433	100115.266241251	26528220	1028920.16823394	26534024	1087351.00834165	26539000	84782	26544788	1030523	26550607	1096343	26539000	0.84223	26544788	1.00816	26550607	1.0622	26539000	100663.714187336	26544788	1022181.99492144	26550607	1032143.66409339	26555599	71480	26561386	965767	26567189	1050498	26555599	0.84189	26561386	1.00806	26567189	1.06193	26555599	84904.2036370547	26561386	958045.156042299	26567189	989234.6953189
223	26642444	83926	26648232	1036574	26654035	1157337	26642444	0.84166	26648232	1.00852	26654035	1.06191	26642444	99714.8492265285	26648232	1027816.9991671	26654035	1089863.54775828	26659011	84909	26664783	1033690	26670602	1094494	26659011	0.84131	26664783	1.00873	26670602	1.06233	26659011	100924.748309184	26664783	1024743.98501086	26670602	1030276.84429509	26675578	71334	26681366	964759	26687169	1052323	26675578	0.84111	26681366	1.0084	26687169	1.06215	26675578	84809.3590612405	26681366	956722.530741769	26687169	990748.011109542
224	26762455	83757	26768243	1035992	26774046	1156106	26762455	0.84163	26768243	1.00879	26774046	1.06167	26762455	99517.6027470504	26768243	1026964.97784474	26774046	1088950.42715721	26779022	85666	26784810	1030446	26790613	1095571	26779022	0.84191	26784810	1.00875	26790613	1.0625	26779022	101751.968737751	26784810	1021507.80669145	26790613	1031125.64705882	26795574	71844	26801361	963928	26807165	1052918	26795574	0.84125	26801361	1.00825	26807165	1.0617	26795574	85401.485884101	26801361	956040.664517729	26807165	991728.360177075
225	26882466	83552	26888254	1036864	26894057	1160965	26882466	0.84215	26888254	1.00865	26894057	1.06253	26882466	99212.7293237547	26888254	1027972.0418381	26894057	1092642.09010569	26899033	85387	26904821	1027148	26910624	1097903	26899033	0.84226	26904821	1.00866	26910624	1.06211	26899033	101378.434212713	26904821	1018329.26853449	26910624	1033699.89925714	26915600	71778	26921388	963684	26927191	1052370	26915600	0.8415	26921388	1.00815	26927191	1.06126	26915600	85297.6827094474	26921388	955893.468233894	26927191	991623.164917174
226	27002477	83209	27008265	1036942	27014068	1160039	27002477	0.84136	27008265	1.0082	27014068	1.06236	27002477	98898.2124179899	27008265	1028508.23249355	27014068	1091945.2916149	27019091	85115	27024879	1032198	27030682	1097924	27019091	0.84243	27024879	1.00884	27030682	1.06259	27019091	101035.100839239	27024879	1023153.32461044	27030682	1033252.71271139	27035658	71853	27041446	965143	27047265	1055856	27035658	0.8425	27041446	1.00906	27047265	1.06241	27035658	85285.4599406528	27041446	956477.315521376	27047265	993831.006861758
227	27122488	83557	27128276	1038558	27134079	1165780	27122488	0.84209	27128276	1.00794	27134079	1.06289	27122488	99225.7359664644	27128276	1030376.80814334	27134079	1096802.11498838	27139071	85501	27144843	1030570	27150646	1100064	27139071	0.84203	27144843	1.00863	27150646	1.06295	27139071	101541.512772704	27144843	1021752.27784222	27150646	1034916.03556141	27155607	72218	27161394	966528	27167198	1057816	27155607	0.84238	27161394	1.00888	27167198	1.06232	27155607	85730.9052921484	27161394	958020.775513441	27167198	995760.222908352
228	27242499	83795	27248287	1038820	27254090	1166897	27242499	0.84182	27248287	1.00916	27254090	1.06209	27242499	99540.2817704497	27248287	1029390.78045107	27254090	1098679.96120856	27259066	84386	27264838	1029658	27270641	1101085	27259066	0.84186	27264838	1.00779	27270641	1.0625	27259066	100237.569192027	27264838	1021698.96506217	27270641	1036315.29411765	27275618	72110	27281390	966396	27287193	1058770	27275618	0.84174	27281390	1.00852	27287193	1.06207	27275618	85667.7834010502	27281390	958231.864514338	27287193	996892.860169292
229	27362510	84040	27368298	1038263	27374101	1167545	27362510	0.84249	27368298	1.00857	27374101	1.06229	27362510	99751.9258388824	27368298	1029440.69325877	27374101	1099083.11289761	27379077	85649	27384865	1031576	27390652	1100947	27379077	0.84185	27384865	1.0093	27390652	1.06231	27379077	101739.027142603	27384865	1022070.74209848	27390652	1036370.73923808	27395629	72911	27401401	964628	27407204	1058237	27395629	0.84182	27401401	1.00905	27407204	1.06216	27395629	86611.1520277494	27401401	955976.413458203	27407204	996306.582812382
230	27482521	83283	27488324	1038484	27494127	1169308	27482521	0.84224	27488324	1.00835	27494127	1.0618	27482521	98882.7412613982	27488324	1029884.46471959	27494127	1101250.70634771	27499104	85144	27504876	1031530	27510679	1100784	27499104	0.84233	27504876	1.00973	27510679	1.06311	27499104	101081.523868318	27504876	1021589.92998128	27510679	1035437.53703756	27515640	72418	27521427	967146	27527215	1060681	27515640	0.8421	27521427	1.01018	27527215	1.06169	27515640	85996.912480703	27521427	957399.671345701	27527215	999049.628422609
231	27602532	83527	27608320	1038597	27614123	1171238	27602532	0.84175	27608320	1.00931	27614123	1.0631	27602532	99230.1752301752	27608320	1029016.85309766	27614123	1101719.49957671	27619115	85466	27624887	1029913	27630674	1102727	27619115	0.84288	27624887	1.00936	27630674	1.06184	27619115	101397.58921792	27624887	1020362.40786241	27630674	1038505.80125066	27635651	72078	27641438	965063	27647226	1065069	27635651	0.84153	27641438	1.00806	27647226	1.06349	27635651	85651.1354318919	27641438	957346.784913596	27647226	1001484.73422411
232	27722543	84210	27728331	1039773	27734134	1175355	27722543	0.84214	27728331	1.00779	27734134	1.06201	27722543	99995.2501959294	27728331	1031735.77828714	27734134	1106726.86697865	27739110	85174	27744898	1030392	27750701	1104847	27739110	0.84302	27744898	1.0081	27750701	1.06238	27739110	101034.376408626	27744898	1022112.88562643	27750701	1039973.4558256	27755693	71862	27761481	966341	27767284	1063370	27755693	0.84139	27761481	1.0079	27767284	1.06208	27755693	85408.6689882219	27761481	958766.742732414	27767284	1001214.59777041
233	27842554	83576	27848342	1039508	27854145	1173832	27842554	0.84194	27848342	1.00885	27854145	1.06228	27842554	99265.9809487612	27848342	1030389.0568469	27854145	1105011.86127951	27859121	85670	27864909	1030617	27870712	1104386	27859121	0.84174	27864909	1.00824	27870712	1.06282	27859121	101777.270891249	27864909	1022194.12044751	27870712	1039109.16241697	27875688	72475	27881492	965181	27887295	1064835	27875688	0.84206	27881492	1.00864	27887295	1.06252	27875688	86068.6886920172	27881492	956913.269352792	27887295	1002178.78251704
234	27962565	83999	27968353	1038749	27974156	1175915	27962565	0.84163	27968353	1.00913	27974156	1.06232	27962565	99805.1400259021	27968353	1029351.02514047	27974156	1106931.05655546	27979132	85000	27984920	1029188	27990723	1105725	27979132	0.84169	27984920	1.0082	27990723	1.06121	27979132	100987.299361998	27984920	1020817.29815513	27990723	1041947.39966642	27995699	72283	28001487	963867	28007290	1064354	27995699	0.84126	28001487	1.00798	28007290	1.06202	27995699	85922.307015667	28001487	956236.23484593	28007290	1002197.69872507
235	28082576	83580	28088364	1037562	28094167	1179381	28082576	0.84159	28088364	1.00833	28094167	1.06175	28082576	99312.0165401205	28088364	1028990.50905953	28094167	1110789.73392983	28099143	85155	28104931	1029494	28110734	1107094	28099143	0.84205	28104931	1.00773	28110734	1.06161	28099143	101128.199038062	28104931	1021597.05476665	28110734	1042844.35903957	28115695	72857	28121482	965254	28127270	1065106	28115695	0.84213	28121482	1.00805	28127270	1.06199	28115695	86515.1461175828	28121482	957545.756658896	28127270	1002934.1142572
236	28202587	83746	28208375	1037825	28214162	1182647	28202587	0.84161	28208375	1.00795	28214162	1.06176	28202587	99506.8974940887	28208375	1029639.36703209	28214162	1113855.29686558	28219139	85826	28224942	1030848	28230745	1108894	28219139	0.8416	28224942	1.00908	28230745	1.06107	28219139	101979.562737643	28224942	1021572.12510406	28230745	1045071.48444495	28235721	73031	28241509	967836	28247312	1066697	28235721	0.84206	28241509	1.00881	28247312	1.06234	28235721	86728.9741823623	28241509	959383.828471169	28247312	1004101.32349342
237	28322598	83711	28328370	1037479	28334173	1182765	28322598	0.842	28328370	1.00857	28334173	1.06177	28322598	99419.2399049881	28328370	1028663.35504724	28334173	1113955.94149392	28339165	85863	28344953	1028934	28350756	1108857	28339165	0.84228	28344953	1.00749	28350756	1.06208	28339165	101941.15970936	28344953	1021284.57850698	28350756	1044042.82163302	28355733	72968	28361505	967808	28367308	1069861	28355733	0.84213	28361505	1.0081	28367308	1.06168	28355733	86646.9547457044	28361505	960031.742882651	28367308	1007705.71170221
238	28442609	84598	28448397	1038553	28454200	1183456	28442609	0.84195	28448397	1.00853	28454200	1.06127	28442609	100478.650751232	28448397	1029769.06983431	28454200	1115131.87030633	28459176	85366	28464964	1029476	28470767	1107627	28459176	0.84126	28464964	1.009	28470767	1.06177	28459176	101473.97950693	28464964	1020293.35976214	28470767	1043189.20293472	28475759	72540	28481547	964509	28487350	1067885	28475759	0.84135	28481547	1.00781	28487350	1.06148	28475759	86218.5772865038	28481547	957034.56008573	28487350	1006034.02796096
239	28562620	84436	28568408	1036394	28574211	1185134	28562620	0.84132	28568408	1.00781	28574211	1.06276	28562620	100361.336946703	28568408	1028362.48896121	28574211	1115147.35217735	28579187	85890	28584975	1030236	28590778	1111426	28579187	0.84157	28584975	1.0071	28590778	1.06207	28579187	102059.246408498	28584975	1022972.89246351	28590778	1046471.5131771	28595755	72922	28601527	964081	28607314	1071998	28595755	0.841	28601527	1.00842	28607314	1.06215	28595755	86708.6801426873	28601527	956031.217151584	28607314	1009271.76010921
240	28682631	83715	28688419	1036360	28694222	1186770	28682631	0.84178	28688419	1.00764	28694222	1.06157	28682631	99449.9750528642	28688419	1028502.24286452	28694222	1117938.52501484	28699198	86054	28704986	1030468	28710789	1114585	28699198	0.84189	28704986	1.00756	28710789	1.06153	28699198	102215.253774246	28704986	1022736.11497082	28710789	1049979.74621537	28715766	72587	28721553	965274	28727356	1071026	28715766	0.84101	28721553	1.00758	28727356	1.06104	28715766	86309.3185574488	28721553	958012.267016019	28727356	1009411.52077207
241	28802642	83844	28808445	1039851	28814249	1191542	28802642	0.84098	28808445	1.00819	28814249	1.06178	28802642	99697.9714143024	28808445	1031403.80285462	28814249	1122211.75761457	28819225	85625	28825013	1032208	28830816	1114514	28819225	0.84096	28825013	1.00877	28830816	1.06205	28819225	101818.160197869	28825013	1023234.23575245	28830816	1049398.80419943	28835792	73136	28841580	966837	28847383	1075085	28835792	0.84164	28841580	1.00767	28847383	1.06133	28835792	86897.0105983556	28841580	959477.805233856	28847383	1012960.15376933
242	28922653	83794	28928441	1038414	28934260	1191729	28922653	0.84164	28928441	1.00878	28934260	1.06209	28922653	99560.3821111164	28928441	1029376.07803485	28934260	1122060.27737762	28939236	85455	28945008	1031316	28950811	1113381	28939236	0.8407	28945008	1.00913	28950811	1.06188	28939236	101647.436659926	28945008	1021985.27444432	28950811	1048499.83048932	28955788	72875	28961575	964883	28967363	1074568	28955788	0.84221	28961575	1.00797	28967363	1.06155	28955788	86528.30054262	28961575	957253.688105797	28967363	1012263.20003768
243	29042664	83504	29048452	1038667	29054255	1190926	29042664	0.84111	29048452	1.00813	29054255	1.06115	29042664	99278.3345816837	29048452	1030290.73631377	29054255	1122297.50742119	29059216	85988	29065003	1030066	29070807	1116118	29059216	0.8419	29065003	1.00797	29070807	1.0622	29059216	102135.645563606	29065003	1021921.2873399	29070807	1050760.68536999	29075783	72964	29081571	966143	29087358	1076677	29075783	0.84124	29081571	1.00875	29087358	1.06276	29075783	86733.8690504493	29081571	957762.577447336	29087358	1013095.14848131
244	29162675	83295	29168463	1038621	29174266	1195987	29162675	0.84124	29168463	1.00722	29174266	1.06208	29162675	99014.5499500737	29168463	1031175.9099303	29174266	1126079.95631214	29179258	86112	29185030	1029585	29190833	1116347	29179258	0.84184	29185030	1.00787	29190833	1.06141	29179258	102290.221419747	29185030	1021545.4374076	29190833	1051758.50990663	29195810	72963	29201582	966521	29207385	1076939	29195810	0.84242	29201582	1.00816	29207385	1.0614	29195810	86611.1915671518	29201582	958698.024123155	29207385	1014640.0979838
245	29282686	83912	29288474	1041346	29294277	1198761	29282686	0.84184	29288474	1.00819	29294277	1.0627	29282686	99676.8982229402	29288474	1032886.65826878	29294277	1128033.31137668	29299253	86544	29305041	1035766	29310844	1119830	29299253	0.84149	29305041	1.00984	29310844	1.06147	29299253	102846.141962471	29305041	1025673.37399984	29310844	1054980.35742885	29315836	72603	29321608	968978	29327411	1079408	29315836	0.8421	29321608	1.0077	29327411	1.06189	29315836	86216.6013537585	29321608	961573.881115412	29327411	1016497.00063095
246	29402697	83963	29408500	1040865	29414288	1200200	29402697	0.84244	29408500	1.00833	29414288	1.06248	29402697	99666.4450880775	29408500	1032266.22236768	29414288	1129621.26345908	29419280	85916	29425052	1031683	29430855	1122332	29419280	0.84217	29425052	1.00763	29430855	1.06296	29419280	102017.407411805	29425052	1023870.86529778	29430855	1055855.34733198	29435832	72927	29441619	968829	29447422	1078686	29435832	0.84271	29441619	1.00803	29447422	1.06158	29435832	86538.6669198182	29441619	961111.276450106	29447422	1016113.71728932
247	29522708	83839	29528496	1038802	29534299	1202471	29522708	0.84153	29528496	1.0083	29534299	1.06201	29522708	99626.8701056409	29528496	1030250.9173857	29534299	1132259.5832431	29539275	86043	29545063	1033852	29550866	1120756	29539275	0.84205	29545063	1.00892	29550866	1.06187	29539275	102182.768244166	29545063	1024711.57277088	29550866	1055454.99919953	29555843	73332	29561615	964875	29567418	1079171	29555843	0.84163	29561615	1.00862	29567418	1.06226	29555843	87130.9245155235	29561615	956628.859233408	29567418	1015919.83130307
248	29642719	83342	29648507	1037896	29654310	1201277	29642719	0.84142	29648507	1.00816	29654310	1.06174	29642719	99049.2263079081	29648507	1029495.31820346	29654310	1131422.94723755	29659286	86050	29665074	1027838	29670877	1121003	29659286	0.84138	29665074	1.00747	29670877	1.06183	29659286	102272.457153724	29665074	1020216.97916563	29670877	1055727.37632201	29675854	73602	29681657	966125	29687460	1081047	29675854	0.84132	29681657	1.00822	29687460	1.06065	29675854	87483.9537869063	29681657	958248.199797663	29687460	1019230.66044407
249	29762730	83505	29768518	1038010	29774337	1206288	29762730	0.84224	29768518	1.00861	29774337	1.06162	29762730	99146.3240881459	29768518	1029149.02687858	29774337	1136270.98208399	29779313	86215	29785101	1031257	29790888	1124708	29779313	0.84204	29785101	1.00845	29790888	1.06149	29779313	102388.247589188	29785101	1022615.89568149	29790888	1059555.90726243	29795880	72515	29801668	968351	29807471	1082637	29795880	0.84158	29801668	1.00816	29807471	1.0621	29795880	86165.3081109342	29801668	960513.212188542	29807471	1019336.22069485
250	29882741	83732	29888529	1038124	29894348	1206955	29882741	0.84198	29888529	1.00731	29894348	1.06193	29882741	99446.5426732227	29888529	1030590.38429083	29894348	1136567.38203083	29899324	86069	29905096	1033004	29910899	1124130	29899324	0.84144	29905096	1.00884	29910899	1.06131	29899324	102287.744818407	29905096	1023952.26200389	29910899	1059190.99980213	29915876	72905	29921679	971478	29927498	1085166	29915876	0.84082	29921679	1.00815	29927498	1.06143	29915876	86707.0240955258	29921679	963624.460645737	29927498	1022362.28484215
251	30002752	83557	30008540	1038941	30014343	1208378	30002752	0.8412	30008540	1.00822	30014343	1.06142	30002752	99330.7180218735	30008540	1030470.53222511	30014343	1138454.14633227	30019319	86091	30025107	1031331	30030910	1125040	30019319	0.84167	30025107	1.00857	30030910	1.06205	30019319	102285.931540865	30025107	1022567.59570481	30030910	1059309.82533779	30035902	73030	30041690	968914	30047493	1084464	30035902	0.84169	30041690	1.00793	30047493	1.06186	30035902	86765.9114400789	30041690	961290.962666058	30047493	1021287.17533385
252	30122763	83570	30128551	1038106	30134354	1210186	30122763	0.84143	30128551	1.00821	30134354	1.06263	30122763	99319.0164363049	30128551	1029652.55254362	30134354	1138859.24545703	30139346	86987	30145118	1032604	30150921	1127488	30139346	0.84231	30145118	1.00782	30150921	1.06214	30139346	103271.954506061	30145118	1024591.69296104	30150921	1061524.84606549	30155898	73444	30161670	969230	30167473	1086977	30155898	0.84196	30161670	1.00917	30167473	1.06238	30155898	87229.7971400067	30161670	960422.92180703	30167473	1023152.73254391
253	30242774	84258	30248562	1040086	30254365	1214629	30242774	0.84344	30248562	1.00886	30254365	1.0632	30242774	99898.03661197	30248562	1030951.76734136	30254365	1142427.57712566	30259357	86383	30265145	1030468	30270948	1128137	30259357	0.8415	30265145	1.00771	30270948	1.0619	30259357	102653.594771242	30265145	1022583.87829832	30270948	1062375.92993691	30275924	74017	30281712	967562	30287531	1088730	30275924	0.84218	30281712	1.00796	30287531	1.06271	30275924	87887.3874943599	30281712	959921.028612247	30287531	1024484.57246097
254	30362785	83738	30368573	1039461	30374376	1215981	30362785	0.8413	30368573	1.00733	30374376	1.06226	30362785	99534.0544395578	30368573	1031897.19357112	30374376	1144711.2759588	30379352	86609	30385140	1032892	30390943	1128754	30379352	0.84157	30385140	1.00839	30390943	1.06168	30379352	102913.601958245	30385140	1024298.138617	30390943	1063177.22854344	30395935	73197	30401738	966825	30407542	1091144	30395935	0.84108	30401738	1.00729	30407542	1.06214	30395935	87027.3933514053	30401738	959827.854937506	30407542	1027307.13465268
255	30482796	83895	30488584	1039300	30494403	1217810	30482796	0.84147	30488584	1.0081	30494403	1.06202	30482796	99700.524082855	30488584	1030949.31058427	30494403	1146692.15269016	30499379	86296	30505151	1031299	30510954	1127845	30499379	0.84115	30505151	1.00825	30510954	1.06188	30499379	102592.878796885	30505151	1022860.40168609	30510954	1062120.95528685	30515931	73457	30521703	967617	30527490	1091062	30515931	0.84162	30521703	1.00861	30527490	1.06326	30515931	87280.4828782586	30521703	959356.936774373	30527490	1026147.8848071
256	30602807	83504	30608595	1038646	30614398	1217954	30602807	0.84182	30608595	1.00763	30614398	1.06117	30602807	99194.6021714856	30608595	1030781.13990254	30614398	1147746.35543787	30619390	86286	30625162	1030124	30630965	1131712	30619390	0.84157	30625162	1.00778	30630965	1.06259	30619390	102529.795501266	30625162	1022171.50568576	30630965	1065050.48984086	30635942	73524	30641729	964663	30647517	1090923	30635942	0.84171	30641729	1.00834	30647517	1.06247	30635942	87350.7502584025	30641729	956684.253327251	30647517	1026780.05026024
257	30722818	83396	30728606	1036299	30734409	1223382	30722818	0.84207	30728606	1.00827	30734409	1.06296	30722818	99036.897170069	30728606	1027799.10143116	30734409	1150920.07225107	30739385	86368	30745173	1030218	30750961	1134276	30739385	0.84156	30745173	1.00744	30750961	1.06153	30739385	102628.45192262	30745173	1022609.7832129	30750961	1068529.38682845	30755937	73442	30761725	967165	30767528	1091384	30755937	0.84081	30761725	1.00788	30767528	1.06224	30755937	87346.7251816701	30761725	959603.325792753	30767528	1027436.36089773
258	30842829	84330	30848617	1041433	30854420	1225657	30842829	0.84182	30848617	1.00863	30854420	1.06388	30842829	100175.809555487	30848617	1032522.33227249	30854420	1152063.20261684	30859397	86679	30865184	1032971	30870987	1135637	30859397	0.84247	30865184	1.00891	30870987	1.06271	30859397	102886.749676546	30865184	1023848.50977788	30870987	1068623.61321527	30875964	73849	30881736	970255	30887523	1093869	30875964	0.84302	30881736	1.00922	30887523	1.06282	30875964	87600.5314227421	30881736	961390.975208577	30887523	1029213.78972921
259	30962840	83923	30968628	1040374	30974431	1227130	30962840	0.84216	30968628	1.00941	30974431	1.06179	30962840	99652.0851144676	30968628	1030675.34500352	30974431	1155718.17402688	30979423	85951	30985211	1034312	30991014	1135877	30979423	0.84242	30985211	1.00876	30991014	1.06275	30979423	102028.679281119	30985211	1025330.10825171	30991014	1068809.22135968	30995990	74444	31001762	969052	31007581	1098233	30995990	0.84238	31001762	1.00914	31007581	1.06167	30995990	88373.4181723213	31001762	960275.085716551	31007581	1034439.13833866
260	31082851	84022	31088639	1040815	31094442	1227304	31082851	0.84136	31088639	1.00791	31094442	1.06298	31082851	99864.505087002	31088639	1032646.764096	31094442	1154588.04493029	31099403	86236	31105191	1032896	31111009	1135583	31099403	0.84224	31105191	1.00848	31111009	1.06203	31099403	102388.867781155	31105191	1024210.69332064	31111009	1069256.98897395	31115970	73393	31121758	968794	31127545	1096139	31115970	0.84232	31121758	1.00836	31127545	1.06249	31115970	87131.9688479438	31121758	960762.029433933	31127545	1031669.9451289
261	31202862	83466	31208650	1041402	31214453	1228289	31202862	0.84237	31208650	1.0094	31214453	1.06226	31202862	99084.7252395028	31208650	1031703.9825639	31214453	1156297.89317116	31219445	86263	31225217	1032909	31231020	1138731	31219445	0.84234	31225217	1.00851	31231020	1.06175	31219445	102408.766056462	31225217	1024193.11657792	31231020	1072503.88509536	31235997	73755	31241784	969135	31247572	1097414	31235997	0.84184	31241784	1.00855	31247572	1.0621	31235997	87611.6601729545	31241784	960919.14134153	31247572	1033249.22323698
262	31322873	83728	31328661	1036688	31334464	1229582	31322873	0.84167	31328661	1.00813	31334464	1.06281	31322873	99478.4179072558	31328661	1028327.69583288	31334464	1156916.09977324	31339441	86161	31345228	1030891	31351031	1138538	31339441	0.84148	31345228	1.0078	31351031	1.0623	31339441	102392.213718686	31345228	1022912.28418337	31351031	1071766.92083216	31356008	74146	31361795	966967	31367599	1101756	31356008	0.84069	31361795	1.00785	31367599	1.06255	31356008	88196.6004115667	31361795	959435.4318599	31367599	1036898.02832808
263	31442884	83992	31448672	1042007	31454475	1230704	31442884	0.84187	31448672	1.0084	31454475	1.06184	31442884	99768.372789148	31448672	1033327.05275684	31454475	1159029.60898064	31459452	87259	31465239	1033064	31471042	1139493	31459452	0.84139	31465239	1.008	31471042	1.06225	31459452	103708.149609575	31465239	1024865.07936508	31471042	1072716.40385973	31476019	74115	31481806	968903	31487610	1101667	31476019	0.84199	31481806	1.00812	31487610	1.06144	31476019	88023.6107317189	31481806	961098.877117804	31487610	1037898.5152246
264	31562895	84135	31568683	1040299	31574486	1235288	31562895	0.84234	31568683	1.00846	31574486	1.06275	31562895	99882.4702614147	31568683	1031571.90171152	31574486	1162350.50576335	31579463	86533	31585250	1033002	31591069	1142816	31579463	0.8412	31585250	1.00858	31591069	1.06257	31579463	102868.521160247	31585250	1024214.24180531	31591069	1075520.67157928	31596030	74169	31601817	969212	31607605	1101641	31596030	0.84145	31601817	1.00808	31607605	1.0612	31596030	88144.2747638006	31601817	961443.536227284	31607605	1038108.74481719
265	31682906	83452	31688694	1040865	31694497	1235228	31682906	0.84108	31688694	1.00814	31694497	1.06178	31682906	99220.0504113759	31688694	1032460.76933759	31694497	1163355.87409821	31699489	86853	31705261	1032662	31711064	1142463	31699489	0.84129	31705261	1.00769	31711064	1.06144	31699489	103237.884677103	31705261	1024781.43079717	31711064	1076333.09466385	31716056	74485	31721828	964124	31727632	1103298	31716056	0.841	31721828	1.00747	31727632	1.06199	31716056	88567.1819262782	31721828	956975.393808253	31727632	1038896.78810535
266	31802917	82847	31808705	1036112	31814508	1235769	31802917	0.84166	31808705	1.00758	31814508	1.06166	31802917	98432.8588741297	31808705	1028317.35445324	31814508	1163996.9481755	31819485	86857	31825272	1034236	31831091	1144418	31819485	0.84157	31825272	1.00845	31831091	1.06347	31819485	103208.289268867	31825272	1025569.93405722	31831091	1076116.86272297	31836067	74251	31841839	968250	31847643	1103776	31836067	0.84166	31841839	1.00883	31847643	1.06308	31836067	88219.7086709598	31841839	959775.185115431	31847643	1038281.22060428
267	31922928	83398	31928716	1037857	31934519	1240165	31922928	0.84182	31928716	1.00815	31934519	1.06246	31922928	99068.6845168801	31928716	1029466.84521153	31934519	1167258.06147996	31939496	87254	31945283	1032321	31951086	1142432	31939496	0.84112	31945283	1.00844	31951086	1.06188	31939496	103735.49552977	31945283	1023681.13125223	31951086	1075857.91238181	31956078	74232	31961850	966505	31967654	1106610	31956078	0.84193	31961850	1.00732	31967654	1.06236	31956078	88168.8501419358	31961850	959481.594726601	31967654	1041652.54715916
268	32042939	83365	32048774	1038497	32054577	1242312	32042939	0.84194	32048774	1.00824	32054577	1.06238	32042939	99015.3692662185	32048774	1030009.71990796	32054577	1169366.89320206	32059569	87555	32065357	1035949	32071160	1147274	32059569	0.84125	32065357	1.00825	32071160	1.06177	32059569	104077.265973254	32065357	1027472.35308703	32071160	1080529.68156945	32076136	73791	32081908	968380	32087727	1108981	32076136	0.84134	32081908	1.00837	32087727	1.06205	32076136	87706.5157962298	32081908	960341.937979115	32087727	1044189.06831128
269	32162950	83363	32168738	1039649	32174541	1241288	32162950	0.84226	32168738	1.0079	32174541	1.06259	32162950	98975.3757747014	32168738	1031500.14882429	32174541	1168172.1077744	32179502	86481	32185290	1032927	32191108	1145335	32179502	0.84217	32185290	1.00839	32191108	1.06214	32179502	102688.29333745	32185290	1024332.84741023	32191108	1078327.71574369	32196085	74406	32201872	970719	32207676	1110624	32196085	0.84227	32201872	1.00944	32207676	1.06227	32196085	88339.8435181118	32201872	961641.107941037	32207676	1045519.50069191
270	32282961	83843	32288749	1037289	32294552	1245169	32282961	0.8422	32288749	1.00869	32294552	1.06272	32282961	99552.3628591783	32288749	1028352.61576897	32294552	1171681.1577838	32299529	87307	32305316	1030246	32311135	1148736	32299529	0.84143	32305316	1.00764	32311135	1.06161	32299529	103760.265262708	32305316	1022434.59965861	32311135	1082069.68660808	32316111	73996	32321899	966014	32327702	1108410	32316111	0.84164	32321899	1.00775	32327702	1.06128	32316111	87918.8251508959	32321899	958584.966509551	32327702	1044408.63862506
271	32402972	83457	32408760	1040266	32414563	1247248	32402972	0.84166	32408760	1.00802	32414563	1.06194	32402972	99157.6170900364	32408760	1031989.44465388	32414563	1174499.50091342	32419555	86886	32425343	1032032	32431162	1148569	32419555	0.84121	32425343	1.00844	32431162	1.06162	32419555	103286.931919497	32425343	1023394.54999802	32431162	1081902.1872233	32436138	74092	32441926	967906	32447744	1110494	32436138	0.84192	32441926	1.00773	32447744	1.06215	32436138	88003.6107943748	32441926	960481.478173717	32447744	1045515.22854587
272	32522983	82996	32528771	1042889	32534574	1248002	32522983	0.84171	32528771	1.00802	32534574	1.06154	32522983	98604.0322676456	32528771	1034591.57556398	32534574	1175652.35412702	32539535	87419	32545323	1034865	32551126	1154070	32539535	0.84171	32545323	1.00887	32551126	1.06263	32539535	103858.811229521	32545323	1025766.45157453	32551126	1086050.64792072	32556118	73832	32561890	971123	32567693	1113697	32556118	0.84131	32561890	1.00821	32567693	1.06231	32556118	87758.3768171066	32561890	963215.004810506	32567693	1048372.88550423
273	32642994	83832	32648782	1038671	32654585	1253565	32642994	0.842	32648782	1.00823	32654585	1.06332	32642994	99562.945368171	32648782	1030192.51559664	32654585	1178916.03656472	32659562	86852	32665349	1033536	32671152	1152610	32659562	0.842	32665349	1.00863	32671152	1.06221	32659562	103149.643705463	32665349	1024692.90027066	32671152	1085105.58175879	32676129	74056	32681917	970111	32687720	1114543	32676129	0.84141	32681917	1.00969	32687720	1.06264	32676129	88014.1666963787	32681917	960800.83986174	32687720	1048843.44651058
274	32763005	83437	32768793	1038040	32774596	1251161	32763005	0.84149	32768793	1.00851	32774596	1.06181	32763005	99153.8818048937	32768793	1029280.82021993	32774596	1178328.51451766	32779573	87389	32785360	1032991	32791163	1153093	32779573	0.84106	32785360	1.00833	32791163	1.06129	32779573	103903.407604689	32785360	1024457.27093313	32791163	1086501.33328308	32796140	74258	32801928	968167	32807731	1113846	32796140	0.84224	32801928	1.00907	32807731	1.06266	32796140	88167.2682370821	32801928	959464.655573944	32807731	1048167.80531873
275	32883016	83506	32888788	1038814	32894607	1253597	32883016	0.84223	32888788	1.00772	32894607	1.06121	32883016	99148.6886005011	32888788	1030855.79327591	32894607	1181290.22530885	32899584	87239	32905371	1033761	32911175	1153904	32899584	0.84192	32905371	1.00863	32911175	1.06236	32899584	103619.108703915	32905371	1024915.97513459	32911175	1086170.41304266	32916151	74919	32921939	968910	32927742	1116399	32916151	0.84216	32921939	1.00828	32927742	1.06202	32916151	88960.5300655458	32921939	960953.306621177	32927742	1051203.36716823
276	33003027	83823	33008815	1039710	33014618	1257929	33003027	0.84184	33008815	1.00817	33014618	1.06164	33003027	99571.1774208876	33008815	1031284.40639971	33014618	1184892.24219133	33019610	87431	33025382	1033096	33031186	1157878	33019610	0.8417	33025382	1.00884	33031186	1.06285	33019610	103874.302007841	33025382	1024043.45585028	33031186	1089408.66538082	33036178	74004	33041950	967528	33047753	1118985	33036178	0.84203	33041950	1.00868	33047753	1.06316	33036178	87887.6049546928	33041950	959202.125550224	33047753	1052508.55938899
277	33123038	83559	33128826	1041089	33134629	1259298	33123038	0.84209	33128826	1.00973	33134629	1.06275	33123038	99228.1110095121	33128826	1031056.81716895	33134629	1184942.83697953	33139606	87652	33145393	1036068	33151197	1160192	33139606	0.84268	33145393	1.00931	33151197	1.06303	33139606	104015.759244316	33145393	1026511.18090577	33151197	1091400.99526824	33156173	74789	33161961	968903	33167764	1121919	33156173	0.84189	33161961	1.00902	33167764	1.06256	33156173	88834.645856347	33161961	960241.620582347	33167764	1055864.13943683
278	33243049	82990	33248837	1040912	33254640	1259250	33243049	0.84181	33248837	1.00929	33254640	1.06222	33243049	98585.1914327461	33248837	1031330.9356082	33254640	1185488.8817759	33259617	87366	33265404	1035330	33271208	1159791	33259617	0.84169	33265404	1.00921	33271208	1.06291	33259617	103798.310541886	33265404	1025881.63018599	33271208	1091146.94564921	33276184	74665	33281972	968959	33287775	1120597	33276184	0.84191	33281972	1.00895	33287775	1.06321	33276184	88685.2513926667	33281972	960363.744486843	33287775	1053975.22596665
279	33363060	83675	33368848	1039478	33374667	1258958	33363060	0.84147	33368848	1.00857	33374667	1.06228	33363060	99439.0768536014	33368848	1030645.36918608	33374667	1185147.04221109	33379643	87158	33385415	1034591	33391219	1157395	33379643	0.84187	33385415	1.00847	33391219	1.0619	33379643	103529.048427905	33385415	1025901.61333505	33391219	1089928.43017233	33396195	74825	33401967	969309	33407786	1121818	33396195	0.84183	33401967	1.00846	33407786	1.06301	33396195	88883.7413729613	33401967	961177.438867184	33407786	1055322.15124975
280	33483072	83069	33488859	1039677	33494662	1262705	33483072	0.84157	33488859	1.00827	33494662	1.06241	33483072	98707.1782501753	33488859	1031149.39450742	33494662	1188528.9106842	33499639	87378	33505411	1031895	33511230	1161146	33499639	0.84178	33505411	1.00859	33511230	1.06242	33499639	103801.468317138	33505411	1023106.51503584	33511230	1092925.58498522	33516206	74154	33521994	970621	33527797	1123346	33516206	0.8416	33521994	1.00854	33527797	1.06167	33516206	88110.7414448669	33521994	962402.086183989	33527797	1058093.38118248
281	33603083	83594	33608870	1041501	33614673	1265950	33603083	0.84219	33608870	1.00826	33614673	1.06166	33603083	99257.887175103	33608870	1032968.67871382	33614673	1192425.07017313	33619650	87157	33625437	1035147	33631241	1162069	33619650	0.84125	33625437	1.00874	33631241	1.06181	33619650	103604.160475483	33625437	1026178.20251006	33631241	1094422.73099707	33636217	74487	33642005	970219	33647808	1122812	33636217	0.84203	33642005	1.00861	33647808	1.06306	33636217	88461.2187214232	33642005	961936.724799476	33647808	1056207.55178447
282	33723094	83201	33728881	1039258	33734684	1266666	33723094	0.84159	33728881	1.00863	33734684	1.06202	33723094	98861.6784895258	33728881	1030365.94192122	33734684	1192695.05282386	33739676	86800	33745448	1036444	33751252	1163002	33739676	0.84188	33745448	1.00875	33751252	1.06192	33739676	103102.579940134	33745448	1027453.77942999	33751252	1095187.96142836	33756244	74855	33762016	969489	33767819	1127377	33756244	0.84186	33762016	1.00878	33767819	1.06241	33756244	88916.209345972	33762016	961050.972461786	33767819	1061150.59157952
283	33843105	83669	33848892	1039416	33854695	1271341	33843105	0.84255	33848892	1.00792	33854695	1.06297	33843105	99304.4923149962	33848892	1031248.51178665	33854695	1196027.16915811	33859672	87405	33865459	1033912	33871263	1162787	33859672	0.84199	33865459	1.00861	33871263	1.06237	33859672	103807.64617157	33865459	1025086.00945856	33871263	1094521.68265294	33876239	75112	33882027	969204	33887814	1124982	33876239	0.84243	33882027	1.00884	33887814	1.06227	33876239	89161.1172441627	33882027	960711.312001903	33887814	1059035.83834618
284	33963116	82922	33968903	1036949	33974706	1269418	33963116	0.84113	33968903	1.00794	33974706	1.06224	33963116	98584.0476501849	33968903	1028780.48296526	33974706	1195038.78596174	33979683	87075	33985470	1032162	33991274	1165145	33979683	0.8415	33985470	1.00909	33991274	1.06216	33979683	103475.935828877	33985470	1022864.16474249	33991274	1096958.08541086	33996266	74963	34002038	968685	34007841	1127367	33996266	0.84228	34002038	1.00925	34007841	1.06205	33996266	89000.0949802916	34002038	959806.787218231	34007841	1061500.87095711
285	34083127	83451	34088914	1041720	34094717	1273235	34083127	0.84191	34088914	1.00859	34094717	1.06217	34083127	99121.0461925859	34088914	1032847.83707949	34094717	1198711.12910363	34099709	87455	34105497	1035479	34111300	1164990	34099709	0.84129	34105497	1.00864	34111300	1.06289	34099709	103953.45243614	34105497	1026609.09739848	34111300	1096058.85839551	34116277	75047	34122064	970943	34127883	1132398	34116277	0.84214	34122064	1.00895	34127883	1.06238	34116277	89114.6365212435	34122064	962330.145200456	34127883	1065906.73770214
286	34203138	83457	34208925	1040879	34214728	1274772	34203138	0.84127	34208925	1.00796	34214728	1.06175	34203138	99203.5850559274	34208925	1032659.03408865	34214728	1200632.91735343	34219705	87592	34225492	1034161	34231311	1168878	34219705	0.84111	34225492	1.00796	34231311	1.06282	34219705	104138.578782799	34225492	1025994.08706695	34231311	1099789.23994656	34236288	74785	34242060	971045	34247863	1132238	34236288	0.84131	34242060	1.00813	34247863	1.06201	34236288	88891.1340647324	34242060	963214.069614038	34247863	1066127.43759475
287	34323149	83489	34328936	1038957	34334739	1275730	34323149	0.84118	34328936	1.00807	34334739	1.06257	34323149	99252.2408996885	34328936	1030639.73731983	34334739	1200607.95994617	34339778	87251	34345566	1032480	34351369	1166881	34339778	0.84072	34345566	1.00829	34351369	1.06217	34339778	103781.282710058	34345566	1023991.1136677	34351369	1098582.1478671	34356345	74981	34362117	970246	34367936	1131531	34356345	0.84171	34362117	1.00873	34367936	1.06154	34356345	89081.750246522	34362117	961849.057726052	34367936	1065933.45516891
288	34443160	83118	34448947	1039107	34454750	1274957	34443160	0.84262	34448947	1.00789	34454750	1.06199	34443160	98642.3298758634	34448947	1030972.62598101	34454750	1200535.78658933	34459727	87542	34465514	1032947	34471333	1168741	34459727	0.84171	34465514	1.00741	34471333	1.0615	34459727	104004.942319801	34465514	1025349.16270436	34471333	1101027.79086199	34476294	75193	34482082	968347	34487885	1131709	34476294	0.84121	34482082	1.00787	34487885	1.06148	34476294	89386.7167532483	34482082	960785.617192694	34487885	1066161.39729434
289	34563171	82937	34568958	1037005	34574761	1278513	34563171	0.84217	34568958	1.00706	34574761	1.06188	34563171	98480.1168410179	34568958	1029735.07040296	34574761	1204008.92756244	34579738	87473	34585525	1031955	34591329	1171157	34579738	0.84154	34585525	1.00775	34591329	1.06157	34579738	103943.959883072	34585525	1024018.85388241	34591329	1103231.06342493	34596321	75604	34602093	970453	34607896	1131047	34596321	0.84096	34602093	1.00772	34607896	1.06099	34596321	89902.0167427702	34602093	963018.497201604	34607896	1066029.84005504
290	34683182	83501	34688969	1043218	34694772	1281257	34683182	0.84122	34688969	1.00737	34694772	1.0616	34683182	99261.7864530087	34688969	1035585.73314671	34694772	1206911.26601356	34699749	87573	34705521	1035997	34711340	1173448	34699749	0.84106	34705521	1.00827	34711340	1.06177	34699749	104122.179154876	34705521	1027499.57848592	34711340	1105180.97139682	34716316	75190	34722104	971406	34727907	1135538	34716316	0.84167	34722104	1.00818	34727907	1.06198	34716316	89334.2996661399	34722104	963524.370648099	34727907	1069264.95790881
291	34803193	83266	34808980	1037378	34814783	1282469	34803193	0.84135	34808980	1.00694	34814783	1.06139	34803193	98967.1361502347	34808980	1030228.21617971	34814783	1208291.95677366	34819760	87540	34825547	1032565	34831351	1171742	34819760	0.84111	34825547	1.00696	34831351	1.06173	34819760	104076.755715661	34825547	1025428.02097402	34831351	1103615.79685984	34836343	75061	34842115	969374	34847918	1139901	34836343	0.84123	34842115	1.0083	34847918	1.06247	34836343	89227.67851836	34842115	961394.426262025	34847918	1072878.29303416
292	34923204	83096	34928976	1040190	34934794	1281456	34923204	0.84085	34928976	1.00787	34934794	1.06043	34923204	98823.8092406493	34928976	1032067.62776945	34934794	1208430.54232717	34939771	87702	34945574	1032359	34951377	1173884	34939771	0.84058	34945574	1.00667	34951377	1.0618	34939771	104335.101953413	34945574	1025518.78967288	34951377	1105560.3691844	34956354	75074	34962126	968263	34967929	1138621	34956354	0.84139	34962126	1.00785	34967929	1.06298	34956354	89226.1614708994	34962126	960721.33750062	34967929	1071159.38211443
293	35043215	83567	35049018	1036736	35054821	1286101	35043215	0.84198	35049018	1.00632	35054821	1.06143	35043215	99250.5760231835	35049018	1030224.97813817	35054821	1211668.22117332	35059797	87640	35065585	1032099	35071388	1175259	35059797	0.84201	35065585	1.00794	35071388	1.06182	35059797	104084.274533557	35065585	1023968.68861242	35071388	1106834.49172176	35076365	75523	35082152	970716	35087940	1136340	35076365	0.84129	35082152	1.00767	35087940	1.0612	35076365	89770.4715377575	35082152	963327.279764208	35087940	1070806.63399925
294	35163226	83395	35169013	1037460	35174832	1286205	35163226	0.84143	35169013	1.00699	35174832	1.06178	35163226	99111.037162925	35169013	1030258.493133	35174832	1211366.76147601	35179808	87278	35185612	1034273	35191431	1178194	35179808	0.84074	35185612	1.00861	35191431	1.06231	35179808	103810.928467778	35185612	1025443.9277818	35191431	1109086.80140449	35196391	75269	35202179	969611	35207998	1143115	35196391	0.8417	35202179	1.00797	35207998	1.06229	35196391	89424.9732683854	35202179	961944.303897933	35207998	1076085.62633556
295	35283237	83560	35289040	1040064	35294843	1291702	35283237	0.84113	35289040	1.00785	35294843	1.06209	35283237	99342.5510919834	35289040	1031963.0897455	35294843	1216188.83522112	35299804	87560	35305592	1032023	35311426	1176701	35299804	0.84117	35305592	1.0074	35311426	1.06168	35299804	104093.108408526	35305592	1024442.12825094	35311426	1108338.67078592	35316402	75217	35322174	972122	35327978	1143630	35316402	0.84104	35322174	1.00789	35327978	1.06206	35316402	89433.320650623	35322174	964512.000317495	35327978	1076803.57041975
296	35403248	83305	35409035	1041058	35414839	1290390	35403248	0.84127	35409035	1.00781	35414839	1.06217	35403248	99022.9058447348	35409035	1032990.34540241	35414839	1214862.02773567	35419815	88545	35425587	1032381	35431390	1180013	35419815	0.84135	35425587	1.00711	35431390	1.0621	35419815	105241.57603851	35425587	1025092.5916732	35431390	1111018.73646549	35436382	75416	35442170	969251	35447973	1144140	35436382	0.84191	35442170	1.00812	35447973	1.06271	35436382	89577.2707296504	35442170	961444.074118161	35447973	1076624.85532271
297	35523259	83133	35529046	1041108	35534850	1295569	35523259	0.84338	35529046	1.00932	35534850	1.06281	35523259	98571.2253076905	35529046	1031494.47152538	35534850	1219003.39665603	35539810	88761	35545598	1034279	35551417	1180474	35539810	0.84285	35545598	1.009	35551417	1.06212	35539810	105310.553479267	35545598	1025053.51833499	35551417	1111431.85327458	35556409	75861	35562196	967481	35568000	1146805	35556409	0.8426	35562196	1.00851	35568000	1.06266	35556409	90032.0436743413	35562196	959317.210538319	35568000	1079183.37003369
298	35643270	83989	35649057	1040169	35654876	1293726	35643270	0.84167	35649057	1.00884	35654876	1.06294	35643270	99788.5156890468	35649057	1031054.47841085	35654876	1217120.43953563	35659853	88422	35665625	1034831	35671428	1182003	35659853	0.84233	35665625	1.0086	35671428	1.06283	35659853	104973.110301188	35665625	1026007.33690264	35671428	1112127.99789242	35676404	75056	35682192	971775	35687995	1148757	35676404	0.84208	35682192	1.00872	35687995	1.06311	35676404	89131.6739502185	35682192	963374.37544611	35687995	1080562.68871518
299	35763281	83148	35769084	1040723	35774887	1297806	35763281	0.84207	35769084	1.00785	35774887	1.063	35763281	98742.3848373651	35769084	1032616.95688843	35774887	1220889.93414864	35779864	88371	35785667	1036662	35791470	1185721	35779864	0.8421	35785667	1.00809	35791470	1.06353	35779864	104941.218382615	35785667	1028342.70749635	35791470	1114891.91654208	35796431	75071	35802218	971425	35808022	1150871	35796431	0.84126	35802218	1.00809	35808022	1.0627	35796431	89236.3835199582	35802218	963629.239452827	35808022	1082968.8529218
300	35883292	82861	35889079	1042908	35894883	1299359	35883292	0.84142	35889079	1.00816	35894883	1.06193	35883292	98477.5736255378	35889079	1034466.75130932	35894883	1223582.53368866	35899859	87404	35905631	1035630	35911434	1187109	35899859	0.84177	35905631	1.00846	35911434	1.06355	35899859	103833.58874752	35905631	1026942.07008706	35911434	1116176.01429176	35916411	75539	35922198	969041	35928001	1150231	35916411	0.84171	35922198	1.00797	35928001	1.06352	35916411	89744.6864121847	35922198	961378.810877308	35928001	1081532.08214232
301	36003303	84039	36009090	1043094	36014894	1298688	36003303	0.84225	36009090	1.00846	36014894	1.06231	36003303	99779.1629563669	36009090	1034343.45437598	36014894	1222513.20236089	36019870	88110	36025642	1035227	36031445	1184275	36019870	0.84221	36025642	1.0086	36031445	1.06295	36019870	104617.61318436	36025642	1026399.96034107	36031445	1114139.89369208	36036422	75554	36042209	968301	36047997	1149079	36036422	0.84165	36042209	1.00883	36047997	1.06287	36036422	89768.9063149765	36042209	959825.73872704	36047997	1081109.6371146