HJY Multigroup Import
Application Version:	3.5.1.20
SystemConfiguration::	FL3-11_1602C-0213-FL
Experiment Time Stamp:	9/25/2025 10:26 AM
Export Time Stamp:	9/25/2025 10:12 PM
Experiment Comment:	None

Integration Time:	1
Time Sequence Interval Points:	301
Time Sequence Experiment Duration:	10:00:00	36000000 (ms)
Repetition Time Sequence Enabled:	False
Repetition Time Sequence Count:	2
Repetition Time Sequence Delay:	0 seconds
Time Sequence Interval Total Points:	301
Time Sequence Experiment Duration Total:	10:00:00	36000000 (ms)

Mono Count:	2
Mono Description:	Excitation 1 (Mono1)	Emission 1 (Mono2)
Mono Slit Width:		5	5
Mono Grating Index:		0	0
Mono Grating Value:		1200	1200

Mono Wavelength Group Count:	3
Mono Wavelength Group Description:	Group 1:(Excitation 1:596 Emission 1:615)	Group 2:(Excitation 1:549 Emission 1:565)	Group 3:(Excitation 1:495 Emission 1:520)

Detector Count:	3
Detector Description:	S1 (SCD1)	R (SCD2)	S1/R (SCD1/SCD2)
Detector High Voltage:	950	None	None

Accessory Sequential Type:	Temperature Controller
Accessory Sequential Description:	Temperature Control (TC1)
Accessory Sequential Scan Position Count:	1
Accessory Sequential Scan Positions:		37

Accessory Interleave Type:	Sample Changer
Accessory Interleave Description:	Sample Changer - 4 Position (SCH1)
Accessory Interleave Scan Position Count:	3
Accessory Interleave Scan Positions:	1	2	3

Axis	X	Y	X	Y	X	Y	X	Y	X	Y	X	Y	X	Y	X	Y	X	Y	X	Y	X	Y	X	Y	X	Y	X	Y	X	Y	X	Y	X	Y	X	Y	X	Y	X	Y	X	Y	X	Y	X	Y	X	Y	X	Y	X	Y	X	Y
Sequential: Temperature Controller	Idx:0(Pos:37.00)	Idx:0(Pos:37.00)	Idx:0(Pos:37.00)	Idx:0(Pos:37.00)	Idx:0(Pos:37.00)	Idx:0(Pos:37.00)	Idx:0(Pos:37.00)	Idx:0(Pos:37.00)	Idx:0(Pos:37.00)	Idx:0(Pos:37.00)	Idx:0(Pos:37.00)	Idx:0(Pos:37.00)	Idx:0(Pos:37.00)	Idx:0(Pos:37.00)	Idx:0(Pos:37.00)	Idx:0(Pos:37.00)	Idx:0(Pos:37.00)	Idx:0(Pos:37.00)	Idx:0(Pos:37.00)	Idx:0(Pos:37.00)	Idx:0(Pos:37.00)	Idx:0(Pos:37.00)	Idx:0(Pos:37.00)	Idx:0(Pos:37.00)	Idx:0(Pos:37.00)	Idx:0(Pos:37.00)	Idx:0(Pos:37.00)	Idx:0(Pos:37.00)	Idx:0(Pos:37.00)	Idx:0(Pos:37.00)	Idx:0(Pos:37.00)	Idx:0(Pos:37.00)	Idx:0(Pos:37.00)	Idx:0(Pos:37.00)	Idx:0(Pos:37.00)	Idx:0(Pos:37.00)	Idx:0(Pos:37.00)	Idx:0(Pos:37.00)	Idx:0(Pos:37.00)	Idx:0(Pos:37.00)	Idx:0(Pos:37.00)	Idx:0(Pos:37.00)	Idx:0(Pos:37.00)	Idx:0(Pos:37.00)	Idx:0(Pos:37.00)	Idx:0(Pos:37.00)	Idx:0(Pos:37.00)	Idx:0(Pos:37.00)	Idx:0(Pos:37.00)	Idx:0(Pos:37.00)	Idx:0(Pos:37.00)	Idx:0(Pos:37.00)	Idx:0(Pos:37.00)	Idx:0(Pos:37.00)
Interleave: Sample Changer	Idx:0(Pos:1)	Idx:0(Pos:1)	Idx:0(Pos:1)	Idx:0(Pos:1)	Idx:0(Pos:1)	Idx:0(Pos:1)	Idx:0(Pos:1)	Idx:0(Pos:1)	Idx:0(Pos:1)	Idx:0(Pos:1)	Idx:0(Pos:1)	Idx:0(Pos:1)	Idx:0(Pos:1)	Idx:0(Pos:1)	Idx:0(Pos:1)	Idx:0(Pos:1)	Idx:0(Pos:1)	Idx:0(Pos:1)	Idx:1(Pos:2)	Idx:1(Pos:2)	Idx:1(Pos:2)	Idx:1(Pos:2)	Idx:1(Pos:2)	Idx:1(Pos:2)	Idx:1(Pos:2)	Idx:1(Pos:2)	Idx:1(Pos:2)	Idx:1(Pos:2)	Idx:1(Pos:2)	Idx:1(Pos:2)	Idx:1(Pos:2)	Idx:1(Pos:2)	Idx:1(Pos:2)	Idx:1(Pos:2)	Idx:1(Pos:2)	Idx:1(Pos:2)	Idx:2(Pos:3)	Idx:2(Pos:3)	Idx:2(Pos:3)	Idx:2(Pos:3)	Idx:2(Pos:3)	Idx:2(Pos:3)	Idx:2(Pos:3)	Idx:2(Pos:3)	Idx:2(Pos:3)	Idx:2(Pos:3)	Idx:2(Pos:3)	Idx:2(Pos:3)	Idx:2(Pos:3)	Idx:2(Pos:3)	Idx:2(Pos:3)	Idx:2(Pos:3)	Idx:2(Pos:3)	Idx:2(Pos:3)
Detector	S1 (SCD1)	S1 (SCD1)	S1 (SCD1)	S1 (SCD1)	S1 (SCD1)	S1 (SCD1)	R (SCD2)	R (SCD2)	R (SCD2)	R (SCD2)	R (SCD2)	R (SCD2)	S1/R (SCD1/SCD2)	S1/R (SCD1/SCD2)	S1/R (SCD1/SCD2)	S1/R (SCD1/SCD2)	S1/R (SCD1/SCD2)	S1/R (SCD1/SCD2)	S1 (SCD1)	S1 (SCD1)	S1 (SCD1)	S1 (SCD1)	S1 (SCD1)	S1 (SCD1)	R (SCD2)	R (SCD2)	R (SCD2)	R (SCD2)	R (SCD2)	R (SCD2)	S1/R (SCD1/SCD2)	S1/R (SCD1/SCD2)	S1/R (SCD1/SCD2)	S1/R (SCD1/SCD2)	S1/R (SCD1/SCD2)	S1/R (SCD1/SCD2)	S1 (SCD1)	S1 (SCD1)	S1 (SCD1)	S1 (SCD1)	S1 (SCD1)	S1 (SCD1)	R (SCD2)	R (SCD2)	R (SCD2)	R (SCD2)	R (SCD2)	R (SCD2)	S1/R (SCD1/SCD2)	S1/R (SCD1/SCD2)	S1/R (SCD1/SCD2)	S1/R (SCD1/SCD2)	S1/R (SCD1/SCD2)	S1/R (SCD1/SCD2)
WL Group	1	1	2	2	3	3	1	1	2	2	3	3	1	1	2	2	3	3	1	1	2	2	3	3	1	1	2	2	3	3	1	1	2	2	3	3	1	1	2	2	3	3	1	1	2	2	3	3	1	1	2	2	3	3
Units	(ms)	CPS	(ms)	CPS	(ms)	CPS	(ms)	MicroAmps	(ms)	MicroAmps	(ms)	MicroAmps	(ms)	CPS	(ms)	CPS	(ms)	CPS	(ms)	CPS	(ms)	CPS	(ms)	CPS	(ms)	MicroAmps	(ms)	MicroAmps	(ms)	MicroAmps	(ms)	CPS	(ms)	CPS	(ms)	CPS	(ms)	CPS	(ms)	CPS	(ms)	CPS	(ms)	MicroAmps	(ms)	MicroAmps	(ms)	MicroAmps	(ms)	CPS	(ms)	CPS	(ms)	CPS
1	0	121510	5803	1538057	11606	3898838	0	0.84272	5803	1.00913	11606	1.06329	0	144187.867856465	5803	1524141.58730788	11606	3666768.23820407	16582	117636	22370	1499280	28173	3811074	16582	0.8428	22370	1.009	28173	1.06361	16582	139577.598481253	22370	1485906.83845391	28173	3583149.83875669	33150	110033	38937	1462242	44725	3725114	33150	0.8429	38937	1.00956	44725	1.06357	33150	130540.989441215	38937	1448395.3405444	44725	3502462.46133306
2	120011	121093	125798	1295039	131601	3768213	120011	0.84266	125798	1.00899	131601	1.06332	120011	143703.272968932	125798	1283500.33201518	131601	3543818.4177858	136578	117694	142365	1262380	148169	3683190	136578	0.84279	142365	1.00892	148169	1.06375	136578	139648.073660105	142365	1251219.12540142	148169	3462458.28437133	153145	110695	158948	1257732	164751	3613188	153145	0.84267	158948	1.00928	164751	1.06355	153145	131362.217712746	158948	1246167.56499683	164751	3397290.20732453
3	240022	121304	245809	1252752	251628	3737483	240022	0.8424	245809	1.00919	251628	1.06283	240022	143998.100664767	245809	1241344.04819707	251628	3516538.86322366	256589	116776	262376	1222428	268180	3651600	256589	0.84301	262376	1.00885	268180	1.06361	256589	138522.674701368	262376	1211704.41591912	268180	3433213.30186817	273156	110907	278944	1220612	284747	3592177	273156	0.842	278944	1.00894	284747	1.06369	273156	131718.527315914	278944	1209796.42000515	284747	3377090.12964304
4	360033	120647	365820	1243023	371623	3725027	360033	0.84202	365820	1.00865	371623	1.06306	360033	143282.819885513	365820	1232363.05953502	371623	3504060.91848061	376600	117227	382372	1215488	388175	3639236	376600	0.84233	382372	1.00903	388175	1.06311	376600	139169.921527192	382372	1204610.36837359	388175	3423197.97575039	393167	111072	398939	1214595	404742	3574769	393167	0.84261	398939	1.01015	404742	1.0627	393167	131818.990992274	398939	1202390.7340494	404742	3363855.27430131
5	480044	121317	485831	1239301	491650	3710095	480044	0.84205	485831	1.00961	491650	1.06335	480044	144073.392316371	485831	1227504.68002496	491650	3489062.86735318	496626	118200	502398	1211478	508202	3633704	496626	0.84299	502398	1.00999	508202	1.06305	496626	140215.186419768	502398	1199495.04450539	508202	3418187.29128451	513178	111816	518966	1209520	524769	3580825	513178	0.84241	518966	1.00956	524769	1.0643	513178	132733.467076602	518966	1198066.48440905	524769	3364488.39612891
6	600055	121543	605842	1239146	611645	3711175	600055	0.84401	605842	1.00971	611645	1.06372	600055	144006.587599673	605842	1227229.60057838	611645	3488864.55082164	616622	118524	622394	1210471	628197	3632188	616622	0.84245	622394	1.0088	628197	1.06367	616622	140689.655172414	622394	1199911.77636796	628197	3414769.61839668	633173	111499	638961	1208740	644764	3575240	633173	0.84321	638961	1.00914	644764	1.06429	633173	132231.591181319	638961	1197792.17947956	644764	3359272.37876894
7	720066	121214	725869	1237284	731672	3709275	720066	0.84238	725869	1.00952	731672	1.0643	720066	143894.679360859	725869	1225616.13440051	731672	3485178.05130132	736648	118016	742436	1207719	748239	3625928	736648	0.84275	742436	1.00944	748239	1.06429	736648	140036.784336992	742436	1196424.75035663	748239	3406898.49571076	753216	111787	758988	1206327	764791	3568281	753216	0.84273	758988	1.00879	764791	1.0635	753216	132648.653779977	758988	1195815.77929995	764791	3355224.25952045
8	840077	121528	845864	1232909	851667	3692212	840077	0.84292	845864	1.00988	851667	1.06322	840077	144175.01067717	845864	1220847.03133046	851667	3472669.81433758	856644	119037	862431	1209326	868250	3617514	856644	0.84259	862431	1.00922	868250	1.06331	856644	141275.116011346	862431	1198277.87796516	868250	3402125.43848925	873227	112144	878999	1205309	884802	3555035	873227	0.84325	878999	1.00928	884802	1.06356	873227	132990.216424548	878999	1194226.57736208	884802	3342580.57843469
9	960088	120695	965875	1232439	971694	3685107	960088	0.84222	965875	1.00843	971694	1.06391	960088	143305.787086509	965875	1222136.39023036	971694	3463739.41404818	976670	117851	982458	1206404	988277	3613528	976670	0.84284	982458	1.00959	988277	1.06332	976670	139826.064258934	982458	1194944.48241365	988277	3398344.80683143	993238	111583	999025	1204024	1004828	3552797	993238	0.84219	999025	1.00903	1004828	1.06309	993238	132491.48054477	999025	1193248.96187428	1004828	3341953.17423736
10	1080099	120992	1085886	1236106	1091689	3684545	1080099	0.84302	1085886	1.01035	1091689	1.06354	1080099	143522.099119831	1085886	1223443.36121146	1091689	3464416.00692029	1096666	118558	1102438	1207889	1109567	3609264	1096666	0.84302	1102438	1.00988	1109567	1.06263	1096666	140634.860382909	1102438	1196071.81051214	1109567	3396538.77643206	1115869	112314	1122172	1205019	1127975	3546785	1115869	0.84193	1122172	1.00984	1127975	1.06354	1115869	133400.639007994	1122172	1193277.15281629	1127975	3334886.3230344
11	1200110	108730	1205897	743009	1211716	3417470	1200110	0.84208	1205897	1.00985	1211716	1.06361	1200110	129120.748622459	1205897	735761.746794078	1211716	3213085.62348981	1216692	107441	1222480	748022	1228283	3344610	1216692	0.84298	1222480	1.00999	1228283	1.06415	1216692	127453.794870578	1222480	740623.174486876	1228283	3142987.3608044	1233260	102226	1239032	784664	1244835	3346095	1233260	0.8432	1239032	1.00977	1244835	1.06418	1233260	121235.768500949	1239032	777072.006496529	1244835	3144294.1983499
12	1320121	108107	1325908	385010	1331711	3412387	1320121	0.84264	1325908	1.01065	1331711	1.06458	1320121	128295.594797304	1325908	380952.85212487	1331711	3205383.34366605	1336672	105806	1342460	389032	1348247	3332419	1336672	0.84285	1342460	1.01006	1348247	1.06391	1336672	125533.606217002	1342460	385157.317387086	1348247	3132237.68927823	1353224	100632	1359011	398233	1364815	3324456	1353224	0.84262	1359011	1.00932	1364815	1.06367	1353224	119427.499940661	1359011	394555.740498554	1364815	3125458.08380419
13	1440132	106502	1445935	216083	1451738	3405484	1440132	0.84242	1445935	1.01028	1451738	1.06489	1440132	126423.874077064	1445935	213884.269707408	1451738	3197967.86522552	1456699	105338	1462486	219899	1468290	3329043	1456699	0.84333	1462486	1.00957	1468290	1.06402	1456699	124907.213071988	1462486	217814.515090583	1468290	3128741.001109	1473266	100642	1479038	225425	1484841	3321205	1473266	0.84332	1479038	1.00955	1484841	1.06418	1473266	119340.226722952	1479038	223292.556089347	1484841	3120905.29797591
14	1560143	106791	1565930	129777	1571733	3398786	1560143	0.84326	1565930	1.01061	1571733	1.06384	1560143	126640.656499775	1565930	128414.521922403	1571733	3194828.16964957	1576710	105452	1582482	133866	1588269	3325844	1576710	0.8427	1582482	1.00945	1588269	1.06483	1576710	125135.872789842	1582482	132612.808955372	1588269	3123356.77995549	1593246	100025	1599034	137620	1604837	3316195	1593246	0.84309	1599034	1.00939	1604837	1.06338	1593246	118640.951737062	1599034	136339.769563796	1604837	3118541.81948128
15	1680154	106190	1685941	84658	1691744	3397583	1680154	0.84266	1685941	1.00913	1691744	1.06422	1680154	126017.61089882	1685941	83892.0654425099	1691744	3192556.99009603	1696721	105353	1702508	87259	1708312	3325004	1696721	0.84344	1702508	1.01024	1708312	1.06446	1696721	124908.707199089	1702508	86374.5248653785	1708312	3123653.30778047	1713288	100071	1719076	91418	1724863	3315118	1713288	0.84336	1719076	1.01027	1724863	1.06335	1713288	118657.512805919	1719076	90488.6812436279	1724863	3117616.96525133
16	1800165	106373	1805952	59845	1811755	3392824	1800165	0.84321	1805952	1.01037	1811755	1.06377	1800165	126152.441266114	1805952	59230.7768441264	1811755	3189433.80617991	1816732	104695	1822520	61131	1828323	3312691	1816732	0.84297	1822520	1.009	1828323	1.06421	1816732	124197.776907838	1822520	60585.728444004	1828323	3112817.01919734	1833299	99920	1839087	64739	1844874	3313876	1833299	0.84264	1839087	1.00945	1844874	1.06417	1833299	118579.7018893	1839087	64132.9436822032	1844874	3114047.56758789
17	1920176	106286	1925963	46387	1931766	3385399	1920176	0.84313	1925963	1.0094	1931766	1.06386	1920176	126061.224247744	1925963	45955.0227858134	1931766	3182184.68595492	1936743	104978	1942531	47381	1948334	3312847	1936743	0.84343	1942531	1.00884	1948334	1.06381	1936743	124465.575092183	1942531	46965.82213235	1948334	3114134.10289431	1953310	99738	1959082	50030	1964885	3305322	1953310	0.84286	1959082	1.00957	1964885	1.06357	1953310	118332.819210782	1959082	49555.7514585418	1964885	3107761.59538159
18	2040187	106021	2045959	38268	2051762	3379802	2040187	0.84271	2045959	1.00857	2051762	1.06416	2040187	125809.590487831	2045959	37942.8299473512	2051762	3176028.04089611	2056738	104601	2062526	39001	2068329	3305434	2056738	0.84246	2062526	1.00936	2068329	1.06363	2056738	124161.384516772	2062526	38639.3358167552	2068329	3107691.58447957	2073306	99367	2079078	41184	2084896	3304089	2073306	0.84277	2079078	1.00907	2084896	1.06376	2073306	117905.241050346	2079078	40813.8186647111	2084896	3106047.41671054
19	2160198	106396	2165985	33499	2171789	3382179	2160198	0.84254	2165985	1.00857	2171789	1.06324	2160198	126280.057920099	2165985	33214.3529948343	2171789	3181011.8129491	2176765	104531	2182553	33653	2188356	3306044	2176765	0.84328	2182553	1.00897	2188356	1.06371	2176765	123957.641589982	2182553	33353.8162680754	2188356	3108031.32432712	2193332	99817	2199120	35937	2204923	3303657	2193332	0.84339	2199120	1.00916	2204923	1.06439	2193332	118352.126536952	2199120	35610.8050259622	2204923	3103803.11727844
20	2280209	106230	2285996	30494	2291800	3376601	2280209	0.84249	2285996	1.0092	2291800	1.06381	2280209	126090.517394865	2285996	30216.0126833135	2291800	3174063.97758998	2296760	105022	2302548	30386	2308367	3301708	2296760	0.84301	2302548	1.00903	2308367	1.06407	2296760	124579.779599293	2302548	30114.0699483663	2308367	3102904.88407718	2313343	99814	2319131	32367	2324918	3296978	2313343	0.84328	2319131	1.00953	2324918	1.06326	2313343	118364.007209942	2319131	32061.4543401385	2324918	3100820.11925587
21	2400220	106467	2406007	28339	2411811	3373622	2400220	0.84333	2406007	1.00938	2411811	1.06422	2400220	126245.953541318	2406007	28075.650399255	2411811	3170041.90862792	2416771	104729	2422575	28160	2428378	3296797	2416771	0.84259	2422575	1.00938	2428378	1.06315	2416771	124294.140685268	2422575	27898.3138164022	2428378	3100970.70027748	2433339	99373	2439126	29559	2444929	3292587	2433339	0.84299	2439126	1.00918	2444929	1.06355	2433339	117881.588156443	2439126	29290.116728433	2444929	3095845.98749471
22	2520231	105616	2526018	26935	2531822	3368657	2520231	0.84242	2526018	1.00974	2531822	1.0636	2520231	125372.142161867	2526018	26675.1837106582	2531822	3167221.69988718	2536798	104544	2542586	26438	2548389	3293008	2536798	0.84275	2542586	1.00844	2548389	1.06368	2536798	124051.023435182	2542586	26216.7307921146	2548389	3095863.41756919	2553365	99431	2559153	27922	2564940	3293248	2553365	0.84277	2559153	1.00879	2564940	1.06351	2553365	117981.181105165	2559153	27678.7041901684	2564940	3096583.95313631
23	2640242	106053	2646029	25555	2651833	3369038	2640242	0.8426	2646029	1.00823	2651833	1.06252	2640242	125863.992404462	2646029	25346.399135118	2651833	3170799.60847796	2656809	105121	2662597	25115	2668400	3292080	2656809	0.84221	2662597	1.00817	2668400	1.06362	2656809	124815.663551846	2662597	24911.4732634377	2668400	3095165.56664974	2673376	99215	2679164	26703	2684967	3286387	2673376	0.84249	2679164	1.00876	2684967	1.06333	2673376	117764.009068357	2679164	26471.1130496848	2684967	3090655.77008078
24	2760253	106019	2766040	24549	2771844	3365267	2760253	0.84227	2766040	1.00891	2771844	1.06229	2760253	125872.938606385	2766040	24332.2000971345	2771844	3167936.2509296	2776804	105283	2782592	24511	2788395	3282739	2776804	0.84249	2782592	1.00908	2788395	1.06254	2776804	124966.468444729	2782592	24290.4427795616	2788395	3089520.39452632	2793372	99894	2799159	25632	2804947	3287814	2793372	0.84285	2799159	1.00919	2804947	1.06328	2793372	118519.309485674	2799159	25398.5869856023	2804947	3092143.17959521
25	2880264	106447	2886051	23905	2891855	3361788	2880264	0.84281	2886051	1.0092	2891855	1.06298	2880264	126300.115091183	2886051	23687.0788743559	2891855	3162607.01047997	2896831	105056	2902619	23638	2908406	3284975	2896831	0.84306	2902619	1.00901	2908406	1.06406	2896831	124612.720328328	2902619	23426.9234199859	2908406	3087208.42809616	2913398	99795	2919170	24908	2924973	3282639	2913398	0.84246	2919170	1.00814	2924973	1.06396	2913398	118456.662630867	2919170	24706.8859483802	2924973	3085303.01891049
26	3000275	100650	3006078	22977	3011881	3241909	3000275	0.84292	3006078	1.00979	3011881	1.0638	3000275	119406.349356997	3006078	22754.2360292734	3011881	3047479.7894341	3016858	99321	3022645	23098	3028448	3169342	3016858	0.84231	3022645	1.0081	3028448	1.06346	3016858	117915.019410906	3022645	22912.4094831862	3028448	2980217.40356948	3033425	94821	3039212	24146	3045016	3167032	3033425	0.84346	3039212	1.00843	3045016	1.06321	3033425	112419.083299742	3039212	23944.1508086828	3045016	2978745.49712663
27	3120286	100560	3126073	22263	3131877	3231323	3120286	0.84259	3126073	1.00877	3131877	1.0634	3120286	119346.301285323	3126073	22069.4509154713	3131877	3038671.24318225	3136853	99839	3142641	22017	3148444	3160699	3136853	0.84243	3142641	1.00907	3148444	1.06291	3136853	118513.110881616	3142641	21819.1007561418	3148444	2973628.05881966	3153420	95401	3159208	22849	3164995	3159413	3153420	0.84199	3159208	1.00897	3164995	1.06266	3153420	113304.196011829	3159208	22645.866576806	3164995	2973117.45995897
28	3240297	101001	3246084	21422	3251888	3231233	3240297	0.8431	3246084	1.0104	3251888	1.0641	3240297	119797.177084569	3246084	21201.504354711	3251888	3036587.72671741	3256848	99925	3262636	21239	3268439	3149270	3256848	0.84254	3262636	1.01027	3268439	1.06268	3256848	118599.710399506	3262636	21023.0928365684	3268439	2963516.76892385	3273416	95386	3279203	22292	3284991	3164136	3273416	0.84284	3279203	1.00899	3284991	1.06517	3273416	113172.132314556	3279203	22093.3805092221	3284991	2970545.54672024
29	3360308	100595	3366095	20907	3371914	3227251	3360308	0.84208	3366095	1.01016	3371914	1.06383	3360308	119460.146304389	3366095	20696.7213114754	3371914	3033615.33327693	3376875	99828	3382663	20763	3388450	3146374	3376875	0.84311	3382663	1.00897	3388450	1.06277	3376875	118404.478656403	3382663	20578.4116475217	3388450	2960540.85079556	3393427	95525	3399214	21649	3405002	3157749	3393427	0.84242	3399214	1.00813	3405002	1.06373	3393427	113393.556658199	3399214	21474.4130221301	3405002	2968562.51116355
30	3480319	100745	3486106	20862	3491910	3219677	3480319	0.84208	3486106	1.00888	3491910	1.06286	3480319	119638.276648299	3486106	20678.3760209341	3491910	3029257.85145739	3496886	100107	3502674	20318	3508477	3140238	3496886	0.84159	3502674	1.00885	3508477	1.06257	3496886	118949.84493637	3502674	20139.7630965951	3508477	2955323.41398684	3513453	94239	3519241	21203	3525028	3145659	3513453	0.84214	3519241	1.00883	3525028	1.06301	3513453	111904.196451896	3519241	21017.4162148231	3525028	2959199.81938082
31	3600330	97116	3606117	21191	3611936	3107949	3600330	0.8464	3606117	1.01291	3611936	1.06611	3600330	114740.075614367	3606117	20920.9110384931	3611936	2915223.56980049	3616897	96147	3622685	21029	3628488	3037088	3616897	0.84599	3622685	1.01325	3628488	1.06787	3616897	113650.279554132	3622685	20754.009375771	3628488	2844061.54307172	3633464	95091	3639252	22093	3645040	3031874	3633464	0.8468	3639252	1.01283	3645040	1.06714	3633464	112294.520547945	3639252	21813.1374465606	3645040	2841121.12749967
32	3720341	96915	3726128	22829	3731932	3085579	3720341	0.84669	3726128	1.01257	3731932	1.06673	3720341	114463.380930447	3726128	22545.6017855556	3731932	2892558.56683509	3736908	95359	3742758	22691	3748546	3010463	3736908	0.84658	3742758	1.00836	3748546	1.06234	3736908	112640.270263885	3742758	22502.8759569995	3748546	2833803.67867161	3753506	88347	3759294	23448	3765097	3010216	3753506	0.8423	3759294	1.00808	3765097	1.06287	3753506	104887.807194586	3759294	23260.058725498	3765097	2832158.21313989
33	3840352	93583	3846139	25539	3851943	3005982	3840352	0.8428	3846139	1.00787	3851943	1.06264	3840352	111038.205980066	3846139	25339.5775248792	3851943	2828786.7951517	3856919	91442	3862707	25483	3868510	2939005	3856919	0.84254	3862707	1.00888	3868510	1.06376	3856919	108531.345692786	3862707	25258.7027198478	3868510	2762845.94269384	3873486	81748	3879258	26754	3885062	2942355	3873486	0.84268	3879258	1.00861	3885062	1.06326	3873486	97009.5409882755	3879258	26525.6144595037	3885062	2767295.86366458
34	3960363	91286	3966150	28906	3971954	2859778	3960363	0.84217	3966150	1.00891	3971954	1.06263	3960363	108393.792227223	3966150	28650.7220663885	3971954	2691226.48523004	3976930	86918	3982718	29118	3988505	2797874	3976930	0.84212	3982718	1.00897	3988505	1.06327	3976930	103213.318766922	3982718	28859.1335718604	3988505	2631386.19541603	3993482	66884	3999269	30519	4005073	2812957	3993482	0.84193	3999269	1.00996	4005073	1.06378	3993482	79441.2837171736	3999269	30218.0284367698	4005073	2644303.333396
35	4080374	87672	4086146	33236	4091965	2665006	4080374	0.8425	4086146	1.00854	4091965	1.06431	4080374	104061.721068249	4086146	32954.5679893708	4091965	2503975.34552903	4096957	78336	4102729	33940	4108516	2618324	4096957	0.8426	4102729	1.00873	4108516	1.06403	4096957	92969.3804889627	4102729	33646.2680796645	4108516	2460761.44469611	4113493	52776	4119280	35979	4125068	2635347	4113493	0.84235	4119280	1.00891	4125068	1.06394	4113493	62653.2913871906	4119280	35661.2581895313	4125068	2476969.56595297
36	4200385	82268	4206172	39317	4211976	2433015	4200385	0.84224	4206172	1.00912	4211976	1.06341	4200385	97677.6215805471	4206172	38961.6695734898	4211976	2287936.9199086	4216952	68160	4222740	39890	4228543	2402063	4216952	0.84241	4222740	1.00876	4228543	1.06374	4216952	80910.7204330433	4222740	39543.5980808121	4228543	2258129.80615564	4233519	43118	4239307	42780	4245126	2435646	4233519	0.8423	4239307	1.00923	4245126	1.0638	4233519	51190.7871304761	4239307	42388.751820695	4245126	2289571.34799774
37	4320396	75670	4326183	47573	4331987	2204675	4320396	0.84262	4326183	1.00791	4331987	1.06322	4320396	89803.2327739669	4326183	47199.6507624689	4331987	2073583.07782021	4336963	59718	4342751	47915	4348554	2188700	4336963	0.84219	4342751	1.0091	4348554	1.06293	4336963	70907.989883518	4342751	47482.9055594094	4348554	2059119.60336052	4353530	37012	4359318	51510	4365121	2226560	4353530	0.84167	4359318	1.00794	4365121	1.06228	4353530	43974.4793089928	4359318	51104.2323947854	4365121	2096019.88176375
38	4440407	69527	4446195	57240	4451998	1993178	4440407	0.84228	4446195	1.00876	4451998	1.06313	4440407	82546.1841667854	4446195	56742.9319164122	4451998	1874820.57697553	4456974	52880	4462762	58280	4468549	1992575	4456974	0.84256	4462762	1.00919	4468549	1.06395	4456974	62761.1090011394	4462762	57749.2840793111	4468549	1872808.8725974	4473526	33187	4479298	62080	4485101	2044974	4473526	0.84218	4479298	1.00916	4485101	1.06368	4473526	39406.0652117125	4479298	61516.5087795791	4485101	1922546.25451264
39	4560418	63888	4566206	69091	4572009	1812465	4560418	0.842	4566206	1.0093	4572009	1.06272	4560418	75876.4845605701	4566206	68454.3743188348	4572009	1705496.27371274	4576985	47526	4582773	69451	4588560	1828105	4576985	0.84237	4582773	1.00976	4588560	1.06356	4576985	56419.3881548488	4582773	68779.7100301062	4588560	1718854.60152695	4593552	29864	4599340	74384	4605143	1886212	4593552	0.84246	4599340	1.0089	4605143	1.06288	4593552	35448.5672910287	4599340	73727.8223808108	4605143	1774623.66400723
40	4680429	58897	4686217	83555	4692020	1670640	4680429	0.84222	4686217	1.00824	4692020	1.0624	4680429	69930.6594476503	4686217	82872.1336189796	4692020	1572515.06024096	4696996	43897	4702768	81905	4708571	1699740	4696996	0.8427	4702768	1.00936	4708571	1.06375	4696996	52090.8983030735	4702768	81145.4783228977	4708571	1597875.44065805	4713548	28155	4719320	87320	4725123	1766049	4713548	0.84174	4719320	1.00821	4725123	1.06204	4713548	33448.5708175921	4719320	86608.9405976929	4725123	1662883.69552936
41	4800440	57982	4806228	924824	4812031	1566228	4800440	0.84176	4806228	1.00779	4812031	1.06289	4800440	68881.8665652918	4806228	917675.30934024	4812031	1473556.05942289	4817023	43249	4822795	896622	4828598	1605988	4817023	0.84235	4822795	1.0079	4828598	1.06243	4817023	51343.2658633585	4822795	889594.205774382	4828598	1511617.70657832	4833574	29351	4839362	907894	4845165	1678564	4833574	0.84267	4839362	1.00756	4845165	1.06218	4833574	34830.9539914795	4839362	901081.821429989	4845165	1580300.89062118
42	4920451	54814	4926239	929683	4932042	1491214	4920451	0.84122	4926239	1.00823	4932042	1.06139	4920451	65160.1245809657	4926239	922094.16502187	4932042	1404963.30283873	4937018	41351	4942806	905469	4948609	1549148	4937018	0.84122	4942806	1.00806	4948609	1.06305	4937018	49155.9877321034	4942806	898229.272067139	4948609	1457267.29692865	4953585	28042	4959373	919243	4965192	1626217	4953585	0.84159	4959373	1.00777	4965192	1.0631	4953585	33320.2628358227	4959373	912155.551365887	4965192	1529693.34963785
43	5040462	52537	5046250	929837	5052053	1451654	5040462	0.84166	5046250	1.00783	5052053	1.06215	5040462	62420.6924411283	5046250	922612.940674518	5052053	1366712.79951043	5057045	39145	5062832	907553	5068620	1515296	5057045	0.84121	5062832	1.00937	5068620	1.06364	5057045	46534.1591279229	5062832	899128.169055946	5068620	1424632.39441916	5073612	27369	5079400	921991	5085203	1599267	5073612	0.8418	5079400	1.0082	5085203	1.06293	5073612	32512.4732715609	5079400	914492.164253124	5085203	1504583.55677232
44	5160473	50521	5166261	931221	5172079	1428888	5160473	0.84178	5166261	1.00828	5172079	1.06263	5160473	60016.8690156573	5166261	923573.808862617	5172079	1344671.24022473	5177056	37746	5182828	909084	5188631	1502085	5177056	0.84218	5182828	1.00793	5188631	1.06357	5177056	44819.3972784915	5182828	901931.681763615	5188631	1412304.78482846	5193607	26737	5199379	923333	5205198	1594098	5193607	0.84259	5199379	1.00846	5205198	1.06293	5193607	31731.9218125067	5199379	915587.132856038	5205198	1499720.58366967
45	5280484	49199	5286272	932684	5292075	1422827	5280484	0.84133	5286272	1.00865	5292075	1.06348	5280484	58477.6484851366	5286272	924685.47067863	5292075	1337897.28062587	5297051	37121	5302823	911033	5308626	1513770	5297051	0.84156	5302823	1.00855	5308626	1.06336	5297051	44109.748562194	5302823	903309.702047494	5308626	1423572.44959374	5313618	26731	5319406	925140	5325209	1614658	5313618	0.84234	5319406	1.0086	5325209	1.06217	5313618	31734.2165871263	5319406	917251.635930993	5325209	1520150.25843321
46	5400495	48412	5406283	935095	5412086	1428957	5400495	0.842	5406283	1.00786	5412086	1.06342	5400495	57496.4370546318	5406283	927802.472565634	5412086	1343737.18756465	5417078	36197	5422850	913840	5428653	1538634	5417078	0.84264	5422850	1.00867	5428653	1.06284	5417078	42956.6600208867	5422850	905985.109104068	5428653	1447662.86553009	5433629	26217	5439417	926037	5445220	1653712	5433629	0.84237	5439417	1.00852	5445220	1.06386	5433629	31122.9032372948	5439417	918213.818268354	5445220	1554445.1337582
47	5520506	47485	5526309	936550	5532112	1444692	5520506	0.84292	5526309	1.00833	5532112	1.06342	5520506	56333.9344184502	5526309	928812.98781153	5532112	1358533.78721484	5537073	35179	5542861	916253	5548664	1576055	5537073	0.84267	5542861	1.00908	5548664	1.06276	5537073	41747.0658739483	5542861	908008.28477425	5548664	1482982.98769242	5553640	25949	5559428	929202	5565231	1705649	5553640	0.84205	5559428	1.00895	5565231	1.0627	5553640	30816.4598301764	5559428	920959.4132514	5565231	1605014.58548979
48	5640517	47181	5646305	938014	5652108	1471228	5640517	0.84317	5646305	1.0103	5652108	1.0639	5640517	55956.6872635412	5646305	928450.955161833	5652108	1382863.05103863	5657084	34907	5662872	915206	5668659	1623801	5657084	0.84254	5662872	1.00912	5668659	1.06347	5657084	41430.6739145916	5662872	906934.755034089	5668659	1526889.33397275	5673636	25895	5679408	926460	5685211	1771215	5673636	0.8429	5679408	1.00953	5685211	1.0648	5673636	30721.3192549531	5679408	917714.183828118	5685211	1663425.05634861
49	5760528	46024	5766316	938336	5772103	1503198	5760528	0.84202	5766316	1.00876	5772103	1.06258	5760528	54659.0342272155	5766316	930187.557000674	5772103	1414668.07205105	5777080	34544	5782867	914771	5788670	1685418	5777080	0.84256	5782867	1.00858	5788670	1.06298	5777080	40998.8606152678	5782867	906989.034087529	5788670	1585559.46490056	5793647	25897	5799434	927588	5805222	1847947	5793647	0.8425	5799434	1.00859	5805222	1.06308	5793647	30738.2789317507	5799434	919687.88110134	5805222	1738295.33054897
50	5880539	46178	5886342	938471	5892130	1545259	5880539	0.84196	5886342	1.0085	5892130	1.06242	5880539	54845.8359066939	5886342	930561.229548835	5892130	1454470.92486964	5897122	34728	5902894	916316	5908697	1755686	5897122	0.84179	5902894	1.00909	5908697	1.06282	5897122	41254.944819967	5902894	908061.718974522	5908697	1651912.83566361	5913673	25957	5919461	931148	5925264	1932963	5913673	0.84231	5919461	1.00891	5925264	1.06266	5913673	30816.4452517482	5919461	922924.740561596	5925264	1818985.3763198
51	6000550	45792	6006353	940207	6012156	1597782	6000550	0.842	6006353	1.00837	6012156	1.06257	6000550	54384.7980997625	6006353	932402.788658925	6012156	1503695.75651486	6017133	33853	6022920	918579	6028724	1833321	6017133	0.842	6022920	1.00907	6028724	1.06306	6017133	40205.4631828979	6022920	910322.376049233	6028724	1724569.63859048	6033684	25961	6039472	927229	6045275	2024831	6033684	0.84214	6039472	1.00767	6045275	1.0625	6033684	30827.4158690954	6039472	920171.286234581	6045275	1905723.29411765
52	6120561	45476	6126333	939035	6132121	1652705	6120561	0.84228	6126333	1.0088	6132121	1.06477	6120561	53991.5467540485	6126333	930843.576526566	6132121	1552170.89136621	6137113	33919	6142900	916663	6148703	1912374	6137113	0.84282	6142900	1.00889	6148703	1.0636	6137113	40244.6548491967	6142900	908585.673363796	6148703	1798019.93230538	6153680	25933	6159468	930919	6165271	2117180	6153680	0.84216	6159468	1.00901	6165271	1.06416	6153680	30793.4359266648	6159468	922606.317083081	6165271	1989531.64937603
53	6240572	45399	6246375	938848	6252178	1710810	6240572	0.84331	6246375	1.01029	6252178	1.06508	6240572	53834.295810556	6246375	929285.650654762	6252178	1606273.70713937	6257139	34212	6262927	917980	6268730	2000132	6257139	0.84317	6262927	1.00946	6268730	1.06321	6257139	40575.44741867	6262927	909377.29082876	6268730	1881220.07881792	6273707	25919	6279494	934333	6285297	2209242	6273707	0.84247	6279494	1.00946	6285297	1.06382	6273707	30765.4871983572	6279494	925577.041190339	6285297	2076706.58570059
54	6360583	45439	6366371	938362	6372174	1770158	6360583	0.84317	6366371	1.00879	6372174	1.06374	6360583	53890.6744784563	6366371	930185.667978469	6372174	1664088.96910899	6377150	34124	6382938	918733	6388741	2080765	6377150	0.84243	6382938	1.00914	6388741	1.06289	6377150	40506.6296309486	6382938	910411.8358206	6388741	1957648.48667313	6393718	26098	6399490	931637	6405293	2295095	6393718	0.84259	6399490	1.00889	6405293	1.06293	6393718	30973.5458526686	6399490	923427.727502503	6405293	2159215.56452448
55	6480594	45499	6486382	941637	6492185	1841051	6480594	0.8425	6486382	1.00968	6492185	1.06374	6480594	54004.7477744807	6486382	932609.341573568	6492185	1730734.01395078	6497146	34132	6502933	917762	6508737	2164768	6497146	0.84263	6502933	1.00864	6508737	1.06408	6497146	40506.5093813418	6502933	909900.46002538	6508737	2034403.42831366	6513713	26016	6519501	935086	6525304	2368320	6513713	0.84272	6519501	1.01024	6525304	1.06415	6513713	30871.4638314031	6519501	925607.776369971	6525304	2225550.90917634
56	6600605	45100	6606393	941750	6612196	1906862	6600605	0.8428	6606393	1.00921	6612196	1.06361	6600605	53512.1025154248	6606393	933155.636587034	6612196	1792820.67675182	6617172	34336	6622960	920545	6628763	2245118	6617172	0.84232	6622960	1.009	6628763	1.06327	6617172	40763.6052806534	6622960	912333.994053518	6628763	2111522.00287791	6633724	26291	6639512	933762	6645315	2436746	6633724	0.84215	6639512	1.00849	6645315	1.06338	6633724	31218.9039957252	6639512	925901.099663854	6645315	2291510.09046625
57	6720632	45233	6726404	940941	6732223	1975680	6720632	0.84277	6726404	1.00891	6732223	1.06325	6720632	53671.8203068453	6726404	932631.255513376	6732223	1858151.89278157	6737199	34580	6742987	919808	6748774	2310467	6737199	0.84272	6742987	1.00959	6748774	1.06438	6737199	41033.7953294095	6742987	911070.830733268	6748774	2170716.28553712	6753766	26507	6759538	932180	6765341	2491661	6753766	0.84235	6759538	1.00901	6765341	1.06319	6753766	31467.9171365822	6759538	923856.056927087	6765341	2343570.76345714
58	6840643	45417	6846430	939823	6852249	2043642	6840643	0.84293	6846430	1.00984	6852249	1.0637	6840643	53879.9188544719	6846430	930665.253901608	6852249	1921257.87346056	6857226	34355	6863013	920647	6868801	2380502	6857226	0.84215	6863013	1.00968	6868801	1.06276	6857226	40794.3952977498	6863013	911820.576816417	6868801	2239924.34792427	6873793	26444	6879580	934915	6885384	2541116	6873793	0.84232	6879580	1.00883	6885384	1.06345	6873793	31394.2444676607	6879580	926731.956821268	6885384	2389502.09224693
59	6960654	45035	6966441	943185	6972245	2114854	6960654	0.84233	6966441	1.00975	6972245	1.06369	6960654	53464.7940830791	6966441	934077.74201535	6972245	1988224.01263526	6977221	34620	6983009	921178	6988812	2434519	6977221	0.84286	6983009	1.00954	6988812	1.06374	6977221	41074.4370358067	6983009	912473.00750837	6988812	2288641.0213022	6993788	26773	6999576	934558	7005395	2580086	6993788	0.84321	6999576	1.00934	7005395	1.06394	6993788	31751.2837845851	6999576	925910.000594448	7005395	2425029.60693272
60	7080665	45848	7086452	944355	7092256	2176690	7080665	0.8426	7086452	1.00891	7092256	1.0638	7080665	54412.5326370757	7086452	936015.10541079	7092256	2046145.89208498	7097232	34776	7103020	922544	7108823	2480183	7097232	0.843	7103020	1.00934	7108823	1.06403	7097232	41252.6690391459	7103020	914007.173004141	7108823	2330933.33834572	7113784	27049	7119571	933105	7125374	2615039	7113784	0.84272	7119571	1.0089	7125374	1.0641	7113784	32097.256502753	7119571	924873.624739815	7125374	2457512.45183723
61	7200676	45664	7206463	942139	7212267	2235582	7200676	0.84266	7206463	1.00904	7212267	1.06425	7200676	54190.3021384663	7206463	933698.366764449	7212267	2100617.33615222	7217243	35336	7223031	917587	7228834	2520309	7217243	0.84281	7223031	1.00864	7228834	1.06327	7217243	41926.4128332602	7223031	909726.959073604	7228834	2370337.73171443	7233795	26964	7239582	934430	7245385	2630636	7233795	0.84289	7239582	1.00894	7245385	1.06379	7233795	31989.9393752447	7239582	926150.217059488	7245385	2472890.3260982
62	7320687	45633	7326474	941970	7332278	2293724	7320687	0.84361	7326474	1.01039	7332278	1.06498	7320687	54092.5309088323	7326474	932283.573669573	7332278	2153771.90181975	7337254	35731	7343042	921412	7348845	2552791	7337254	0.84347	7343042	1.00997	7348845	1.06421	7337254	42361.9097300438	7343042	912316.207412102	7348845	2398766.22095263	7353821	27048	7359593	934380	7365396	2649504	7353821	0.84353	7359593	1.01012	7365396	1.06362	7353821	32065.2496058232	7359593	925018.809646379	7365396	2491024.99012805
63	7440698	46336	7446485	941657	7452289	2341738	7440698	0.84274	7446485	1.01014	7452289	1.0647	7440698	54982.5568977383	7446485	932204.44690835	7452289	2199434.58251151	7457265	35525	7463053	921336	7468856	2578933	7457265	0.84282	7463053	1.00962	7468856	1.06397	7457265	42150.1625495361	7463053	912557.199738516	7468856	2423877.55293852	7473832	27167	7479604	934496	7485407	2662480	7473832	0.84262	7479604	1.00904	7485407	1.06487	7473832	32241.1051244927	7479604	926123.840482042	7485407	2500286.41993858
64	7560709	46172	7566481	944644	7572284	2389303	7560709	0.84264	7566481	1.00995	7572284	1.06436	7560709	54794.4555207443	7566481	935337.392940245	7572284	2244825.99872224	7577260	36404	7583048	922559	7588851	2598564	7577260	0.84273	7583048	1.00995	7588851	1.06351	7577260	43197.7027043062	7583048	913469.973761077	7588851	2443384.64142321	7593828	27254	7599615	934676	7605418	2675824	7593828	0.84254	7599615	1.00836	7605418	1.06462	7593828	32347.4256415126	7599615	926926.891189655	7605418	2513407.6008341
65	7680720	46354	7686507	943342	7692311	2427088	7680720	0.84323	7686507	1.00953	7692311	1.06405	7680720	54971.9530851606	7686507	934436.817132725	7692311	2280990.55495512	7697287	36504	7703075	921438	7708878	2610383	7697287	0.84282	7703075	1.00982	7708878	1.06415	7697287	43311.7391613868	7703075	912477.471232497	7708878	2453021.6604802	7713854	27464	7719626	935101	7725429	2677576	7713854	0.84333	7719626	1.00948	7725429	1.06332	7713854	32566.136625046	7719626	926319.491223204	7725429	2518128.12699846
66	7800731	46350	7806518	941254	7812322	2464575	7800731	0.84249	7806518	1.00933	7812322	1.06479	7800731	55015.4897980985	7806518	932553.277917034	7812322	2314611.33181191	7817298	37018	7823086	921229	7828889	2623957	7817298	0.8428	7823086	1.00957	7828889	1.06434	7817298	43922.6388229711	7823086	912496.409362402	7828889	2465337.20427683	7833865	27867	7839653	933421	7845440	2680663	7833865	0.84263	7839653	1.00961	7845440	1.06441	7833865	33071.4548496968	7839653	924536.207050247	7845440	2518449.65755677
67	7920742	46491	7926529	941017	7932333	2488714	7920742	0.84321	7926529	1.00936	7932333	1.0638	7920742	55135.7313124844	7926529	932290.758500436	7932333	2339456.66478661	7937309	36979	7943097	921899	7948900	2631547	7937309	0.84393	7943097	1.01003	7948900	1.06429	7937309	43817.6152050526	7943097	912744.175915567	7948900	2472584.53992803	7953876	27901	7959648	934486	7965451	2679027	7953876	0.84251	7959648	1.00963	7965451	1.06283	7953876	33116.5208721558	7959648	925572.734566128	7965451	2520654.29090259
68	8040753	46381	8046540	943493	8052344	2518450	8040753	0.84283	8046540	1.00838	8052344	1.0636	8040753	55030.0772397755	8046540	935652.234276761	8052344	2367854.45656262	8057320	37594	8063108	919375	8068911	2637245	8057320	0.84269	8063108	1.00852	8068911	1.06363	8057320	44611.8976135946	8063108	911608.09899655	8068911	2479475.94558258	8073903	27768	8079690	935591	8085494	2679554	8073903	0.84188	8079690	1.00965	8085494	1.06336	8073903	32983.3230389129	8079690	926648.838706483	8085494	2519893.54498947
69	8160764	46581	8166551	943315	8172339	2541369	8160764	0.84352	8166551	1.00946	8172339	1.06415	8160764	55222.1642640364	8166551	934474.867751075	8172339	2388168.02142555	8177315	37866	8183103	921162	8188906	2638781	8177315	0.84274	8183103	1.00959	8188906	1.06372	8177315	44932.0074993474	8183103	912411.969215226	8188906	2480710.14928741	8193883	28085	8199655	934188	8205458	2687920	8193883	0.8437	8199655	1.00919	8205458	1.06459	8193883	33287.8985421358	8199655	925680.991686402	8205458	2524840.54894373
70	8280775	46755	8286547	944464	8292350	2563589	8280775	0.84275	8286547	1.00977	8292350	1.06477	8280775	55479.0863245328	8286547	935325.866286382	8292350	2407645.78265729	8297326	38208	8303130	921306	8308933	2635738	8297326	0.8427	8303130	1.01006	8308933	1.0634	8297326	45339.9786400854	8303130	912129.972476882	8308933	2478595.07240925	8313909	28425	8319697	936209	8325485	2681337	8313909	0.84297	8319697	1.0094	8325485	1.06374	8313909	33720.0612121428	8319697	927490.588468397	8325485	2520669.52450787
71	8400786	46971	8406589	942663	8412392	2575981	8400786	0.84328	8406589	1.01026	8412392	1.0646	8400786	55700.3604971065	8406589	933089.501712431	8412392	2419670.29870374	8417369	38163	8423141	922162	8428944	2641064	8417369	0.84332	8423141	1.00965	8428944	1.06489	8417369	45253.2846369113	8423141	913348.18996682	8428944	2480128.46397281	8433920	28466	8439708	935690	8445527	2681819	8433920	0.84381	8439708	1.0102	8445527	1.06363	8433920	33735.0825422785	8439708	926242.328251831	8445527	2521383.37579798
72	8520797	47554	8526584	943365	8532388	2583332	8520797	0.84282	8526584	1.01041	8532388	1.06395	8520797	56422.4864146556	8526584	933645.747765758	8532388	2428057.70947883	8537364	38667	8543152	920048	8548971	2638059	8537364	0.84401	8543152	1.00947	8548971	1.06402	8537364	45813.4382294049	8543152	911416.882126264	8548971	2479332.15541061	8553947	28302	8559735	935867	8565538	2679812	8553947	0.8441	8559735	1.01004	8565538	1.06401	8553947	33529.2027011018	8559735	926564.294483387	8565538	2518596.62973092
73	8640808	47223	8646595	944110	8652399	2595488	8640808	0.84352	8646595	1.00896	8652399	1.06517	8640808	55983.2606221548	8646595	935725.89597209	8652399	2436688.97922397	8657375	39112	8663163	923187	8668966	2638268	8657375	0.84373	8663163	1.00847	8668966	1.06423	8657375	46356.0617733161	8663163	915433.280117406	8668966	2479039.3054133	8673942	28812	8679714	933470	8685518	2681754	8673942	0.84285	8679714	1.00956	8685518	1.06501	8673942	34184.0185086314	8679714	924630.532113	8685518	2518055.22952836
74	8760819	47415	8766606	944740	8772410	2603315	8760819	0.84271	8766606	1.00985	8772410	1.06503	8760819	56264.9072634714	8766606	935525.077981879	8772410	2444358.37488146	8777386	39464	8783174	922114	8788977	2636072	8777386	0.8441	8783174	1.00987	8788977	1.06438	8777386	46752.7544129842	8783174	913101.68635567	8788977	2476626.76863526	8793953	29232	8799741	934705	8805544	2677835	8793953	0.84367	8799741	1.00969	8805544	1.06408	8793953	34648.6185356834	8799741	925734.631421526	8805544	2516573.00202992
75	8880830	48149	8886618	943300	8892421	2605967	8880830	0.84325	8886618	1.00981	8892421	1.0642	8880830	57099.3181144382	8886618	934136.124617502	8892421	2448756.81262921	8897397	40076	8903185	918978	8908988	2631877	8897397	0.84319	8903185	1.00969	8908988	1.06478	8897397	47529.0266725175	8903185	910158.563519496	8908988	2471756.60699863	8913949	29001	8919736	935944	8925524	2676082	8913949	0.84345	8919736	1.01161	8925524	1.06534	8913949	34383.7808998755	8919736	925202.400134439	8925524	2511951.11419828
76	9000841	48623	9006629	944496	9012432	2612501	9000841	0.84406	9006629	1.01043	9012432	1.06541	9000841	57606.094353482	9006629	934746.593034649	9012432	2452108.57791836	9017408	40470	9023196	920512	9028999	2630464	9017408	0.84318	9023196	1.01045	9028999	1.06497	9017408	47996.8689959439	9023196	910992.132218319	9028999	2469988.82597632	9033975	29338	9039763	933589	9045582	2674720	9033975	0.84411	9039763	1.01018	9045582	1.06477	9033975	34756.1336792598	9039763	924180.839058386	9045582	2512016.67965852
77	9120852	48349	9126640	944477	9132443	2618118	9120852	0.84316	9126640	1.00979	9132443	1.06569	9120852	57342.6158736183	9126640	935320.215094228	9132443	2456735.07305126	9137435	40272	9143207	920458	9149010	2625529	9137435	0.84329	9143207	1.00964	9149010	1.06415	9137435	47755.8135398262	9143207	911669.505962521	9149010	2467254.61636048	9154002	29230	9159790	936071	9165577	2673101	9154002	0.84362	9159790	1.01011	9165577	1.06535	9154002	34648.3013679145	9159790	926702.042351823	9165577	2509129.39409584
78	9240863	48614	9246651	942018	9252454	2611887	9240863	0.84364	9246651	1.00923	9252454	1.06327	9240863	57624.1050685126	9246651	933402.693142297	9252454	2456466.37260527	9257430	41139	9263218	919081	9269021	2623997	9257430	0.84266	9263218	1.00983	9269021	1.06505	9257430	48820.4020601429	9263218	910134.3790539	9269021	2463731.28022159	9273997	29473	9279769	935644	9285573	2669075	9273997	0.8429	9279769	1.00965	9285573	1.06377	9273997	34966.1881599241	9279769	926701.332144803	9285573	2509071.50981885
79	9360874	49106	9366662	943199	9372465	2614282	9360874	0.8434	9366662	1.0095	9372465	1.0649	9360874	58223.8558216742	9366662	934322.932144626	9372465	2454955.39487276	9377441	41373	9383229	919664	9389032	2616347	9377441	0.84261	9383229	1.00994	9389032	1.06478	9377441	49101.0075835796	9383229	910612.511634354	9389032	2457171.43447473	9394008	29786	9399780	933201	9405584	2666289	9394008	0.843	9399780	1.00952	9405584	1.06372	9394008	35333.3333333333	9399780	924400.705285681	9405584	2506570.33805889
80	9480885	48979	9486673	941418	9492476	2613950	9480885	0.84399	9486673	1.00953	9492476	1.0644	9480885	58032.6781122999	9486673	932530.97976286	9492476	2455796.69297257	9497452	41490	9503240	919667	9509043	2613194	9497452	0.84334	9503240	1.01064	9509043	1.0643	9497452	49197.2395475135	9503240	909984.762130927	9509043	2455317.10983745	9514019	29761	9519807	934800	9525610	2667480	9514019	0.84343	9519807	1.01039	9525610	1.06474	9514019	35285.6787166688	9519807	925187.303912351	9525610	2505287.67586453
81	9600896	49214	9606684	942913	9612487	2610169	9600896	0.84289	9606684	1.00917	9612487	1.06393	9600896	58387.2154136364	9606684	934345.055837966	9612487	2453327.75652534	9617463	41994	9623251	916439	9629054	2608444	9617463	0.8436	9623251	1.00915	9629054	1.06495	9617463	49779.5163584637	9623251	908129.614031611	9629054	2449358.18583032	9634030	29921	9639818	935324	9645621	2662122	9634030	0.84278	9639818	1.00957	9645621	1.06482	9634030	35502.7409288308	9639818	926457.798864863	9645621	2500067.61706204
82	9720907	48981	9726695	940969	9732498	2612373	9720907	0.84246	9726695	1.00979	9732498	1.06481	9720907	58140.4458371911	9726695	931846.225452817	9732498	2453370.08480386	9737474	42548	9743277	921379	9749096	2602311	9737474	0.84345	9743277	1.00965	9749096	1.06397	9737474	50445.1953287095	9743277	912572.673698807	9749096	2445849.97697303	9754073	30105	9759860	933092	9765663	2665797	9754073	0.84349	9759860	1.00994	9765663	1.06434	9754073	35690.9981149747	9759860	923908.350991148	9765663	2504647.95084278
83	9840918	49217	9846706	941227	9852509	2606436	9840918	0.843	9846706	1.01009	9852509	1.06355	9840918	58383.1553973903	9846706	931824.886891267	9852509	2450694.37262	9857485	42875	9863273	916524	9869076	2594606	9857485	0.84258	9863273	1.00854	9869076	1.06385	9857485	50885.3758693537	9863273	908763.162591469	9869076	2438883.30121728	9874052	30589	9879840	933204	9885643	2657780	9874052	0.84253	9879840	1.00851	9885643	1.06269	9874052	36306.1255979016	9879840	925329.446411042	9885643	2500992.76364697
84	9960929	49532	9966717	939137	9972520	2604641	9960929	0.84342	9966717	1.00896	9972520	1.06456	9960929	58727.5615944607	9966717	930797.05835712	9972520	2446683.13669497	9977481	43384	9983268	919069	9989056	2591357	9977481	0.84301	9983268	1.01067	9989056	1.06473	9977481	51463.2092146001	9983268	909366.064096095	9989056	2433816.08482902	9994048	30161	9999835	929774	10005639	2656111	9994048	0.84302	9999835	1.00927	10005639	1.06388	9994048	35777.3243813907	9999835	921234.159342891	10005639	2496626.49922924
85	10080940	49750	10086728	939634	10092531	2602214	10080940	0.84363	10086728	1.00945	10092531	1.06454	10080940	58971.3499994073	10086728	930837.584823419	10092531	2444449.24568358	10097492	43718	10103279	916592	10109098	2585346	10097492	0.84365	10103279	1.01024	10109098	1.065	10097492	51820.0675635631	10103279	907301.235350016	10109098	2427554.92957746	10114074	30494	10119846	930311	10125665	2657743	10114074	0.8432	10119846	1.00944	10125665	1.06468	10114074	36164.6110056926	10119846	921610.992233318	10125665	2496283.39031446
86	10200951	49360	10206739	941172	10212542	2599164	10200951	0.84277	10206739	1.00982	10212542	1.06374	10200951	58568.7672793289	10206739	932019.567843774	10212542	2443420.38468047	10217518	44265	10223306	917748	10229093	2581956	10217518	0.84343	10223306	1.00934	10229093	1.06512	10217518	52482.1265546637	10223306	909255.553133731	10229093	2424098.693105	10234070	30511	10239857	931341	10245645	2651187	10234070	0.84286	10239857	1.00895	10245645	1.06464	10234070	36199.3688156989	10239857	923079.439020764	10245645	2490219.22903517
87	10320962	49869	10326750	942211	10332553	2600188	10320962	0.84325	10326750	1.00948	10332553	1.06505	10320962	59139.0453602135	10326750	933362.721401118	10332553	2441376.46119901	10337529	44474	10343301	916704	10349104	2575245	10337529	0.8439	10343301	1.00917	10349104	1.06535	10337529	52700.5569380258	10343301	908374.208507982	10349104	2417276.01257803	10354081	30454	10359868	932310	10365656	2653372	10354081	0.84334	10359868	1.01028	10365656	1.06492	10354081	36111.1769867432	10359868	922823.375697827	10365656	2491616.27164482
88	10440973	50160	10446761	941402	10452564	2595819	10440973	0.84405	10446761	1.01029	10452564	1.06521	10440973	59427.7590190155	10446761	931813.637668392	10452564	2436908.21528149	10457540	44411	10463328	917564	10469131	2569568	10457540	0.84336	10463328	1.01048	10469131	1.0654	10457540	52659.5996964523	10463328	908047.660517774	10469131	2411834.05293786	10474107	30757	10479895	930087	10485683	2640256	10474107	0.84379	10479895	1.00995	10485683	1.0648	10474107	36451.0126927316	10479895	920923.808109312	10485683	2479579.2637115
89	10560984	50132	10566772	940123	10572575	2585831	10560984	0.8431	10566772	1.0103	10572575	1.06387	10560984	59461.5110900249	10566772	930538.453924577	10572575	2430589.26372583	10577551	44976	10583339	916202	10589142	2564637	10577551	0.84391	10583339	1.00973	10589142	1.0644	10577551	53294.7826189997	10583339	907373.258197736	10589142	2409467.30552424	10594119	31197	10599891	928129	10605694	2638934	10594119	0.8428	10599891	1.00911	10605694	1.06488	10594119	37015.899383009	10599891	919750.076800349	10605694	2478151.52881076
90	10680995	50670	10686783	939240	10692586	2585619	10680995	0.84399	10686783	1.00979	10692586	1.06593	10680995	60036.2563537483	10686783	930133.988254984	10692586	2425693.05676733	10697547	45128	10703334	917616	10709153	2559671	10697547	0.84362	10703334	1.00985	10709153	1.0654	10697547	53493.2789644627	10703334	908665.643412388	10709153	2402544.58419373	10714114	30841	10719902	931294	10725705	2637364	10714114	0.84404	10719902	1.01048	10725705	1.06478	10714114	36539.7374532013	10719902	921635.262449529	10725705	2476909.78418077
91	10801006	50421	10806794	942896	10812597	2585076	10801006	0.84371	10806794	1.01049	10812597	1.06579	10801006	59761.0553389198	10806794	933107.700224644	10812597	2425502.20962854	10817589	45550	10823377	914730	10829195	2556998	10817589	0.84342	10823377	1.01013	10829195	1.0654	10817589	54006.307652178	10823377	905556.710522408	10829195	2400035.66735498	10834172	31469	10839959	931369	10845763	2633598	10834172	0.84368	10839959	1.0097	10845763	1.0643	10834172	37299.6870851508	10839959	922421.511340002	10845763	2474488.39612891
92	10921017	50632	10926805	942115	10932608	2580052	10921017	0.84375	10926805	1.01034	10932608	1.06553	10921017	60008.2962962963	10926805	932473.226834531	10932608	2421379.03203101	10937584	45666	10943356	915452	10949160	2546792	10937584	0.84344	10943356	1.01052	10949160	1.06495	10937584	54142.5590439154	10943356	905921.703677315	10949160	2391466.26602188	10954136	31750	10959924	931472	10965727	2629369	10954136	0.84342	10959924	1.01061	10965727	1.06509	10954136	37644.3527542624	10959924	921692.838978439	10965727	2468682.45875935
93	11041028	51215	11046816	940052	11052619	2577024	11041028	0.84353	11046816	1.00985	11052619	1.06554	11041028	60715.0901568409	11046816	930882.804376888	11052619	2418514.55599978	11057595	46003	11063383	919050	11069186	2540919	11057595	0.84329	11063383	1.01064	11069186	1.06532	11057595	54551.8149153909	11063383	909374.257895987	11069186	2385122.78000976	11074163	31804	11079950	930412	11085753	2622212	11074163	0.84354	11079950	1.01051	11085753	1.06543	11074163	37703.0134907651	11079950	920735.074368388	11085753	2461177.17728992
94	11161039	51005	11166827	940241	11172630	2568240	11161039	0.84391	11166827	1.01008	11172630	1.06551	11161039	60438.9093623728	11166827	930857.951845398	11172630	2410338.71103978	11177606	46264	11183378	914341	11189197	2534122	11177606	0.84494	11183378	1.01005	11189197	1.06563	11177606	54754.1837290222	11183378	905243.304786892	11189197	2378050.54287135	11194174	32101	11199961	929520	11205749	2622282	11194174	0.84328	11199961	1.0106	11205749	1.06571	11194174	38066.8342661987	11199961	919770.433405898	11205749	2460596.22223682
95	11281050	51729	11286838	938628	11292641	2562540	11281050	0.84358	11286838	1.01072	11292641	1.06526	11281050	61320.7994499633	11286838	928672.629412696	11292641	2405553.57377542	11297617	47215	11303405	914206	11309208	2528974	11297617	0.84408	11303405	1.00963	11309208	1.06524	11297617	55936.6410766752	11303405	905486.168200232	11309208	2374088.46832639	11314185	32207	11319972	928051	11325775	2626549	11314185	0.84345	11319972	1.01076	11325775	1.0659	11314185	38184.836089869	11319972	918171.474929756	11325775	2464160.80307721
96	11401061	52111	11406849	939909	11412652	2563714	11401061	0.84398	11406849	1.01048	11412652	1.06568	11401061	61744.3541316145	11406849	930160.913625208	11412652	2405707.15411756	11417628	47014	11423416	913448	11429219	2523090	11417628	0.84393	11423416	1.00978	11429219	1.06499	11417628	55708.4118351048	11423416	904601.002198499	11429219	2369120.83681537	11434196	32042	11439983	927893	11445786	2616896	11434196	0.84381	11439983	1.00983	11445786	1.0653	11434196	37973.0034012396	11439983	918860.60029906	11445786	2456487.37444851
97	11521072	51552	11526860	941015	11532663	2557124	11521072	0.84315	11526860	1.01029	11532663	1.06493	11521072	61142.1455257072	11526860	931430.579338606	11532663	2401213.22528241	11537655	47237	11543427	914547	11549246	2513487	11537655	0.84318	11543427	1.01088	11549246	1.06595	11537655	56022.4388624019	11543427	904703.822412156	11549246	2357978.32918992	11554222	32488	11559994	926459	11565797	2613874	11554222	0.84403	11559994	1.0097	11565797	1.06459	11554222	38491.5228131702	11559994	917558.680796276	11565797	2455287.0119013
98	11641083	51373	11646871	936241	11652674	2550151	11641083	0.84335	11646871	1.01024	11652674	1.06469	11641083	60915.3969289145	11646871	926751.069052898	11652674	2395205.1770938	11657650	48038	11663438	911135	11669241	2514712	11657650	0.84244	11663438	1.00935	11669241	1.06532	11657650	57022.4585727173	11663438	902694.803586467	11669241	2360522.65985807	11674202	32503	11679990	926916	11685777	2609135	11674202	0.84402	11679990	1.01089	11685777	1.06491	11674202	38509.7509537689	11679990	916930.625488431	11685777	2450099.06940493
99	11761094	51600	11766882	934857	11772685	2544511	11761094	0.8433	11766882	1.01157	11772685	1.06515	11761094	61188.1892564924	11766882	924164.417687357	11772685	2388875.74520021	11777661	48038	11783449	911724	11789268	2505474	11777661	0.84375	11783449	1.00991	11789268	1.06598	11777661	56933.9259259259	11783449	902777.475220564	11789268	2350394.94174375	11794244	33000	11800016	928900	11805819	2605621	11794244	0.84357	11800016	1.01057	11805819	1.06509	11794244	39119.4565951848	11800016	919184.22276537	11805819	2446385.75143885
100	11881105	51816	11886893	937769	11892696	2545224	11881105	0.84368	11886893	1.00893	11892696	1.06593	11881105	61416.6508628864	11886893	929468.843229957	11892696	2387796.57200754	11897672	48164	11903460	912321	11909263	2497974	11897672	0.84408	11903460	1.00988	11909263	1.06473	11897672	57060.9420907971	11903460	903395.4529251	11909263	2346110.28147981	11914240	32868	11920027	928044	11925815	2606871	11914240	0.84388	11920027	1.01099	11925815	1.0637	11914240	38948.6656870645	11920027	917955.667217282	11925815	2450757.73244336
101	12001116	52405	12006904	936408	12012707	2539095	12001116	0.84308	12006904	1.01038	12012707	1.06438	12001116	62158.988470845	12006904	926787.941170649	12012707	2385515.51137752	12017683	48531	12023471	911440	12029274	2489508	12017683	0.84331	12023471	1.00985	12029274	1.06497	12017683	57548.2325597941	12023471	902549.883646086	12029274	2337632.04597313	12034251	33176	12040038	925678	12045841	2599080	12034251	0.8434	12040038	1.00951	12045841	1.06496	12034251	39336.0208679156	12040038	916957.731968975	12045841	2440542.36778846
102	12121127	52590	12126915	935104	12132718	2527804	12121127	0.84321	12126915	1.01052	12132718	1.06453	12121127	62368.8049240403	12126915	925369.116890314	12132718	2374572.8161724	12137757	48885	12143544	907376	12149332	2480489	12137757	0.84313	12143544	1.00944	12149332	1.06464	12137757	57980.382621897	12143544	898890.473926137	12149332	2329885.21941689	12154308	33250	12160096	924622	12165884	2593305	12154308	0.84379	12160096	1.0097	12165884	1.06425	12154308	39405.539292952	12160096	915739.32851342	12165884	2436744.18604651
103	12241138	52079	12246926	934875	12252729	2525791	12241138	0.84293	12246926	1.00984	12252729	1.06536	12241138	61783.3034771571	12246926	925765.467796879	12252729	2370833.33333333	12257705	49134	12263493	911394	12269296	2473186	12257705	0.84273	12263493	1.00983	12269296	1.06477	12257705	58303.371186501	12263493	902522.20670806	12269296	2322742.00061985	12274273	33296	12280060	924493	12285848	2593444	12274273	0.84301	12280060	1.00998	12285848	1.06516	12274273	39496.5658770359	12280060	915357.729856037	12285848	2434792.89496414
104	12361149	52424	12366937	935337	12372740	2517953	12361149	0.84327	12366937	1.0101	12372740	1.06469	12361149	62167.5145564291	12366937	925984.555984556	12372740	2364963.51050541	12377716	49496	12383488	909451	12389307	2461205	12377716	0.84335	12383488	1.00964	12389307	1.06384	12377716	58689.7492144424	12383488	900767.600332792	12389307	2313510.49029929	12394284	34075	12400056	924314	12405859	2582266	12394284	0.84362	12400056	1.00878	12405859	1.06335	12394284	40391.4084540433	12400056	916269.156803267	12405859	2428425.25979217
105	12481160	52816	12486948	934500	12492751	2514440	12481160	0.84303	12486948	1.00937	12492751	1.06385	12481160	62650.2022466579	12486948	925825.01956666	12492751	2363528.69295483	12497727	49493	12503515	908970	12509318	2454355	12497727	0.84273	12503515	1.00985	12509318	1.06408	12497727	58729.3676503744	12503515	900103.975837996	12509318	2306551.19915796	12514295	34145	12520082	922986	12525886	2588300	12514295	0.84288	12520082	1.00906	12525886	1.06486	12514295	40509.9183750949	12520082	914698.828612768	12525886	2430648.16032154
106	12601171	52838	12606959	936457	12612762	2509174	12601171	0.84346	12606959	1.00944	12612762	1.06426	12601171	62644.3459085197	12606959	927699.516563639	12612762	2357670.1182042	12617723	49476	12623510	906538	12629314	2442424	12617723	0.84312	12623510	1.00889	12629314	1.06455	12617723	58682.0381440364	12623510	898549.891464877	12629314	2294325.3017707	12634306	34136	12640078	922292	12645881	2578999	12634306	0.84338	12640078	1.00969	12645881	1.06486	12634306	40475.2306196495	12640078	913440.759044855	12645881	2421913.67879346
107	12721182	53212	12726970	934241	12732773	2499233	12721182	0.84298	12726970	1.00939	12732773	1.06507	12721182	63123.6802771121	12726970	925550.084704624	12732773	2346543.41968134	12737749	49732	12743521	905857	12749325	2438153	12737749	0.84319	12743521	1.01018	12749325	1.06472	12737749	58980.7753887024	12743521	896728.305846483	12749325	2289947.59185514	12754301	34354	12760089	920152	12765876	2572260	12754301	0.84282	12760089	1.00966	12765876	1.06532	12754301	40760.7792885788	12760089	911348.374700394	12765876	2414542.10941313
108	12841193	52658	12846981	930580	12852784	2493622	12841193	0.8435	12846981	1.00948	12852784	1.06453	12841193	62427.9786603438	12846981	921840.947814716	12852784	2342462.87093835	12857760	50239	12863548	906883	12869336	2431194	12857760	0.84332	12863548	1.01013	12869336	1.06429	12857760	59572.8786225869	12863548	897788.40347282	12869336	2284334.15704366	12874312	34654	12880100	921512	12885903	2576165	12874312	0.84322	12880100	1.00992	12885903	1.06518	12874312	41097.2225516473	12880100	912460.392902408	12885903	2418525.50742598
109	12961204	53058	12966992	934429	12972795	2491408	12961204	0.84221	12966992	1.00968	12972795	1.06503	12961204	62998.5395566427	12966992	925470.446081927	12972795	2339284.33940828	12977771	50300	12983544	906880	12989347	2424497	12977771	0.84302	12983544	1.00989	12989347	1.06441	12977771	59666.4373324476	12983544	897998.791947638	12989347	2277784.87612856	12994323	34935	13000111	922205	13005914	2569699	12994323	0.84331	13000111	1.00993	13005914	1.06401	12994323	41426.0473609942	13000111	913137.544186231	13005914	2415107.94071484
110	13081215	53620	13087003	934603	13092806	2485629	13081215	0.84344	13087003	1.01026	13092806	1.06457	13081215	63572.9868158968	13087003	925111.357472334	13092806	2334866.65977813	13097783	50731	13103570	905842	13109358	2413200	13097783	0.84333	13103570	1.01016	13109358	1.06496	13097783	60155.5737374456	13103570	896731.210897284	13109358	2266000.60096154	13114334	35296	13120122	921072	13125909	2568317	13114334	0.84359	13120122	1.0103	13125909	1.06494	13114334	41840.230443699	13120122	911681.678709295	13125909	2411701.12870209
111	13201226	53877	13207014	931429	13212833	2479814	13201226	0.84339	13207014	1.00998	13212833	1.06525	13201226	63881.4783196386	13207014	922225.192578071	13212833	2327917.39028397	13217794	50836	13223581	904132	13229384	2407293	13217794	0.84372	13223581	1.00946	13229384	1.06491	13217794	60252.2163751008	13223581	895659.065242803	13229384	2260560.04732794	13234361	35378	13240148	917950	13245952	2558813	13234361	0.84393	13240148	1.00927	13245952	1.06499	13234361	41920.5384332824	13240148	909518.761084744	13245952	2402663.87477817
112	13321237	53572	13327025	931373	13332828	2473382	13321237	0.84397	13327025	1.01029	13332828	1.06536	13321237	63476.1899119637	13327025	921886.78498253	13332828	2321639.6335511	13337789	51293	13343577	902994	13349364	2398815	13337789	0.84354	13343577	1.00951	13349364	1.06538	13337789	60806.837850013	13343577	894487.424592129	13349364	2251605.06110496	13354356	35552	13360128	919660	13365931	2557021	13354356	0.843	13360128	1.01013	13365931	1.06497	13354356	42173.1909845789	13360128	910437.270450338	13365931	2401026.31999023
113	13441248	53919	13447052	931133	13452855	2468767	13441248	0.84422	13447052	1.00978	13452855	1.06555	13441248	63868.4229229348	13447052	922114.718057399	13452855	2316894.56149406	13457816	51128	13463603	906736	13469391	2395457	13457816	0.84404	13463603	1.01122	13469391	1.06654	13457816	60575.3281834984	13463603	896675.303099227	13469391	2246007.65090855	13474367	35544	13480155	921926	13485958	2550975	13474367	0.84435	13480155	1.01164	13485958	1.06582	13474367	42096.2870847397	13480155	911318.255505911	13485958	2393438.85459083
114	13561259	53833	13567047	934423	13572866	2464139	13561259	0.84357	13567047	1.0109	13572866	1.06588	13561259	63815.6880875328	13567047	924347.611039668	13572866	2311835.29102713	13577827	51736	13583614	904450	13589417	2383756	13577827	0.84349	13583614	1.01082	13589417	1.06641	13577827	61335.6412049935	13583614	894768.603707881	13589417	2235309.1212573	13594394	35759	13600181	920409	13605985	2554102	13594394	0.84377	13600181	1.01032	13605985	1.0655	13594394	42380.0324733043	13600181	911007.403594901	13605985	2397092.44486157
115	13681270	54025	13687058	930946	13692877	2456061	13681270	0.84356	13687058	1.01131	13692877	1.06473	13681270	64044.0514012044	13687058	920534.751955385	13692877	2306745.37206616	13697853	51591	13703625	903008	13709428	2372817	13697853	0.84378	13703625	1.01011	13709428	1.06613	13697853	61142.7149256915	13703625	893969.963667323	13709428	2225635.71046683	13714405	35868	13720192	921053	13725996	2545063	13714405	0.84399	13720192	1.01102	13725996	1.06499	13714405	42498.1338641453	13720192	911013.629799608	13725996	2389752.95542681
116	13801281	54216	13807069	930979	13812872	2450659	13801281	0.84464	13807069	1.01116	13812872	1.0659	13801281	64188.2932373556	13807069	920703.943985126	13812872	2299145.32320105	13817849	51703	13823636	903766	13829424	2365534	13817849	0.84353	13823636	1.01085	13829424	1.06595	13817849	61293.6113712613	13823636	894065.390512935	13829424	2219179.13598199	13834400	36285	13840188	917327	13845975	2541617	13834400	0.84391	13840188	1.01006	13845975	1.0656	13834400	42996.2910736927	13840188	908190.602538463	13845975	2385151.08858859
117	13921292	54284	13927080	929165	13932883	2443556	13921292	0.84423	13927080	1.01085	13932883	1.06644	13921292	64300.0130296246	13927080	919191.769303062	13932883	2291320.65563932	13937844	52155	13943632	901355	13949435	2356780	13937844	0.84435	13943632	1.01191	13949435	1.06617	13937844	61769.4084206786	13943632	890746.212607841	13949435	2210510.51896039	13954427	36955	13960199	917929	13966002	2539952	13954427	0.84431	13960199	1.0114	13966002	1.06619	13954427	43769.468560126	13960199	907582.558829345	13966002	2382269.5767171
118	14041303	54217	14047091	930283	14052910	2439275	14041303	0.84446	14047091	1.01025	14052910	1.06589	14041303	64203.1594154845	14047091	920844.345459045	14052910	2288486.61681787	14057886	52527	14063674	903602	14069477	2349537	14057886	0.84296	14063674	1.01038	14069477	1.06548	14057886	62312.565246275	14063674	894318.969100734	14069477	2205144.16037842	14074453	37025	14080241	918007	14086044	2535839	14074453	0.84414	14080241	1.01132	14086044	1.06546	14074453	43861.2078565167	14080241	907731.479650358	14086044	2380041.48442926
119	14161314	54854	14167118	931108	14172921	2431962	14161314	0.84438	14167118	1.0112	14172921	1.06556	14161314	64963.6419621497	14167118	920795.094936709	14172921	2282332.29475581	14177882	52172	14183654	900263	14189457	2333865	14177882	0.84451	14183654	1.01136	14189457	1.06626	14177882	61777.8356680205	14183654	890150.88593577	14189457	2188832.93005458	14194449	37186	14200221	916667	14206024	2531717	14194449	0.84448	14200221	1.01067	14206024	1.06621	14194449	44034.1985600606	14200221	906989.422858104	14206024	2374501.27085659
120	14281325	54119	14287113	929234	14292916	2426117	14281325	0.8447	14287113	1.01148	14292916	1.06642	14281325	64068.9002012549	14287113	918687.467868865	14292916	2275010.78374374	14297893	53234	14303665	900507	14309468	2323139	14297893	0.84391	14303665	1.01192	14309468	1.06575	14297893	63080.1862757877	14303665	889899.399161989	14309468	2179816.09195402	14314444	37901	14320216	915864	14326019	2528276	14314444	0.84467	14320216	1.01171	14326019	1.06646	14314444	44870.7779369458	14320216	905263.365984324	14326019	2370718.07662735
121	14401336	55111	14407140	926471	14412943	2415906	14401336	0.84457	14407140	1.01099	14412943	1.0658	14401336	65253.3241768	14407140	916399.766565446	14412943	2266753.61231	14417919	53231	14423691	900635	14429494	2316569	14417919	0.84452	14423691	1.01056	14429494	1.06556	14417919	63031.0709041823	14423691	891223.677960735	14429494	2174039.00296558	14434471	37720	14440258	915764	14446062	2527030	14434471	0.84414	14440258	1.01076	14446062	1.06703	14434471	44684.5310019665	14440258	906015.275634176	14446062	2368283.92828693
122	14521347	55095	14527135	929139	14532938	2413333	14521347	0.84468	14527135	1.01219	14532938	1.06644	14521347	65225.8843585737	14527135	917949.199261008	14532938	2262980.57087131	14537915	53526	14543687	901818	14549490	2307573	14537915	0.84472	14543687	1.01152	14549490	1.0665	14537915	63365.3755090444	14543687	891547.374248656	14549490	2163687.76371308	14554466	38026	14560254	917126	14566057	2520782	14554466	0.84444	14560254	1.01165	14566057	1.06659	14554466	45031.0264790867	14560254	906564.523303514	14566057	2363402.99459024
123	14641358	55206	14647146	926439	14652949	2404351	14641358	0.84398	14647146	1.01142	14652949	1.06585	14641358	65411.5026422427	14647146	915978.52524174	14652949	2255806.16409438	14657926	53366	14663698	899815	14669501	2296226	14657926	0.84483	14663698	1.01079	14669501	1.0664	14657926	63167.7378880958	14663698	890209.638005916	14669501	2153250.18754689	14674477	38295	14680265	915768	14686068	2518177	14674477	0.84445	14680265	1.01132	14686068	1.06523	14674477	45349.0437562911	14680265	905517.541431001	14686068	2363974.91621528
124	14761369	54981	14767157	927378	14772976	2401991	14761369	0.84443	14767157	1.01092	14772976	1.06664	14761369	65110.1926743484	14767157	917360.424168085	14772976	2251922.86057151	14777952	53767	14783724	897819	14789543	2283496	14777952	0.84413	14783724	1.01197	14789543	1.06639	14777952	63695.1654366034	14783724	887199.225273476	14789543	2141332.90822307	14794504	38598	14800291	915885	14806095	2512153	14794504	0.84384	14800291	1.01127	14806095	1.06668	14794504	45740.8987485779	14800291	905678.008840369	14806095	2355113.99857502
125	14881380	55163	14887184	926095	14892987	2389131	14881380	0.84521	14887184	1.01188	14892987	1.06689	14881380	65265.4369919902	14887184	915222.160730522	14892987	2239341.45038383	14897948	53879	14903735	898966	14909538	2278676	14897948	0.84493	14903735	1.01131	14909538	1.06738	14897948	63767.4126850745	14903735	888912.400747545	14909538	2134831.0817141	14914515	38234	14920287	913590	14926090	2506485	14914515	0.84445	14920287	1.01107	14926090	1.06733	14914515	45276.8073894251	14920287	903587.288713937	14926090	2348369.29534446
126	15001391	54890	15007179	923263	15012982	2383403	15001391	0.84392	15007179	1.01106	15012982	1.06565	15001391	65041.7101147028	15007179	913163.412656025	15012982	2236572.04523061	15017959	53616	15023746	897961	15029549	2266546	15017959	0.84405	15023746	1.01147	15029549	1.06573	15017959	63522.3031810912	15023746	887778.184226917	15029549	2126754.43123493	15034526	38920	15040314	914503	15046101	2500656	15034526	0.84393	15040314	1.01121	15046101	1.06601	15034526	46117.568992689	15040314	904365.06759229	15046101	2345809.13875104
127	15121402	55568	15127190	924647	15132993	2377205	15121402	0.84428	15127190	1.01001	15132993	1.06575	15121402	65817.027526413	15127190	915483.015019653	15132993	2230546.56345297	15137970	54433	15143742	899019	15149545	2261094	15137970	0.84375	15143742	1.01126	15149545	1.06672	15137970	64513.1851851852	15143742	889008.76134723	15149545	2119669.64151792	15154521	39217	15160309	915394	15166112	2497964	15154521	0.84462	15160309	1.01207	15166112	1.06663	15154521	46431.5313395373	15160309	904476.963055915	15166112	2341921.75356028
128	15241413	55468	15247217	928687	15253020	2372835	15241413	0.84509	15247217	1.0116	15253020	1.06716	15241413	65635.6127749707	15247217	918037.761961249	15253020	2223504.44169572	15257981	54722	15263753	897558	15269540	2245035	15257981	0.84456	15263753	1.01066	15269540	1.06727	15257981	64793.5019418395	15263753	888090.950468011	15269540	2103530.50305921	15274532	39448	15280320	913080	15286123	2491637	15274532	0.84417	15280320	1.01087	15286123	1.06663	15274532	46729.9240674272	15280320	903261.546984281	15286123	2335989.98715581
129	15361424	55468	15367228	922490	15373031	2359981	15361424	0.84423	15367228	1.01056	15373031	1.06574	15361424	65702.4744441681	15367228	912850.300823306	15373031	2214405.95267138	15377992	54314	15383779	895685	15389583	2234938	15377992	0.84442	15383779	1.01079	15389583	1.0655	15377992	64321.0724520973	15383779	886123.725007173	15389583	2097548.56874707	15394559	39489	15400347	909743	15406150	2484518	15394559	0.84374	15400347	1.0105	15406150	1.06758	15394559	46802.3324720886	15400347	900289.95546759	15406150	2327242.92324697
130	15481435	55474	15487223	919844	15493042	2353477	15481435	0.84423	15487223	1.01176	15493042	1.06713	15481435	65709.5815121472	15487223	909152.36815055	15493042	2205426.7052749	15498003	54818	15503790	896453	15509594	2225075	15498003	0.84482	15503790	1.01064	15509594	1.06569	15498003	64887.1949054236	15503790	887015.158711312	15509594	2087919.56385065	15514570	40169	15520358	912237	15526161	2482568	15514570	0.84381	15520358	1.01154	15526161	1.06606	15514570	47604.3185077209	15520358	901829.883148467	15526161	2328731.96630584
131	15601447	56350	15607234	922818	15613037	2343551	15601447	0.84421	15607234	1.01126	15613037	1.06526	15601447	66748.7947311688	15607234	912542.768427506	15613037	2199980.28650283	15618014	54620	15623801	898203	15629605	2215360	15618014	0.84417	15623801	1.0105	15629605	1.06603	15618014	64702.6072947392	15623801	888869.866402771	15629605	2078140.39004531	15634581	40229	15640369	911650	15646172	2478343	15634581	0.84425	15640369	1.01125	15646172	1.06611	15634581	47650.5774355937	15640369	901508.034610631	15646172	2324659.74430406
132	15721458	56406	15727292	921098	15733095	2341037	15721458	0.84447	15727292	1.0116	15733095	1.0666	15721458	66794.5575331273	15727292	910535.784895215	15733095	2194859.36621039	15738072	55032	15743859	897177	15749662	2206748	15738072	0.84465	15743859	1.01101	15749662	1.06744	15738072	65153.6139229267	15743859	887406.652753187	15749662	2067327.43760773	15754623	40227	15760411	912815	15766214	2472999	15754623	0.84391	15760411	1.01175	15766214	1.06631	15754623	47667.4052920335	15760411	902213.985668396	15766214	2319212.04902889
133	15841469	55786	15847256	920592	15853059	2334845	15841469	0.84418	15847256	1.01097	15853059	1.06673	15841469	66083.0628538937	15847256	910602.688507077	15853059	2188787.22825832	15858036	55036	15863808	898511	15869611	2190791	15858036	0.84543	15863808	1.01098	15869611	1.06622	15858036	65098.2340347515	15863808	888752.497576609	15869611	2054726.97942263	15874603	40997	15880391	914795	15886194	2464836	15874603	0.84414	15880391	1.01073	15886194	1.06635	15874603	48566.5884805838	15880391	905083.454532863	15886194	2311469.96764665
134	15961480	56546	15967267	923758	15973086	2322563	15961480	0.8451	15967267	1.01079	15973086	1.06593	15961480	66910.4248017986	15967267	913897.050821635	15973086	2178907.62057546	15978047	55309	15983819	895738	15989622	2181512	15978047	0.84407	15983819	1.01101	15989622	1.06645	15978047	65526.5558543723	15983819	885983.323607086	15989622	2045583.00904871	15994598	41003	16000386	908872	16006189	2460071	15994598	0.84471	16000386	1.01143	16006189	1.06598	15994598	48540.9193687774	16000386	898600.990676567	16006189	2307802.2101728
135	16081491	55972	16087278	920569	16093097	2315162	16081491	0.8448	16087278	1.01196	16093097	1.0663	16081491	66254.7348484849	16087278	909689.118146962	16093097	2171210.72868799	16098058	55801	16103845	895169	16109649	2171944	16098058	0.84459	16103845	1.01109	16109649	1.06688	16098058	66068.7434139642	16103845	885350.463361323	16109649	2035790.34193161	16114625	41182	16120413	911211	16126200	2457448	16114625	0.84435	16120413	1.01184	16126200	1.06774	16114625	48773.612838278	16120413	900548.5056926	16126200	2301541.57379137
136	16201502	56345	16207289	922220	16213108	2307977	16201502	0.84478	16207289	1.01105	16213108	1.06705	16201502	66697.8384904946	16207289	912140.843677365	16213108	2162951.12693876	16218069	55657	16223841	896277	16229644	2161976	16218069	0.84475	16223841	1.01257	16229644	1.06638	16218069	65885.7650192365	16223841	885150.656250926	16229644	2027397.36304132	16234620	41644	16240408	910233	16246211	2453933	16234620	0.84463	16240408	1.01119	16246211	1.06732	16234620	49304.4291583297	16240408	900160.207280531	16246211	2299153.95570213
137	16321513	56576	16327300	919538	16333119	2303138	16321513	0.84474	16327300	1.01199	16333119	1.06698	16321513	66974.4536780548	16327300	908643.366041166	16333119	2158557.79864665	16338080	55891	16343867	893854	16349671	2152303	16338080	0.84531	16343867	1.0134	16349671	1.06826	16338080	66118.9386142362	16343867	882034.734556937	16349671	2014774.49310093	16354647	42269	16360435	910551	16366222	2448849	16354647	0.8455	16360435	1.01293	16366222	1.0674	16354647	49992.9036073329	16360435	898927.862734839	16366222	2294218.66216976
138	16441524	56441	16447327	921183	16453130	2292686	16441524	0.84498	16447327	1.01261	16453130	1.0671	16441524	66795.6638026936	16447327	909711.537511974	16453130	2148520.28863274	16458106	56345	16463878	894487	16469682	2142285	16458106	0.84524	16463878	1.01135	16469682	1.06799	16458106	66661.5399176565	16463878	884448.509418105	16469682	2005903.61332971	16474658	42123	16480430	907462	16486233	2437542	16474658	0.84482	16480430	1.01197	16486233	1.06755	16474658	49860.3252763902	16480430	896728.163878376	16486233	2283304.76324294
139	16561535	55977	16567322	918635	16573125	2284099	16561535	0.84424	16567322	1.01216	16573125	1.06763	16561535	66304.6053254999	16567322	907598.601011698	16573125	2139410.65725017	16578102	56161	16583874	891771	16589677	2129066	16578102	0.84494	16583874	1.01219	16589677	1.0678	16578102	66467.4414751343	16583874	881031.229314654	16589677	1993880.87656865	16594653	42119	16600441	907625	16606322	2433533	16594653	0.84488	16600441	1.01174	16606322	1.06721	16594653	49852.0499952656	16600441	897093.126692628	16606322	2280275.67207953
140	16681546	56569	16687333	919490	16693152	2279867	16681546	0.84561	16687333	1.01192	16693152	1.06693	16681546	66897.2694268043	16687333	908658.78725591	16693152	2136847.77820476	16698113	56513	16703900	893586	16709704	2121582	16698113	0.8452	16703900	1.01223	16709704	1.06775	16698113	66863.4642688121	16703900	882789.484603302	16709704	1986965.11355654	16714680	42767	16720468	908352	16726255	2430021	16714680	0.8459	16720468	1.01182	16726255	1.06802	16714680	50557.9855774914	16720468	897740.704868455	16726255	2275257.9539709
141	16801557	56716	16807344	918005	16813163	2274910	16801557	0.84501	16807344	1.01255	16813163	1.06793	16801557	67118.7323226944	16807344	906626.833242803	16813163	2130205.16325976	16818139	56517	16823927	890612	16829761	2106311	16818139	0.84462	16823927	1.01159	16829761	1.0674	16818139	66914.1152234141	16823927	880408.07046333	16829761	1973309.91193554	16834722	42964	16840494	907353	16846297	2422302	16834722	0.84523	16840494	1.01118	16846297	1.06689	16834722	50831.1347207269	16840494	897320.951759331	16846297	2270432.75314231
142	16921568	56807	16927355	916624	16933174	2266045	16921568	0.84471	16927355	1.01128	16933174	1.06799	16921568	67250.2989191557	16927355	906399.810141603	16933174	2121784.84817274	16938135	56511	16943907	891342	16949710	2095106	16938135	0.84467	16943907	1.01165	16949710	1.06775	16938135	66903.050895616	16943907	881077.4477339	16949710	1962169.04706158	16954686	43056	16960474	909627	16966277	2416926	16954686	0.84477	16960474	1.01148	16966277	1.06632	16954686	50967.7190241131	16960474	899303.001542295	16966277	2266604.77155075
143	17041579	57513	17047366	917445	17053185	2253580	17041579	0.84487	17047366	1.01262	17053185	1.06796	17041579	68073.1946926746	17047366	906011.139420513	17053185	2110172.66564291	17058146	56631	17063996	892726	17069799	2084938	17058146	0.84549	17063996	1.01207	17069799	1.06656	17058146	66980.0943831388	17063996	882079.302815023	17069799	1954824.85748575	17074775	43385	17080548	906193	17086366	2409851	17074775	0.84547	17080548	1.01125	17086366	1.06785	17074775	51314.6533880564	17080548	896111.74289246	17086366	2256731.75071405
144	17161590	56610	17167393	916861	17173196	2244509	17161590	0.84427	17167393	1.01172	17173196	1.06694	17161590	67052.0094282635	17167393	906239.868738386	17173196	2103688.11741991	17178172	56373	17183944	893910	17189748	2073738	17178172	0.84423	17183944	1.01177	17189748	1.06783	17178172	66774.4571976831	17183944	883511.074651354	17189748	1942011.36885085	17194724	43056	17200512	906782	17206299	2403013	17194724	0.84449	17200512	1.01185	17206299	1.06803	17194724	50984.6179350851	17200512	896162.4746751	17206299	2249948.97147084
145	17281616	56459	17287388	922187	17293207	2239465	17281616	0.84534	17287388	1.01277	17293207	1.06721	17281616	66788.5111316157	17287388	910559.159532767	17293207	2098429.549948	17298183	56927	17303955	893725	17309759	2059680	17298183	0.84555	17303955	1.01175	17309759	1.06676	17298183	67325.4094967772	17303955	883345.688164072	17309759	1930781.05665754	17314735	43717	17320523	908005	17326326	2398471	17314735	0.84545	17320523	1.01157	17326326	1.0671	17314735	51708.5575728902	17320523	897619.541900214	17326326	2247653.4532846
146	17401627	56985	17407415	916968	17413218	2230779	17401627	0.8444	17407415	1.01211	17413218	1.06655	17401627	67485.7887257224	17407415	905996.383792276	17413218	2091584.0795087	17418179	57051	17423967	889891	17429770	2047453	17418179	0.84466	17423967	1.01132	17429770	1.06678	17418179	67543.1534581962	17423967	879930.190246411	17429770	1919283.26365324	17434746	43498	17440534	907951	17446337	2393334	17434746	0.84404	17440534	1.01222	17446337	1.06708	17434746	51535.4722524999	17440534	896989.784829385	17446337	2242881.50841549
147	17521638	57111	17527426	913352	17533245	2219455	17521638	0.84498	17527426	1.01237	17533245	1.06622	17521638	67588.5819782717	17527426	902191.886365657	17533245	2081610.73699612	17538206	57115	17543993	890686	17549796	2037187	17538206	0.84424	17543993	1.01202	17549796	1.06706	17538206	67652.5632521558	17543993	880107.112507658	17549796	1909158.81018874	17554773	44305	17560560	905419	17566348	2380232	17554773	0.84509	17560560	1.01194	17566348	1.0663	17554773	52426.3687891231	17560560	894735.853904382	17566348	2232234.83072306
148	17641649	56822	17647452	912110	17653240	2210475	17641649	0.84502	17647452	1.01133	17653240	1.06612	17641649	67243.3788549384	17647452	901891.568528571	17653240	2073382.92124714	17658217	56849	17663989	889296	17669792	2021410	17658217	0.84435	17663989	1.01149	17669792	1.06577	17658217	67328.714395689	17663989	879194.060247754	17669792	1896666.26007488	17674768	44246	17680556	904699	17686343	2374310	17674768	0.84409	17680556	1.01086	17686343	1.06684	17674768	52418.580957007	17680556	894979.522386879	17686343	2225553.97247947
149	17761660	57483	17767448	915854	17773267	2206528	17761660	0.84503	17767448	1.01261	17773267	1.06783	17761660	68024.8038531176	17767448	904448.899378833	17773267	2066366.36917861	17778212	57053	17784000	890345	17789803	2018232	17778212	0.84512	17784000	1.01254	17789803	1.06795	17778212	67508.7561529724	17784000	879318.347917119	17789803	1889818.81174212	17794779	45007	17800567	906111	17806354	2369608	17794779	0.8451	17800567	1.01118	17806354	1.06722	17794779	53256.4193586558	17800567	896092.68379517	17806354	2220355.69048556
150	17881671	57472	17887475	912906	17893278	2197418	17881671	0.84409	17887475	1.01128	17893278	1.06699	17881671	68087.5262116599	17887475	902723.281385966	17893278	2059455.102672	17898254	57205	17904042	890940	17909845	2008154	17898254	0.84443	17904042	1.01172	17909845	1.06698	17898254	67743.9219355068	17904042	880619.14363658	17909845	1882091.51061876	17914821	45214	17920609	905662	17926412	2365878	17914821	0.84432	17920609	1.01221	17926412	1.06701	17914821	53550.7864316847	17920609	894737.258078857	17926412	2217296.93254984
151	18001682	57287	18007470	912255	18013289	2189395	18001682	0.84397	18007470	1.0116	18013289	1.0672	18001682	67878.0051423629	18007470	901794.18742586	18013289	2051532.04647676	18018250	57606	18024037	889227	18029825	1995585	18018250	0.84506	18024037	1.01155	18029825	1.06676	18018250	68167.9407379358	18024037	879073.698779101	18029825	1870697.25149049	18034801	45499	18040589	902836	18046392	2356105	18034801	0.84403	18040589	1.0127	18046392	1.06797	18034801	53906.8516521925	18040589	891513.775056779	18046392	2206152.79455415
152	18121693	57439	18127481	911312	18133284	2178888	18121693	0.84565	18127481	1.01152	18133284	1.06753	18121693	67922.8995447289	18127481	900933.248971844	18133284	2041055.52068794	18138261	58083	18144048	888481	18149851	1982419	18138261	0.8448	18144048	1.01115	18149851	1.06744	18138261	68753.5511363636	18144048	878683.677001434	18149851	1857171.36326164	18154828	45087	18160615	903437	18166419	2348775	18154828	0.84492	18160615	1.01179	18166419	1.06643	18154828	53362.4485158358	18160615	892909.595864755	18166419	2202465.2344739
153	18241704	57863	18247508	912006	18253311	2169487	18241704	0.84509	18247508	1.01203	18253311	1.06786	18241704	68469.6304535612	18247508	901164.985227711	18253311	2031621.18629783	18258272	58391	18264059	888933	18269862	1970447	18258272	0.84508	18264059	1.01167	18269862	1.06737	18258272	69095.2335873527	18264059	878678.818191703	18269862	1846076.8056063	18274839	45810	18280626	902410	18286414	2339742	18274839	0.84505	18280626	1.01128	18286414	1.06674	18274839	54209.81007041	18280626	892344.355668064	18286414	2193357.33168345
154	18361715	57103	18367503	912316	18373306	2168314	18361715	0.84504	18367503	1.0109	18373306	1.06786	18361715	67574.3160087096	18367503	902478.97912751	18373306	2030522.72769839	18378267	58444	18384055	888987	18389858	1956782	18378267	0.84525	18384055	1.01255	18389858	1.06671	18378267	69144.0402247856	18384055	877968.495382944	18389858	1834408.60215054	18394834	45812	18400606	902161	18406409	2332350	18394834	0.84536	18400606	1.01178	18406409	1.0661	18394834	54192.2967729725	18400606	891657.277273716	18406409	2187740.36206735
155	18481726	58016	18487514	910957	18493317	2155080	18481726	0.84469	18487514	1.01134	18493317	1.06742	18481726	68683.1855473606	18487514	900742.579152412	18493317	2018961.60836409	18498294	57798	18504081	886668	18509884	1942803	18498294	0.84399	18504081	1.01169	18509884	1.06667	18498294	68481.8540504034	18504081	876422.619577143	18509884	1821372.12071212	18514861	46263	18520648	901913	18526452	2326640	18514861	0.84545	18520648	1.01067	18526452	1.06677	18514861	54719.9716127506	18520648	892391.186044901	18526452	2181013.71429643
156	18601737	58332	18607525	908938	18613344	2145121	18601737	0.84513	18607525	1.01163	18613344	1.06715	18601737	69021.3339959533	18607525	898488.577839724	18613344	2010140.09277046	18618320	58323	18624108	886174	18629927	1937787	18618320	0.84522	18624108	1.01116	18629927	1.06725	18618320	69003.3364094555	18624108	876393.449107955	18629927	1815682.36120871	18634887	46235	18640675	903022	18646478	2316542	18634887	0.84524	18640675	1.01196	18646478	1.06773	18634887	54700.4401116843	18640675	892349.499980236	18646478	2169595.30967567
157	18721748	57902	18727536	909869	18733339	2138399	18721748	0.84444	18727536	1.01152	18733339	1.06654	18721748	68568.5187816778	18727536	899506.683011705	18733339	2004987.15472462	18738316	58188	18744088	885795	18749891	1924604	18738316	0.84422	18744088	1.01071	18749891	1.06688	18738316	68925.1616877117	18744088	876408.663216947	18749891	1803955.45890822	18754867	46443	18760655	898235	18766442	2312091	18754867	0.84438	18760655	1.01149	18766442	1.06726	18754867	55002.4870319051	18760655	888031.517859791	18766442	2166380.26347844
158	18841759	58058	18847547	910553	18853350	2135508	18841759	0.84544	18847547	1.01209	18853350	1.069	18841759	68671.9341408024	18847547	899675.918149572	18853350	1997668.84939196	18858327	58404	18864114	888070	18869902	1912266	18858327	0.84511	18864114	1.01216	18869902	1.06767	18858327	69108.1634343458	18864114	877400.806196649	18869902	1791064.65480907	18874894	46508	18880681	903469	18886469	2303843	18874894	0.84567	18880681	1.01177	18886469	1.06777	18874894	54995.4473967387	18880681	892958.874052403	18886469	2157621.02325407
159	18961770	58179	18967574	909426	18973377	2125977	18961770	0.84479	18967574	1.01215	18973377	1.06883	18961770	68868.0026988956	18967574	898509.11426172	18973377	1989069.35621193	18978353	58772	18984156	889847	18989960	1902995	18978353	0.84521	18984156	1.01244	18989960	1.06762	18978353	69535.3817394494	18984156	878913.318320098	18989960	1782464.73464341	18994936	47147	19000708	903898	19006511	2294195	18994936	0.8453	19000708	1.01248	19006511	1.06739	18994936	55775.4643321898	19000708	892756.400126422	19006511	2149350.28433843
160	19081781	57687	19087585	909369	19093388	2116865	19081781	0.84546	19087585	1.01165	19093388	1.0683	19081781	68231.4952806756	19087585	898896.851677952	19093388	1981526.7247028	19098364	58562	19104152	887837	19109971	1891260	19098364	0.84543	19104152	1.01225	19109971	1.06825	19098364	69268.8927528004	19104152	877092.615460608	19109971	1770428.27053592	19114931	46954	19120719	901403	19126522	2288525	19114931	0.84532	19120719	1.01227	19126522	1.06807	19114931	55545.8287985615	19120719	890476.849062009	19126522	2142673.2330278
161	19201792	58113	19207580	909251	19213383	2104611	19201792	0.84467	19207580	1.01202	19213383	1.06745	19201792	68799.6495672866	19207580	898451.611628229	19213383	1971624.90046372	19218360	58826	19224147	886784	19229935	1881023	19218360	0.84528	19224147	1.01164	19229935	1.06815	19218360	69593.5074768124	19224147	876580.601795105	19229935	1761010.15774938	19234927	47161	19240699	901516	19246502	2278710	19234927	0.84531	19240699	1.01121	19246502	1.0675	19234927	55791.366480936	19240699	891522.03795453	19246502	2134622.95081967
162	19321803	58445	19327591	906028	19333394	2090993	19321803	0.84459	19327591	1.01125	19333394	1.06693	19321803	69199.2564439551	19327591	895948.578491966	19333394	1959822.10641748	19338355	59126	19344143	886948	19349930	1870623	19338355	0.84456	19344143	1.01176	19349930	1.06768	19338355	70008.0515297907	19344143	876638.728552226	19349930	1752044.62011089	19354922	47466	19360710	899839	19366498	2267884	19354922	0.84463	19360710	1.01138	19366498	1.06721	19354922	56197.3882054864	19360710	889714.054064743	19366498	2125058.79817468
163	19441814	58410	19447602	908365	19453421	2087291	19441814	0.84515	19447602	1.01257	19453421	1.0678	19441814	69111.991954091	19447602	897088.596343957	19453421	1954758.38171942	19458397	59452	19464169	885704	19469972	1860682	19458397	0.84543	19464169	1.01158	19469972	1.06746	19458397	70321.6114876453	19464169	875564.957788806	19469972	1743092.94961872	19474949	47929	19480737	898049	19486524	2267382	19474949	0.84564	19480737	1.01136	19486524	1.06823	19474949	56677.782507923	19480737	887961.754469229	19486524	2122559.7483688
164	19561825	58653	19567613	909180	19573416	2079715	19561825	0.84557	19567613	1.01192	19573416	1.06762	19561825	69365.0436983337	19567613	898470.23480117	19573416	1947991.79483337	19578408	59811	19584180	886737	19589984	1846843	19578408	0.84536	19584180	1.01172	19589984	1.06783	19578408	70752.1056118104	19584180	876464.832167003	19589984	1729529.04488542	19594976	48089	19600748	903863	19606551	2254917	19594976	0.846	19600748	1.01245	19606551	1.06786	19594976	56842.7895981087	19600748	892748.28386587	19606551	2111622.31004064
165	19681836	58429	19687624	906985	19693443	2069221	19681836	0.84497	19687624	1.01192	19693443	1.06736	19681836	69149.2005633336	19687624	896301.090995336	19693443	1938634.57502623	19698419	59635	19704207	886042	19710010	1837303	19698419	0.84442	19704207	1.01145	19710010	1.06758	19698419	70622.4390706047	19704207	876011.666419497	19710010	1720997.95799846	19714987	48313	19720774	898912	19726577	2243095	19714987	0.84483	19720774	1.01208	19726577	1.06727	19714987	57186.6529360937	19720774	888182.752351593	19726577	2101712.78120813
166	19801847	58613	19807635	906812	19813454	2060978	19801847	0.84498	19807635	1.01159	19813454	1.06748	19801847	69366.1388435229	19807635	896422.463646339	19813454	1930694.72027579	19818415	59734	19824202	887575	19830006	1826232	19818415	0.84523	19824202	1.01229	19830006	1.06782	19818415	70671.8881251257	19824202	876799.138586769	19830006	1710243.29943249	19834982	48523	19840770	899996	19846573	2234207	19834982	0.84493	19840770	1.01202	19846573	1.06782	19834982	57428.4260234576	19840770	889306.535443964	19846573	2092306.75582027
167	19921858	59109	19927646	905577	19933465	2052641	19921858	0.84503	19927646	1.01176	19933465	1.06777	19921858	69948.9958936369	19927646	895051.197912548	19933465	1922362.49379548	19938441	59714	19944229	885172	19950017	1815038	19938441	0.84495	19944229	1.01185	19950017	1.06809	19938441	70671.6373749926	19944229	874805.554182932	19950017	1699330.5807563	19954993	48638	19960781	901093	19966584	2226246	19954993	0.84575	19960781	1.01198	19966584	1.06707	19954993	57508.720070943	19960781	890425.700112651	19966584	2086316.73648402
168	20041870	58602	20047673	907300	20053492	2043948	20041870	0.84474	20047673	1.0123	20053492	1.06723	20041870	69372.8247744868	20047673	896275.807566927	20053492	1915189.79039195	20058452	59749	20064256	888339	20070074	1807229	20058452	0.84476	20064256	1.01213	20070074	1.06746	20058452	70728.9644396042	20064256	877692.588896683	20070074	1693018.00535851	20075035	48823	20080823	900533	20086610	2215179	20075035	0.84421	20080823	1.01135	20086610	1.06727	20075035	57832.7667286576	20080823	890426.657438078	20086610	2075556.32595313
169	20161881	58528	20167668	906957	20173471	2035083	20161881	0.84541	20167668	1.01195	20173471	1.06669	20161881	69230.3142853763	20167668	896246.850140817	20173471	1907848.57831235	20178448	60126	20184235	884232	20190039	1791872	20178448	0.84523	20184235	1.01176	20190039	1.06618	20178448	71135.6672148409	20184235	873954.297461849	20190039	1680646.79510026	20195015	48886	20200803	901156	20206590	2206479	20195015	0.84518	20200803	1.01124	20206590	1.06686	20195015	57840.9332923164	20200803	891139.590997192	20206590	2068199.20139475
170	20281892	58747	20287695	906437	20293498	2022236	20281892	0.84519	20287695	1.01095	20293498	1.06619	20281892	69507.4480294372	20287695	896619.021712251	20293498	1896693.83505754	20298474	59653	20304262	886161	20310065	1785038	20298474	0.84501	20304262	1.0112	20310065	1.06747	20298474	70594.430835138	20304262	876345.925632912	20310065	1672213.73902779	20315042	49290	20320829	900358	20326632	2195823	20315042	0.8446	20320829	1.0118	20326632	1.06659	20315042	58358.9865024864	20320829	889857.679383277	20326632	2058732.03386493
171	20401903	58869	20407690	902311	20413509	2015921	20401903	0.84397	20407690	1.01173	20413509	1.06786	20401903	69752.4793535315	20407690	891849.604143398	20413509	1887813.94564831	20418485	60273	20424257	884471	20430061	1771123	20418485	0.84479	20424257	1.01136	20430061	1.06636	20418485	71346.7252216527	20424257	874536.26799557	20430061	1660905.3227803	20435037	49156	20440809	898119	20446612	2189387	20435037	0.84459	20440809	1.01166	20446612	1.06687	20435037	58201.0206135521	20440809	887767.629440721	20446612	2052159.11966781
172	20521914	59345	20527701	903440	20533520	2006996	20521914	0.84439	20527701	1.01073	20533520	1.06675	20521914	70281.5049917692	20527701	893849.000227558	20533520	1881411.76470588	20538496	60074	20544268	884637	20550072	1761253	20538496	0.84419	20544268	1.01063	20550072	1.06613	20538496	71161.7053033085	20544268	875332.218517163	20550072	1652005.85294476	20555048	49728	20560836	897840	20566639	2178471	20555048	0.84465	20560836	1.01129	20566639	1.06643	20555048	58874.0898597052	20560836	887816.551137656	20566639	2042769.80204983
173	20641925	58770	20647728	903606	20653531	1997611	20641925	0.84444	20647728	1.01036	20653531	1.06703	20641925	69596.4189285207	20647728	894340.631062196	20653531	1872122.62073231	20658507	60183	20664279	885521	20670083	1750523	20658507	0.84429	20664279	1.01157	20670083	1.06726	20658507	71282.3792772626	20664279	875392.706387101	20670083	1640202.94960928	20675075	49528	20680847	900374	20686650	2169987	20675075	0.84469	20680847	1.0111	20686650	1.06625	20675075	58634.5286436444	20680847	890489.565819405	20686650	2035157.79601407
174	20761936	59317	20767739	903585	20773542	1988231	20761936	0.8444	20767739	1.01146	20773542	1.06648	20761936	70247.5130270014	20767739	893347.240622467	20773542	1864292.81374241	20778518	59964	20784290	885575	20790094	1735830	20778518	0.84441	20784290	1.01204	20790094	1.06567	20778518	71012.8965786762	20784290	875039.524129481	20790094	1628862.59348579	20795086	49900	20800858	899734	20806661	2155449	20795086	0.84387	20800858	1.01122	20806661	1.06605	20795086	59132.3308092479	20800858	889750.993849014	20806661	2021902.34979598
175	20881947	59261	20887734	903160	20893537	1979406	20881947	0.84441	20887734	1.01123	20893537	1.06652	20881947	70180.3626200542	20887734	893130.148433096	20893537	1855948.31789371	20898514	60730	20904286	886914	20910089	1729021	20898514	0.84432	20904286	1.01114	20910089	1.06632	20898514	71927.7051354937	20904286	877142.631089661	20910089	1621484.1698552	20915065	49970	20920853	899621	20926656	2145137	20915065	0.84437	20920853	1.01132	20926656	1.06549	20915065	59180.2172033587	20920853	889551.27951588	20926656	2013286.84455039
176	21001958	59205	21007745	904775	21013564	1969836	21001958	0.84416	21007745	1.01153	21013564	1.0663	21001958	70134.8085670963	21007745	894461.854813995	21013564	1847356.27872081	21018525	60551	21024312	886565	21030116	1719316	21018525	0.84438	21024312	1.01144	21030116	1.06618	21018525	71710.6042303228	21024312	876537.412006644	21030116	1612594.49623891	21035108	50577	21040895	899182	21046698	2138272	21035108	0.8441	21040895	1.01187	21046698	1.06649	21035108	59918.2561307902	21040895	888633.915423918	21046698	2004962.07184315
177	21121969	59696	21127756	904445	21133575	1965004	21121969	0.84495	21127756	1.01122	21133575	1.06622	21121969	70650.33433931	21127756	894409.722908961	21133575	1842962.99075238	21138551	61113	21144323	883935	21150127	1711444	21138551	0.84392	21144323	1.01049	21150127	1.06771	21138551	72415.631813442	21144323	874758.780393671	21150127	1602910.90277322	21155119	50102	21160891	898590	21166678	2127343	21155119	0.84431	21160891	1.01069	21166678	1.06657	21155119	59340.7634636567	21160891	889085.674143407	21166678	1994564.81993681
178	21241980	59320	21247767	903003	21253586	1957103	21241980	0.84535	21247767	1.01154	21253586	1.06681	21241980	70172.1180576093	21247767	892701.227830832	21253586	1834537.54651719	21258562	60831	21264350	885707	21270138	1698591	21258562	0.845	21264350	1.01117	21270138	1.06626	21258562	71989.349112426	21264350	875922.940751802	21270138	1593036.40763041	21275114	50295	21280886	899808	21286689	2122068	21275114	0.8445	21280886	1.01121	21286689	1.06661	21275114	59555.9502664298	21280886	889832.972379624	21286689	1989544.44454862
179	21361991	58918	21367778	903657	21373581	1949937	21361991	0.8447	21367778	1.01153	21373581	1.06731	21361991	69750.2071741447	21367778	893356.598420215	21373581	1826964.04980746	21378558	60990	21384345	883659	21390133	1689501	21378558	0.84533	21384345	1.01158	21390133	1.06622	21378558	72149.3381283049	21384345	873543.367800866	21390133	1584570.72649172	21395109	50297	21400897	899379	21406700	2104111	21395109	0.84524	21400897	1.01128	21406700	1.06628	21395109	59506.1757607307	21400897	889347.163990191	21406700	1973319.39077916
180	21482002	58963	21487789	901987	21493608	1938384	21482002	0.84546	21487789	1.01107	21493608	1.06741	21482002	69740.732855487	21487789	892111.32760343	21493608	1815969.4962573	21498584	61186	21504356	884363	21510160	1681436	21498584	0.84474	21504356	1.01072	21510160	1.06711	21498584	72431.7541492057	21504356	874983.180307108	21510160	1575691.35328129	21515136	50738	21520924	898983	21526727	2095306	21515136	0.84482	21520924	1.01168	21526727	1.06732	21515136	60057.7637840013	21520924	888604.104064526	21526727	1963146.94749466
181	21602013	59490	21607800	903466	21613619	1932592	21602013	0.84433	21607800	1.01156	21613619	1.06762	21602013	70458.2331552829	21607800	893141.286725454	21613619	1810187.14523894	21618580	61065	21624367	886073	21630171	1671103	21618580	0.84421	21624367	1.01137	21630171	1.06654	21618580	72333.8979637768	21624367	876111.610983122	21630171	1566845.12535864	21635147	50952	21640919	899292	21646722	2092836	21635147	0.84471	21640919	1.01089	21646722	1.0682	21635147	60318.9260219484	21640919	889604.210151451	21646722	1959217.3750234
182	21722024	59506	21727811	905953	21733630	1923408	21722024	0.84505	21727811	1.01223	21733630	1.06737	21722024	70417.1350807644	21727811	895007.063612025	21733630	1802006.80176509	21738606	61405	21744394	888801	21750182	1664835	21738606	0.84545	21744394	1.01214	21750182	1.06787	21738606	72629.9603761311	21744394	878140.375837335	21750182	1559024.03850656	21755174	51370	21760961	899017	21766765	2077937	21755174	0.84524	21760961	1.01229	21766765	1.06751	21755174	60775.6376887038	21760961	888102.223671083	21766765	1946526.9646186
183	21842035	59909	21847822	904531	21853641	1910611	21842035	0.84501	21847822	1.01174	21853641	1.06626	21842035	70897.3858297535	21847822	894035.02876233	21853641	1791880.96711871	21858617	61437	21864390	885107	21870193	1646825	21858617	0.84517	21864390	1.01168	21870193	1.0664	21858617	72691.8844729463	21864390	874888.304602246	21870193	1544284.50862716	21875169	51346	21880957	898723	21886760	2064165	21875169	0.84505	21880957	1.0123	21886760	1.06776	21875169	60760.9017217916	21880957	887803.022819322	21886760	1933173.18498539
184	21962046	59742	21967833	903407	21973636	1901590	21962046	0.84508	21967833	1.01207	21973636	1.06768	21962046	70693.8988024802	21967833	892632.920647781	21973636	1781048.62880264	21978613	61134	21984401	884296	21990188	1641580	21978613	0.84465	21984401	1.01149	21990188	1.06863	21978613	72377.9080092346	21984401	874250.857645652	21990188	1536153.76697267	21995165	51321	22000952	898320	22006755	2054986	21995165	0.84598	22000952	1.01261	22006755	1.0681	21995165	60664.5547176056	22000952	887133.249721018	22006755	1923964.04831008
185	22082057	59764	22087844	901725	22093663	1891196	22082057	0.8451	22087844	1.0126	22093663	1.06721	22082057	70718.2581942965	22087844	890504.641516887	22093663	1772093.58982768	22098640	61518	22104412	883927	22110215	1629573	22098640	0.84528	22104412	1.01213	22110215	1.06689	22098640	72778.2509937536	22104412	873333.465068716	22110215	1527404.88710176	22115207	51378	22120994	898138	22126798	2046420	22115207	0.84446	22120994	1.01273	22126798	1.06797	22115207	60841.2476612273	22120994	886848.419618259	22126798	1916177.42071407
186	22202068	59585	22207871	900585	22213674	1888416	22202068	0.84513	22207871	1.01155	22213674	1.06728	22202068	70503.9461384639	22207871	890302.011764124	22213674	1769372.61074882	22218651	62192	22224438	887032	22230226	1624496	22218651	0.8452	22224438	1.01161	22230226	1.06782	22218651	73582.5840037861	22224438	876851.751168929	22230226	1521320.07267142	22235218	51794	22240990	896623	22246793	2036983	22235218	0.8444	22240990	1.01204	22246793	1.06653	22235218	61338.2283278067	22240990	885956.088692147	22246793	1909916.27052216
187	22322079	59481	22327866	900031	22333670	1880083	22322079	0.84417	22327866	1.01167	22333670	1.06749	22322079	70460.9261167774	22327866	889648.798521257	22333670	1761218.37206906	22338646	61756	22344418	884043	22350221	1616516	22338646	0.84413	22344418	1.0115	22350221	1.06766	22338646	73159.3474938694	22344418	873992.090954029	22350221	1514073.7688028	22355198	52019	22360985	900280	22366788	2026327	22355198	0.8443	22360985	1.01146	22366788	1.0663	22355198	61611.9862608078	22360985	890079.686789394	22366788	1900334.80258839
188	22442090	59881	22447877	900576	22453696	1869594	22442090	0.84489	22447877	1.01126	22453696	1.06723	22442090	70874.3149995858	22447877	890548.424737456	22453696	1751819.19548738	22458657	61582	22464445	884814	22470248	1603288	22458657	0.8449	22464445	1.01154	22470248	1.06774	22458657	72886.7321576518	22464445	874719.734266564	22470248	1501571.54363422	22475224	51541	22481012	895232	22486815	2009577	22475224	0.84523	22481012	1.01229	22486815	1.06727	22475224	60978.6685280929	22481012	884363.176560077	22486815	1882913.41459987
189	22562101	60359	22567904	901284	22573707	1859639	22562101	0.84489	22567904	1.01185	22573707	1.06695	22562101	71440.0691214241	22567904	890728.862973761	22573707	1742948.59178031	22578684	62098	22584456	882187	22590259	1597898	22578684	0.84447	22584456	1.0114	22590259	1.06696	22578684	73534.8798654778	22584456	872243.424955507	22590259	1497617.5301792	22595235	52278	22601023	897447	22606810	2004002	22595235	0.84506	22601023	1.01173	22606810	1.06773	22595235	61863.0629777767	22601023	887041.99737084	22606810	1876880.85939329
190	22682112	59984	22687899	900525	22693718	1852015	22682112	0.84508	22687899	1.01069	22693718	1.0668	22682112	70980.2622236948	22687899	891000.207778844	22693718	1736047.05661792	22698679	62152	22704467	884223	22710254	1585859	22698679	0.84419	22704467	1.01113	22710254	1.06671	22698679	73623.2364752011	22704467	874489.927111252	22710254	1486682.41602685	22715246	52132	22721018	898907	22726821	1992637	22715246	0.84495	22721018	1.01163	22726821	1.06748	22715246	61698.325344695	22721018	888572.8972055	22726821	1866673.84869037
191	22802123	60089	22807910	902207	22813714	1842290	22802123	0.84502	22807910	1.01191	22813714	1.0676	22802123	71109.5595370524	22807910	891588.184719985	22813714	1725636.94267516	22818690	62345	22824478	884675	22830281	1578062	22818690	0.84499	22824478	1.01099	22830281	1.06764	22818690	73781.9382477899	22824478	875058.111356196	22830281	1478084.37300963	22835257	52565	22841045	897707	22846848	1983310	22835257	0.84459	22841045	1.01189	22846848	1.06642	22835257	62237.2985709042	22841045	887158.683256085	22846848	1859783.19986497
192	22922134	60277	22927921	899226	22933725	1833462	22922134	0.84407	22927921	1.01091	22933725	1.06671	22922134	71412.3236224484	22927921	889521.322372912	22933725	1718800.79871755	22938701	62041	22944489	884486	22950292	1565341	22938701	0.84493	22944489	1.01153	22950292	1.06622	22938701	73427.3845170606	22944489	874404.120490742	22950292	1468121.96357225	22955268	52721	22961056	898953	22966843	1972494	22955268	0.84472	22961056	1.01115	22966843	1.06753	22955268	62412.3970072924	22961056	889040.201750482	22966843	1847717.6285444
193	23042145	59890	23047932	900924	23053720	1824950	23042145	0.84495	23047932	1.01197	23053720	1.06707	23042145	70879.933723889	23047932	890267.498048361	23053720	1710243.93901056	23058696	62425	23064484	885614	23070272	1558206	23058696	0.84458	23064484	1.01206	23070272	1.06752	23058696	73912.4772076062	23064484	875060.767148193	23070272	1459650.40467626	23075264	52535	23081051	898494	23086854	1957792	23075264	0.84472	23081051	1.01148	23086854	1.06687	23075264	62192.2057012975	23081051	888296.357812315	23086854	1835080.18783919
194	23162156	60527	23167943	897517	23173762	1815015	23162156	0.84454	23167943	1.01067	23173762	1.06755	23162156	71668.6006583466	23167943	888041.596168878	23173762	1700168.61036954	23178723	62582	23184511	883820	23190314	1550084	23178723	0.84457	23184511	1.01097	23190314	1.06711	23178723	74099.2457700368	23184511	874229.700188928	23190314	1452600.01311955	23195290	52844	23201078	898817	23206865	1951908	23195290	0.84453	23201078	1.01184	23206865	1.06675	23195290	62572.0815127941	23201078	888299.533523087	23206865	1829770.79915632
195	23282167	60681	23287970	898112	23293789	1811042	23282167	0.84502	23287970	1.01188	23293789	1.06826	23282167	71810.1346713687	23287970	887567.695774203	23293789	1695319.49150956	23298765	62595	23304553	884380	23310340	1541626	23298765	0.84505	23304553	1.01151	23310340	1.06696	23298765	74072.5400863854	23304553	874316.615752687	23310340	1444877.0338157	23315317	53119	23321104	898307	23326892	1937894	23315317	0.8452	23321104	1.01202	23326892	1.06738	23315317	62847.8466635116	23321104	887637.596094939	23326892	1815561.4682681
196	23402178	60204	23407965	899889	23413784	1802103	23402178	0.84476	23407965	1.01206	23413784	1.06796	23402178	71267.578957337	23407965	889165.662114894	23413784	1687425.5590097	23418761	62359	23424533	886942	23430336	1536707	23418761	0.84543	23424533	1.01229	23430336	1.06888	23418761	73760.0984114593	23424533	876173.823706645	23430336	1437679.62727341	23435312	53050	23441100	898961	23446903	1928663	23435312	0.84553	23441100	1.01192	23446903	1.06796	23435312	62741.7122987948	23441100	888371.610403985	23446903	1805931.87010749
197	23522189	60881	23527976	899587	23533780	1793881	23522189	0.84536	23527976	1.01158	23533780	1.06751	23522189	72017.8385539888	23527976	889289.032997885	23533780	1680434.8437017	23538756	62500	23544544	883861	23550331	1524396	23538756	0.84463	23544544	1.01128	23550331	1.06739	23538756	73996.8980500337	23544544	874002.254568468	23550331	1428152.78389342	23555323	53431	23561111	897801	23566914	1919174	23555323	0.84577	23561111	1.01256	23566914	1.06779	23555323	63174.3854712274	23561111	886664.493955914	23566914	1797332.80888564
198	23642200	61257	23647987	900562	23653791	1783969	23642200	0.84578	23647987	1.0121	23653791	1.06775	23642200	72426.6357681667	23647987	889795.474755459	23653791	1670774.05759775	23658767	62667	23664555	883383	23670358	1520235	23658767	0.84564	23664555	1.01129	23670358	1.06861	23658767	74106.0025542784	23664555	873520.948491531	23670358	1422628.46127212	23675334	53952	23681122	897518	23686925	1904028	23675334	0.84498	23681122	1.0119	23686925	1.06767	23675334	63850.031953419	23681122	886963.138650064	23686925	1783348.78754671
199	23762211	60392	23767998	898869	23773802	1777024	23762211	0.84519	23767998	1.01238	23773802	1.06785	23762211	71453.7559601983	23767998	887877.081728205	23773802	1664113.8736714	23778778	62991	23784566	886383	23790369	1510901	23778778	0.84536	23784566	1.01287	23790369	1.06862	23778778	74513.8165988455	23784566	875120.20298755	23790369	1413880.51879995	23795345	53206	23801133	896741	23806936	1896358	23795345	0.84498	23801133	1.0122	23806936	1.06851	23795345	62967.1708206111	23801133	885932.62201146	23806936	1774768.60300793
200	23882222	60605	23888009	900306	23893828	1767570	23882222	0.84482	23888009	1.01276	23893828	1.06763	23882222	71737.174782794	23888009	888962.834235159	23893828	1655601.65975104	23898805	62573	23904592	883814	23910395	1502456	23898805	0.84478	23904592	1.01222	23910395	1.06748	23898805	74070.1721158171	23904592	873144.178143092	23910395	1407479.29703601	23915372	53698	23921160	899108	23926978	1885018	23915372	0.84571	23921160	1.01308	23926978	1.06775	23915372	63494.5785198236	23921160	887499.506455561	23926978	1765411.37906813
201	24002233	61120	24008020	899394	24013824	1760258	24002233	0.84545	24008020	1.01193	24013824	1.06793	24002233	72292.8617895795	24008020	888790.726631289	24013824	1648289.68190799	24018800	63141	24024588	885714	24030375	1493725	24018800	0.84543	24024588	1.01183	24030375	1.06776	24018800	74685.0715020759	24024588	875358.508840418	24030375	1398933.28088709	24035352	54295	24041139	899913	24046943	1874781	24035352	0.84578	24041139	1.01205	24046943	1.06816	24035352	64195.1807798718	24041139	889198.162146139	24046943	1755149.97753146
202	24122244	60653	24128031	899469	24133835	1750675	24122244	0.8453	24128031	1.01122	24133835	1.06755	24122244	71753.2237075594	24128031	889488.934158739	24133835	1639899.77050255	24138811	63683	24144599	884288	24150402	1483001	24138811	0.84491	24144599	1.01174	24150402	1.06706	24138811	75372.5248843072	24144599	874026.923913258	24150402	1389800.94840028	24155378	53820	24161166	897660	24166969	1861338	24155378	0.84547	24161166	1.01222	24166969	1.06701	24155378	63656.90089536	24161166	886823.022663058	24166969	1744442.88244721
203	24242255	60497	24248042	899339	24253846	1742371	24242255	0.84518	24248042	1.0111	24253846	1.06754	24242255	71578.8352776923	24248042	889465.928197013	24253846	1632136.50074002	24258822	63452	24264610	884049	24270413	1479170	24258822	0.84533	24264610	1.01112	24270413	1.06741	24258822	75061.8101806395	24264610	874326.489437456	24270413	1385756.17616474	24275374	54359	24281161	896849	24286965	1850164	24275374	0.84505	24281161	1.01127	24286965	1.06758	24275374	64326.3712206378	24281161	886854.153687937	24286965	1733044.830364
204	24362266	60262	24368054	899157	24373872	1732579	24362266	0.84548	24368054	1.01165	24373872	1.06657	24362266	71275.4884799167	24368054	888802.451440716	24373872	1624440.02737748	24378833	63113	24384621	884508	24390424	1469840	24378833	0.84462	24384621	1.01115	24390424	1.06666	24378833	74723.544315787	24384621	874754.487464768	24390424	1377983.61239758	24395416	54368	24401188	900125	24406991	1843110	24395416	0.84418	24401188	1.01118	24406991	1.06641	24395416	64403.3263048165	24401188	890172.867343104	24406991	1728331.50476834
205	24482277	61208	24488049	900996	24493852	1729615	24482277	0.8463	24488049	1.01279	24493852	1.06718	24482277	72324.2349048801	24488049	889617.788485273	24493852	1620734.08422197	24498829	63481	24504616	886088	24510404	1464509	24498829	0.84565	24504616	1.01189	24510404	1.06703	24498829	75067.6994028262	24504616	875676.209864709	24510404	1372509.67639148	24515380	54614	24521183	898302	24526987	1833319	24515380	0.84559	24521183	1.01172	24526987	1.06801	24515380	64586.8565143864	24521183	887895.860514767	24526987	1716574.75117274
206	24602288	61161	24608076	899458	24613879	1721680	24602288	0.84446	24608076	1.01155	24613879	1.06694	24602288	72426.1658337873	24608076	889187.87998616	24613879	1613661.49924082	24618855	63869	24624643	887352	24630446	1455437	24618855	0.84496	24624643	1.01173	24630446	1.06739	24618855	75588.1935239538	24624643	877064.038824588	24630446	1363547.53182998	24635438	54812	24641210	899590	24647091	1822134	24635438	0.84447	24641210	1.01173	24647091	1.06849	24635438	64906.9830781437	24641210	889160.151423799	24647091	1705335.56701513
207	24722299	61234	24728087	897872	24733905	1712532	24722299	0.84503	24728087	1.01198	24733905	1.06764	24722299	72463.6995136267	24728087	887242.830885986	24733905	1604035.06800045	24738882	64029	24744654	884379	24750457	1444882	24738882	0.84496	24744654	1.01147	24750457	1.06773	24738882	75777.5516000757	24744654	874350.203169644	24750457	1353227.87596115	24755433	54505	24761221	897733	24767009	1810244	24755433	0.84598	24761221	1.01248	24767009	1.06792	24755433	64428.2370741625	24761221	886667.390960809	24767009	1695111.99340775
208	24842310	61112	24848098	899430	24853901	1701988	24842310	0.84589	24848098	1.01231	24853901	1.0684	24842310	72245.8002813605	24848098	888492.65541188	24853901	1593025.08423811	24858877	63653	24864665	885073	24870452	1441235	24858877	0.84526	24864665	1.01189	24870452	1.06834	24858877	75305.8230603601	24864665	874673.136408108	24870452	1349041.50364116	24875444	54799	24881232	899227	24887035	1800497	24875444	0.84618	24881232	1.0125	24887035	1.06791	24875444	64760.4528587298	24881232	888125.432098766	24887035	1686000.69294229
209	24962321	61782	24968109	899006	24973912	1694720	24962321	0.84525	24968109	1.01178	24973912	1.06782	24962321	73093.1677018634	24968109	888539.010456819	24973912	1587083.96546234	24978888	63563	24984676	884033	24990479	1435644	24978888	0.84608	24984676	1.01199	24990479	1.06832	24978888	75126.4655824508	24984676	873559.027263115	24990479	1343833.30837202	24995471	54999	25001259	897915	25007046	1789786	24995471	0.84537	25001259	1.01206	25007046	1.06745	24995471	65059.0865538167	25001259	887215.184870462	25007046	1676693.05353881
210	25082332	61446	25088120	900547	25093923	1690547	25082332	0.84498	25088120	1.01198	25093923	1.06865	25082332	72718.8809202585	25088120	889886.163758177	25093923	1581946.38094793	25098899	64013	25104687	884889	25110490	1426367	25098899	0.84507	25104687	1.01167	25110490	1.06727	25098899	75748.7545410439	25104687	874681.467276879	25110490	1336463.12554461	25115466	54923	25121238	899027	25127042	1780999	25115466	0.84518	25121238	1.01171	25127042	1.06735	25115466	64983.7904351736	25121238	888621.245218492	25127042	1668617.60434722
211	25202343	61000	25208131	899169	25213934	1682448	25202343	0.84564	25208131	1.0122	25213934	1.06919	25202343	72134.7145357362	25208131	888331.357439241	25213934	1573572.51751326	25218910	64075	25224682	884607	25230485	1419102	25218910	0.84574	25224682	1.01211	25230485	1.06842	25218910	75762.0545321257	25224682	874022.586477755	25230485	1328224.85539395	25235477	55581	25241265	898745	25247068	1771043	25235477	0.84533	25241265	1.01214	25247068	1.0688	25235477	65750.6535909053	25241265	887965.103641789	25247068	1657038.73502994
212	25322354	61530	25328157	899493	25333960	1674441	25322354	0.84589	25328157	1.01274	25333960	1.06799	25322354	72739.9543675892	25328157	888177.617157415	25333960	1567843.3318664	25338937	63953	25344709	887171	25350512	1412294	25338937	0.84624	25344709	1.01254	25350512	1.06756	25338937	75573.1234637928	25344709	876183.656941948	25350512	1322917.68144179	25355504	55296	25361276	898465	25367079	1757091	25355504	0.8454	25361276	1.01255	25367079	1.06814	25355504	65408.0908445706	25361276	887329.020789097	25367079	1645000.65534481
213	25442365	62074	25448153	898467	25453956	1664041	25442365	0.84596	25448153	1.01192	25453956	1.06801	25442365	73376.9918199442	25448153	887883.42952012	25453956	1558076.23524124	25458932	63885	25464720	886586	25470523	1404498	25458932	0.84574	25464720	1.01239	25470523	1.06834	25458932	75537.3992007	25464720	875735.635476447	25470523	1314654.51073628	25475499	55518	25481271	899144	25487075	1749556	25475499	0.84486	25481271	1.01179	25487075	1.06785	25475499	65712.6624529508	25481271	888666.620543789	25487075	1638391.15980709
214	25562376	62187	25568164	899485	25573967	1661007	25562376	0.84592	25568164	1.01251	25573967	1.06862	25562376	73514.0438812181	25568164	888371.472874342	25573967	1554347.66334151	25578943	64104	25584715	887261	25590518	1399528	25578943	0.84504	25584715	1.01265	25590518	1.06775	25578943	75859.1309287134	25584715	876177.356441021	25590518	1310726.29360805	25595495	54993	25601282	897593	25607086	1741718	25595495	0.8451	25601282	1.01291	25607086	1.06773	25595495	65072.7724529641	25601282	886152.767768114	25607086	1631234.48811966
215	25682387	61694	25688175	899551	25693993	1651449	25682387	0.84531	25688175	1.01188	25693993	1.06803	25682387	72983.875737895	25688175	888989.801162193	25693993	1546257.12760877	25698954	64369	25704742	887504	25710545	1391590	25698954	0.84473	25704742	1.01222	25710545	1.06763	25698954	76200.6795070614	25704742	876789.630712691	25710545	1303438.45714339	25715521	55610	25721293	898904	25727097	1729304	25715521	0.84503	25721293	1.01175	25727097	1.06729	25715521	65808.3144977101	25721293	888464.54163578	25727097	1620275.6514162
216	25802398	61260	25808186	898021	25814004	1641763	25802398	0.84514	25808186	1.01211	25814004	1.0678	25802398	72485.0320656933	25808186	887276.086591379	25814004	1537519.19835175	25818981	64587	25824768	886101	25830556	1384523	25818981	0.84496	25824768	1.01245	25830556	1.06851	25818981	76437.937890551	25824768	875204.701466739	25830556	1295751.09264303	25835548	55692	25841336	897385	25847123	1719095	25835548	0.84534	25841336	1.01196	25847123	1.06827	25835548	65881.1839023352	25841336	886779.121704415	25847123	1609232.68462093
217	25922409	61358	25928197	898378	25934015	1634041	25922409	0.8459	25928197	1.01176	25934015	1.06807	25922409	72535.7607282185	25928197	887935.874120345	25934015	1529900.66194163	25938976	64371	25944764	884697	25950567	1379255	25938976	0.84514	25944764	1.01213	25950567	1.06819	25938976	76166.0789928296	25944764	874094.236906326	25950567	1291207.55670808	25955543	55615	25961331	898445	25967134	1710786	25955543	0.84577	25961331	1.01248	25967134	1.0675	25955543	65756.6477884058	25961331	887370.614728192	25967134	1602609.83606557
218	26042420	61750	26048208	899277	26054026	1622201	26042420	0.84539	26048208	1.01253	26054026	1.06768	26042420	73043.2108257727	26048208	888148.499303724	26054026	1519370.03596583	26058987	64749	26064790	886085	26070578	1375367	26058987	0.84461	26064790	1.01202	26070578	1.06688	26058987	76661.4176957412	26064790	875560.759668781	26070578	1289148.73275345	26075554	56037	26081342	898378	26087145	1698302	26075554	0.84558	26081342	1.0115	26087145	1.06738	26075554	66270.4888951962	26081342	888164.112703905	26087145	1591094.08083344
219	26162431	62132	26168219	899815	26174022	1620244	26162431	0.84506	26168219	1.01166	26174022	1.0682	26162431	73523.7734598727	26168219	889444.082003835	26174022	1516798.35236847	26178998	64980	26184786	887347	26190589	1369298	26178998	0.84536	26184786	1.01193	26190589	1.06845	26178998	76866.6603577174	26184786	876885.752967102	26190589	1281574.24306238	26195566	56203	26201353	898595	26207156	1687038	26195566	0.84523	26201353	1.01255	26207156	1.06763	26195566	66494.3269879204	26201353	887457.409510642	26207156	1580171.03303579
220	26282442	61390	26288214	897085	26294033	1614196	26282442	0.84452	26288214	1.01181	26294033	1.06817	26282442	72692.1801733529	26288214	886614.087625147	26294033	1511178.93219244	26299009	64499	26304781	884482	26310585	1360130	26299009	0.84522	26304781	1.01092	26310585	1.06811	26299009	76310.3097418424	26304781	874927.788549045	26310585	1273398.80723895	26315561	56500	26321349	899155	26327152	1679039	26315561	0.84526	26321349	1.01159	26327152	1.06859	26315561	66843.3381444763	26321349	888853.191510395	26327152	1571265.87372145
221	26402453	61634	26408241	900142	26414044	1604181	26402453	0.84568	26408241	1.01196	26414044	1.06883	26402453	72880.9951754801	26408241	889503.537689237	26414044	1500875.72392242	26419036	65070	26424808	887202	26430611	1351944	26419036	0.84481	26424808	1.01185	26430611	1.06707	26419036	77023.2359938921	26424808	876811.780402234	26430611	1266968.42756333	26435634	55983	26441422	897229	26447241	1667026	26435634	0.84451	26441422	1.01167	26447241	1.06796	26435634	66290.5116576476	26441422	886879.120661876	26447241	1560944.23012098
222	26522464	61688	26528252	895891	26534055	1593400	26522464	0.84501	26528252	1.01245	26534055	1.06782	26522464	73002.6863587413	26528252	884874.314780977	26534055	1492199.05976663	26539031	65072	26544819	887982	26550607	1347642	26539031	0.84563	26544819	1.0127	26550607	1.06815	26539031	76950.9123375472	26544819	876846.055100227	26550607	1261659.87923045	26555599	56792	26561386	899170	26567174	1661807	26555599	0.84475	26561386	1.01176	26567174	1.06829	26555599	67229.3577981651	26561386	888718.668458923	26567174	1555576.66925648
223	26642475	61580	26648263	899486	26654082	1589664	26642475	0.84518	26648263	1.01251	26654082	1.06796	26642475	72860.2191249201	26648263	888372.460518909	26654082	1488505.1874602	26659058	65311	26664846	886717	26670633	1343027	26659058	0.84567	26664846	1.01192	26670633	1.06838	26659058	77229.8887272813	26664846	876271.83967112	26670633	1257068.64598738	26675625	56634	26681413	897727	26687216	1651985	26675625	0.8453	26681413	1.01157	26687216	1.06839	26675625	66998.6986868567	26681413	887459.098233439	26687216	1546237.79705913
224	26762486	61841	26768274	900840	26774077	1583038	26762486	0.84538	26768274	1.01255	26774077	1.06859	26762486	73151.7187536966	26768274	889674.583971162	26774077	1481426.92707212	26779053	65122	26784841	887107	26790629	1337147	26779053	0.84501	26784841	1.01167	26790629	1.06851	26779053	77066.5435912001	26784841	876873.881799401	26790629	1251412.71490206	26795636	56889	26801408	899902	26807211	1642130	26795636	0.84553	26801408	1.01166	26807211	1.06831	26795636	67282.05977316	26801408	889530.079275646	26807211	1537128.73604104
225	26882497	62068	26888285	898990	26894088	1576935	26882497	0.84493	26888285	1.01217	26894088	1.06849	26882497	73459.3398269679	26888285	888180.839187093	26894088	1475853.77495344	26899064	65489	26904852	887167	26910640	1332431	26899064	0.8447	26904852	1.01225	26910640	1.06865	26899064	77529.3003433172	26904852	876430.723635466	26910640	1246835.72731952	26915616	56630	26921404	898829	26927207	1632249	26915616	0.84478	26921404	1.01227	26927207	1.06869	26915616	67035.2044319231	26921404	887934.049216118	26927207	1527336.27150998
226	27002508	62023	27008296	895959	27014115	1570943	27002508	0.84584	27008296	1.01198	27014115	1.06816	27002508	73327.1067814244	27008296	885352.477321686	27014115	1470700.08238466	27019091	65292	27024879	884861	27030682	1324531	27019091	0.8453	27024879	1.01244	27030682	1.06793	27019091	77241.216136283	27024879	873988.58203943	27030682	1240278.85722847	27035658	56862	27041446	900091	27047249	1624140	27035658	0.84551	27041446	1.01285	27047249	1.06902	27035658	67251.7178980734	27041446	888671.57032137	27047249	1519279.33995622
227	27122519	62172	27128307	896453	27134126	1562811	27122519	0.84488	27128307	1.01173	27134126	1.0683	27122519	73586.781554777	27128307	886059.521809178	27134126	1462895.25414209	27139102	65072	27144890	885952	27150677	1317497	27139102	0.8456	27144890	1.01198	27150677	1.06793	27139102	76953.642384106	27144890	875463.941975138	27150677	1233692.28320208	27155654	56926	27161441	900559	27167244	1614868	27155654	0.84474	27161441	1.01192	27167244	1.06835	27155654	67388.7823472311	27161441	889950.786623449	27167244	1511553.32990125
228	27242530	62161	27248318	900549	27254121	1555691	27242530	0.84572	27248318	1.01202	27254121	1.06843	27242530	73500.685806177	27248318	889852.967332662	27254121	1456053.27443071	27259097	65308	27264885	890247	27270673	1317492	27259097	0.84518	27264885	1.0125	27270673	1.06858	27259097	77271.1138455714	27264885	879256.296296297	27270673	1232937.16895319	27275665	57115	27281437	899315	27287240	1601865	27275665	0.84511	27281437	1.01204	27287240	1.06784	27275665	67582.9181999976	27281437	888616.062606221	27287240	1500098.32933773
229	27362541	62313	27368329	900347	27374132	1552386	27362541	0.84538	27368329	1.01207	27374132	1.06864	27362541	73710.0475525799	27368329	889609.414368571	27374132	1452674.42730948	27379108	65686	27384896	886856	27390699	1311022	27379108	0.84548	27384896	1.01217	27390699	1.06741	27379108	77690.7792023466	27384896	876192.734422083	27390699	1228227.2041671	27395676	57277	27401463	900516	27407266	1597250	27395676	0.84549	27401463	1.01203	27407266	1.06674	27395676	67744.1483636708	27401463	889811.566850785	27407266	1497318.93432327
230	27482552	62443	27488340	898471	27494159	1541502	27482552	0.84498	27488340	1.01213	27494159	1.06811	27482552	73898.7905039173	27488340	887703.16066118	27494159	1443205.28784489	27499135	65676	27504907	887975	27510710	1302326	27499135	0.84482	27504907	1.01184	27510710	1.06775	27499135	77739.6368457186	27504907	877584.400695762	27510710	1219691.87543901	27515687	57209	27521474	899741	27527277	1587166	27515687	0.84433	27521474	1.01246	27527277	1.0686	27515687	67756.6828135918	27521474	888668.194299034	27527277	1485276.06213738
231	27602563	62324	27608351	898667	27614170	1535762	27602563	0.84489	27608351	1.01141	27614170	1.06861	27602563	73765.8156683119	27608351	888528.885417387	27614170	1437158.55176351	27619146	65347	27624918	886412	27630721	1298604	27619146	0.84523	27624918	1.01144	27630721	1.06822	27619146	77312.6841214817	27624918	876386.142529463	27630721	1215670.92920934	27635698	57229	27641485	897837	27647304	1576261	27635698	0.84482	27641485	1.0117	27647304	1.06773	27635698	67741.0572666367	27641485	887453.790649402	27647304	1476273.02782539
232	27722574	62150	27728362	897662	27734165	1524677	27722574	0.84442	27728362	1.01202	27734165	1.06751	27722574	73600.8147604273	27728362	887000.256911919	27734165	1428255.47301665	27739157	65872	27744929	888098	27750732	1293227	27739157	0.84552	27744929	1.01185	27750732	1.0688	27739157	77907.0867631753	27744929	877697.287147305	27750732	1209980.35179641	27755709	57403	27761496	899622	27767299	1568402	27755709	0.84547	27761496	1.01297	27767299	1.06867	27755709	67894.7804179924	27761496	888103.300196452	27767299	1467620.50024797
233	27842585	62418	27848373	897987	27854176	1521912	27842585	0.84529	27848373	1.01234	27854176	1.0681	27842585	73842.1133575459	27848373	887040.915107573	27854176	1424877.8204288	27859152	66482	27864940	889454	27870743	1286628	27859152	0.84454	27864940	1.01207	27870743	1.06821	27859152	78719.7764463495	27864940	878846.324858952	27870743	1204471.03097706	27875720	57145	27881492	901494	27887295	1560332	27875720	0.8453	27881492	1.0121	27887295	1.06887	27875720	67603.2177924997	27881492	890716.332378224	27887295	1459795.85917839
234	27962596	62454	27968368	897492	27974187	1514302	27962596	0.84568	27968368	1.01216	27974187	1.06731	27962596	73850.6290795573	27968368	886709.611128675	27974187	1418802.40979659	27979163	65227	27984967	887590	27990754	1281818	27979163	0.84548	27984967	1.01169	27990754	1.06755	27979163	77147.8923215215	27984967	877333.965938183	27990754	1200710.03700061	27995746	57433	28001534	897666	28007337	1551645	27995746	0.84554	28001534	1.01164	28007337	1.06865	27995746	67924.6398751094	28001534	887337.392748408	28007337	1451967.43554953
235	28082607	62305	28088395	898283	28094198	1508120	28082607	0.84471	28088395	1.01184	28094198	1.06784	28082607	73759.0415645606	28088395	887771.782099937	28094198	1412308.96014384	28099174	66044	28104962	889471	28110750	1278956	28099174	0.84548	28104962	1.01243	28110750	1.06905	28099174	78114.2073141884	28104962	878550.615845046	28110750	1196348.15958094	28115742	57558	28121529	899909	28127333	1541279	28115742	0.84456	28121529	1.01166	28127333	1.06838	28115742	68151.4634839443	28121529	889536.998596366	28127333	1442631.83511485
236	28202618	62509	28208406	897127	28214209	1503512	28202618	0.84511	28208406	1.01142	28214209	1.06799	28202618	73965.5192815137	28208406	886997.488679283	28214209	1407795.95314563	28219185	66146	28224973	887723	28230776	1271630	28219185	0.84512	28224973	1.0122	28230776	1.06791	28219185	78268.1749337372	28224973	877023.315550287	28230776	1190765.1393844	28235737	57902	28241525	898178	28247328	1532168	28235737	0.84432	28241525	1.01169	28247328	1.06771	28235737	68578.2641652454	28241525	887799.622413981	28247328	1435003.8868232
237	28322629	62412	28328417	898269	28334220	1494467	28322629	0.84485	28328417	1.01138	28334220	1.06781	28322629	73873.4686630763	28328417	888161.719630604	28334220	1399562.6562778	28339212	65864	28345000	888027	28350803	1268707	28339212	0.84474	28345000	1.01089	28350803	1.06775	28339212	77969.5527617965	28345000	878460.564453106	28350803	1188206.04073987	28355779	57788	28361551	901040	28367370	1527634	28355779	0.84492	28361551	1.01185	28367370	1.06814	28355779	68394.6409127491	28361551	890487.720511934	28367370	1430181.4368903
238	28442640	62928	28448428	898972	28454231	1489081	28442640	0.84443	28448428	1.01146	28454231	1.06798	28442640	74521.2747060147	28448428	888786.506633975	28454231	1394296.70967621	28459223	66412	28465011	887577	28470814	1262268	28459223	0.84452	28465011	1.01239	28470814	1.06849	28459223	78638.7533746981	28465011	876714.507255109	28470814	1181356.86810359	28475790	57516	28481578	898566	28487381	1517983	28475790	0.84515	28481578	1.01202	28487381	1.06751	28475790	68054.1915636278	28481578	887893.519890911	28487381	1421984.80576294
239	28562651	62816	28568439	898467	28574242	1482933	28562651	0.84515	28568439	1.01238	28574242	1.06723	28562651	74325.2677039579	28568439	887479.997629349	28574242	1389515.84944201	28579218	66435	28584991	889178	28590794	1255566	28579218	0.84473	28584991	1.0121	28590794	1.06679	28579218	78646.4314041173	28584991	878547.574350361	28590794	1176957.03934233	28595770	58247	28601558	901264	28607361	1509820	28595770	0.84415	28601558	1.01251	28607361	1.06836	28595770	69000.7700053308	28601558	890128.492558098	28607361	1413212.77472013
240	28682662	62287	28688434	896821	28694253	1477986	28682662	0.84516	28688434	1.01132	28694253	1.06886	28682662	73698.471295376	28688434	886782.620733299	28694253	1382768.55715435	28699214	66739	28705002	887876	28710805	1253087	28699214	0.84485	28705002	1.0118	28710805	1.06922	28699214	78995.0878854234	28705002	877521.249258747	28710805	1171963.67445428	28715797	57787	28721584	900517	28727388	1500121	28715797	0.84517	28721584	1.01255	28727388	1.06833	28715797	68373.2266881219	28721584	889355.587378401	28727388	1404173.80397443
241	28802673	62976	28808461	897075	28814264	1470855	28802673	0.84577	28808461	1.01231	28814264	1.06826	28802673	74459.9595634747	28808461	886166.292933983	28814264	1376869.86314193	28819241	66875	28825028	888773	28830816	1249056	28819241	0.84514	28825028	1.01209	28830816	1.06785	28819241	79128.901720425	28825028	878156.092837594	28830816	1169692.37252423	28835808	58114	28841595	898667	28847399	1490917	28835808	0.84523	28841595	1.01265	28847399	1.06823	28835808	68755.2500502822	28841595	887440.872957093	28847399	1395689.13061794
242	28922684	62775	28928456	898148	28934275	1466215	28922684	0.8456	28928456	1.01194	28934275	1.06871	28922684	74237.2280037843	28928456	887550.645295176	28934275	1371948.42380066	28939267	66565	28945039	888223	28950827	1244312	28939267	0.84505	28945039	1.01181	28950827	1.06789	28939267	78770.4869534347	28945039	877855.526235163	28950827	1165206.15419191	28955803	58554	28961591	900248	28967394	1483728	28955803	0.84461	28961591	1.01169	28967394	1.06809	28955803	69326.6714815122	28961591	889845.703723473	28967394	1389141.36449176
243	29042695	62861	29048483	897756	29054286	1462079	29042695	0.84495	29048483	1.0114	29054286	1.06788	29042695	74396.1181134979	29048483	887636.938896579	29054286	1369141.66385736	29059278	66545	29065066	891697	29070885	1240860	29059278	0.84491	29065066	1.01148	29070885	1.06752	29059278	78759.8679149259	29065066	881576.501759798	29070885	1162376.34892086	29075861	58734	29081633	901596	29087436	1476703	29075861	0.84423	29081633	1.01131	29087436	1.06764	29075861	69571.088447461	29081633	891512.988104538	29087436	1383146.94091641
244	29162706	63160	29168494	898239	29174297	1453157	29162706	0.84436	29168494	1.01186	29174297	1.06826	29162706	74802.2170638117	29168494	887710.750499081	29174297	1360302.73528916	29179274	67091	29185061	887372	29190864	1234132	29179274	0.8442	29185061	1.01134	29190864	1.06835	29179274	79472.8737266051	29185061	877422.034132933	29190864	1155175.73828801	29195825	58384	29201613	900425	29207416	1467994	29195825	0.84436	29201613	1.01178	29207416	1.06765	29195825	69145.8619546165	29201613	889941.489256558	29207416	1374976.81824568
245	29282717	63057	29288505	898850	29294308	1443383	29282717	0.84506	29288505	1.01074	29294308	1.06684	29282717	74618.3702932336	29288505	889298.9294972	29294308	1352951.70784748	29299285	66826	29305072	890008	29310860	1230951	29299285	0.8446	29305072	1.01171	29310860	1.06726	29299285	79121.4776225432	29305072	879706.63530063	29310860	1153374.99765755	29315836	58503	29321624	900360	29327427	1458142	29315836	0.84467	29321624	1.01182	29327427	1.06725	29315836	69261.3683450342	29321624	889842.06677077	29327427	1366260.9510424
246	29402728	62635	29408516	897729	29414319	1438084	29402728	0.84515	29408516	1.01181	29414319	1.0672	29402728	74111.104537656	29408516	887250.570759332	29414319	1347529.9850075	29419296	66991	29425083	889379	29430886	1226990	29419296	0.84544	29425083	1.01222	29430886	1.0683	29419296	79238.0299015897	29425083	878641.99482326	29430886	1148544.41636244	29435863	58934	29441650	902529	29447454	1453666	29435863	0.84581	29441650	1.01221	29447454	1.0689	29435863	69677.5871649661	29441650	891642.05056263	29447454	1359964.449434
247	29522739	62958	29528527	897446	29534330	1437100	29522739	0.84508	29528527	1.0113	29534330	1.06923	29522739	74499.4556728357	29528527	887418.174626718	29534330	1344051.32665563	29539307	67175	29545094	891634	29550897	1223626	29539307	0.84534	29545094	1.01261	29550897	1.06785	29539307	79465.0673101947	29545094	880530.510265551	29550897	1145878.16640914	29555889	59147	29561661	901168	29567465	1449608	29555889	0.84506	29561661	1.01244	29567465	1.06842	29555889	69991.4798949187	29561661	890095.215518945	29567465	1356777.29731753
248	29642750	62960	29648538	898588	29654341	1430815	29642750	0.8456	29648538	1.01094	29654341	1.06772	29642750	74456.0075685904	29648538	888863.829703049	29654341	1340065.74757427	29659318	66977	29665105	890657	29670908	1218027	29659318	0.84496	29665105	1.01146	29670908	1.06822	29659318	79266.4741526226	29665105	880565.716884504	29670908	1140239.83823557	29675885	59312	29681688	901980	29687491	1440792	29675885	0.8459	29681688	1.01163	29687491	1.06777	29675885	70117.0351105332	29681688	891610.569081581	29687491	1349346.76943537
249	29762761	63079	29768549	896786	29774352	1424425	29762761	0.8455	29768549	1.01183	29774352	1.06818	29762761	74605.5588409225	29768549	886301.058478203	29774352	1333506.52511749	29779329	67065	29785116	887918	29790919	1210787	29779329	0.8454	29785116	1.01168	29790919	1.06676	29779329	79329.3115684883	29785116	877666.851178238	29790919	1135013.49881885	29795896	58938	29801668	899070	29807471	1430862	29795896	0.84534	29801668	1.01101	29807471	1.06763	29795896	69721.0589821847	29801668	889279.037793889	29807471	1340222.73634124
250	29882772	62776	29888560	897046	29894363	1417963	29882772	0.84525	29888560	1.0111	29894363	1.06766	29882772	74269.1511387164	29888560	887198.101078034	29894363	1328103.51610063	29899340	66768	29905127	889177	29910930	1210493	29899340	0.84435	29905127	1.01145	29910930	1.0668	29899340	79076.2124711316	29905127	879111.177023086	29910930	1134695.35058118	29915907	59008	29921694	899484	29927513	1423049	29915907	0.84447	29921694	1.0109	29927513	1.06767	29915907	69875.7800750767	29921694	889785.339796221	29927513	1332854.72102803
251	30002783	63174	30008571	898512	30014374	1412853	30002783	0.84437	30008571	1.01106	30014374	1.06769	30002783	74817.9115790471	30008571	888683.164203905	30014374	1323280.16559114	30019351	67122	30025138	890680	30030926	1205486	30019351	0.84494	30025138	1.01172	30030926	1.06783	30019351	79439.9602338628	30025138	880362.155537105	30030926	1128911.90545312	30035918	59149	30041721	899654	30047524	1418313	30035918	0.84477	30041721	1.01163	30047524	1.06737	30035918	70017.8746877848	30041721	889311.309470854	30047524	1328792.2651002
252	30122794	63336	30128582	901415	30134401	1411341	30122794	0.8444	30128582	1.0119	30134401	1.06866	30122794	75007.1056371388	30128582	890814.309714399	30134401	1320664.1962832	30139377	66965	30145165	890707	30150968	1202859	30139377	0.84576	30145165	1.01192	30150968	1.06856	30139377	79177.3079833523	30145165	880214.839117717	30150968	1125682.22654788	30155960	59854	30161748	902484	30167551	1408795	30155960	0.84574	30161748	1.01215	30167551	1.06757	30155960	70771.1589850309	30161748	891650.447068122	30167551	1319627.75274689
253	30242805	63453	30248593	899855	30254396	1403787	30242805	0.84496	30248593	1.01178	30254396	1.06764	30242805	75095.8625260367	30248593	889378.125679496	30254396	1314850.51140834	30259373	67364	30265160	889587	30270963	1196831	30259373	0.84411	30265160	1.01198	30270963	1.06728	30259373	79804.7647818412	30265160	879055.910195854	30270963	1121384.26654674	30275940	59628	30281727	901989	30287546	1402433	30275940	0.84504	30281727	1.01188	30287546	1.06723	30275940	70562.3402442488	30281727	891399.177768115	30287546	1314086.93533728
254	30362816	63353	30368604	900140	30374407	1396024	30362816	0.84433	30368604	1.01186	30374407	1.06873	30362816	75033.4584818732	30368604	889589.46889886	30374407	1306245.73091426	30379384	67619	30385171	887370	30390974	1193359	30379384	0.84467	30385171	1.01065	30390974	1.06694	30379384	80053.748801307	30385171	878019.096620986	30390974	1118487.45009091	30395951	59223	30401754	902582	30407557	1395068	30395951	0.84436	30401754	1.01181	30407557	1.06741	30395951	70139.5139513951	30401754	892046.925806229	30407557	1306965.45844615
255	30482827	63328	30488631	899215	30494434	1391372	30482827	0.84527	30488631	1.01154	30494434	1.06897	30482827	74920.4396228424	30488631	888956.442651798	30494434	1301600.60619101	30499426	67451	30505213	888267	30511017	1189997	30499426	0.84526	30505213	1.01114	30511017	1.06739	30499426	79799.1150651871	30505213	878480.724726546	30511017	1114866.16887923	30516009	59440	30521781	901581	30527584	1389228	30516009	0.84469	30521781	1.01161	30527584	1.06779	30516009	70369.0111165043	30521781	891233.775862239	30527584	1301031.10162111
256	30602838	63428	30608626	899524	30614429	1385791	30602838	0.84474	30608626	1.01139	30614429	1.06787	30602838	75085.8252243294	30608626	889393.804565993	30614429	1297715.07767799	30619406	67622	30625193	888108	30630981	1190036	30619406	0.84527	30625193	1.01167	30630981	1.06827	30619406	80000.4732215742	30625193	877863.334881928	30630981	1113984.29236055	30635973	59775	30641745	901114	30647564	1382342	30635973	0.84429	30641745	1.01099	30647564	1.06833	30635973	70799.1329993249	30641745	891318.410666772	30647564	1293927.90617131
257	30722849	63170	30728637	901475	30734440	1381715	30722849	0.8454	30728637	1.01198	30734440	1.06817	30722849	74722.0250768867	30728637	890803.177928418	30734440	1293534.73698007	30739417	68047	30745204	890402	30751008	1184794	30739417	0.84582	30745204	1.01195	30751008	1.0676	30739417	80450.9233643092	30745204	879887.346212758	30751008	1109773.32334208	30755984	59926	30761772	901008	30767575	1378384	30755984	0.84578	30761772	1.01064	30767575	1.06902	30755984	70852.9404809761	30761772	891522.203752078	30767575	1289390.28268882
258	30842860	63361	30848648	898377	30854451	1377177	30842860	0.84468	30848648	1.01101	30854451	1.06836	30842860	75011.8388028603	30848648	888593.584633189	30854451	1289057.05941817	30859428	68079	30865215	889830	30871019	1180511	30859428	0.84552	30865215	1.01128	30871019	1.06792	30859428	80517.3147885325	30865215	879904.675263033	30871019	1105430.18203611	30875979	59853	30881751	902107	30887555	1368424	30875979	0.84511	30881751	1.01155	30887555	1.06738	30875979	70822.7331353315	30881751	891806.63338441	30887555	1282040.13565928
259	30962871	62960	30968659	900790	30974462	1371451	30962871	0.84542	30968659	1.0126	30974462	1.06858	30962871	74471.8601405219	30968659	889581.275923366	30974462	1283433.15427951	30979454	68075	30985226	890884	30991014	1175931	30979454	0.84484	30985226	1.01126	30991014	1.0681	30979454	80577.3874343071	30985226	880964.341514546	30991014	1100955.90300534	30995990	60208	31001778	900968	31007566	1364001	30995990	0.84559	31001778	1.01185	31007566	1.06895	30995990	71202.3557516054	31001778	890416.563719919	31007566	1276019.45834698
260	31082882	63475	31088670	899638	31094489	1364811	31082882	0.84474	31088670	1.01165	31094489	1.06906	31082882	75141.4636456188	31088670	889277.912321455	31094489	1276645.83840009	31099465	68064	31105253	892199	31111056	1173124	31099465	0.8454	31105253	1.01131	31111056	1.06794	31099465	80511.0007097232	31105253	882221.079589839	31111056	1098492.42466805	31116033	60266	31121820	902116	31127623	1357201	31116033	0.84512	31121820	1.01134	31127623	1.06793	31116033	71310.5831124574	31121820	892000.711926751	31127623	1270870.74995552
261	31202894	63656	31208681	899570	31214484	1358643	31202894	0.84545	31208681	1.01249	31214484	1.06855	31202894	75292.4478088592	31208681	888472.972572569	31214484	1271482.85059192	31219476	67986	31225248	891493	31231052	1169509	31219476	0.84497	31225248	1.01202	31231052	1.06778	31219476	80459.6612897499	31225248	880904.527578506	31231052	1095271.49787409	31236012	59958	31241800	904044	31247588	1353687	31236012	0.84567	31241800	1.0122	31247588	1.06956	31236012	70899.9964525169	31241800	893147.599288678	31247588	1265648.49096825
262	31322905	63739	31328692	899517	31334495	1355371	31322905	0.84477	31328692	1.01168	31334495	1.06804	31322905	75451.3062727133	31328692	889131.938953029	31334495	1269026.44095727	31339487	68205	31345259	891314	31351047	1169033	31339487	0.84529	31345259	1.01167	31351047	1.06854	31339487	80688.284494079	31345259	881032.352446944	31351047	1094047.01742565	31356086	60258	31361873	904637	31367677	1344166	31356086	0.84495	31361873	1.01222	31367677	1.06744	31356086	71315.4624533996	31361873	893715.793009425	31367677	1259242.67406131
263	31442916	63708	31448703	899147	31454522	1349545	31442916	0.84515	31448703	1.01209	31454522	1.06796	31442916	75380.7016505946	31448703	888406.169411811	31454522	1263666.24218136	31459498	68337	31465286	889325	31471105	1159944	31459498	0.8447	31465286	1.01152	31471105	1.06758	31459498	80900.9115662365	31465286	879196.654539703	31471105	1086517.16967347	31476097	60125	31481869	903204	31487672	1335532	31476097	0.84488	31481869	1.01165	31487672	1.06817	31476097	71163.9522772465	31481869	892802.84683438	31487672	1250299.10969228
264	31562927	63700	31568714	898338	31574517	1343706	31562927	0.84472	31568714	1.0115	31574517	1.06914	31562927	75409.6031821195	31568714	888124.567474048	31574517	1256810.14647287	31579509	68501	31585281	889196	31591085	1161661	31579509	0.84548	31585281	1.01253	31591085	1.06905	31579509	81020.2488527227	31585281	878192.251093795	31591085	1086629.25026893	31596045	60576	31601833	901287	31607621	1332827	31596045	0.84514	31601833	1.012	31607621	1.06843	31596045	71675.698700807	31601833	890599.802371542	31607621	1247463.10006271
265	31682938	63546	31688725	897532	31694528	1339020	31682938	0.84485	31688725	1.01154	31694528	1.06847	31682938	75215.718766645	31688725	887292.642900923	31694528	1253212.5375537	31699505	68833	31705292	890582	31711096	1159457	31699505	0.846	31705292	1.01132	31711096	1.06864	31699505	81362.8841607565	31705292	880613.455681684	31711096	1084983.7176224	31716072	60608	31721860	902457	31727678	1326905	31716072	0.84478	31721860	1.01217	31727678	1.06769	31716072	71744.1227301783	31721860	891606.153116571	31727678	1242781.14433965
266	31802949	63992	31808736	901012	31814602	1336375	31802949	0.84579	31808736	1.01199	31814602	1.06893	31802949	75659.4426512491	31808736	890336.861036176	31814602	1250198.79692777	31819578	68253	31825350	892636	31831153	1157606	31819578	0.84526	31825350	1.01223	31831153	1.06873	31819578	80747.9355464591	31825350	881850.962725863	31831153	1083160.38662712	31836130	60447	31841917	903081	31847721	1321887	31836130	0.84568	31841917	1.01188	31847721	1.06876	31836130	71477.3909753098	31841917	892478.357117445	31847721	1236841.76054493
267	31922960	63416	31928747	900432	31934550	1329696	31922960	0.84497	31928747	1.0123	31934550	1.06786	31922960	75051.1852491804	31928747	889491.257532352	31934550	1245196.93592793	31939542	68336	31945314	891747	31951118	1150987	31939542	0.84475	31945314	1.01255	31951118	1.06855	31939542	80894.9393311631	31945314	880694.286701891	31951118	1077148.47222872	31956110	60871	31961897	904234	31967700	1315884	31956110	0.84466	31961897	1.0117	31967700	1.06895	31956110	72065.6832334904	31961897	893776.8113077	31967700	1231006.1275083
268	32042971	63654	32048758	899265	32054561	1323682	32042971	0.84515	32048758	1.01159	32054561	1.06796	32042971	75316.807667278	32048758	888961.931217193	32054561	1239449.04303532	32059538	68940	32065325	889496	32071129	1146555	32059538	0.84578	32065325	1.01169	32071129	1.06897	32059538	81510.5583012131	32065325	879217.942255039	32071129	1072579.2117646	32076105	60308	32081893	902698	32087711	1308079	32076105	0.84526	32081893	1.01185	32087711	1.06886	32076105	71348.4608286208	32081893	892126.303305826	32087711	1223807.60810583
269	32162982	63493	32168769	900161	32174572	1320156	32162982	0.84481	32168769	1.01261	32174572	1.06855	32162982	75156.5440749991	32168769	888951.323806796	32174572	1235464.88231716	32179564	68151	32185336	890148	32191140	1144173	32179564	0.84527	32185336	1.01165	32191140	1.06788	32179564	80626.3087534161	32185336	879897.197647408	32191140	1071443.42060906	32196132	61356	32201919	904046	32207722	1302327	32196132	0.84495	32201919	1.01165	32207722	1.0686	32196132	72614.9476300373	32201919	893635.150496714	32207722	1218722.62773723
270	32282993	63899	32288780	900109	32294583	1315444	32282993	0.84552	32288780	1.01244	32294583	1.06938	32282993	75573.6115053458	32288780	889049.22760855	32294583	1230099.68392901	32299560	68818	32305347	893611	32311151	1141589	32299560	0.84613	32305347	1.01262	32311151	1.0678	32299560	81332.6557384799	32305347	882474.17590014	32311151	1069103.76474995	32316127	60667	32321915	903832	32327718	1299199	32316127	0.84575	32321915	1.01248	32327718	1.06809	32316127	71731.5991723323	32321915	892691.213653603	32327718	1216375.96082727
271	32403004	63912	32408791	900850	32414594	1311902	32403004	0.84595	32408791	1.01276	32414594	1.06885	32403004	75550.564454164	32408791	889499.980251985	32414594	1227395.79922346	32419571	69329	32425358	891420	32431162	1139478	32419571	0.84627	32425358	1.01157	32431162	1.06916	32419571	81923.0269299396	32425358	881224.235594175	32431162	1065769.38905309	32436138	60683	32441926	904360	32447729	1294396	32436138	0.84498	32441926	1.01165	32447729	1.06895	32436138	71815.9009680703	32441926	893945.53452281	32447729	1210904.15828617
272	32523015	63782	32528802	898687	32534605	1306462	32523015	0.8451	32528802	1.01178	32534605	1.06753	32523015	75472.7251212874	32528802	888223.724525095	32534605	1223817.59763192	32539597	68466	32545369	889977	32551173	1135978	32539597	0.84549	32545369	1.01064	32551173	1.06763	32539597	80977.894475393	32545369	880607.337924483	32551173	1064018.43335238	32556149	61152	32561952	904704	32567756	1285440	32556149	0.84516	32561952	1.01215	32567756	1.06825	32556149	72355.5303137867	32561952	893843.797856049	32567756	1203313.83103206
273	32643026	64054	32648813	900711	32654616	1303359	32643026	0.84465	32648813	1.01142	32654616	1.06894	32643026	75834.9612265435	32648813	890541.021534081	32654616	1219300.42846184	32659593	67977	32665380	891421	32671184	1133323	32659593	0.845	32665380	1.01171	32671184	1.06837	32659593	80446.1538461538	32665380	881103.280584357	32671184	1060796.35332329	32676160	60685	32681948	902914	32687767	1281153	32676160	0.84536	32681948	1.01241	32687767	1.06837	32676160	71785.9846692533	32681948	891846.188797029	32687767	1199166.01926299
274	32763037	63757	32768840	899498	32774643	1295559	32763037	0.84513	32768840	1.01194	32774643	1.0685	32763037	75440.4647805663	32768840	888884.716485167	32774643	1212502.57370145	32779619	69178	32785407	890641	32791195	1131330	32779619	0.84562	32785407	1.01205	32791195	1.06951	32779619	81807.4312338876	32785407	880036.559458525	32791195	1057802.17108769	32796187	61352	32801974	904997	32807778	1276236	32796187	0.84551	32801974	1.01216	32807778	1.06821	32796187	72562.1222693995	32801974	894124.44672779	32807778	1194742.6067908
275	32883048	63748	32888820	899098	32894623	1290549	32883048	0.84446	32888820	1.01126	32894623	1.06768	32883048	75489.6620325415	32888820	889086.881711924	32894623	1208741.38318597	32899599	68990	32905387	891146	32911190	1130566	32899599	0.84516	32905387	1.01186	32911190	1.06928	32899599	81629.5139381892	32905387	880700.887474552	32911190	1057315.20275325	32916167	61455	32921939	903938	32927742	1271541	32916167	0.84544	32921939	1.0119	32927742	1.06859	32916167	72689.9602573808	32921939	893307.639094772	32927742	1189924.1055971
276	33003059	63812	33008846	899049	33014649	1289846	33003059	0.8456	33008846	1.01249	33014649	1.06862	33003059	75463.5761589404	33008846	887958.399589132	33014649	1207020.26913215	33019626	68890	33025414	893822	33031217	1128512	33019626	0.84524	33025414	1.01285	33031217	1.06945	33019626	81503.4783020207	33025414	882482.104951375	33031217	1055226.5183038	33036193	61367	33041965	903919	33047768	1268957	33036193	0.84516	33041965	1.01204	33047768	1.06887	33036193	72609.9200151451	33041965	893165.28990949	33047768	1187194.88805935
277	33123070	63923	33128857	902613	33134660	1285307	33123070	0.84502	33128857	1.01233	33134660	1.06876	33123070	75646.7302549052	33128857	891619.333616508	33134660	1202615.18020884	33139637	68614	33145425	893353	33151290	1122976	33139637	0.84509	33145425	1.01275	33151290	1.06931	33139637	81191.3524003361	33145425	882106.146630462	33151290	1050187.50409142	33156251	61886	33162039	904190	33167842	1260974	33156251	0.84498	33162039	1.01223	33167842	1.06853	33156251	73239.6033042202	33162039	893265.364591051	33167842	1180101.63495644
278	33243081	64537	33248868	901736	33254672	1281125	33243081	0.84588	33248868	1.01242	33254672	1.06796	33243081	76295.6920603395	33248868	890673.831018747	33254672	1199600.1722911	33259648	69215	33265436	890431	33271239	1121981	33259648	0.84579	33265436	1.01222	33271239	1.06883	33259648	81834.7343903333	33265436	879681.29458023	33271239	1049728.20747921	33276215	61676	33282003	904257	33287806	1254651	33276215	0.84493	33282003	1.01203	33287806	1.06854	33276215	72995.3960683133	33282003	893508.09758604	33287806	1174173.17086866
279	33363092	64364	33368879	901673	33374683	1275253	33363092	0.84542	33368879	1.01138	33374683	1.06869	33363092	76132.5731589033	33368879	891527.41798335	33374683	1193286.17279099	33379659	69079	33385447	892573	33391250	1117986	33379659	0.845	33385447	1.01208	33391250	1.06859	33379659	81750.2958579882	33385447	881919.4134851	33391250	1046225.39982594	33396226	61969	33402014	903419	33407833	1251962	33396226	0.84498	33402014	1.01244	33407833	1.06921	33396226	73337.8304811948	33402014	892318.557149066	33407833	1170922.45676715
280	33483103	64241	33488890	899968	33494694	1272181	33483103	0.8452	33488890	1.0113	33494694	1.06726	33483103	76006.8622811169	33488890	889911.994462573	33494694	1192006.63380994	33499686	69777	33505473	894143	33511261	1117948	33499686	0.84533	33505473	1.01234	33511261	1.06841	33499686	82544.0952054227	33505473	883243.771855306	33511261	1046366.09541281	33516253	62021	33522040	905012	33527844	1246694	33516253	0.84491	33522040	1.01145	33527844	1.0677	33516253	73405.4514682037	33522040	894766.918779969	33527844	1167644.46942025
281	33603114	64052	33608901	902578	33614705	1268694	33603114	0.84469	33608901	1.01223	33614705	1.06833	33603114	75829.0023558939	33608901	891672.841152702	33614705	1187548.79110387	33619681	69761	33625469	892449	33631272	1112402	33619681	0.8447	33625469	1.01132	33631272	1.06743	33619681	82586.7171776962	33625469	882459.55780564	33631272	1042131.09993161	33636248	61411	33642036	906656	33647855	1241826	33636248	0.84472	33642036	1.0117	33647855	1.0686	33636248	72699.8295293115	33642036	896170.801621034	33647855	1162105.5586749
282	33723125	63765	33728912	901586	33734716	1263505	33723125	0.84497	33728912	1.01184	33734716	1.06766	33723125	75464.2176645325	33728912	891036.132194814	33734716	1183433.86471349	33739692	68571	33745480	893970	33751283	1107610	33739692	0.84471	33745480	1.01128	33751283	1.0673	33739692	81176.9719785488	33745480	883998.496954355	33751283	1037768.20013117	33756259	62202	33762031	903845	33767834	1237403	33756259	0.8458	33762031	1.01116	33767834	1.0681	33756259	73542.2085599432	33762031	893869.4173029	33767834	1158508.56661361
283	33843136	64412	33848923	901990	33854727	1261058	33843136	0.84533	33848923	1.01107	33854727	1.06836	33843136	76197.4613464564	33848923	892114.29475704	33854727	1180368.04073533	33859719	69611	33865506	892854	33871309	1107932	33859719	0.84562	33865506	1.01106	33871309	1.06816	33859719	82319.481563823	33865506	883087.057147944	33871309	1037234.12222888	33876286	62392	33882073	905128	33887877	1231912	33876286	0.84519	33882073	1.01142	33887877	1.06793	33876286	73820.0877909109	33882073	894908.148939115	33887877	1153551.26272321
284	33963147	64252	33968934	901106	33974753	1256444	33963147	0.84507	33968934	1.01042	33974753	1.06854	33963147	76031.571349119	33968934	891813.305358168	33974753	1175851.1613978	33979714	69558	33985502	893592	33991305	1105536	33979714	0.84542	33985502	1.01113	33991305	1.06819	33979714	82276.2650516903	33985502	883755.797968609	33991305	1034961.94497234	33996281	62397	34002084	906953	34007888	1227991	33996281	0.84489	34002084	1.01187	34007888	1.06881	33996281	73852.2174484252	34002084	896313.755719608	34007888	1148932.92540302
285	34083158	64005	34088930	900524	34094733	1250378	34083158	0.84529	34088930	1.01109	34094733	1.06851	34083158	75719.5755302914	34088930	890646.727788822	34094733	1170207.11083659	34099725	69776	34105513	891375	34111316	1102611	34099725	0.84492	34105513	1.01082	34111316	1.06745	34099725	82582.966434692	34105513	881833.560871372	34111316	1032939.24773994	34116292	62593	34122080	909428	34127883	1223631	34116292	0.84519	34122080	1.01213	34127883	1.06876	34116292	74057.9041398976	34122080	898528.84510883	34127883	1144907.18215502
286	34203169	64351	34208956	902327	34214775	1246976	34203169	0.8453	34208956	1.01103	34214775	1.06823	34203169	76128.0018928191	34208956	892482.913464487	34214775	1167329.1332391	34219752	69875	34225524	893182	34231327	1099691	34219752	0.8452	34225524	1.01063	34231327	1.06813	34219752	82672.7401798391	34225524	883787.340569744	34231327	1029547.90147267	34236303	62870	34242075	906045	34247878	1218894	34236303	0.84478	34242075	1.01155	34247878	1.0682	34236303	74421.74293899	34242075	895699.66882507	34247878	1141072.83280285
287	34323180	64255	34328967	900778	34334771	1241584	34323180	0.84448	34328967	1.01087	34334771	1.06775	34323180	76088.2436528988	34328967	891091.83178846	34334771	1162804.02715992	34339747	69559	34345535	893642	34351338	1099773	34339747	0.84478	34345535	1.01126	34351338	1.06702	34339747	82339.7807713251	34345535	883691.632221189	34351338	1030695.76952634	34356314	62593	34362102	905543	34367905	1212322	34356314	0.84476	34362102	1.01071	34367905	1.06742	34356314	74095.6011174772	34362102	895947.403310544	34367905	1135749.75173784
288	34443191	64105	34448978	901451	34454782	1237250	34443191	0.84432	34448978	1.01073	34454782	1.06766	34443191	75925.0047375403	34448978	891881.115629298	34454782	1158842.70273308	34459758	70004	34465546	894118	34471349	1095300	34459758	0.84456	34465546	1.01032	34471349	1.06713	34459758	82888.1310978498	34465546	884984.955261699	34471349	1026397.90840854	34476325	62928	34482113	904699	34487916	1206423	34476325	0.84466	34482113	1.01099	34487916	1.06757	34476325	74500.9826439041	34482113	894864.439806526	34487916	1130064.53909346
289	34563202	64261	34568989	903707	34574793	1235987	34563202	0.84507	34568989	1.01152	34574793	1.06857	34563202	76042.221354444	34568989	893414.860803543	34574793	1156673.87255865	34579785	70339	34585557	894104	34591360	1092804	34579785	0.84438	34585557	1.01123	34591360	1.06772	34579785	83302.5415097468	34585557	884174.717917783	34591360	1023493.05061252	34596336	62293	34602108	906167	34607911	1206527	34596336	0.84427	34602108	1.01213	34607911	1.06798	34596336	73783.268385706	34602108	895306.926975784	34607911	1129728.0847956
290	34683213	64652	34689000	903361	34694819	1232326	34683213	0.84468	34689000	1.01066	34694819	1.06777	34683213	76540.2282521192	34689000	893832.742960046	34694819	1154111.84056492	34699780	70173	34705568	893701	34711371	1092262	34699780	0.84523	34705568	1.01045	34711371	1.06674	34699780	83022.3726086391	34705568	884458.409619476	34711371	1023925.23014043	34716347	63060	34722135	907454	34727954	1202287	34716347	0.84495	34722135	1.01088	34727954	1.06729	34716347	74631.6350079886	34722135	897687.163659386	34727954	1126485.77237677
291	34803224	64355	34809011	903158	34814815	1228926	34803224	0.84451	34809011	1.01104	34814815	1.06691	34803224	76203.9525878912	34809011	893296.01202722	34814815	1151855.35799646	34819807	70357	34825594	893540	34831382	1088345	34819807	0.84436	34825594	1.01156	34831382	1.06736	34819807	83325.8325832583	34825594	883328.719996837	34831382	1019660.65807225	34836374	62277	34842161	906749	34847980	1197189	34836374	0.84446	34842161	1.01112	34847980	1.06777	34836374	73747.7204367288	34842161	896776.841522273	34847980	1121204.94113901
292	34923235	64430	34929038	900510	34934841	1224246	34923235	0.84466	34929038	1.01107	34934841	1.06693	34923235	76279.2129377501	34929038	890650.498976332	34934841	1147447.34893573	34939818	69836	34945590	894256	34951393	1085930	34939818	0.84485	34945590	1.01123	34951393	1.06787	34939818	82660.8273658046	34945590	884325.029914065	34951393	1016912.17095714	34956369	62791	34962157	907442	34967960	1193046	34956369	0.8447	34962157	1.01136	34967960	1.06781	34956369	74335.2669586836	34962157	897249.248536624	34967960	1117283.03724445
293	35043246	64924	35049033	903922	35054837	1221949	35043246	0.84529	35049033	1.01155	35054837	1.06785	35043246	76806.7763726058	35049033	893600.909495329	35054837	1144307.72112188	35059813	70284	35065601	890770	35071404	1085073	35059813	0.84415	35065601	1.01052	35071404	1.06662	35059813	83260.0841082746	35065601	881496.655187428	35071404	1017300.44439444	35076380	63165	35082184	904257	35087987	1188513	35076380	0.84417	35082184	1.01049	35087987	1.06654	35076380	74824.9760119407	35082184	894869.815633999	35087987	1114363.26813809
294	35163257	64955	35169044	902187	35174863	1216055	35163257	0.84375	35169044	1.01077	35174863	1.06749	35163257	76983.7037037037	35169044	892573.978254202	35174863	1139172.2639088	35179840	70270	35185627	893913	35191415	1082546	35179840	0.84449	35185627	1.01128	35191415	1.06759	35179840	83209.9847245083	35185627	883942.132742663	35191415	1014009.1233526	35196407	62764	35202195	904396	35207998	1182672	35196407	0.84517	35202195	1.01116	35207998	1.06614	35196407	74261.9827963605	35202195	894414.336010127	35207998	1109302.71821712
295	35283268	65385	35289055	902507	35294859	1213267	35283268	0.84414	35289055	1.01054	35294859	1.06636	35283268	77457.5307413462	35289055	893093.791438241	35294859	1137764.91991448	35299851	70232	35305623	893161	35311426	1081822	35299851	0.84481	35305623	1.01134	35311426	1.06778	35299851	83133.4856358235	35305623	883146.122965571	35311426	1013150.6490101	35316402	63569	35322174	907831	35327978	1182073	35316402	0.84456	35322174	1.00986	35327978	1.06675	35316402	75268.7790091882	35322174	898967.18357	35327978	1108106.86665104
296	35403279	64461	35409066	901642	35414870	1209776	35403279	0.84444	35409066	1.01005	35414870	1.06804	35403279	76335.7965041921	35409066	892670.659868323	35414870	1132706.64020074	35419846	70581	35425634	891988	35431437	1077061	35419846	0.84493	35425634	1.01013	35431437	1.06813	35419846	83534.7306877493	35425634	883042.77667231	35431437	1008361.34178424	35436413	63730	35442201	904927	35448020	1176736	35436413	0.84456	35442201	1.01038	35448020	1.06818	35436413	75459.4108174671	35442201	895630.356895425	35448020	1101627.06659926
297	35523290	64702	35529093	902229	35534896	1206181	35523290	0.84383	35529093	1.01146	35534896	1.06816	35523290	76676.5817759501	35529093	892006.604314555	35534896	1129213.78819653	35539873	70324	35545645	893454	35551479	1075942	35539873	0.84423	35545645	1.01105	35551479	1.06714	35539873	83299.5747604326	35545645	883689.23396469	35551479	1008248.21485466	35556456	62915	35562243	904518	35568046	1172219	35556456	0.84426	35562243	1.00994	35568046	1.06759	35556456	74520.8821926895	35562243	895615.581123631	35568046	1098004.85204994
298	35643301	64848	35649073	901817	35654876	1202317	35643301	0.84367	35649073	1.01051	35654876	1.06738	35643301	76864.1767515735	35649073	892437.482063512	35654876	1126418.89486406	35659868	70624	35665671	894575	35671475	1076525	35659868	0.8444	35665671	1.01113	35671475	1.06843	35659868	83638.086215064	35665671	884727.97760921	35671475	1007576.53753639	35676467	63552	35682254	906980	35688057	1171980	35676467	0.84356	35682254	1.01077	35688057	1.06659	35676467	75337.8538574612	35682254	897315.907674347	35688057	1098810.22698506
299	35763312	64294	35769100	902955	35774903	1202163	35763312	0.84471	35769100	1.01013	35774903	1.06788	35763312	76113.6958246025	35769100	893899.795075881	35774903	1125747.27497472	35779895	70248	35785667	897047	35791470	1073622	35779895	0.84413	35785667	1.0098	35791470	1.06748	35779895	83219.4093326857	35785667	888341.255694197	35791470	1005753.73777495	35796462	63268	35802250	907634	35808068	1168186	35796462	0.84373	35802250	1.01124	35808068	1.06745	35796462	74986.0737439702	35802250	897545.587595427	35808068	1094370.69651974
300	35883323	64507	35889111	902829	35894914	1196603	35883323	0.84366	35889111	1.00984	35894914	1.06665	35883323	76460.8965697082	35889111	894031.727798463	35894914	1121832.84113814	35899906	70443	35905678	894371	35911481	1071905	35899906	0.84369	35905678	1.0105	35911481	1.06668	35899906	83493.9373466558	35905678	885077.684314696	35911481	1004898.3762703	35916457	63592	35922229	908568	35928033	1163698	35916457	0.84393	35922229	1.01041	35928033	1.06669	35916457	75352.2211557831	35922229	899207.25250146	35928033	1090943.01062164
301	36003334	65081	36009122	904509	36014925	1192736	36003334	0.84324	36009122	1.01093	36014925	1.06692	36003334	77179.6878705944	36009122	894729.605412838	36014925	1117924.49293293	36019901	70851	36025689	895494	36031476	1069948	36019901	0.84393	36025689	1.0113	36031476	1.06712	36019901	83953.6454445274	36025689	885487.985760902	36031476	1002650.12369743	36036453	63009	36042240	907464	36048044	1160781	36036453	0.84416	36042240	1.01115	36048044	1.06819	36036453	74641.0633055345	36042240	897457.350541463	36048044	1086680.27223621