HJY Multigroup Import
Application Version:	3.5.1.20
SystemConfiguration::	FL3-11_1602C-0213-FL
Experiment Time Stamp:	9/30/2025 11:57 AM
Export Time Stamp:	10/1/2025 9:59 AM
Experiment Comment:	None

Integration Time:	1
Time Sequence Interval Points:	301
Time Sequence Experiment Duration:	10:00:00	36000000 (ms)
Repetition Time Sequence Enabled:	False
Repetition Time Sequence Count:	2
Repetition Time Sequence Delay:	0 seconds
Time Sequence Interval Total Points:	301
Time Sequence Experiment Duration Total:	10:00:00	36000000 (ms)

Mono Count:	2
Mono Description:	Excitation 1 (Mono1)	Emission 1 (Mono2)
Mono Slit Width:		5	5
Mono Grating Index:		0	0
Mono Grating Value:		1200	1200

Mono Wavelength Group Count:	3
Mono Wavelength Group Description:	Group 1:(Excitation 1:596 Emission 1:615)	Group 2:(Excitation 1:549 Emission 1:565)	Group 3:(Excitation 1:495 Emission 1:520)

Detector Count:	3
Detector Description:	S1 (SCD1)	R (SCD2)	S1/R (SCD1/SCD2)
Detector High Voltage:	950	None	None

Accessory Sequential Type:	Temperature Controller
Accessory Sequential Description:	Temperature Control (TC1)
Accessory Sequential Scan Position Count:	1
Accessory Sequential Scan Positions:		37

Accessory Interleave Type:	Sample Changer
Accessory Interleave Description:	Sample Changer - 4 Position (SCH1)
Accessory Interleave Scan Position Count:	3
Accessory Interleave Scan Positions:	1	2	3

Axis	X	Y	X	Y	X	Y	X	Y	X	Y	X	Y	X	Y	X	Y	X	Y	X	Y	X	Y	X	Y	X	Y	X	Y	X	Y	X	Y	X	Y	X	Y	X	Y	X	Y	X	Y	X	Y	X	Y	X	Y	X	Y	X	Y	X	Y
Sequential: Temperature Controller	Idx:0(Pos:37.00)	Idx:0(Pos:37.00)	Idx:0(Pos:37.00)	Idx:0(Pos:37.00)	Idx:0(Pos:37.00)	Idx:0(Pos:37.00)	Idx:0(Pos:37.00)	Idx:0(Pos:37.00)	Idx:0(Pos:37.00)	Idx:0(Pos:37.00)	Idx:0(Pos:37.00)	Idx:0(Pos:37.00)	Idx:0(Pos:37.00)	Idx:0(Pos:37.00)	Idx:0(Pos:37.00)	Idx:0(Pos:37.00)	Idx:0(Pos:37.00)	Idx:0(Pos:37.00)	Idx:0(Pos:37.00)	Idx:0(Pos:37.00)	Idx:0(Pos:37.00)	Idx:0(Pos:37.00)	Idx:0(Pos:37.00)	Idx:0(Pos:37.00)	Idx:0(Pos:37.00)	Idx:0(Pos:37.00)	Idx:0(Pos:37.00)	Idx:0(Pos:37.00)	Idx:0(Pos:37.00)	Idx:0(Pos:37.00)	Idx:0(Pos:37.00)	Idx:0(Pos:37.00)	Idx:0(Pos:37.00)	Idx:0(Pos:37.00)	Idx:0(Pos:37.00)	Idx:0(Pos:37.00)	Idx:0(Pos:37.00)	Idx:0(Pos:37.00)	Idx:0(Pos:37.00)	Idx:0(Pos:37.00)	Idx:0(Pos:37.00)	Idx:0(Pos:37.00)	Idx:0(Pos:37.00)	Idx:0(Pos:37.00)	Idx:0(Pos:37.00)	Idx:0(Pos:37.00)	Idx:0(Pos:37.00)	Idx:0(Pos:37.00)	Idx:0(Pos:37.00)	Idx:0(Pos:37.00)	Idx:0(Pos:37.00)	Idx:0(Pos:37.00)	Idx:0(Pos:37.00)	Idx:0(Pos:37.00)
Interleave: Sample Changer	Idx:0(Pos:1)	Idx:0(Pos:1)	Idx:0(Pos:1)	Idx:0(Pos:1)	Idx:0(Pos:1)	Idx:0(Pos:1)	Idx:0(Pos:1)	Idx:0(Pos:1)	Idx:0(Pos:1)	Idx:0(Pos:1)	Idx:0(Pos:1)	Idx:0(Pos:1)	Idx:0(Pos:1)	Idx:0(Pos:1)	Idx:0(Pos:1)	Idx:0(Pos:1)	Idx:0(Pos:1)	Idx:0(Pos:1)	Idx:1(Pos:2)	Idx:1(Pos:2)	Idx:1(Pos:2)	Idx:1(Pos:2)	Idx:1(Pos:2)	Idx:1(Pos:2)	Idx:1(Pos:2)	Idx:1(Pos:2)	Idx:1(Pos:2)	Idx:1(Pos:2)	Idx:1(Pos:2)	Idx:1(Pos:2)	Idx:1(Pos:2)	Idx:1(Pos:2)	Idx:1(Pos:2)	Idx:1(Pos:2)	Idx:1(Pos:2)	Idx:1(Pos:2)	Idx:2(Pos:3)	Idx:2(Pos:3)	Idx:2(Pos:3)	Idx:2(Pos:3)	Idx:2(Pos:3)	Idx:2(Pos:3)	Idx:2(Pos:3)	Idx:2(Pos:3)	Idx:2(Pos:3)	Idx:2(Pos:3)	Idx:2(Pos:3)	Idx:2(Pos:3)	Idx:2(Pos:3)	Idx:2(Pos:3)	Idx:2(Pos:3)	Idx:2(Pos:3)	Idx:2(Pos:3)	Idx:2(Pos:3)
Detector	S1 (SCD1)	S1 (SCD1)	S1 (SCD1)	S1 (SCD1)	S1 (SCD1)	S1 (SCD1)	R (SCD2)	R (SCD2)	R (SCD2)	R (SCD2)	R (SCD2)	R (SCD2)	S1/R (SCD1/SCD2)	S1/R (SCD1/SCD2)	S1/R (SCD1/SCD2)	S1/R (SCD1/SCD2)	S1/R (SCD1/SCD2)	S1/R (SCD1/SCD2)	S1 (SCD1)	S1 (SCD1)	S1 (SCD1)	S1 (SCD1)	S1 (SCD1)	S1 (SCD1)	R (SCD2)	R (SCD2)	R (SCD2)	R (SCD2)	R (SCD2)	R (SCD2)	S1/R (SCD1/SCD2)	S1/R (SCD1/SCD2)	S1/R (SCD1/SCD2)	S1/R (SCD1/SCD2)	S1/R (SCD1/SCD2)	S1/R (SCD1/SCD2)	S1 (SCD1)	S1 (SCD1)	S1 (SCD1)	S1 (SCD1)	S1 (SCD1)	S1 (SCD1)	R (SCD2)	R (SCD2)	R (SCD2)	R (SCD2)	R (SCD2)	R (SCD2)	S1/R (SCD1/SCD2)	S1/R (SCD1/SCD2)	S1/R (SCD1/SCD2)	S1/R (SCD1/SCD2)	S1/R (SCD1/SCD2)	S1/R (SCD1/SCD2)
WL Group	1	1	2	2	3	3	1	1	2	2	3	3	1	1	2	2	3	3	1	1	2	2	3	3	1	1	2	2	3	3	1	1	2	2	3	3	1	1	2	2	3	3	1	1	2	2	3	3	1	1	2	2	3	3
Units	(ms)	CPS	(ms)	CPS	(ms)	CPS	(ms)	MicroAmps	(ms)	MicroAmps	(ms)	MicroAmps	(ms)	CPS	(ms)	CPS	(ms)	CPS	(ms)	CPS	(ms)	CPS	(ms)	CPS	(ms)	MicroAmps	(ms)	MicroAmps	(ms)	MicroAmps	(ms)	CPS	(ms)	CPS	(ms)	CPS	(ms)	CPS	(ms)	CPS	(ms)	CPS	(ms)	MicroAmps	(ms)	MicroAmps	(ms)	MicroAmps	(ms)	CPS	(ms)	CPS	(ms)	CPS
1	0	145369	5803	1308016	11606	3351599	0	0.82432	5803	0.98471	11606	1.04761	0	176350.203804348	5803	1328326.10616324	11606	3199281.22106509	16567	146767	22354	1320564	28158	3394913	16567	0.82424	22354	0.98499	28158	1.04736	16567	178063.42812773	22354	1340687.722718	28158	3241400.28261534	33134	142642	38922	1353499	44725	3411517	33134	0.82436	38922	0.98561	44725	1.0487	33134	173033.626085691	38922	1373260.21448646	44725	3253091.44655288
2	120011	144922	125814	1238936	131617	3309656	120011	0.82528	125814	0.98636	131617	1.04897	120011	175603.431562621	125814	1256068.77813374	131617	3155148.38365254	136578	146503	142365	1254707	148153	3356935	136578	0.8251	142365	0.98615	148153	1.04832	136578	177557.871773118	142365	1272328.75323227	148153	3202204.47954823	153129	143869	158917	1271075	164720	3362735	153129	0.82555	158917	0.98688	164720	1.04859	153129	174270.486342438	158917	1287973.20849546	164720	3206911.18549671
3	240022	144850	245825	1226095	251628	3297415	240022	0.82584	245825	0.98755	251628	1.04939	240022	175397.171364913	245825	1241552.32646448	251628	3142220.71870325	256589	147803	262361	1244066	268164	3345827	256589	0.82631	262361	0.98779	268164	1.04971	256589	178871.125848652	262361	1259443.80890675	268164	3187382.22937764	273140	143558	278928	1251515	284716	3348069	273140	0.82605	278928	0.98776	284716	1.04962	273140	173788.511591308	278928	1267023.36599984	284716	3189791.54360626
4	360033	145867	365836	1222083	371639	3293492	360033	0.82706	365836	0.98892	371639	1.05064	360033	176368.099049646	365836	1235775.391336	371639	3134748.3438666	376600	147666	382372	1239105	388175	3343936	376600	0.82693	382372	0.98805	388175	1.05013	376600	178571.342193414	382372	1254091.39213603	388175	3184306.70488416	393151	143837	398939	1245200	404742	3335195	393151	0.82689	398939	0.98893	404742	1.04974	393151	173949.376579714	398939	1259138.66502179	404742	3177162.91653171
5	480044	146190	485831	1219074	491634	3285566	480044	0.8276	485831	0.98875	491634	1.05078	480044	176643.305944901	485831	1232944.62705436	491634	3126787.71959877	496611	147409	502383	1238907	508186	3342902	496611	0.82724	502383	0.98861	508186	1.05169	496611	178193.752719888	502383	1253180.72849759	508186	3178600.15784119	513162	143904	518950	1243409	524753	3330702	513162	0.82772	518950	0.98936	524753	1.05123	513162	173855.89329725	518950	1256781.15145144	524753	3168385.60543363
6	600055	147329	605842	1218742	611645	3290760	600055	0.82767	605842	0.98997	611645	1.05256	600055	178004.518709147	605842	1231089.83100498	611645	3126434.59755263	616606	148978	622394	1236998	628197	3340919	616606	0.82807	622394	0.98968	628197	1.05203	616606	179909.910997862	622394	1249896.93638348	628197	3175687.95566666	633173	144302	638961	1244719	644764	3334766	633173	0.8285	638961	0.9905	644764	1.05306	633173	174172.601086301	638961	1256657.24381625	644764	3166738.83729322
7	720066	147061	725853	1219240	731656	3281692	720066	0.82913	725853	0.99075	731656	1.05333	720066	177367.84340212	725853	1230623.26520313	731656	3115540.23905139	736633	148735	742405	1236244	748208	3335254	736633	0.82932	742405	0.99122	748208	1.05363	736633	179345.729031013	742405	1247194.36653821	748208	3165488.8338411	753184	144305	758972	1245466	764775	3331144	753184	0.82948	758972	0.99167	764775	1.05348	753184	173970.439311376	758972	1255927.87923402	764775	3162038.19721305
8	840077	147109	845880	1218923	851667	3279489	840077	0.82917	845880	0.99134	851667	1.05365	840077	177417.176212357	845880	1229571.08560131	851667	3112503.20315095	856644	149085	862431	1234265	868235	3332374	856644	0.82951	862431	0.99156	868235	1.05344	856644	179726.585574616	862431	1244770.86610997	868235	3163325.86573512	873211	144033	878999	1238284	884802	3319466	873211	0.82943	878999	0.99128	884802	1.05406	873211	173652.990608008	878999	1249176.82188685	884802	3149219.20953266
9	960088	146505	965875	1216926	971678	3272758	960088	0.83119	965875	0.992	971678	1.05472	960088	176259.339019959	965875	1226739.91935484	971678	3102963.81978155	976655	149102	982427	1235575	988230	3330000	976655	0.82997	982427	0.99225	988230	1.05414	976655	179647.457137005	982427	1245225.49760645	988230	3158973.1914167	993206	144489	998994	1237368	1004797	3317440	993206	0.82959	998994	0.99207	1004797	1.05421	993206	174169.167902217	998994	1247258.76198252	1004797	3146849.29947544
10	1080099	147511	1085902	1215805	1091705	3274117	1080099	0.82972	1085902	0.9924	1091705	1.05448	1080099	177784.071735043	1085902	1225115.88069327	1091705	3104958.84227297	1096666	149335	1102453	1235687	1108257	3325995	1096666	0.83012	1102453	0.99212	1108257	1.05462	1096666	179895.67773334	1102453	1245501.55223158	1108257	3153737.83922171	1113233	144367	1119021	1240383	1124824	3313989	1113233	0.83069	1119021	0.99287	1124824	1.0548	1113233	173791.667168258	1119021	1249290.44084321	1124824	3141817.40614335
11	1200110	133763	1205897	772878	1211700	3063825	1200110	0.82998	1205897	0.9937	1211700	1.05466	1200110	161164.124436733	1205897	777778.001408876	1211700	2905035.74611723	1216677	139939	1222464	830908	1228268	3189512	1216677	0.83084	1222464	0.99279	1228268	1.05535	1216677	168430.744788407	1222464	836942.354375044	1228268	3022231.48718435	1233244	132980	1239032	812590	1244819	3141926	1233244	0.83023	1239032	0.99243	1244819	1.0553	1233244	160172.482324175	1239032	818788.226877462	1244819	2977282.28939638
12	1320121	131934	1325908	387200	1331711	3054582	1320121	0.83026	1325908	0.99305	1331711	1.05515	1320121	158906.84845711	1325908	389909.873621671	1331711	2894926.78766052	1336672	139286	1342460	424890	1348263	3172970	1336672	0.83029	1342460	0.99306	1348263	1.05521	1336672	167755.844343543	1342460	427859.343846293	1348263	3006955.96137262	1353255	131261	1359027	402445	1364815	3129825	1353255	0.83063	1359027	0.99309	1364815	1.05591	1353255	158025.835811372	1359027	405245.244640466	1364815	2964102.05415234
13	1440132	130540	1445935	210927	1451738	3046780	1440132	0.83071	1445935	0.99302	1451738	1.05587	1440132	157142.685172924	1445935	212409.619141608	1451738	2885563.56369629	1456714	137929	1462486	239207	1468290	3167643	1456714	0.83062	1462486	0.99315	1468290	1.05551	1456714	166055.476631914	1462486	240856.869556462	1468290	3001054.46656119	1473282	130894	1479054	221248	1484857	3122267	1473282	0.83089	1479054	0.99335	1484857	1.05536	1473282	157534.691716112	1479054	222729.148839785	1484857	2958485.25621589
14	1560143	130711	1565930	125027	1571733	3046459	1560143	0.83092	1565930	0.99326	1571733	1.05619	1560143	157308.766186877	1565930	125875.40019733	1571733	2884385.38520531	1576710	138148	1582497	144328	1588301	3162600	1576710	0.83062	1582497	0.99342	1588301	1.0556	1576710	166319.135103898	1582497	145283.968512814	1588301	2996021.22015915	1593277	130618	1599065	133910	1604868	3123406	1593277	0.83132	1599065	0.99369	1604868	1.05631	1593277	157121.204830871	1599065	134760.337731083	1604868	2956902.80315438
15	1680154	130839	1685957	81057	1691760	3038045	1680154	0.83132	1685957	0.99362	1691760	1.05653	1680154	157387.047105808	1685957	81577.4642217347	1691760	2875493.36033998	1696721	137277	1702508	95071	1708296	3159209	1696721	0.83178	1702508	0.99366	1708296	1.05637	1696721	165040.03462454	1702508	95677.5959583761	1708296	2990627.3370126	1713273	130154	1719060	88466	1724863	3119826	1713273	0.8313	1719060	0.99391	1724863	1.05634	1713273	156566.823048238	1719060	89008.059079796	1724863	2953429.7669311
16	1800165	130273	1805952	58766	1811755	3029854	1800165	0.83199	1805952	0.99367	1811755	1.05542	1800165	156580.006971238	1805952	59140.3584691095	1811755	2870756.66559284	1816732	137891	1822535	67369	1828354	3154532	1816732	0.83103	1822535	0.99383	1828354	1.0563	1816732	165927.824506937	1822535	67787.2473159394	1828354	2986397.80365426	1833315	130242	1839102	64065	1844906	3114421	1833315	0.83165	1839102	0.99469	1844906	1.05663	1833315	156606.745626165	1839102	64407.0011762459	1844906	2947503.8566007
17	1920176	130741	1925963	45464	1931766	3028960	1920176	0.83257	1925963	0.99449	1931766	1.05664	1920176	157033.042266716	1925963	45715.894579131	1931766	2866596.00242277	1936743	137476	1942531	52074	1948318	3150851	1936743	0.8318	1942531	0.99416	1948318	1.05663	1936743	165275.306564078	1942531	52379.89860787	1948318	2981981.39367612	1953295	130418	1959082	50221	1964885	3112598	1953295	0.83236	1959082	0.9952	1964885	1.05668	1953295	156684.607621702	1959082	50463.2234726688	1964885	2945639.17174547
18	2040187	130176	2045974	38776	2051778	3030698	2040187	0.83269	2045974	0.99534	2051778	1.05762	2040187	156331.888217704	2045974	38957.5421464022	2051778	2865583.10168113	2056754	137910	2062557	43704	2068345	3148711	2056754	0.83231	2062557	0.99452	2068345	1.05708	2056754	165695.474042124	2062557	43944.8176004505	2068345	2978687.51655504	2073337	130586	2079124	42433	2084912	3104402	2073337	0.83274	2079124	0.99579	2084912	1.05702	2073337	156814.852174748	2079124	42612.3981964069	2084912	2936937.8062856
19	2160198	130615	2165985	34091	2171789	3024725	2160198	0.8324	2165985	0.9956	2171789	1.05722	2160198	156913.7433926	2165985	34241.6633186019	2171789	2861017.57439322	2176765	137447	2182553	37674	2188356	3143727	2176765	0.83232	2182553	0.9948	2188356	1.05727	2176765	165137.206843522	2182553	37870.9288299156	2188356	2973438.19459552	2193348	131828	2199120	37494	2204923	3109341	2193348	0.83345	2199120	0.99542	2204923	1.05684	2193348	158171.455996161	2199120	37666.5126278355	2204923	2942111.38866811
20	2280209	130409	2285996	31221	2291800	3020417	2280209	0.83178	2285996	0.99569	2291800	1.05792	2280209	156783.043593258	2285996	31356.1449848849	2291800	2855052.36690865	2296776	137780	2302548	33719	2308351	3138718	2296776	0.83219	2302548	0.99599	2308351	1.05684	2296776	165563.15264543	2302548	33854.7575778873	2308351	2969908.40619204	2313328	130457	2319115	34020	2324918	3102401	2313328	0.8317	2319115	0.99541	2324918	1.05792	2313328	156855.837441385	2319115	34176.8718417537	2324918	2932547.82970357
21	2400220	130051	2406007	29243	2411826	3013292	2400220	0.83241	2406007	0.99537	2411826	1.05765	2400220	156234.307612835	2406007	29379.0248852186	2411826	2849044.57996502	2416803	137300	2422590	31611	2428393	3137135	2416803	0.83235	2422590	0.99523	2428393	1.05724	2416803	164954.64648285	2422590	31762.5071591491	2428393	2967287.46547615	2433370	131007	2439157	31839	2444961	3096759	2433370	0.83321	2439157	0.99558	2444961	1.05815	2433370	157231.670287202	2439157	31980.3531609715	2444961	2926578.46241081
22	2520231	130555	2526018	27752	2531822	3012375	2520231	0.83367	2526018	0.9966	2531822	1.05823	2520231	156602.732496072	2526018	27846.6787076059	2531822	2846616.52003818	2536798	137544	2542586	29522	2548373	3135431	2536798	0.83385	2542586	0.99713	2548373	1.05907	2536798	164950.530670984	2542586	29606.9720096677	2548373	2960551.23835063	2553365	131568	2559153	30746	2564940	3100480	2553365	0.83334	2559153	0.99616	2564940	1.05825	2553365	157880.336957304	2559153	30864.5197558625	2564940	2929818.09591306
23	2640242	130165	2646045	26839	2651848	3014162	2640242	0.83326	2646045	0.99599	2651848	1.05805	2640242	156211.746633704	2646045	26947.0577013825	2651848	2848789.75473749	2656840	137479	2662628	28347	2668447	3134057	2656840	0.83326	2662628	0.99665	2668447	1.05775	2656840	164989.319060077	2662628	28442.2816435057	2668447	2962946.82108249	2673407	130880	2679195	29289	2684998	3097690	2673407	0.83347	2679195	0.9955	2684998	1.05781	2673407	157030.247039486	2679195	29421.3962832747	2684998	2928399.23993912
24	2760253	130638	2766040	25713	2771859	3008879	2760253	0.83315	2766040	0.99612	2771859	1.05885	2760253	156800.096021125	2766040	25813.1550415613	2771859	2841648.0143552	2776820	137641	2782608	27350	2788411	3129949	2776820	0.83327	2782608	0.99661	2788411	1.05814	2776820	165181.75381329	2782608	27443.0318780666	2788411	2957972.4800121	2793403	130658	2799175	28117	2804978	3089424	2793403	0.83306	2799175	0.99683	2804978	1.05794	2793403	156841.043862387	2799175	28206.414333437	2804978	2920226.09977882
25	2880264	130046	2886051	25026	2891855	3007143	2880264	0.83353	2886051	0.99713	2891855	1.0585	2880264	156018.3796624	2886051	25098.0313499744	2891855	2840947.56731223	2896831	137212	2902619	26077	2908422	3125861	2896831	0.83329	2902619	0.99689	2908422	1.0587	2896831	164662.962474049	2902619	26158.352476201	2908422	2952546.51931614	2913398	130509	2919186	27314	2924973	3081980	2913398	0.83304	2919186	0.99631	2924973	1.05828	2913398	156665.946413137	2919186	27415.1619475866	2924973	2912253.8458631
26	3000275	124583	3006062	24479	3011866	2915049	3000275	0.83336	3006062	0.99716	3011866	1.05851	3000275	149494.816165883	3006062	24548.7183601428	3011866	2753917.2988446	3016842	130562	3022630	25629	3028433	3022288	3016842	0.83393	3022630	0.99607	3028433	1.05844	3016842	156562.301392203	3022630	25730.1193691206	3028433	2855417.40674956	3033409	124130	3039197	25339	3045000	2985163	3033409	0.83352	3039197	0.99758	3045000	1.0575	3033409	148922.641328342	3039197	25400.4691353074	3045000	2822849.17257683
27	3120286	124673	3126073	23484	3131892	2903958	3120286	0.83392	3126073	0.99602	3131892	1.05797	3120286	149502.350345357	3126073	23577.8398024136	3131892	2744839.64573665	3136853	130728	3142641	24787	3148444	3008999	3136853	0.83413	3142641	0.99668	3148444	1.05875	3136853	156723.772073897	3142641	24869.5669623149	3148444	2842029.75206612	3153420	123655	3159208	24604	3165011	2977770	3153420	0.83374	3159208	0.9967	3165011	1.0579	3153420	148313.622951999	3159208	24685.4620246815	3165011	2814793.45873901
28	3240297	123827	3246084	22931	3251888	2896631	3240297	0.83432	3246084	0.99699	3251888	1.05776	3240297	148416.674657206	3246084	23000.2306943901	3251888	2738457.68416276	3256864	130705	3262652	23851	3268455	2999476	3256864	0.83396	3262652	0.99793	3268455	1.05802	3256864	156728.14043839	3262652	23900.473981141	3268455	2834989.88676963	3273431	124864	3279219	23741	3285006	2974643	3273431	0.83389	3279219	0.99781	3285006	1.05873	3273431	149736.775833743	3279219	23793.10690412	3285006	2809633.23982507
29	3360308	124038	3366095	22347	3371899	2894957	3360308	0.83403	3366095	0.99725	3371899	1.05886	3360308	148721.2690191	3366095	22408.6237152169	3371899	2734031.88334624	3376875	130167	3382663	23139	3388466	2999355	3376875	0.83436	3382663	0.99678	3388466	1.0586	3376875	156008.197900187	3382663	23213.7482694276	3388466	2833322.31248819	3393458	123964	3399245	23079	3405033	2966956	3393458	0.8345	3399245	0.99693	3405033	1.05821	3393458	148548.83163571	3399245	23150.0707171015	3405033	2803749.7283148
30	3480319	123299	3486106	21859	3491910	2887110	3480319	0.83407	3486106	0.99762	3491910	1.05856	3480319	147828.119941971	3486106	21911.1485335098	3491910	2727393.81801693	3496886	130412	3502674	22394	3508461	2996965	3496886	0.83428	3502674	0.99672	3508461	1.05861	3496886	156316.824087836	3502674	22467.6940364395	3508461	2831037.87041498	3513453	124096	3519241	23017	3525044	2961633	3513453	0.83418	3519241	0.99808	3525044	1.05852	3513453	148764.055719389	3519241	23061.2776530939	3525044	2797899.89797075
31	3600330	116335	3606117	21577	3611936	2776309	3600330	0.83454	3606117	0.99757	3611936	1.05869	3600330	139400.148584849	3606117	21629.5598303878	3611936	2622400.32492987	3616913	122451	3622700	23056	3628488	2888119	3616913	0.83477	3622700	0.99748	3628488	1.05957	3616913	146688.309354673	3622700	23114.2479047199	3628488	2725746.29330766	3633480	117051	3639252	22662	3645055	2856681	3633480	0.8341	3639252	0.99824	3645055	1.05934	3633480	140332.094473085	3639252	22701.9554415772	3645055	2696661.12862726
32	3720341	115205	3726128	23374	3731932	2753348	3720341	0.83474	3726128	0.99742	3731932	1.05898	3720341	138013.03399861	3726128	23434.4609091456	3731932	2600000	3736908	121882	3742696	24384	3748499	2861312	3736908	0.83456	3742696	0.99718	3748499	1.05882	3736908	146043.424079755	3742696	24452.9573396979	3748499	2702359.23008632	3753491	115331	3759263	24306	3765066	2842358	3753491	0.83461	3759263	0.99821	3765066	1.05951	3753491	138185.499814285	3759263	24349.5857585077	3765066	2682709.93194968
33	3840352	114369	3846139	25154	3851958	2691920	3840352	0.83487	3846139	0.99862	3851958	1.06064	3840352	136990.190089475	3846139	25188.7604894755	3851958	2538014.78352693	3856935	119598	3862707	26823	3868510	2804575	3856935	0.83589	3862707	0.99763	3868510	1.06024	3856935	143078.634748591	3862707	26886.7215300262	3868510	2645226.55247868	3873486	110997	3879274	26104	3885062	2778784	3873486	0.83513	3879274	0.99799	3885062	1.06068	3873486	132909.846371224	3879274	26156.5747151775	3885062	2619813.70441603
34	3960363	112573	3966150	27469	3971969	2580326	3960363	0.83504	3966150	0.99822	3971969	1.06017	3960363	134811.506035639	3966150	27517.9820079742	3971969	2433879.47216013	3976930	115836	3982718	28749	3988521	2691202	3976930	0.83515	3982718	0.99795	3988521	1.05988	3976930	138700.832185835	3982718	28808.0565158575	3988521	2539157.26308639	3993513	96881	3999301	28773	4005119	2670423	3993513	0.8351	3999301	0.99826	4005119	1.06088	3993513	116011.25613699	3999301	28823.1522849759	4005119	2517177.24907624
35	4080374	110285	4086161	30334	4091980	2424367	4080374	0.83506	4086161	0.99805	4091980	1.06024	4080374	132068.354369746	4086161	30393.2668703973	4091980	2286620.95374632	4096941	109771	4102729	32610	4108532	2537731	4096941	0.83497	4102729	0.99875	4108532	1.0607	4096941	131466.998814329	4102729	32650.8135168961	4108532	2392505.89233525	4113508	79063	4119296	32490	4125084	2530518	4113508	0.83491	4119296	0.99867	4125084	1.06082	4113508	94696.434346217	4119296	32533.2692481	4125084	2385435.79495108
36	4200385	107748	4206172	34027	4211976	2239471	4200385	0.83541	4206172	0.99895	4211976	1.06015	4200385	128976.191331203	4206172	34062.7659041994	4211976	2112409.56468424	4216952	101345	4222740	36792	4228543	2349351	4216952	0.83493	4222740	0.99868	4228543	1.06044	4216952	121381.433174039	4222740	36840.6296311131	4228543	2215449.24748218	4233519	64613	4239307	36741	4245095	2347454	4233519	0.83584	4239307	0.99872	4245095	1.06089	4233519	77303.0723583461	4239307	36788.0887536046	4245095	2212721.39430101
37	4320396	103920	4326183	38543	4332002	2038805	4320396	0.83546	4326183	0.99964	4332002	1.06073	4320396	124386.565484883	4326183	38556.8804769717	4332002	1922077.24868723	4336963	90928	4342751	41884	4348554	2147087	4336963	0.83602	4342751	0.99897	4348554	1.06043	4336963	108762.948254826	4342751	41927.1850005506	4348554	2024732.41986741	4353530	54670	4359318	42169	4365121	2155589	4353530	0.83555	4359318	0.9989	4365121	1.06039	4353530	65429.9563161989	4359318	42215.4369806788	4365121	2032826.6015334
38	4440407	99690	4446195	43589	4451998	1842940	4440407	0.8361	4446195	0.99872	4451998	1.06037	4440407	119232.149264442	4446195	43644.8654277475	4451998	1738015.9755557	4456974	82241	4462762	48370	4468565	1952995	4456974	0.83688	4462762	0.99879	4468565	1.06167	4456974	98270.95879935	4462762	48428.5986043112	4468565	1839549.95431725	4473541	47914	4479329	48073	4485117	1981775	4473541	0.8361	4479329	1.00065	4485117	1.06193	4473541	57306.5422796316	4479329	48041.772847649	4485117	1866201.16203516
39	4560418	96039	4566206	49654	4572009	1665105	4560418	0.83589	4566206	0.9984	4572009	1.06186	4560418	114894.304274486	4566206	49733.5737179487	4572009	1568102.19802987	4576985	74304	4582788	55188	4588576	1782179	4576985	0.83619	4582788	0.99947	4588576	1.06124	4576985	88860.187278011	4582788	55217.2651505298	4588576	1679336.43662131	4593552	42770	4599340	55155	4605143	1815390	4593552	0.83656	4599340	1.00005	4605143	1.06146	4593552	51126.0399732237	4599340	55152.2423878806	4605143	1710276.41173478
40	4680429	91339	4686217	56042	4692035	1516204	4680429	0.83728	4686217	0.99953	4692035	1.06156	4680429	109090.14905408	4686217	56068.352125499	4692035	1428279.13636535	4696996	67846	4702784	62509	4708587	1638581	4696996	0.83603	4702784	0.99972	4708587	1.06327	4696996	81152.5902180544	4702784	62526.5074220782	4708587	1541077.05474621	4713563	39305	4719351	62782	4725154	1685905	4713563	0.83634	4719351	0.99914	4725154	1.06278	4713563	46996.4368558242	4719351	62836.0389935344	4725154	1586316.07670449
41	4800440	87875	4806243	62101	4812046	1396331	4800440	0.83661	4806243	0.9994	4812046	1.06254	4800440	105036.994537479	4806243	62138.2829697819	4812046	1314144.40868108	4817007	62266	4822795	69973	4828598	1525440	4817007	0.83697	4822795	0.99961	4828598	1.0628	4817007	74394.5422177617	4822795	70000.3001170456	4828598	1435302.97327813	4833574	37088	4839362	70126	4845165	1578799	4833574	0.83636	4839362	1.00021	4845165	1.06261	4833574	44344.5406284375	4839362	70111.2766319073	4845165	1485774.64921279
42	4920451	84743	4926254	69571	4932057	1299131	4920451	0.83702	4926254	1.00122	4932057	1.06249	4920451	101243.697880576	4926254	69486.2268033	4932057	1222723.03739329	4937034	58112	4942853	78439	4948656	1441933	4937034	0.83776	4942853	0.9997	4948656	1.06319	4937034	69365.9281894576	4942853	78462.5387616285	4948656	1356232.65832071	4953617	35110	4959404	77952	4965207	1499834	4953617	0.83702	4959404	1.00037	4965207	1.06274	4953617	41946.4289981124	4959404	77923.1684276818	4965207	1411289.68515347
43	5040462	80908	5046265	75509	5052053	1225637	5040462	0.83715	5046265	0.99957	5052053	1.06213	5040462	96646.9569372275	5046265	75541.4828376202	5052053	1153942.54940544	5057029	54570	5062817	86730	5068620	1386032	5057029	0.83685	5062817	1.00054	5068620	1.06353	5057029	65208.8187847285	5062817	86683.1910768185	5068620	1303237.33228024	5073612	33562	5079384	85359	5085187	1445585	5073612	0.83734	5079384	1.00081	5085187	1.06247	5073612	40081.687247713	5079384	85289.9151687134	5085187	1360589.00486602
44	5160473	77474	5166276	80768	5172064	1176505	5160473	0.83714	5166276	1.00119	5172064	1.06369	5160473	92546.0496452206	5166276	80672.0003196197	5172064	1106060.03628877	5177040	51478	5182812	93965	5188615	1349202	5177040	0.83719	5182812	1.00108	5188615	1.06272	5177040	61489.0287748301	5182812	93863.6272825349	5188615	1269574.29990967	5193607	32666	5199395	92570	5205183	1417274	5193607	0.83684	5199395	1.00029	5205183	1.06236	5193607	39034.940968405	5199395	92543.16248288	5205183	1334080.72593095
45	5280484	74774	5286272	86418	5292075	1141820	5280484	0.83695	5286272	1.00025	5292075	1.0637	5280484	89341.059800466	5286272	86396.4008997751	5292075	1073441.75989471	5297051	49126	5302839	101225	5308642	1333083	5297051	0.83704	5302839	1.00135	5308642	1.06397	5297051	58690.1462295709	5302839	101088.530483847	5308642	1252932.88344596	5313618	31556	5319406	98884	5325194	1404530	5313618	0.83646	5319406	1.00123	5325194	1.06366	5313618	37725.6533486359	5319406	98762.5220978197	5325194	1320468.94684392
46	5400495	72278	5406283	91568	5412086	1117686	5400495	0.83772	5406283	1.00093	5412086	1.06287	5400495	86279.4251062408	5406283	91482.9208835783	5412086	1051573.56967456	5417062	47153	5422834	107169	5428637	1323331	5417062	0.83665	5422834	1.00078	5428637	1.06319	5417062	56359.2900256977	5422834	107085.473330802	5428637	1244679.69036579	5433614	30683	5439401	105976	5445205	1407975	5433614	0.8376	5439401	1.0004	5445205	1.06282	5433614	36632.0439350525	5439401	105933.62654938	5445205	1324753.95645547
47	5520506	69635	5526309	94413	5532112	1102875	5520506	0.83754	5526309	1.00044	5532112	1.06316	5520506	83142.2976813048	5526309	94371.4765503179	5532112	1037355.61909778	5537089	44900	5542861	112782	5548664	1327831	5537089	0.8374	5542861	1.00061	5548664	1.06226	5537089	53618.3424886554	5542861	112713.244920598	5548664	1250005.64833468	5553640	30332	5559428	111216	5565231	1422816	5553640	0.83739	5559428	1.00031	5565231	1.06365	5553640	36222.0709585737	5559428	111181.533724545	5565231	1337673.10675504
48	5640517	67722	5646320	97376	5652123	1094342	5640517	0.83655	5646320	1.00044	5652123	1.06335	5640517	80953.9178769948	5646320	97333.1734037024	5652123	1029145.62467673	5657100	43801	5662887	117081	5668706	1352819	5657100	0.83708	5662887	1.00077	5668706	1.0631	5657100	52325.9425622402	5662887	116990.916993915	5668706	1272522.8106481	5673683	29933	5679470	115653	5685273	1443092	5673683	0.83774	5679470	1.00116	5685273	1.06235	5673683	35730.6562895409	5679470	115518.997962364	5685273	1358396.00884831
49	5760528	65551	5766316	100175	5772119	1094831	5760528	0.83698	5766316	1.00082	5772119	1.06374	5760528	78318.4783387895	5766316	100092.923802482	5772119	1029228.00684378	5777095	42640	5782883	120904	5788670	1377974	5777095	0.83676	5782883	1.00094	5788670	1.06385	5777095	50958.4588173431	5782883	120790.456970448	5788670	1295270.94985195	5793662	29821	5799450	120281	5805253	1478251	5793662	0.83694	5799450	1.00054	5805253	1.06341	5793662	35630.9890792649	5799450	120216.08331501	5805253	1390104.47522592
50	5880539	64101	5886327	102147	5892145	1097624	5880539	0.83697	5886327	1.00022	5892145	1.06393	5880539	76586.9744435285	5886327	102124.532602827	5892145	1031669.37674471	5897122	41113	5902925	123893	5908728	1405828	5897122	0.8371	5902925	1.0007	5908728	1.06317	5897122	49113.6064986262	5902925	123806.335565104	5908728	1322298.40947356	5913689	29185	5919477	123746	5925280	1525602	5913689	0.83671	5919477	0.99997	5925280	1.06386	5913689	34880.6635512902	5919477	123749.712491375	5925280	1434025.15368564
51	6000550	66195	6006353	896866	6012156	1080457	6000550	0.83684	6006353	1.00094	6012156	1.06369	6000550	79101.1423928111	6006353	896023.737686575	6012156	1015763.05126494	6017133	43362	6022905	937310	6028724	1383352	6017133	0.83739	6022905	1.00127	6028724	1.06334	6017133	51782.3236484792	6022905	936121.126169765	6028724	1300949.8373051	6033700	31278	6039488	923715	6045291	1548929	6033700	0.83683	6039488	1.00109	6045291	1.0642	6033700	37376.76708531	6039488	922709.246920856	6045291	1455486.75061079
52	6120561	64850	6126349	906862	6132152	1089797	6120561	0.83746	6126349	1.0005	6132152	1.06291	6120561	77436.5342822344	6126349	906408.795602199	6132152	1025295.65061953	6137128	42050	6142916	947118	6148719	1421141	6137128	0.83766	6142916	1.00051	6148719	1.06301	6137128	50199.3648974524	6142916	946635.21603982	6148719	1336902.75726475	6153696	31549	6159483	935209	6165286	1603592	6153696	0.83707	6159483	0.99999	6165286	1.06349	6153696	37689.7989415461	6159483	935218.352183522	6165286	1507858.08987391
53	6240572	63252	6246360	909591	6252178	1103439	6240572	0.83758	6246360	1.00035	6252178	1.06341	6240572	75517.5625014924	6246360	909272.754535913	6252178	1037642.11357802	6257155	41881	6262943	949554	6268746	1465348	6257155	0.8375	6262943	1.00101	6268746	1.06483	6257155	50007.1641791045	6262943	948595.918122696	6268746	1376133.27949062	6273738	31433	6279510	940197	6285313	1665908	6273738	0.83765	6279510	1.0008	6285313	1.06212	6273738	37525.2193636961	6279510	939445.443645084	6285313	1568474.3720107
54	6360583	63074	6366386	912951	6372189	1117982	6360583	0.83711	6366386	1.00169	6372189	1.06367	6360583	75347.3259189354	6366386	911410.715890146	6372189	1051060.94935459	6377166	41246	6382954	952927	6388772	1513131	6377166	0.8371	6382954	1.00123	6388772	1.06366	6377166	49272.488352646	6382954	951756.339702166	6388772	1422570.18220108	6393749	31497	6399536	946537	6405340	1737157	6393749	0.8373	6399536	1.00146	6405340	1.06377	6393749	37617.3414546757	6399536	945157.070676812	6405340	1633019.35568779
55	6480594	62191	6486397	916577	6492201	1134752	6480594	0.83722	6486397	1.00125	6492201	1.06359	6480594	74282.7452760326	6486397	915432.709113608	6492201	1066907.36091915	6497161	40615	6502949	952508	6508752	1560141	6497161	0.83767	6502949	1.00154	6508752	1.06355	6497161	48485.6805185813	6502949	951043.393174511	6508752	1466918.33952329	6513729	31002	6519516	947136	6525319	1805312	6513729	0.83778	6519516	1.00177	6525319	1.06424	6513729	37004.9416314546	6519516	945462.531319565	6525319	1696339.17161543
56	6600605	62732	6606393	915410	6612212	1149752	6600605	0.83826	6606393	1.00153	6612212	1.06358	6600605	74835.9697468566	6606393	914011.562309666	6612212	1081020.70366122	6617188	40640	6622976	958599	6628763	1608366	6617188	0.8382	6622976	1.00131	6628763	1.06241	6617188	48484.8484848485	6622976	957344.878209546	6628763	1513884.47021395	6633755	31183	6639527	946831	6645315	1867565	6633755	0.83741	6639527	1.00056	6645315	1.06443	6633755	37237.43447057	6639527	946301.071400016	6645315	1754521.19913945
57	6720616	62672	6726404	917309	6732223	1161583	6720616	0.83802	6726404	1.00182	6732223	1.06491	6720616	74785.8046347343	6726404	915642.530594318	6732223	1090780.44153966	6737183	40102	6742971	958581	6748759	1660093	6737183	0.83857	6742971	1.00224	6748759	1.06446	6737183	47821.8872604553	6742971	956438.577586207	6748759	1559563.53456213	6753735	31644	6759523	949637	6765326	1937733	6753735	0.8384	6759523	1.00131	6765326	1.06397	6753735	37743.320610687	6759523	948394.603069978	6765326	1821228.98202017
58	6840627	62380	6846415	920672	6852234	1178197	6840627	0.83838	6846415	1.00165	6852234	1.06477	6840627	74405.4008921968	6846415	919155.393600559	6852234	1106527.23123304	6857210	39657	6862982	959980	6868785	1719883	6857210	0.8382	6862982	1.00119	6868785	1.0651	6857210	47312.0973514674	6862982	958838.981611882	6868785	1614761.99417895	6873762	31189	6879549	952021	6885337	2005663	6873762	0.83807	6879549	1.00231	6885337	1.06494	6873762	37215.2684143329	6879549	949826.89986132	6885337	1883357.74785434
59	6960638	62651	6966426	919629	6972245	1191019	6960638	0.83848	6966426	1.0023	6972245	1.06463	6960638	74719.730941704	6966426	917518.70697396	6972245	1118716.36155284	6977205	40266	6982993	963884	6988812	1772755	6977205	0.83865	6982993	1.00228	6988812	1.06481	6977205	48012.8778393847	6982993	961691.343736281	6988812	1664855.70195622	6993788	30865	6999591	952519	7005379	2063407	6993788	0.83839	6999591	1.00234	7005379	1.06457	6993788	36814.608952874	6999591	950295.308976994	7005379	1938253.94290653
60	7080649	63062	7086452	920640	7092256	1203899	7080649	0.83825	7086452	1.00189	7092256	1.06479	7080649	75230.539815091	7086452	918903.272814381	7092256	1130644.54023798	7097216	39520	7103004	961262	7108807	1824887	7097216	0.83867	7103004	1.00224	7108807	1.06548	7097216	47122.2292439219	7103004	959113.585568327	7108807	1712736.98239291	7113784	31583	7119571	953751	7125359	2115369	7113784	0.83821	7119571	1.00194	7125359	1.0649	7113784	37679.1018957063	7119571	951904.305647045	7125359	1986448.49281623
61	7200660	62995	7206448	921143	7212267	1213763	7200660	0.83808	7206448	1.00239	7212267	1.06469	7200660	75165.855288278	7206448	918946.717345544	7212267	1140015.40354469	7217243	39866	7223031	964135	7228849	1869699	7217243	0.83807	7223031	1.00334	7228849	1.06433	7217243	47568.818833749	7223031	960925.508800606	7228849	1756691.06386177	7233826	31484	7239598	954710	7245401	2161962	7233826	0.83822	7239598	1.00234	7245401	1.06484	7233826	37560.5449643292	7239598	952481.194006026	7245401	2030316.29164945
62	7320671	63221	7326459	921280	7332278	1222521	7320671	0.83915	7326459	1.00244	7332278	1.06459	7320671	75339.3314663648	7326459	919037.548381948	7332278	1148349.12971191	7337254	39825	7343026	961046	7348829	1913302	7337254	0.83874	7343026	1.0016	7348829	1.06552	7337254	47481.9371915015	7343026	959510.782747604	7348829	1795650.949771	7353821	31504	7359593	952635	7365396	2203203	7353821	0.83868	7359593	1.00226	7365396	1.06522	7353821	37563.7907187485	7359593	950486.899606889	7365396	2068307.95516419
63	7440682	63481	7446470	923903	7452273	1231097	7440682	0.83828	7446470	1.00227	7452273	1.06547	7440682	75727.6804886196	7446470	921810.490187275	7452273	1155449.70764076	7457249	39986	7463037	964026	7468840	1953673	7457249	0.83857	7463037	1.00232	7468840	1.06504	7457249	47683.5565307607	7463037	961794.636443451	7468840	1834365.84541426	7473817	31866	7479604	954253	7485407	2238787	7473817	0.83876	7479604	1.00228	7485407	1.06554	7473817	37991.797415232	7479604	952082.252464381	7485407	2101082.08044747
64	7560693	63703	7566496	922625	7572300	1239477	7560693	0.8385	7566496	1.00146	7572300	1.06486	7560693	75972.5700655933	7566496	921279.931300302	7572300	1163981.18062468	7577276	40149	7583048	964023	7588851	1983740	7577276	0.83866	7583048	1.0022	7588851	1.06463	7577276	47872.7970810579	7583048	961906.805028936	7588851	1863314.01519777	7593828	31538	7599615	954493	7605403	2267615	7593828	0.83844	7599615	1.00291	7605403	1.06522	7593828	37615.0946996804	7599615	951723.48465964	7605403	2128776.21524192
65	7680704	64247	7686476	923343	7692295	1241450	7680704	0.8389	7686476	1.00308	7692295	1.06568	7680704	76584.8134461795	7686476	920507.835865534	7692295	1164936.94167105	7697271	40340	7703059	966622	7708862	2015010	7697271	0.83858	7703059	1.00233	7708862	1.06512	7697271	48105.1301008848	7703059	964375.006235471	7708862	1891815.0067598	7713839	31393	7719626	952818	7725429	2292218	7713839	0.83862	7719626	1.00155	7725429	1.06471	7713839	37434.1179556891	7719626	951343.417702561	7725429	2152903.60755511
66	7800715	64715	7806503	922175	7812322	1241208	7800715	0.8382	7806503	1.00218	7812322	1.06471	7800715	77207.110474827	7806503	920169.031511305	7812322	1165770.96110678	7817282	40816	7823054	967291	7828858	2042000	7817282	0.8385	7823054	1.00205	7828858	1.06536	7817282	48677.4001192606	7823054	965312.110174143	7828858	1916722.98565743	7833834	32110	7839622	956619	7845425	2317113	7833834	0.83854	7839622	1.00224	7845425	1.06542	7833834	38292.746917261	7839622	954480.962643678	7845425	2174835.27622909
67	7920726	64660	7926514	924579	7932317	1245839	7920726	0.83874	7926514	1.00246	7932317	1.0657	7920726	77091.8282185183	7926514	922310.117111905	7932317	1169033.49910857	7937293	41085	7943081	965933	7948900	2066232	7937293	0.83884	7943081	1.00241	7948900	1.06506	7937293	48978.3510562205	7943081	963610.698217296	7948900	1940014.64706214	7953876	31817	7959648	957501	7965436	2334909	7953876	0.83965	7959648	1.0035	7965436	1.06591	7953876	37893.1697731198	7959648	954161.434977578	7965436	2190531.09549587
68	8040737	65312	8046525	923110	8052328	1244602	8040737	0.83921	8046525	1.00299	8052328	1.06548	8040737	77825.5740517868	8046525	920358.129193711	8052328	1168113.90171566	8057304	41344	8063092	967166	8068895	2090595	8057304	0.83925	8063092	1.00258	8068895	1.06539	8057304	49263.0324694668	8063092	964677.132996868	8068895	1962281.41807226	8073856	32051	8079644	955481	8085447	2350507	8073856	0.83911	8079644	1.00161	8085447	1.06482	8073856	38196.4223999237	8079644	953945.148311219	8085447	2207421.9116846
69	8160748	65618	8166536	925223	8172339	1240267	8160748	0.83883	8166536	1.00229	8172339	1.06555	8160748	78225.6237855108	8166536	923109.080206328	8172339	1163968.84238187	8177331	41559	8183119	967175	8188922	2106155	8177331	0.83905	8183119	1.00338	8188922	1.065	8177331	49531.0172218581	8183119	963916.960672926	8188922	1977610.3286385	8193898	32308	8199702	956551	8205505	2354199	8193898	0.83886	8199702	1.00242	8205505	1.06526	8193898	38514.173998045	8199702	954241.735001297	8205505	2209975.96830821
70	8280759	66244	8286547	925573	8292350	1234992	8280759	0.83886	8286547	1.00283	8292350	1.065	8280759	78969.0770808001	8286547	922961.020312516	8292350	1159616.90140845	8297311	42079	8303114	968045	8308917	2122918	8297311	0.83857	8303114	1.00277	8308917	1.06564	8297311	50179.4721967158	8303114	965370.922544552	8308917	1992153.07233212	8313894	32260	8319681	956274	8325485	2360548	8313894	0.83905	8319681	1.0024	8325485	1.06491	8313894	38448.2450390322	8319681	953984.437350359	8325485	2216664.31905044
71	8400770	66648	8406558	926027	8412361	1231041	8400770	0.8394	8406558	1.00312	8412361	1.06605	8400770	79399.5711222302	8406558	923146.782040035	8412361	1154768.53806107	8417337	42174	8423125	969526	8428928	2134858	8417337	0.83935	8423125	1.00324	8428928	1.06552	8417337	50246.0237088223	8423125	966394.880586898	8428928	2003583.22696899	8433920	32431	8439692	959680	8445511	2370646	8433920	0.83951	8439692	1.00264	8445511	1.06473	8433920	38630.868006337	8439692	957153.115774356	8445511	2226523.1561053
72	8520781	66835	8526569	928355	8532372	1225967	8520781	0.83929	8526569	1.00296	8532372	1.06501	8520781	79632.7848538646	8526569	925615.179069953	8532372	1151131.91425433	8537348	42733	8543136	971633	8548939	2144857	8537348	0.83967	8543136	1.00265	8548939	1.06464	8537348	50892.6125739874	8543136	969064.977808807	8548939	2014631.23685001	8553916	33028	8559688	962283	8565491	2375129	8553916	0.83885	8559688	1.0031	8565491	1.06598	8553916	39372.9510639566	8559688	959309.141660851	8565491	2228117.78832624
73	8640792	67412	8646580	926585	8652383	1219271	8640792	0.83907	8646580	1.00236	8652383	1.06527	8640792	80341.3302823364	8646580	924403.407957221	8652383	1144565.22759488	8657360	43629	8663147	970009	8668950	2153031	8657360	0.83926	8663147	1.00299	8668950	1.06584	8657360	51985.0820961323	8663147	967117.319215546	8668950	2020032.08736771	8673927	32829	8679714	964143	8685518	2379221	8673927	0.83956	8679714	1.00255	8685518	1.06549	8673927	39102.6251846205	8679714	961690.688743704	8685518	2232982.9468132
74	8760803	67303	8766591	926617	8772394	1213137	8760803	0.83869	8766591	1.00215	8772394	1.06534	8760803	80247.7673514648	8766591	924629.047547772	8772394	1138732.23571817	8777371	44294	8783158	971379	8788961	2149585	8777371	0.83906	8783158	1.00196	8788961	1.06527	8777371	52790.0269349033	8783158	969478.821509841	8788961	2017878.09663278	8793938	32720	8799710	961643	8805513	2377606	8793938	0.83959	8799710	1.00243	8805513	1.06622	8793938	38971.4027084649	8799710	959311.872150674	8805513	2229939.41212883
75	8880814	67992	8886602	927311	8892405	1203235	8880814	0.83921	8886602	1.0026	8892405	1.06587	8880814	81019.0536337746	8886602	924906.243766208	8892405	1128875.94171897	8897382	44334	8903185	969608	8908988	2148886	8897382	0.83911	8903185	1.00258	8908988	1.06459	8897382	52834.5508932083	8903185	967112.848849967	8908988	2018510.41245926	8913964	32842	8919752	959022	8925571	2380567	8913964	0.83858	8919752	1.00303	8925571	1.06537	8913964	39163.8245605667	8919752	956124.941427475	8925571	2234497.87397805
76	9000825	68282	9006613	928575	9012416	1197355	9000825	0.83893	9006613	1.00271	9012416	1.0667	9000825	81391.7728535158	9006613	926065.362866631	9012416	1122485.23483641	9017393	44884	9023180	969715	9028983	2151670	9017393	0.83917	9023180	1.00321	9028983	1.06536	9017393	53486.182775838	9023180	966612.174918512	9028983	2019664.71427499	9033960	33318	9039747	960352	9045566	2382496	9033960	0.83969	9039747	1.00368	9045566	1.06703	9033960	39678.929128607	9039747	956830.862426271	9045566	2232829.44247116
77	9120836	69157	9126624	928917	9132427	1186976	9120836	0.83975	9126624	1.00313	9132427	1.06612	9120836	82354.2721047931	9126624	926018.561901249	9132427	1113360.59730612	9137404	46029	9143191	971234	9148994	2147995	9137404	0.83953	9143191	1.00368	9148994	1.06614	9137404	54827.1056424428	9143191	967672.963494341	9148994	2014740.09041964	9153971	33074	9159758	962377	9165562	2373117	9153971	0.83905	9159758	1.00329	9165562	1.0662	9153971	39418.3898456588	9159758	959221.162375784	9165562	2225770.962296
78	9240847	68880	9246635	930508	9252438	1175635	9240847	0.83951	9246635	1.0033	9252438	1.06552	9240847	82047.8612523972	9246635	927447.423502442	9252438	1103343.90720024	9257415	46426	9263218	970499	9269021	2139393	9257415	0.83982	9263218	1.0028	9269021	1.06502	9257415	55280.8935248029	9263218	967789.190267252	9269021	2008781.99470432	9273997	33117	9279785	961055	9285604	2372915	9273997	0.83917	9279785	1.00234	9285604	1.06547	9273997	39463.9941847302	9279785	958811.3813676	9285604	2227106.34743353
79	9360858	69232	9366646	929338	9372449	1166390	9360858	0.83904	9366646	1.00262	9372449	1.06672	9360858	82513.3485888635	9366646	926909.497117552	9372449	1093435.95320234	9377426	46999	9383213	974415	9389016	2138007	9377426	0.8398	9383213	1.00328	9389016	1.06574	9377426	55964.5153608002	9383213	971229.367674029	9389016	2006124.38305778	9393993	33430	9399765	959745	9405568	2368417	9393993	0.83917	9399765	1.00327	9405568	1.06574	9393993	39836.9817796156	9399765	956616.862858453	9405568	2222321.57937208
80	9480869	69916	9486657	926613	9492460	1154845	9480869	0.84032	9486657	1.00253	9492460	1.06552	9480869	83201.6374714395	9486657	924274.585299193	9492460	1083832.30723027	9497452	47627	9503240	970884	9509059	2128110	9497452	0.83945	9503240	1.00401	9509059	1.06702	9497452	56735.9580677825	9503240	967006.304718081	9509059	1994442.46593316	9514019	33264	9519823	960061	9525626	2368337	9514019	0.84028	9519823	1.0035	9525626	1.06629	9514019	39586.8043985338	9519823	956712.506228201	9525626	2221100.26353056
81	9600880	69796	9606668	927463	9612471	1144719	9600880	0.83976	9606668	1.00274	9612471	1.06602	9600880	83114.2231113652	9606668	924928.695374673	9612471	1073825.06894805	9617448	48315	9623235	970707	9629038	2120151	9617448	0.83918	9623235	1.00338	9629038	1.06683	9617448	57574.0603922877	9623235	967437.06272798	9629038	1987337.25148337	9634030	33274	9639802	958958	9645606	2361293	9634030	0.83984	9639802	1.00264	9645606	1.06549	9634030	39619.4513240617	9639802	956433.016835554	9645606	2216156.88556439
82	9720891	70531	9726679	928796	9732482	1134804	9720891	0.83956	9726679	1.00326	9732482	1.06607	9720891	84009.4811567964	9726679	925777.963837888	9732482	1064474.19025017	9737474	49014	9743262	969952	9749049	2097906	9737474	0.83929	9743262	1.00291	9749049	1.06581	9737474	58399.3613649632	9743262	967137.62949816	9749049	1968367.72032539	9754041	33509	9759829	959558	9765632	2366031	9754041	0.83935	9759829	1.00316	9765632	1.06676	9754041	39922.559123131	9759829	956535.348299374	9765632	2217959.99100079
83	9840902	70467	9846690	925514	9852493	1121173	9840902	0.83964	9846690	1.00327	9852493	1.06587	9840902	83925.2536801486	9846690	922497.433392805	9852493	1051885.31434415	9857470	49730	9863257	965382	9869076	2093152	9857470	0.84011	9863257	1.00332	9869076	1.06613	9857470	59194.6292747378	9863257	962187.537375912	9869076	1963317.79426524	9874052	33569	9879824	959584	9885643	2356700	9874052	0.83964	9879824	1.0035	9885643	1.06596	9874052	39980.229622219	9879824	956237.169905331	9885643	2210870.9520057
84	9960913	71024	9966701	925157	9972504	1110832	9960913	0.8403	9966701	1.00375	9972504	1.06671	9960913	84522.1944543616	9966701	921700.622665006	9972504	1041362.69464053	9977496	50442	9983284	966222	9989087	2079277	9977496	0.8402	9983284	1.00416	9989087	1.06659	9977496	60035.7057843371	9983284	962219.168260038	9989087	1949462.30510318	9994063	33741	9999851	956430	10005639	2354446	9994063	0.84018	9999851	1.00413	10005639	1.06573	9994063	40159.2515889452	9999851	952496.190732276	10005639	2209233.10782281
85	10080924	70991	10086712	927405	10092531	1100798	10080924	0.84018	10086712	1.00421	10092531	1.06638	10080924	84494.9891689876	10086712	923516.993457544	10092531	1032275.54905381	10097492	51117	10103264	968929	10109067	2064501	10097492	0.84004	10103264	1.00395	10109067	1.06675	10097492	60850.6737774392	10103264	965116.788684695	10109067	1935318.49074291	10114059	33646	10119846	958265	10125650	2352501	10114059	0.84015	10119846	1.00359	10125650	1.06656	10114059	40047.6105457359	10119846	954837.134686476	10125650	2205690.25652565
86	10200935	71571	10206723	926270	10212526	1089952	10200935	0.8401	10206723	1.00435	10212526	1.06645	10200935	85193.4293536484	10206723	922258.176930353	10212526	1022037.60138778	10217503	52058	10223290	968982	10229093	2049428	10217503	0.84028	10223290	1.00395	10229093	1.06628	10217503	61953.1584709859	10223290	965169.580158375	10229093	1922035.48786435	10234085	34245	10239857	958318	10245661	2352597	10234085	0.8406	10239857	1.00391	10245661	1.06671	10234085	40738.7580299786	10239857	954585.570419659	10245661	2205470.09027758
87	10320946	72132	10326734	926597	10332537	1081721	10320946	0.84044	10326734	1.00414	10332537	1.06668	10320946	85826.4718480796	10326734	922776.704443603	10332537	1014100.76124048	10337514	52397	10343317	969532	10349120	2031435	10337514	0.83995	10343317	1.00416	10349120	1.06641	10337514	62381.0941127448	10343317	965515.45570427	10349120	1904928.68596506	10354112	33796	10359884	958099	10365687	2346423	10354112	0.84027	10359884	1.00389	10365687	1.06711	10354112	40220.4053459007	10359884	954386.436761	10365687	2198857.66228411
88	10440957	72108	10446745	924891	10452533	1070239	10440957	0.84008	10446745	1.0037	10452533	1.06666	10440957	85834.6824111989	10446745	921481.518381987	10452533	1003355.33347083	10457525	53067	10463297	968040	10469100	2019001	10457525	0.83982	10463297	1.00367	10469100	1.0672	10457525	63188.5404015146	10463297	964500.283957875	10469100	1891867.50374813	10474092	34184	10479864	958722	10485667	2339064	10474092	0.83964	10479864	1.0038	10485667	1.06643	10474092	40712.686389405	10479864	955092.647937836	10485667	2193359.15156175
89	10560968	72372	10566756	923894	10572559	1059976	10560968	0.84036	10566756	1.00424	10572559	1.06694	10560968	86120.2341853491	10566756	919993.228710268	10572559	993472.922563593	10577536	53631	10583323	966726	10589111	1998789	10577536	0.83987	10583323	1.00385	10589111	1.06703	10577536	63856.3110957648	10583323	963018.379239926	10589111	1873226.61968267	10594087	34730	10599875	958101	10605678	2339231	10594087	0.83959	10599875	1.00372	10605678	1.06644	10594087	41365.4283638443	10599875	954550.07372574	10605678	2193495.1802258
90	10680979	72659	10686767	926693	10692570	1050898	10680979	0.83958	10686767	1.00399	10692570	1.06642	10680979	86542.0805640916	10686767	923010.189344515	10692570	985444.759100542	10697547	54897	10703334	967174	10709138	1982958	10697547	0.83986	10703334	1.00421	10709138	1.06633	10697547	65364.4655061558	10703334	963119.267882216	10709138	1859610.06442659	10714114	34760	10719902	959729	10725689	2334004	10714114	0.8397	10719902	1.00415	10725689	1.06672	10714114	41395.7365725854	10719902	955762.585271125	10725689	2188019.34903255
91	10800990	73452	10806778	925597	10812597	1039662	10800990	0.84006	10806778	1.00406	10812597	1.06681	10800990	87436.611670595	10806778	921854.271657072	10812597	974552.169552217	10817558	55414	10823345	966804	10829149	1961660	10817558	0.83981	10823345	1.00416	10829149	1.06655	10817558	65983.9725652231	10823345	962798.757170172	10829149	1839257.41878018	10834125	34441	10839913	957061	10845700	2330038	10834125	0.83995	10839913	1.00385	10845700	1.06594	10834125	41003.6311685219	10839913	953390.446779897	10845700	2185899.76921778
92	10921001	73167	10926789	925766	10932592	1031186	10921001	0.83973	10926789	1.00403	10932592	1.06717	10921001	87131.5780072166	10926789	922050.137944085	10932592	966280.91119503	10937569	55759	10943356	968052	10949160	1941193	10937569	0.83954	10943356	1.00458	10949160	1.06603	10937569	66416.132644067	10943356	963638.535507376	10949160	1820955.32020675	10954136	34524	10959924	957553	10965727	2324027	10954136	0.83989	10959924	1.00381	10965727	1.06699	10954136	41105.3828477539	10959924	953918.570247358	10965727	2178115.07136899
93	11041012	73205	11046800	922911	11052619	1017657	11041012	0.83988	11046800	1.00387	11052619	1.06686	11041012	87161.2611325427	11046800	919353.103489496	11052619	953880.54665092	11057595	56334	11063383	965209	11069186	1927795	11057595	0.84048	11063383	1.00466	11069186	1.06782	11057595	67025.9851513421	11063383	960731.988931579	11069186	1805355.77157199	11074163	34712	11079950	956676	11085738	2319060	11074163	0.83973	11079950	1.00463	11085738	1.067	11074163	41337.0964476677	11079950	952267.003772533	11085738	2173439.55014058
94	11161024	74009	11166796	925361	11172599	1010566	11161024	0.84015	11166796	1.00447	11172599	1.06662	11161024	88090.2219841695	11166796	921243.04359513	11172599	947447.075809567	11177591	57014	11183363	967267	11189166	1902647	11177591	0.83986	11183363	1.00425	11189166	1.06553	11177591	67885.1237110947	11183363	963173.512571571	11189166	1785634.37913527	11194158	35240	11199946	955187	11205749	2318815	11194158	0.83949	11199946	1.00385	11205749	1.06706	11194158	41977.8675148007	11199946	951523.634009065	11205749	2173087.7363972
95	11281035	74038	11286807	925746	11292641	1003608	11281035	0.8401	11286807	1.00366	11292641	1.06782	11281035	88129.9845256517	11286807	922370.125341251	11292641	939866.269595999	11297617	57717	11303389	962996	11309177	1886752	11297617	0.84004	11303389	1.00416	11309177	1.06772	11297617	68707.442502738	11303389	959006.532823454	11309177	1767085.00355899	11314153	34670	11319941	956871	11325744	2315574	11314153	0.84007	11319941	1.00436	11325744	1.06759	11314153	41270.3703262823	11319941	952717.153211996	11325744	2168973.10765369
96	11401046	74070	11406833	925631	11412652	993709	11401046	0.84004	11406833	1.00419	11412652	1.06671	11401046	88174.3726489215	11406833	921768.788775033	11412652	931564.342698578	11417613	57871	11423400	967077	11429204	1864584	11417613	0.84031	11423400	1.00431	11429204	1.06676	11417613	68868.6318144494	11423400	962926.785554261	11429204	1747894.55922607	11434180	35001	11439968	953745	11445771	2304618	11434180	0.83913	11439968	1.004	11445771	1.06738	11434180	41711.0578813771	11439968	949945.219123506	11445771	2159135.4531657
97	11521057	74131	11526829	923920	11532663	984103	11521057	0.8405	11526829	1.00433	11532663	1.06724	11521057	88198.6912552052	11526829	919936.674200711	11532663	922100.933248379	11537639	58941	11543411	964324	11549215	1843802	11537639	0.84045	11543411	1.00448	11549215	1.06715	11537639	70130.2873460646	11543411	960023.096527557	11549215	1727781.47401958	11554191	35065	11559979	955284	11565766	2299040	11554191	0.8401	11559979	1.00487	11565766	1.06653	11554191	41739.0786811094	11559979	950654.313493288	11565766	2155626.18960554
98	11641068	74510	11646855	923375	11652674	977403	11641068	0.83995	11646855	1.00482	11652674	1.06726	11641068	88707.6611703078	11646855	918945.681813658	11652674	915805.895470645	11657635	59436	11663422	964523	11669226	1821831	11657635	0.84025	11663422	1.00435	11669226	1.06763	11657635	70736.0904492711	11663422	960345.497087669	11669226	1706425.44701816	11674202	35390	11679990	954888	11685793	2296198	11674202	0.83994	11679990	1.0043	11685793	1.06747	11674202	42133.9619496631	11679990	950799.5618839	11685793	2151065.6037172
99	11761079	75291	11766866	924979	11772669	967748	11761079	0.84047	11766866	1.00477	11772669	1.06789	11761079	89582.0195842802	11766866	920587.796212069	11772669	906224.423863881	11777646	59898	11783433	966203	11789252	1804848	11777646	0.84054	11783433	1.00431	11789252	1.06816	11777646	71261.3320008566	11783433	962056.536328424	11789252	1689679.44877172	11794229	35676	11800032	956008	11805819	2297521	11794229	0.84085	11800032	1.00376	11805819	1.06749	11794229	42428.4949753226	11800032	952426.874950187	11805819	2152264.65821694
100	11881090	75162	11886877	921839	11892696	959873	11881090	0.84053	11886877	1.00414	11892696	1.06704	11881090	89422.1503099235	11886877	918038.321349613	11892696	899566.089368721	11897672	60199	11903444	961316	11909248	1779798	11897672	0.84025	11903444	1.00323	11909248	1.06763	11897672	71644.1535257364	11903444	958220.946343311	11909248	1667055.06589362	11914240	35890	11920012	955982	11925815	2290454	11914240	0.83986	11920012	1.00472	11925815	1.06791	11914240	42733.312694973	11920012	951490.962656262	11925815	2144800.59181017
101	12001101	75437	12006888	923261	12012691	951273	12001101	0.84011	12006888	1.00402	12012691	1.06676	12001101	89794.1936175025	12006888	919564.351307743	12012691	891740.410214106	12017668	60896	12023455	963530	12029259	1758043	12017668	0.83971	12023455	1.00384	12029259	1.0672	12017668	72520.2748567958	12023455	959844.19827861	12029259	1647341.64167916	12034235	35545	12040023	952996	12045826	2281317	12034235	0.83998	12040023	1.0038	12045826	1.06731	12034235	42316.483725803	12040023	949388.324367404	12045826	2137445.54065829
102	12121112	75511	12126899	922344	12132702	944655	12121112	0.84006	12126899	1.00397	12132702	1.06722	12121112	89887.6270742566	12126899	918696.773807982	12132702	885154.888401642	12137679	61474	12143466	961208	12149270	1736938	12137679	0.84016	12143466	1.00283	12149270	1.06682	12137679	73169.3963054656	12143466	958495.457854273	12149270	1628145.32910894	12154230	35978	12160018	953112	12165821	2277499	12154230	0.83983	12160018	1.00437	12165821	1.06714	12154230	42839.622304514	12160018	948965.022850145	12165821	2134208.2575857
103	12241123	75380	12246910	921911	12252713	935774	12241123	0.84013	12246910	1.00352	12252713	1.06757	12241123	89724.2093485532	12246910	918677.256058673	12252713	876545.800275392	12257690	62044	12263477	961567	12269281	1718460	12257690	0.83973	12263477	1.0044	12269281	1.0673	12257690	73885.6537220297	12263477	957354.639585822	12269281	1610100.2529748	12274273	36116	12280045	952643	12285848	2272539	12274273	0.83995	12280045	1.00375	12285848	1.06712	12274273	42997.7974879457	12280045	949083.935242839	12285848	2129600.23240123
104	12361134	75575	12366937	921796	12372740	929078	12361134	0.84022	12366937	1.00362	12372740	1.06672	12361134	89946.6806312632	12366937	918471.134493135	12372740	870967.076646168	12377701	62403	12383488	961362	12389292	1695468	12377701	0.83975	12383488	1.00421	12389292	1.06722	12377701	74311.4022030366	12383488	957331.633821611	12389292	1588677.12374206	12394268	36342	12400056	953618	12405859	2266350	12394268	0.84017	12400056	1.0045	12405859	1.06749	12394268	43255.531618601	12400056	949345.943255351	12405859	2123064.38467808
105	12481145	76039	12486932	922064	12492735	922323	12481145	0.84001	12486932	1.00412	12492735	1.06687	12481145	90521.5414102213	12486932	918280.683583635	12492735	864513.014706572	12497712	63269	12503499	958564	12509287	1672442	12497712	0.83966	12503499	1.00342	12509287	1.06721	12497712	75350.7372031537	12503499	955296.884654482	12509287	1567116.12522371	12514263	36326	12520051	954524	12525854	2258931	12514263	0.83935	12520051	1.00475	12525854	1.06655	12514263	43278.7275868231	12520051	950011.445633242	12525854	2117979.46650415
106	12601156	76108	12606959	919990	12612762	914052	12601156	0.83945	12606959	1.0038	12612762	1.06682	12601156	90664.1253201501	12606959	916507.272365013	12612762	856800.584915918	12617723	63902	12623510	960836	12629314	1648036	12617723	0.83967	12623510	1.00326	12629314	1.06688	12617723	76103.707408863	12623510	957713.852839742	12629314	1544724.80503899	12634306	36272	12640093	955063	12645897	2254338	12634306	0.84045	12640093	1.00401	12645897	1.06684	12634306	43157.8321137486	12640093	951248.493540901	12645897	2113098.49649432
107	12721167	76112	12726954	920709	12732773	907152	12721167	0.83974	12726954	1.00376	12732773	1.06657	12721167	90637.5782980446	12726954	917260.102016418	12732773	850532.079469702	12737734	63573	12743521	961769	12749325	1632217	12737734	0.83958	12743521	1.004	12749325	1.06645	12737734	75720.0028585722	12743521	957937.250996016	12749325	1530514.3232219	12754301	37023	12760089	951378	12765892	2251172	12754301	0.83994	12760089	1.00353	12765892	1.06736	12754301	44078.1484391742	12760089	948031.448985083	12765892	2109102.83315845
108	12841178	76952	12846965	922519	12852784	902193	12841178	0.83984	12846965	1.00436	12852784	1.06723	12841178	91626.9765669651	12846965	918514.277749014	12852784	845359.482023556	12857745	64189	12863532	959894	12869336	1610498	12857745	0.84041	12863532	1.00359	12869336	1.06659	12857745	76378.1963565403	12863532	956460.307496089	12869336	1509950.40268519	12874312	36658	12880100	952585	12885887	2245634	12874312	0.84011	12880100	1.0037	12885887	1.06782	12874312	43634.762114485	12880100	949073.428315234	12885887	2103007.99760259
109	12961189	76759	12966976	919176	12972795	894819	12961189	0.84002	12966976	1.00465	12972795	1.0667	12961189	91377.5862479465	12966976	914921.614492609	12972795	838866.597918815	12977756	65045	12983544	961245	12989347	1590525	12977756	0.84067	12983544	1.00426	12989347	1.06668	12977756	77372.8097826734	12983544	957167.466592317	12989347	1491098.54876814	12994323	37116	13000111	951627	13005898	2242069	12994323	0.84116	13000111	1.00427	13005898	1.06752	12994323	44124.7800656237	13000111	947580.829856513	13005898	2100259.47991607
110	13081200	77235	13086987	920855	13092806	889686	13081200	0.84025	13086987	1.0043	13092806	1.0661	13081200	91919.0717048497	13086987	916912.277208006	13092806	834523.965856861	13097783	65721	13103555	960317	13109358	1570936	13097783	0.84108	13103555	1.00505	13109358	1.06743	13097783	78138.8215151948	13103555	955491.766578777	13109358	1471699.31517758	13114334	37220	13120122	949312	13125909	2233494	13114334	0.84036	13120122	1.00417	13125909	1.068	13114334	44290.542148603	13120122	945369.807901053	13125909	2091286.51685393
111	13201211	76913	13206998	921521	13212817	884084	13201211	0.84041	13206998	1.00472	13212817	1.0674	13201211	91518.4255303959	13206998	917191.85444701	13212817	828259.32171632	13217778	65713	13223566	958387	13229369	1552197	13217778	0.84033	13223566	1.00482	13229369	1.06757	13217778	78199.0408529982	13223566	953789.733484604	13229369	1453953.37073916	13234361	37567	13240133	949454	13245936	2226414	13234361	0.83984	13240133	1.0043	13245936	1.06871	13234361	44731.1392646218	13240133	945388.828039431	13245936	2083272.35639229
112	13321222	77016	13327009	921648	13332828	878657	13321222	0.8402	13327009	1.00443	13332828	1.06711	13321222	91663.8895501071	13327009	917583.106836713	13332828	823398.712410155	13337805	66065	13343577	959063	13349380	1531828	13337805	0.84042	13343577	1.00443	13349380	1.0674	13337805	78609.5047714238	13343577	954833.089413897	13349380	1435102.11729436	13354356	37961	13360144	951439	13365931	2219293	13354356	0.84079	13360144	1.00456	13365931	1.0674	13354356	45149.2049144257	13360144	947120.132197181	13365931	2079157.76653551
113	13441233	77815	13447036	919797	13452839	873111	13441233	0.84044	13447036	1.00449	13452839	1.06767	13441233	92588.4060730094	13447036	915685.571782696	13452839	817772.34538762	13457816	66469	13463603	960903	13469406	1511112	13457816	0.84037	13463603	1.00437	13469406	1.06762	13457816	79094.9224746243	13463603	956722.124316736	13469406	1415402.4840299	13474383	37738	13480170	950673	13485974	2219108	13474383	0.84062	13480170	1.00472	13485974	1.06795	13474383	44893.0551259784	13480170	946206.903415877	13485974	2077913.76000749
114	13561244	77962	13567031	920315	13572850	869982	13561244	0.8411	13567031	1.00464	13572850	1.06902	13561244	92690.5243133991	13567031	916064.460901417	13572850	813812.650839086	13577811	66915	13583583	959863	13589402	1491949	13577811	0.8409	13583583	1.00449	13589402	1.06848	13577811	79575.4548697824	13583583	955572.479566745	13589402	1396328.42917041	13594378	37874	13600166	951328	13605969	2211371	13594378	0.84096	13600166	1.00495	13605969	1.06755	13594378	45036.6248097413	13600166	946642.121498582	13605969	2071444.89719451
115	13681255	77816	13687042	919571	13692861	862823	13681255	0.84033	13687042	1.00482	13692861	1.06799	13681255	92601.7159925268	13687042	915159.929141538	13692861	807894.268672928	13697822	67470	13703610	957653	13709397	1473314	13697822	0.84055	13703610	1.00502	13709397	1.06828	13697822	80268.8715721849	13703610	952869.594634933	13709397	1379145.91680084	13714389	38408	13720161	948864	13725964	2203413	13714389	0.84058	13720161	1.00538	13725964	1.06809	13714389	45692.2601061172	13720161	943786.429011916	13725964	2062946.94267337
116	13801266	78716	13807053	920180	13812872	858240	13801266	0.84085	13807053	1.00541	13812872	1.06806	13801266	93614.7945531308	13807053	915228.613202574	13812872	803550.362339194	13817817	68104	13823605	958772	13829393	1451793	13817817	0.84066	13823605	1.00489	13829393	1.06858	13817817	81012.5377679442	13823605	954106.419608117	13829393	1358618.91482154	13834385	38948	13840172	947889	13845975	2195024	13834385	0.84092	13840172	1.00445	13845975	1.06774	13834385	46315.9396851068	13840172	943689.581362935	13845975	2055766.38507502
117	13921277	78479	13927064	919850	13932883	853919	13921277	0.84095	13927064	1.00499	13932883	1.06766	13921277	93321.838397051	13927064	915282.739131733	13932883	799804.244797033	13937860	68700	13943632	958134	13949435	1436792	13937860	0.8407	13943632	1.00552	13949435	1.06814	13937860	81717.6162721542	13943632	952874.134776036	13949435	1345134.5329264	13954411	38775	13960183	949761	13965986	2193183	13954411	0.84033	13960183	1.00449	13965986	1.0683	13954411	46142.5868408839	13960183	945515.634799749	13965986	2052965.45914069
118	14041288	78570	14047075	921298	14052894	848628	14041288	0.84015	14047075	1.00518	14052894	1.06733	14041288	93519.0144617033	14047075	916550.269603454	14052894	795094.300731732	14057871	68607	14063658	958066	14069446	1417425	14057871	0.84046	14063658	1.00481	14069446	1.06828	14057871	81630.2976941199	14063658	953479.76234313	14069446	1326829.10847343	14074422	39225	14080210	948820	14085997	2182455	14074422	0.84043	14080210	1.00454	14085997	1.06827	14074422	46672.5366776531	14080210	944531.825512175	14085997	2042980.7071246
119	14161299	79110	14167086	918313	14172905	845346	14161299	0.84063	14167086	1.0041	14172905	1.06806	14161299	94107.9904357446	14167086	914563.290508914	14172905	791478.006853548	14177866	69545	14183654	956118	14189457	1399323	14177866	0.84102	14183654	1.00446	14189457	1.06873	14177866	82691.2558559844	14183654	951872.647989965	14189457	1309332.57230545	14194449	39358	14200221	948901	14206024	2174389	14194449	0.84057	14200221	1.00444	14206024	1.06814	14194449	46822.9891621162	14200221	944706.50312612	14206024	2035677.90739042
120	14281310	78822	14287097	919180	14292916	840870	14281310	0.84178	14287097	1.00482	14292916	1.06842	14281310	93637.2924041911	14287097	914770.804721244	14292916	787021.957657101	14297877	69777	14303665	956415	14309468	1379408	14297877	0.84074	14303665	1.0043	14309468	1.06767	14297877	82994.7427266456	14303665	952320.023897242	14309468	1291979.731565	14314444	39874	14320216	949216	14326019	2169465	14314444	0.84138	14320216	1.00404	14326019	1.06766	14314444	47391.1906629585	14320216	945396.59774511	14326019	2031981.15504936
121	14401321	79023	14407124	920322	14412927	837505	14401321	0.84033	14407124	1.00509	14412927	1.06867	14401321	94038.0564778123	14407124	915661.284064114	14412927	783689.071462659	14417904	70542	14423691	956674	14429526	1363015	14417904	0.84037	14423691	1.0055	14429526	1.06876	14417904	83941.5971536347	14423691	951441.074092491	14429526	1275323.73966092	14434486	39674	14440290	948144	14446093	2163166	14434486	0.84118	14440290	1.00573	14446093	1.06815	14434486	47164.6972110607	14440290	942742.087836696	14446093	2025151.89814165
122	14521332	79034	14527119	919206	14532938	832834	14521332	0.84104	14527119	1.00601	14532938	1.06895	14521332	93971.7492628175	14527119	913714.575401835	14532938	779114.083914122	14537899	70087	14543687	958407	14549490	1347241	14537899	0.84105	14543687	1.00572	14549490	1.0683	14537899	83332.7388383568	14543687	952956.091158573	14549490	1261107.36684452	14554466	40600	14560254	947951	14566041	2160120	14554466	0.84082	14560254	1.00538	14566041	1.06882	14554466	48286.196807878	14560254	942878.314667091	14566041	2021032.54055875
123	14641343	79704	14647130	919722	14652949	829564	14641343	0.8411	14647130	1.00481	14652949	1.06879	14641343	94761.6216858875	14647130	915319.314099183	14652949	776171.18423638	14657926	71030	14663698	957188	14669485	1330762	14657926	0.84107	14663698	1.00529	14669485	1.0686	14657926	84451.9481137123	14663698	952151.120572173	14669485	1245332.21036871	14674477	40828	14680249	945415	14686052	2145467	14674477	0.84069	14680249	1.00432	14686052	1.06844	14674477	48564.8693335237	14680249	941348.375019914	14686052	2008036.95106885
124	14761354	80043	14767141	918467	14772960	824629	14761354	0.84169	14767141	1.00529	14772960	1.06849	14761354	95097.9576803812	14767141	913633.876791772	14772960	771770.442400023	14777937	70860	14783709	957032	14789512	1315450	14777937	0.84159	14783709	1.00544	14789512	1.06852	14777937	84197.7685096068	14783709	951853.91470401	14789512	1231095.34683487	14794488	41046	14800260	947895	14806064	2141608	14794488	0.84151	14800260	1.00506	14806064	1.06928	14794488	48776.6039619256	14800260	943122.798638887	14806064	2002850.51623522
125	14881365	80086	14887152	917550	14892956	820294	14881365	0.84117	14887152	1.00544	14892956	1.06844	14881365	95207.865235327	14887152	912585.534691279	14892956	767749.241885366	14897932	71391	14903720	956164	14909523	1300735	14897932	0.84086	14903720	1.00481	14909523	1.06841	14897932	84902.3618676117	14903720	951586.867168918	14909523	1217449.29381043	14914499	41304	14920287	945851	14926075	2133230	14914499	0.84147	14920287	1.00501	14926075	1.06862	14914499	49085.5288958608	14920287	941135.909095432	14926075	1996247.49677154
126	15001376	79629	15007163	918301	15012982	819424	15001376	0.84069	15007163	1.00484	15012982	1.06826	15001376	94718.6239874389	15007163	913877.831296525	15012982	767064.197854455	15017959	71867	15023746	956345	15029534	1283877	15017959	0.84134	15023746	1.00495	15029534	1.06908	15017959	85419.6876411439	15023746	951634.409672123	15029534	1200917.6114042	15034526	41649	15040298	944747	15046086	2124538	15034526	0.84109	15040298	1.00481	15046086	1.06805	15034526	49517.8875031209	15040298	940224.520058519	15046086	1989174.66410749
127	15121387	80018	15127174	917572	15132993	815163	15121387	0.84118	15127174	1.00531	15132993	1.06897	15121387	95125.8945766661	15127174	912725.42797744	15132993	762568.640841184	15137970	72240	15143742	954200	15149545	1267261	15137970	0.84168	15143742	1.00575	15149545	1.06816	15137970	85828.3433133733	15143742	948744.717872235	15149545	1186396.23277412	15154521	41836	15160309	945065	15166097	2118903	15154521	0.8412	15160309	1.00481	15166097	1.06847	15154521	49733.7137422729	15160309	940540.997800579	15166097	1983118.85219052
128	15241398	79883	15247185	918228	15252989	810802	15241398	0.84103	15247185	1.00557	15252989	1.06814	15241398	94982.3430793194	15247185	913141.800173036	15252989	759078.397962814	15257965	72724	15263753	957401	15269540	1251237	15257965	0.84142	15263753	1.00556	15269540	1.06797	15257965	86430.0824796178	15263753	952107.283503719	15269540	1171603.13491952	15274532	42524	15280304	946591	15286108	2105939	15274532	0.8414	15280304	1.0049	15286108	1.06838	15274532	50539.5768956501	15280304	941975.320927456	15286108	1971151.65016193
129	15361409	80501	15367212	915413	15373015	805612	15361409	0.84094	15367212	1.00513	15373015	1.06837	15361409	95727.4002901515	15367212	910740.89918717	15373015	754057.115044413	15377992	73210	15383764	952831	15389567	1236238	15377992	0.84065	15383764	1.00525	15389567	1.06836	15377992	87087.3728662345	15383764	947854.762496891	15389567	1157136.17132802	15394543	42420	15400315	945089	15406119	2097185	15394543	0.841	15400315	1.00557	15406119	1.06926	15394543	50439.9524375743	15400315	939854.013146773	15406119	1961342.4237323
130	15481420	81182	15487208	917352	15493026	803637	15481420	0.84104	15487208	1.00432	15493026	1.06858	15481420	96525.7300485114	15487208	913406.085709734	15493026	752060.678657658	15498003	73341	15503775	953704	15509562	1223298	15498003	0.84086	15503775	1.00485	15509562	1.06888	15498003	87221.4161691601	15503775	949100.860824999	15509562	1144467.10575556	15514539	43185	15520326	944484	15526130	2090355	15514539	0.84099	15520326	1.00508	15526130	1.06904	15514539	51350.1944137267	15520326	939710.271819159	15526130	1955357.14285714
131	15601431	80695	15607219	916521	15613022	800810	15601431	0.84097	15607219	1.00458	15613022	1.06766	15601431	95954.6713913695	15607219	912342.471480619	15613022	750060.88080475	15617998	74228	15623786	951641	15629589	1211442	15617998	0.84112	15623786	1.00482	15629589	1.06883	15617998	88249.0013315579	15623786	947076.093230628	15629589	1133428.14105143	15634565	43838	15640353	945918	15646141	2080025	15634565	0.84103	15640353	1.00501	15646141	1.06818	15634565	52124.1810636957	15640353	941202.575098755	15646141	1947260.76129491
132	15721442	81191	15727245	915643	15733048	797917	15721442	0.84034	15727245	1.0053	15733048	1.06824	15721442	96616.8455625104	15727245	910815.676912364	15733048	746945.442971617	15738025	73821	15743797	952546	15749600	1195109	15738025	0.84101	15743797	1.00553	15749600	1.06923	15738025	87776.601942902	15743797	947307.390132567	15749600	1117728.64584795	15754592	43795	15760380	940197	15766183	2068280	15754592	0.84092	15760380	1.00463	15766183	1.06952	15754592	52079.8649098606	15760380	935863.949911908	15766183	1933839.47939262
133	15841453	81040	15847241	915792	15853059	795541	15841453	0.84091	15847241	1.00405	15853059	1.06808	15841453	96371.7877061755	15847241	912098.003087496	15853059	744832.784061119	15858036	74537	15863808	951556	15869611	1180980	15858036	0.84071	15863808	1.00452	15869611	1.06892	15858036	88659.5853504776	15863808	947274.320073269	15869611	1104834.78651349	15874572	43852	15880344	941643	15886147	2059187	15874572	0.84101	15880344	1.00393	15886147	1.06795	15874572	52142.0672762512	15880344	937956.829659438	15886147	1928167.98539258
134	15961464	81239	15967252	915402	15973070	793121	15961464	0.84088	15967252	1.00529	15973070	1.06937	15961464	96611.8827894587	15967252	910585.005321848	15973070	741671.264389313	15978031	75151	15983819	952377	15989622	1168309	15978031	0.84123	15983819	1.00523	15989622	1.06798	15978031	89334.6647171404	15983819	947421.983028759	15989622	1093942.77046387	15994598	44393	16000370	943627	16006174	2050871	15994598	0.84044	16000370	1.00488	16006174	1.06859	15994598	52821.1413069345	16000370	939044.46302046	16006174	1919230.94919473
135	16081475	81374	16087263	917217	16093081	789914	16081475	0.84127	16087263	1.00492	16093081	1.06774	16081475	96727.5666551761	16087263	912726.386179994	16093081	739799.951299005	16098058	75350	16103861	953228	16109680	1155243	16098058	0.84134	16103861	1.0044	16109680	1.06821	16098058	89559.5122067179	16103861	949052.17045002	16109680	1081475.55255989	16114656	44981	16120428	941952	16126216	2044449	16114656	0.84057	16120428	1.00487	16126216	1.06855	16114656	53512.4974719536	16120428	937386.925671978	16126216	1913292.77993543
136	16201486	81151	16207274	916407	16213077	789328	16201486	0.84049	16207274	1.00537	16213077	1.06915	16201486	96552.0113267261	16207274	911512.179595572	16213077	738276.200720198	16218053	75971	16223841	952456	16229644	1146487	16218053	0.84152	16223841	1.00514	16229644	1.06918	16218053	90278.3059226162	16223841	947585.410987524	16229644	1072304.94397576	16234620	45322	16240392	940868	16246196	2031237	16234620	0.84125	16240392	1.00476	16246196	1.06813	16234620	53874.5913818722	16240392	936410.68513874	16246196	1901675.82597624
137	16321497	81632	16327285	914120	16333103	783994	16321497	0.84152	16327285	1.0052	16333103	1.0684	16321497	97005.4187660424	16327285	909391.165937127	16333103	733801.946836391	16338080	75514	16343867	955293	16349655	1133200	16338080	0.84076	16343867	1.00515	16349655	1.06849	16338080	89816.356629716	16343867	950398.447992837	16349655	1060562.10165748	16354631	46019	16360419	941696	16366222	2021993	16354631	0.84189	16360419	1.00603	16366222	1.06918	16354631	54661.5353549751	16360419	936051.608798942	16366222	1891162.38612769
138	16441508	81992	16447296	913252	16453083	782295	16441508	0.84104	16447296	1.00526	16453083	1.06871	16441508	97488.8233615524	16447296	908473.429759465	16453083	731999.326290575	16458075	75580	16463863	951788	16469666	1123676	16458075	0.84124	16463863	1.00549	16469666	1.06875	16458075	89843.5642622795	16463863	946591.214233856	16469666	1051392.74853801	16474642	46720	16480430	942062	16486233	2010113	16474642	0.84082	16480430	1.0055	16486233	1.06946	16474642	55564.8057848291	16480430	936909.000497265	16486233	1879558.84278047
139	16561519	82320	16567322	915011	16573125	781798	16561519	0.8417	16567322	1.00553	16573125	1.06956	16561519	97802.0672448616	16567322	909978.817141209	16573125	730952.915217473	16578102	76545	16583889	951460	16589677	1110920	16578102	0.84156	16583889	1.00462	16589677	1.06876	16578102	90956.0815628119	16583889	947084.469749756	16589677	1039447.58411617	16594653	46484	16600441	941299	16606229	2001150	16594653	0.84108	16600441	1.0049	16606229	1.06843	16594653	55267.0376183003	16600441	936709.125286098	16606229	1872981.85187612
140	16681530	82695	16687318	914952	16693121	778828	16681530	0.8409	16687318	1.00496	16693121	1.06847	16681530	98341.0631466286	16687318	910436.23626811	16693121	728918.921448426	16698097	76707	16703885	951855	16709688	1100885	16698097	0.84118	16703885	1.00529	16709688	1.06857	16698097	91189.7572457738	16703885	946846.183688289	16709688	1030241.35059004	16714664	47527	16720452	942127	16726255	1993416	16714664	0.84069	16720452	1.00527	16726255	1.06968	16714664	56533.3238173405	16720452	937188.019139137	16726255	1863562.93470945
141	16801541	82390	16807329	913947	16813147	776096	16801541	0.84171	16807329	1.00522	16813147	1.06864	16801541	97884.0693350441	16807329	909200.970931737	16813147	726246.444078455	16818108	76822	16823896	950840	16829699	1089513	16818108	0.84048	16823896	1.00524	16829699	1.06896	16818108	91402.531886541	16823896	945883.570092714	16829699	1019227.09923664	16834691	47651	16840463	941934	16846266	1977785	16834691	0.84119	16840463	1.00586	16846266	1.06889	16834691	56647.130850343	16840463	936446.42395562	16846266	1850316.68366249
142	16921552	82605	16927340	914475	16933143	775227	16921552	0.84153	16927340	1.00584	16933143	1.06859	16921552	98160.493387045	16927340	909165.473633977	16933143	725467.204446982	16938119	76988	16943907	950518	16949710	1079812	16938119	0.84178	16943907	1.00512	16949710	1.06893	16938119	91458.5758749317	16943907	945676.138172557	16949710	1010180.27373168	16954686	47991	16960458	940414	16966262	1964964	16954686	0.84174	16960458	1.00604	16966262	1.06822	16954686	57014.0423408653	16960458	934768.001272315	16966262	1839475.01451012
143	17041563	82728	17047366	911656	17053185	772913	17041563	0.84063	17047366	1.0045	17053185	1.06914	17041563	98411.9053566968	17047366	907571.926331508	17053185	722929.644387077	17058161	77529	17063933	951305	17069737	1069156	17058161	0.8413	17063933	1.00553	17069737	1.06887	17058161	92153.8095804113	17063933	946073.215120384	17069737	1000267.57229598	17074713	48718	17080501	939022	17086304	1951737	17074713	0.841	17080501	1.00491	17086304	1.06889	17074713	57928.6563614744	17080501	934433.929406614	17086304	1825947.47822507
144	17161574	82792	17167362	914925	17173180	771461	17161574	0.84164	17167362	1.00464	17173180	1.06918	17161574	98369.8493417613	17167362	910699.354992833	17173180	721544.548158402	17178141	77842	17183929	951642	17189732	1060547	17178141	0.84154	17183929	1.00542	17189732	1.0696	17178141	92499.4652660599	17183929	946511.90547234	17189732	991536.088257293	17194709	49693	17200496	941331	17206284	1944027	17194709	0.84121	17200496	1.00553	17206284	1.06905	17194709	59073.2397379965	17200496	936154.068003938	17206284	1818462.18605304
145	17281585	83065	17287373	914798	17293176	766694	17281585	0.84166	17287373	1.00559	17293176	1.06826	17281585	98691.8708266996	17287373	909712.705973608	17293176	717703.555314249	17298152	78078	17303924	950787	17309728	1049589	17298152	0.84136	17303924	1.00552	17309728	1.06924	17298152	92799.7527812114	17303924	945567.467578964	17309728	981621.525569564	17314704	49742	17320492	940559	17326295	1934149	17314704	0.8421	17320492	1.00563	17326295	1.06897	17314704	59068.9941812136	17320492	935293.29872816	17326295	1809357.60591972
146	17401596	83018	17407384	914640	17413187	766302	17401596	0.84205	17407384	1.00579	17413187	1.06879	17401596	98590.3449913901	17407384	909374.720369063	17413187	716980.884925944	17418163	78711	17423951	952354	17429770	1041550	17418163	0.84202	17423951	1.00606	17429770	1.06935	17418163	93478.7772261942	17423951	946617.497962348	17429770	974002.89895731	17434746	50343	17440534	938635	17446321	1916574	17434746	0.84127	17440534	1.00527	17446321	1.06874	17434746	59841.6679544023	17440534	933714.325504591	17446321	1793302.39347269
147	17521607	83183	17527395	912371	17533198	763471	17521607	0.84095	17527395	1.00481	17533198	1.06964	17521607	98915.5122183245	17527395	908003.503149849	17533198	713764.444112038	17538174	78897	17543978	950645	17549765	1031425	17538174	0.84147	17543978	1.00528	17549765	1.06888	17538174	93760.9183928126	17543978	945651.957663536	17549765	964958.648304768	17554742	50879	17560529	938941	17566332	1903815	17554742	0.84146	17560529	1.00568	17566332	1.06946	17554742	60465.143916526	17560529	933637.936520563	17566332	1780164.75604511
148	17641618	82882	17647437	912197	17653240	762762	17641618	0.84129	17647437	1.0056	17653240	1.06942	17641618	98517.7524991382	17647437	907117.143993636	17653240	713248.30281835	17658201	79203	17664004	951876	17669807	1024352	17658201	0.84129	17664004	1.00558	17669807	1.06935	17658201	94144.7063438291	17664004	946594.005449591	17669807	957920.231916585	17674784	51144	17680571	938323	17686359	1893945	17674784	0.84169	17680571	1.00546	17686359	1.06973	17674784	60763.4639831767	17680571	933227.577427247	17686359	1770488.81493461
149	17761629	83607	17767417	914318	17773220	760754	17761629	0.84136	17767417	1.00575	17773220	1.06987	17761629	99371.2560616145	17767417	909090.728312205	17773220	711071.438585997	17778196	79452	17783984	951502	17789787	1015682	17778196	0.84169	17783984	1.00574	17789787	1.06921	17778196	94395.7989283465	17783984	946071.549306978	17789787	949936.869277317	17794764	51704	17800551	940400	17806354	1880905	17794764	0.8412	17800551	1.00556	17806354	1.06888	17794764	61464.5744174988	17800551	935200.286407574	17806354	1759697.06608787
150	17881640	83566	17887428	913696	17893231	760111	17881640	0.84169	17887428	1.00561	17893231	1.06907	17881640	99283.5842174672	17887428	908598.760951064	17893231	711002.08592515	17898207	79202	17903995	949894	17909798	1007413	17898207	0.84087	17903995	1.00461	17909798	1.06925	17898207	94190.5407494619	17903995	945535.083266143	17909798	942167.874678513	17914775	52113	17920562	939178	17926350	1865337	17914775	0.8417	17920562	1.00559	17926350	1.06852	17914775	61913.9836046097	17920562	933957.179367337	17926350	1745720.24856811
151	18001651	83628	18007439	913242	18013258	756133	18001651	0.84117	18007439	1.0048	18013258	1.06831	18001651	99418.6668568779	18007439	908879.378980892	18013258	707784.257378476	18018234	79720	18024022	952682	18029825	999612	18018234	0.84114	18024022	1.00503	18029825	1.06909	18018234	94776.137147205	18024022	947913.992617136	18029825	935012.019568044	18034801	52544	18040589	939447	18046408	1851722	18034801	0.84064	18040589	1.00615	18046408	1.06907	18034801	62504.7582794062	18040589	933704.715996621	18046408	1732086.7670031
152	18121662	83367	18127450	910377	18133253	754670	18121662	0.84195	18127450	1.00541	18133253	1.06865	18121662	99016.5686798503	18127450	905478.362061249	18133253	706190.052870444	18138229	79585	18144017	948713	18149805	992723	18138229	0.8408	18144017	1.00551	18149805	1.06819	18138229	94653.9010466223	18144017	943514.236556573	18149805	929350.583697657	18154781	52948	18160569	938464	18166372	1838703	18154781	0.8413	18160569	1.00561	18166372	1.06914	18154781	62935.9324854392	18160569	933228.587623432	18166372	1719796.28486447
153	18241673	83862	18247461	913434	18253264	753560	18241673	0.84159	18247461	1.00471	18253264	1.06841	18241673	99647.0965672121	18247461	909151.894576545	18253264	705309.759362043	18258240	80437	18264028	950382	18269831	984459	18258240	0.84108	18264028	1.00546	18269831	1.06896	18258240	95635.3735673182	18264028	945221.092833131	18269831	920950.269420745	18274808	53489	18280595	937387	18286383	1825459	18274808	0.84127	18280595	1.00555	18286383	1.06929	18274808	63581.2521544807	18280595	932213.216647606	18286383	1707169.24314265
154	18361684	83993	18367472	912862	18373275	753906	18361684	0.84122	18367472	1.0054	18373275	1.06938	18361684	99846.6512921709	18367472	907959.021285061	18373275	704993.547663132	18378251	80354	18384039	947967	18389842	979010	18378251	0.84098	18384039	1.0054	18389842	1.06892	18378251	95548.05108326	18384039	942875.472448777	18389842	915887.063578191	18394819	54649	18400606	938645	18406394	1812583	18394819	0.84076	18400606	1.00528	18406394	1.06898	18394819	64999.5242399734	18400606	933714.984879834	18406394	1695619.18838519
155	18481695	84349	18487483	912352	18493286	751356	18481695	0.84145	18487483	1.00599	18493286	1.0681	18481695	100242.438647573	18487483	906919.551884214	18493286	703450.987735231	18498262	80606	18504034	949605	18509838	967923	18498262	0.84105	18504034	1.00504	18509838	1.06921	18498262	95839.7241543309	18504034	944842.991323728	18509838	905269.310986616	18514814	54432	18520602	935875	18526420	1793219	18514814	0.84096	18520602	1.00569	18526420	1.06918	18514814	64726.0273972603	18520602	930579.999801132	18526420	1677190.93136796
156	18601706	84429	18607494	913076	18613313	748464	18601706	0.84221	18607494	1.00614	18613313	1.06944	18601706	100246.969283195	18607494	907503.925895005	18613313	699865.350089767	18618273	81226	18624045	947579	18629849	962786	18618273	0.84135	18624045	1.00532	18629849	1.06824	18618273	96542.4615201759	18624045	942564.556559106	18629849	901282.483337078	18634841	55151	18640628	938235	18646416	1781379	18634841	0.842	18640628	1.00525	18646416	1.06938	18634841	65500	18640628	933334.991295698	18646416	1665805.41996297
157	18721717	84371	18727505	914127	18733324	749646	18721717	0.84152	18727505	1.00583	18733324	1.06875	18721717	100260.243369142	18727505	908828.529672012	18733324	701423.157894737	18738300	81130	18744072	947975	18749875	956300	18738300	0.84092	18744072	1.0049	18749875	1.06903	18738300	96477.6673167483	18744072	943352.572395263	18749875	894549.264286316	18754852	55623	18760639	937596	18766442	1765418	18754852	0.84042	18760639	1.00502	18766442	1.06861	18754852	66184.7647604769	18760639	932912.777855167	18766442	1652069.5108599
158	18841728	84814	18847516	911095	18853319	746587	18841728	0.84103	18847516	1.00478	18853319	1.06817	18841728	100845.391959859	18847516	906760.683930811	18853319	698940.243594184	18858295	81061	18864099	949478	18869886	951486	18858295	0.84039	18864099	1.00462	18869886	1.06854	18858295	96456.4071443021	18864099	945111.584479704	18869886	890454.264697625	18874863	55714	18880635	937390	18886438	1754913	18874863	0.84133	18880635	1.00486	18886438	1.06818	18874863	66221.340021157	18880635	932856.318293096	18886438	1642900.0730214
159	18961739	84582	18967527	912775	18973330	746730	18961739	0.84091	18967527	1.00501	18973330	1.06914	18961739	100583.891260658	18967527	908224.793783146	18973330	698439.867557102	18978306	81336	18984094	947915	18989897	945530	18978306	0.84112	18984094	1.00527	18989897	1.06891	18978306	96699.6385771353	18984094	942945.676285973	18989897	884574.005295114	18994874	56676	19000661	936713	19006449	1736483	18994874	0.84129	19000661	1.00501	19006449	1.06863	18994874	67367.9706165532	19000661	932043.462254107	19006449	1624961.86706344
160	19081750	84794	19087538	909962	19093341	742947	19081750	0.84073	19087538	1.00388	19093341	1.06754	19081750	100857.588048482	19087538	906444.993425509	19093341	695943.009161249	19098317	81489	19104105	949973	19109908	938601	19098317	0.84017	19104105	1.0046	19109908	1.06997	19098317	96991.0851375317	19104105	945623.133585507	19109908	877221.791265176	19114900	56910	19120672	936264	19126475	1724488	19114900	0.84129	19120672	1.00452	19126475	1.06911	19114900	67646.1148949827	19120672	932051.128897384	19126475	1613012.69280055
161	19201761	84640	19207549	913430	19213352	741191	19201761	0.84101	19207549	1.0049	19213352	1.06886	19201761	100640.896065445	19207549	908976.017514181	19213352	693440.675111801	19218328	82430	19224116	950068	19229919	933541	19218328	0.84112	19224116	1.0053	19229919	1.06895	19218328	98000.2853338406	19224116	945059.186312543	19229919	873325.22568876	19234896	57974	19240683	936158	19246487	1708404	19234896	0.84057	19240683	1.00488	19246487	1.06955	19234896	68969.8656863795	19240683	931611.734734496	19246487	1597311.0186527
162	19321772	85045	19327560	913435	19333363	743752	19321772	0.84104	19327560	1.00531	19333363	1.06839	19321772	101118.852848854	19327560	908610.2794163	19333363	696142.794297962	19338339	82035	19344111	950209	19349915	928948	19338339	0.84076	19344111	1.00478	19349915	1.06871	19338339	97572.4344640563	19344111	945688.608451601	19349915	869223.643458001	19354891	57977	19360679	935788	19366482	1691816	19354891	0.84083	19360679	1.00427	19366482	1.06774	19354891	68952.1068468061	19360679	931809.174823504	19366482	1584483.11386667
163	19441783	84918	19447571	910765	19453390	739262	19441783	0.83991	19447571	1.00351	19453390	1.06762	19441783	101103.689681037	19447571	907579.396318921	19453390	692439.257413687	19458366	82435	19464154	946722	19469957	921468	19458366	0.8407	19464154	1.0036	19469957	1.0677	19458366	98055.1921018199	19464154	943326.026305301	19469957	863040.179825794	19474949	58092	19480737	934190	19486540	1672954	19474949	0.84049	19480737	1.00401	19486540	1.06709	19474949	69116.8247093957	19480737	930458.859971514	19486540	1567772.16542185
164	19561794	84529	19567582	912067	19573385	737688	19561794	0.84101	19567582	1.00472	19573385	1.06795	19561794	100508.911903545	19567582	907782.267696473	19573385	690751.439674142	19578361	82905	19584133	947655	19589937	915012	19578361	0.8402	19584133	1.00425	19589937	1.068	19578361	98672.9350154725	19584133	943644.510828977	19589937	856752.808988764	19594929	58705	19600716	931973	19606520	1661752	19594929	0.84059	19600716	1.00422	19606520	1.06838	19594929	69837.8519849154	19600716	928056.601143176	19606520	1555394.14814954
165	19681805	85149	19687593	908612	19693396	739246	19681805	0.84026	19687593	1.0032	19693396	1.06847	19681805	101336.491086092	19687593	905713.716108453	19693396	691873.426488343	19698372	83104	19704160	948634	19709963	909231	19698372	0.84101	19704160	1.00453	19709963	1.06841	19698372	98814.5206359021	19704160	944356.067016416	19709963	851013.187821155	19714940	59450	19720727	935549	19726531	1645909	19714940	0.84014	19720727	1.00458	19726531	1.0684	19714940	70762.0158545004	19720727	931283.720559836	19726531	1540536.31598652
166	19801816	85542	19807604	911742	19813407	738817	19801816	0.8412	19807604	1.00538	19813407	1.06906	19801816	101690.442225392	19807604	906863.076647636	19813407	691090.303631227	19818368	84046	19824156	948544	19829959	907685	19818368	0.84084	19824156	1.00449	19829959	1.06892	19818368	99954.8070976642	19824156	944304.074704576	19829959	849160.835235565	19834935	59498	19840723	931800	19846526	1635424	19834935	0.84048	19840723	1.00464	19846526	1.06887	19834935	70790.5006662859	19840723	927496.416626851	19846526	1530049.49151908
167	19921827	85117	19927615	909562	19933418	736158	19921827	0.84078	19927615	1.00527	19933418	1.0684	19921827	101235.757273008	19927615	904793.737005979	19933418	689028.453762636	19938395	83419	19944182	946345	19949985	902368	19938395	0.84122	19944182	1.00368	19949985	1.06932	19938395	99164.308979815	19944182	942875.219193368	19949985	843870.871207871	19954962	59962	19960749	935831	19966553	1621512	19954962	0.84088	19960749	1.00451	19966553	1.06929	19954962	71308.6290552754	19960749	931629.351624175	19966553	1516438.0102685
168	20041838	85562	20047626	908933	20053445	736205	20041838	0.84083	20047626	1.00488	20053445	1.06909	20041838	101758.976249658	20047626	904518.947536024	20053445	688627.711418122	20058421	84220	20064209	946265	20069996	897947	20058421	0.8417	20064209	1.00538	20069996	1.06978	20058421	100059.403587977	20064209	941201.336807973	20069996	839375.3855933	20074988	60265	20080776	934858	20086564	1602685	20074988	0.84124	20080776	1.00489	20086564	1.06885	20074988	71638.2958489848	20080776	930308.790016818	20086564	1499448.00486504
169	20161849	85433	20167637	910599	20173440	734191	20161849	0.8418	20167637	1.00559	20173440	1.06912	20161849	101488.477072939	20167637	905537.047902227	20173440	686724.595929362	20178432	84221	20184204	947296	20190007	892890	20178432	0.84143	20184204	1.00527	20190007	1.06967	20178432	100092.699333278	20184204	942329.921314672	20190007	834734.076864828	20194984	61342	20200771	935569	20206575	1590112	20194984	0.84083	20200771	1.00612	20206575	1.06928	20194984	72954.1048725664	20200771	929878.145748022	20206575	1487086.63773754
170	20281860	85604	20287648	908709	20293467	733437	20281860	0.84182	20287648	1.00523	20293467	1.06963	20281860	101689.197215557	20287648	903981.178436776	20293467	685692.248721521	20298443	84301	20304231	950253	20310018	890287	20298443	0.84168	20304231	1.00504	20310018	1.06959	20298443	100158.017298736	20304231	945487.741781422	20310018	832362.868014847	20315010	61294	20320798	935661	20326601	1575506	20315010	0.84096	20320798	1.00571	20326601	1.07	20315010	72885.7496194825	20320798	930348.708872339	20326601	1472435.51401869
171	20401871	85274	20407659	910971	20413478	734409	20401871	0.84175	20407659	1.00592	20413478	1.06947	20401871	101305.613305613	20407659	905609.790042946	20413478	686703.694353278	20418454	85053	20424242	947154	20430045	884489	20418454	0.84081	20424242	1.00481	20430045	1.06947	20418454	101156.028115746	20424242	942619.997810532	20430045	827034.886439077	20435021	61215	20440809	936678	20446612	1562167	20435021	0.84127	20440809	1.00597	20446612	1.06966	20435021	72764.9862707573	20440809	931119.218266947	20446612	1460433.2217714
172	20521882	86104	20527670	911364	20533473	731859	20521882	0.8415	20527670	1.00477	20533473	1.06971	20521882	102322.043969103	20527670	907037.431451974	20533473	684165.801946322	20538465	84939	20544237	949839	20550040	882789	20538465	0.84176	20544237	1.00578	20550040	1.06993	20538465	100906.434137997	20544237	944380.480820856	20550040	825090.426476498	20555017	62324	20560789	936953	20566592	1545552	20555017	0.84211	20560789	1.00523	20566592	1.06959	20555017	74009.333697498	20560789	932078.230852641	20566592	1444994.81109584
173	20641893	85881	20647681	910776	20653500	731430	20641893	0.8416	20647681	1.00469	20653500	1.06922	20641893	102044.914448669	20647681	906524.400561367	20653500	684078.113016966	20658476	84590	20664248	949521	20670051	876351	20658476	0.8415	20664248	1.00589	20670051	1.07005	20658476	100522.875816993	20664248	943961.069301812	20670051	818981.356011401	20675043	62786	20680831	936261	20686634	1533390	20675043	0.8413	20680831	1.00551	20686634	1.07004	20675043	74629.7396885772	20680831	931130.471104216	20686634	1433021.19546933
174	20761904	85851	20767692	911265	20773511	732660	20761904	0.84155	20767692	1.00585	20773511	1.07079	20761904	102015.328857465	20767692	905965.104140777	20773511	684223.79738324	20778487	85826	20784259	949925	20790062	873174	20778487	0.84219	20784259	1.00509	20790062	1.06982	20778487	101908.120495375	20784259	945114.367867554	20790062	816187.769905218	20795054	63063	20800826	933962	20806645	1519104	20795054	0.84175	20800826	1.00596	20806645	1.07119	20795054	74918.9189189189	20800826	928428.565748141	20806645	1418146.17388138
175	20881915	85665	20887703	912877	20893506	731011	20881915	0.84146	20887703	1.00552	20893506	1.06895	20881915	101805.195731229	20887703	907865.58198743	20893506	683858.926984424	20898483	85738	20904270	949121	20910058	868809	20898483	0.84151	20904270	1.00659	20910058	1.0694	20898483	101885.895592447	20904270	942907.241279965	20910058	812426.594351973	20915050	63248	20920837	937920	20926641	1502709	20915050	0.84196	20920837	1.00638	20926641	1.06986	20915050	75119.9581927883	20920837	931974.005842724	20926641	1404584.71201839
176	21001926	85830	21007714	910024	21013533	731412	21001926	0.84187	21007714	1.00583	21013533	1.07026	21001926	101951.60773041	21007714	904749.311513874	21013533	683396.557845757	21018509	86266	21024297	948770	21030084	867010	21018509	0.84225	21024297	1.00568	21030084	1.07034	21018509	102423.271000297	21024297	943411.423116697	21030084	810032.326176729	21035076	63460	21040864	936693	21046667	1491283	21035076	0.84113	21040864	1.00617	21046667	1.07011	21035076	75446.1260447255	21040864	930949.044396076	21046667	1393579.16475876
177	21121937	86429	21127725	911935	21133544	728721	21121937	0.84221	21127725	1.00622	21133544	1.07031	21121937	102621.673929305	21127725	906297.82751287	21133544	680850.40782577	21138520	85992	21144308	949141	21150095	862850	21138520	0.84143	21144308	1.00562	21150095	1.06974	21138520	102197.449579882	21144308	943836.638093913	21150095	806597.864901752	21155072	64142	21160859	934935	21166663	1476059	21155072	0.84213	21160859	1.00575	21166663	1.06946	21155072	76166.3876123639	21160859	929589.858314691	21166663	1380190.93748247
178	21241948	86039	21247736	910809	21253555	727725	21241948	0.84249	21247736	1.00596	21253555	1.06944	21241948	102124.654298567	21247736	905412.740069188	21253555	680472.957809695	21258531	86104	21264303	948416	21270106	858742	21258531	0.84183	21264303	1.00659	21270106	1.07074	21258531	102281.933406982	21264303	942206.856813599	21270106	802007.957113772	21275083	64217	21280870	934620	21286674	1463143	21275083	0.84196	21280870	1.00557	21286674	1.06939	21275083	76270.8442206281	21280870	929443.002476208	21286674	1368203.36827537
179	21361959	86195	21367747	910472	21373566	727676	21361959	0.84218	21367747	1.00597	21373566	1.07036	21361959	102347.479161224	21367747	905068.739624442	21373566	679842.296049927	21378542	86084	21384314	948507	21390117	855958	21378542	0.84188	21384314	1.00592	21390117	1.07012	21378542	102252.102437402	21384314	942924.884682679	21390117	799871.042499907	21395094	64934	21400881	935801	21406685	1451205	21395094	0.84201	21400881	1.00609	21406685	1.07042	21395094	77117.8489566632	21400881	930136.468904372	21406685	1355734.19779152
180	21481970	86362	21487742	911437	21493561	727948	21481970	0.84238	21487742	1.00655	21493561	1.07	21481970	102521.427384316	21487742	905505.936118425	21493561	680325.23364486	21498538	86827	21504325	946058	21510128	853306	21498538	0.84183	21504325	1.0054	21510128	1.0705	21498538	103140.776641365	21504325	940976.725681321	21510128	797109.761793554	21515105	65179	21520892	939538	21526696	1438861	21515105	0.84218	21520892	1.00647	21526696	1.07001	21515105	77393.1938540455	21520892	933498.266217572	21526696	1344717.33909029
181	21601981	86780	21607769	913723	21613572	727122	21601981	0.84202	21607769	1.007	21613572	1.07109	21601981	103061.684995606	21607769	907371.40019861	21613572	678861.720303616	21618549	86700	21624336	949877	21630124	848828	21618549	0.84252	21624336	1.00708	21630124	1.07013	21618549	102905.569007264	21624336	943199.150017874	21630124	793200.826067861	21635100	65659	21640888	935871	21646691	1425364	21635100	0.8423	21640888	1.00635	21646691	1.07125	21635100	77952.0360916538	21640888	929965.717692652	21646691	1330561.49358226
182	21721992	86460	21727796	914056	21733599	725049	21721992	0.8421	21727796	1.00676	21733599	1.06997	21721992	102671.891699323	21727796	907918.471135126	21733599	677634.886959448	21738575	86805	21744347	947150	21750151	846773	21738575	0.84245	21744347	1.00535	21750151	1.07009	21738575	103038.756009259	21744347	942109.713035261	21750151	791310.076722519	21755143	65871	21760915	934306	21766718	1406699	21755143	0.84171	21760915	1.00602	21766718	1.06881	21755143	78258.5451046085	21760915	928715.134887974	21766718	1316135.70232314
183	21842003	86924	21847791	911892	21853610	725471	21842003	0.84185	21847791	1.00655	21853610	1.06974	21842003	103253.548731959	21847791	905957.975262034	21853610	678175.070577897	21858571	87123	21864358	951600	21870146	844090	21858571	0.84207	21864358	1.00707	21870146	1.06963	21858571	103462.895008728	21864358	944919.419702702	21870146	789142.039770762	21875138	66295	21880926	932858	21886729	1397988	21875138	0.84261	21880926	1.00539	21886729	1.0702	21875138	78678.1547809781	21880926	927856.851570038	21886729	1306286.67538778
184	21962014	87030	21967802	911674	21973605	725577	21962014	0.84197	21967802	1.00694	21973605	1.07164	21962014	103364.727959428	21967802	905390.589310188	21973605	677071.591206002	21978582	88102	21984369	951917	21990173	840930	21978582	0.84239	21984369	1.00702	21990173	1.07002	21978582	104585.761939244	21984369	945281.126492026	21990173	785901.198108447	21995165	66692	22000952	934859	22006755	1385406	21995165	0.84232	22000952	1.00713	22006755	1.07003	21995165	79176.5599772058	22000952	928240.644206806	22006755	1294735.66161696
185	22082025	87245	22087813	911197	22093616	724084	22082025	0.84273	22087813	1.00693	22093616	1.07058	22082025	103526.63367864	22087813	904925.863764115	22093616	676347.400474509	22098593	87434	22104380	948142	22110184	839374	22098593	0.84199	22104380	1.00631	22110184	1.06933	22098593	103842.088385848	22104380	942196.738579563	22110184	784953.194991256	22115160	67187	22120948	937478	22126751	1375004	22115160	0.842	22120948	1.00635	22126751	1.0706	22115160	79794.5368171021	22120948	931562.577632037	22126751	1284330.28208481
186	22202036	86629	22207840	912235	22213643	722029	22202036	0.8429	22207840	1.00716	22213643	1.06966	22202036	102774.943646933	22207840	905749.831208547	22213643	675007.946450274	22218619	87817	22224423	950381	22230241	835531	22218619	0.84215	22224423	1.00683	22230241	1.07055	22218619	104277.147776524	22224423	943933.931249565	22230241	780468.917845967	22235218	67595	22240990	933157	22246793	1358616	22235218	0.84213	22240990	1.00598	22246793	1.07023	22235218	80266.7046655505	22240990	927609.892840812	22246793	1269461.70449343
187	22322048	86466	22327835	912369	22333638	721557	22322048	0.84195	22327835	1.00673	22333638	1.06983	22322048	102697.309816497	22327835	906269.804217616	22333638	674459.493564398	22338615	88095	22344402	950415	22350206	834773	22338615	0.84225	22344402	1.00559	22350206	1.07114	22338615	104594.835262689	22344402	945131.713720304	22350206	779331.366581399	22355182	67228	22360970	935205	22366773	1345637	22355182	0.84099	22360970	1.0067	22366773	1.0694	22355182	79939.1193712173	22360970	928980.828449389	22366773	1258310.26743969
188	22442059	86728	22447846	912019	22453649	719483	22442059	0.84229	22447846	1.00605	22453649	1.06944	22442059	102966.91163376	22447846	906534.466477809	22453649	672766.120586475	22458641	88314	22464413	949027	22470217	831509	22458641	0.84143	22464413	1.00685	22470217	1.07008	22458641	104957.037424385	22464413	942570.392809257	22470217	777053.117523924	22475193	67288	22480981	936491	22486784	1332701	22475193	0.84184	22480981	1.00585	22486784	1.06945	22475193	79929.6778485223	22480981	931044.390316648	22486784	1246155.50049091
189	22562070	87666	22567857	911582	22573676	723319	22562070	0.84184	22567857	1.00568	22573676	1.06989	22562070	104136.177896037	22567857	906433.457958794	22573676	676068.567796689	22578652	88364	22584456	950871	22590274	829774	22578652	0.84187	22584456	1.00598	22590274	1.06955	22578652	104961.573639636	22584456	945218.592814967	22590274	775815.997382077	22595235	68249	22601023	937202	22606810	1323166	22595235	0.84181	22601023	1.00703	22606810	1.07011	22595235	81074.1141112602	22601023	930659.463968303	22606810	1236476.62389848
190	22682081	87700	22687884	910605	22693687	721763	22682081	0.84228	22687884	1.00495	22693687	1.06993	22682081	104122.144654984	22687884	906119.707448132	22693687	674588.991803202	22698663	88794	22704435	947612	22710239	827967	22698663	0.84207	22704435	1.00589	22710239	1.07015	22698663	105447.290605294	22704435	942063.247472388	22710239	773692.473017801	22715215	68548	22721003	936826	22726806	1309910	22715215	0.8416	22721003	1.00667	22726806	1.06893	22715215	81449.6197718631	22721003	930618.772785521	22726806	1225440.39366469
191	22802092	87057	22807879	911121	22813682	721828	22802092	0.84196	22807879	1.00567	22813682	1.06949	22802092	103398.023659081	22807879	905984.070321278	22813682	674927.301798053	22818659	88599	22824446	949215	22830250	823038	22818659	0.84176	22824446	1.0056	22830250	1.06962	22818659	105254.466831401	22824446	943928.997613365	22830250	769467.661412464	22835226	68916	22841014	934400	22846817	1299455	22835226	0.84219	22841014	1.00609	22846817	1.07006	22835226	81829.5159049621	22841014	928743.949348468	22846817	1214375.82939274
192	22922103	87929	22927875	910994	22933693	721040	22922103	0.8421	22927875	1.00582	22933693	1.0697	22922103	104416.340102126	22927875	905722.693921378	22933693	674058.147144059	22938670	89024	22944442	948841	22950261	822700	22938670	0.84131	22944442	1.00628	22950261	1.07085	22938670	105815.929918817	22944442	942919.465755058	22950261	768268.19816034	22955237	69169	22961025	935132	22966828	1291540	22955237	0.8425	22961025	1.00623	22966828	1.07073	22955237	82099.703264095	22961025	929342.198105801	22966828	1206223.79124523
193	23042114	87512	23047901	911324	23053720	720066	23042114	0.84167	23047901	1.00554	23053720	1.07027	23042114	103974.241686172	23047901	906303.080931639	23053720	672789.109290179	23058696	89199	23064468	950825	23070272	822198	23058696	0.84224	23064468	1.00573	23070272	1.07002	23058696	105906.867401216	23064468	945407.813230191	23070272	768394.983271341	23075232	69156	23081020	935892	23086823	1279092	23075232	0.84153	23081020	1.00627	23086823	1.06987	23075232	82178.8884531746	23081020	930060.520536238	23086823	1195558.3388636
194	23162125	87589	23167912	911604	23173715	720294	23162125	0.84135	23167912	1.00558	23173715	1.06947	23162125	104105.306947168	23167912	906545.476242566	23173715	673505.568178631	23178692	88960	23184479	949116	23190283	818710	23178692	0.84209	23184479	1.00615	23190283	1.07045	23178692	105641.914759705	23184479	943314.61511703	23190283	764827.876126863	23195243	70348	23201031	936538	23206834	1267721	23195243	0.84164	23201031	1.00566	23206834	1.06902	23195243	83584.4303977948	23201031	931267.028618022	23206834	1185872.10716357
195	23282136	87091	23287923	912687	23293726	718703	23282136	0.84248	23287923	1.00604	23293726	1.07024	23282136	103374.560820435	23287923	907207.466899925	23293726	671534.422185678	23298703	90176	23304490	950937	23310294	815751	23298703	0.84159	23304490	1.00598	23310294	1.06954	23298703	107149.562138333	23304490	945284.200481123	23310294	762712.00703106	23315270	69998	23321058	935153	23326861	1257322	23315270	0.84282	23321058	1.00544	23326861	1.0705	23315270	83052.1345008424	23321058	930093.292488861	23326861	1174518.44932275
196	23402147	87824	23407934	912805	23413737	718418	23402147	0.84232	23407934	1.00693	23413737	1.0692	23402147	104264.412574793	23407934	906522.797016674	23413737	671921.062476618	23418714	89468	23424501	953195	23430289	814377	23418714	0.84233	23424501	1.00633	23430289	1.07115	23418714	106214.903897522	23424501	947199.228881182	23430289	760282.873547122	23435265	70145	23441053	935147	23446841	1244232	23435265	0.84194	23441053	1.00606	23446841	1.06998	23435265	83313.5377817897	23441053	929514.144285629	23446841	1162855.3804744
197	23522158	88137	23527945	911606	23533764	718603	23522158	0.84193	23527945	1.0065	23533764	1.07011	23522158	104684.47495635	23527945	905718.827620467	23533764	671522.553756156	23538740	89582	23544512	950551	23550300	813939	23538740	0.84184	23544512	1.00665	23550300	1.07006	23538740	106412.14482562	23544512	944271.593900561	23550300	760648.00104667	23555276	69987	23561064	937918	23566867	1234856	23555276	0.84185	23561064	1.00597	23566867	1.06964	23555276	83134.762724951	23561064	932351.859399386	23566867	1154459.44429902
198	23642169	87759	23647956	914809	23653759	719860	23642169	0.84188	23647956	1.00645	23653759	1.0706	23642169	104241.697153989	23647956	908946.296388296	23653759	672389.314403138	23658751	90656	23664523	951037	23670327	810991	23658751	0.84274	23664523	1.00628	23670327	1.06939	23658751	107572.916913876	23664523	945101.760941289	23670327	758367.854571298	23675287	70874	23681075	937874	23686863	1225495	23675287	0.84173	23681075	1.00645	23686863	1.06997	23675287	84200.3968018248	23681075	931863.48055045	23686863	1145354.54265073
199	23762180	87460	23767967	912016	23773786	717855	23762180	0.84176	23767967	1.00571	23773786	1.06932	23762180	103901.349553317	23767967	906837.955275378	23773786	671319.156099203	23778762	90053	23784550	952452	23790338	808624	23778762	0.84215	23784550	1.0065	23790338	1.07034	23778762	106932.256723862	23784550	946301.043219076	23790338	755483.304370574	23795298	71655	23801086	934167	23806874	1216237	23795298	0.84204	23801086	1.00635	23806874	1.07004	23795298	85096.9075103321	23801086	928272.469816664	23806874	1136627.60270644
200	23882191	87522	23887978	912234	23893781	716784	23882191	0.84274	23887978	1.00654	23893781	1.06977	23882191	103854.094975912	23887978	906306.753829952	23893781	670035.615132225	23898758	90348	23904530	948862	23910333	806205	23898758	0.84236	23904530	1.00608	23910333	1.07074	23898758	107255.805118952	23904530	943127.783078881	23910333	752941.890655061	23915325	70856	23921113	938667	23926916	1206608	23915325	0.84223	23921113	1.00684	23926916	1.06995	23915325	84129.0383861891	23921113	932290.135473362	23926916	1127723.72540773
201	24002202	87906	24007989	911642	24013792	717234	24002202	0.84292	24007989	1.00584	24013792	1.07109	24002202	104287.476866132	24007989	906348.922293804	24013792	669630.003080974	24018784	90929	24024556	951535	24030360	804346	24018784	0.84312	24024556	1.00777	24030360	1.07127	24018784	107848.230382389	24024556	944198.577056273	24030360	750834.056773736	24035352	71797	24041139	937206	24046943	1194490	24035352	0.84234	24041139	1.0069	24046943	1.07051	24035352	85235.1781940784	24041139	930783.593206873	24046943	1115813.95783318
202	24122213	87711	24128000	911149	24133819	719158	24122213	0.84241	24128000	1.00653	24133819	1.07107	24122213	104119.134388243	24128000	905237.797184386	24133819	671438.8415323	24138795	90629	24144583	952272	24150386	804882	24138795	0.84258	24144583	1.00647	24150386	1.07084	24138795	107561.299817228	24144583	946150.406867567	24150386	751636.098763587	24155363	72104	24161166	935996	24166954	1189369	24155363	0.84231	24161166	1.00643	24166954	1.07169	24155363	85602.6878465173	24161166	930015.9971384	24166954	1109806.94043987
203	24242224	87956	24248011	913103	24253814	717276	24242224	0.84281	24248011	1.00641	24253814	1.07094	24242224	104360.413379053	24248011	907287.288480838	24253814	669763.011933442	24258791	91715	24264579	953133	24270382	801288	24258791	0.84248	24264579	1.00702	24270382	1.07105	24258791	108863.118412307	24264579	946488.649679252	24270382	748133.140376266	24275358	72391	24281146	937771	24286949	1179036	24275358	0.8428	24281146	1.00593	24286949	1.07128	24275358	85893.4504034172	24281146	932242.800194845	24286949	1100586.21462176
204	24362235	88047	24368022	911859	24373826	717844	24362235	0.84233	24368022	1.0066	24373826	1.07143	24362235	104527.916612254	24368022	905880.190741109	24373826	669986.840017547	24378818	91351	24384590	950524	24390393	800772	24378818	0.84292	24384590	1.00676	24390393	1.07112	24378818	108374.460209747	24384590	944141.602765306	24390393	747602.509522743	24395385	71979	24401172	936944	24406976	1166879	24395385	0.84208	24401172	1.00673	24406976	1.06981	24395385	85477.6268288049	24401172	930680.520099729	24406976	1090734.8033763
205	24482246	88254	24488033	911980	24493837	716232	24482246	0.84226	24488033	1.00626	24493837	1.07001	24482246	104782.371239285	24488033	906306.521177429	24493837	669369.445145373	24498813	90885	24504601	950618	24510404	799881	24498813	0.84186	24504601	1.00651	24510404	1.06965	24498813	107957.38008695	24504601	944469.503532007	24510404	747796.942925256	24515365	72738	24521152	937565	24526940	1161078	24515365	0.84211	24521152	1.00645	24526940	1.07116	24515365	86375.8891356236	24521152	931556.460827662	24526940	1083944.50875686
206	24602257	88569	24608044	910373	24613863	715315	24602257	0.84197	24608044	1.00632	24613863	1.07024	24602257	105192.584058814	24608044	904655.576754909	24613863	668368.777096726	24618840	91600	24624612	952507	24630415	797994	24618840	0.84253	24624612	1.00724	24630415	1.07033	24618840	108720.164267148	24624612	945660.418569556	24630415	745558.846337111	24635407	73319	24641194	937217	24646998	1150163	24635407	0.84232	24641194	1.00633	24646998	1.07046	24635407	87044.1162503562	24641194	931321.733427405	24646998	1074456.7755918
207	24722268	87949	24728055	912541	24733859	716261	24722268	0.84239	24728055	1.0064	24733859	1.07055	24722268	104404.135851565	24728055	906737.877583466	24733859	669058.894960535	24738835	91889	24744623	951548	24750426	797620	24738835	0.84273	24744623	1.0064	24750426	1.0707	24738835	109037.295456433	24744623	945496.820349762	24750426	744951.900625759	24755402	73515	24761190	938589	24767009	1144337	24755402	0.84269	24761190	1.00647	24767009	1.07038	24755402	87238.4862760921	24761190	932555.366776953	24767009	1069094.1534782
208	24842279	88579	24848066	913296	24853885	717066	24842279	0.8427	24848066	1.00737	24853885	1.07187	24842279	105113.326213362	24848066	906614.252955716	24853885	668985.977777156	24858862	91649	24864649	952717	24870468	793311	24858862	0.84303	24864649	1.00723	24870468	1.07134	24858862	108713.80615162	24864649	945878.299891783	24870468	740484.813411242	24875444	73477	24881232	938471	24887035	1133773	24875444	0.84238	24881232	1.00693	24887035	1.07104	24875444	87225.480187089	24881232	932012.155760579	24887035	1058572.04212728
209	24962290	88722	24968077	911887	24973881	717303	24962290	0.84237	24968077	1.00616	24973881	1.07167	24962290	105324.263684604	24968077	906304.166335374	24973881	669331.977194472	24978857	92102	24984645	952156	24990432	793938	24978857	0.84229	24984645	1.00704	24990432	1.07041	24978857	109347.136971827	24984645	945499.682237051	24990432	741713.922702516	24995409	74160	25001196	937457	25006984	1124695	24995409	0.84252	25001196	1.0067	25006984	1.07013	24995409	88021.6493377012	25001196	931217.840468858	25006984	1050989.13216151
210	25082301	88488	25088088	912848	25093892	714925	25082301	0.84239	25088088	1.00729	25093892	1.07053	25082301	105043.982003585	25088088	906241.499468872	25093892	667823.414570353	25098884	92251	25104656	950353	25110459	791877	25098884	0.84269	25104656	1.00612	25110459	1.07003	25098884	109472.047846776	25104656	944572.218025683	25110459	740051.213517378	25115435	74050	25121223	937420	25127042	1120812	25115435	0.84271	25121223	1.00578	25127042	1.07069	25115435	87871.2724424772	25121223	932032.85012627	25127042	1046812.80295884
211	25202312	88608	25208099	912389	25213918	716359	25202312	0.84247	25208099	1.00591	25213918	1.07118	25202312	105176.445452064	25208099	907028.461790816	25213918	668756.884930637	25218879	92285	25224667	953903	25230454	791765	25218879	0.84278	25224667	1.0074	25230454	1.07052	25218879	109500.700064074	25224667	946895.969823308	25230454	739607.854126966	25235431	74063	25241218	939928	25247021	1112440	25235431	0.84191	25241218	1.00678	25247021	1.07052	25235431	87970.2105925812	25241218	933598.204175689	25247021	1039158.53977506
212	25322323	88445	25328110	912500	25333914	715058	25322323	0.84224	25328110	1.00647	25333914	1.06953	25322323	105011.635638298	25328110	906634.077518456	25333914	668572.176563537	25338906	92287	25344678	952215	25350481	789291	25338906	0.84261	25344678	1.00665	25350481	1.07042	25338906	109525.165853716	25344678	945924.601400685	25350481	737365.70691878	25355473	74438	25361260	939582	25367064	1104844	25355473	0.84297	25361260	1.00644	25367064	1.07072	25355473	88304.4473706063	25361260	933569.81042089	25367064	1031870.14345487
213	25442334	88823	25448121	912994	25453940	715877	25442334	0.84221	25448121	1.00608	25453940	1.07097	25442334	105464.195390698	25448121	907476.542620865	25453940	668437.958112739	25458901	92867	25464689	951855	25470492	787569	25458901	0.84252	25464689	1.00655	25470492	1.07052	25458901	110225.276551298	25464689	945660.920967662	25470492	735688.263647573	25475453	74458	25481240	937330	25487043	1095767	25475453	0.84193	25481240	1.00577	25487043	1.06987	25475453	88437.28100911	25481240	931952.633305825	25487043	1024205.74462318
214	25562345	88584	25568132	911658	25573936	713350	25562345	0.84225	25568132	1.00664	25573936	1.07024	25562345	105175.422974176	25568132	905644.520384646	25573936	666532.740319928	25578912	92197	25584700	950533	25590487	786700	25578912	0.84158	25584700	1.00585	25590487	1.06993	25578912	109552.270728867	25584700	945004.722374112	25590487	735281.747404036	25595464	74922	25601251	938267	25607039	1088650	25595464	0.84205	25601251	1.00576	25607039	1.07023	25595464	88975.7140312333	25601251	932893.533248489	25607039	1017211.25365576
215	25682356	88824	25688143	912613	25693962	712103	25682356	0.84266	25688143	1.00598	25693962	1.06978	25682356	105409.061780552	25688143	907188.015666316	25693962	665653.685804558	25698939	92924	25704711	952583	25710514	786830	25698939	0.84197	25704711	1.00565	25710514	1.07042	25698939	110364.977374491	25704711	947231.144036196	25710514	735066.609368285	25715490	75085	25721278	940187	25727097	1082907	25715490	0.84256	25721278	1.00665	25727097	1.07046	25715490	89115.3152297759	25721278	933976.059206278	25727097	1011627.71145115
216	25802367	88814	25808154	916885	25813958	714877	25802367	0.84239	25808154	1.00709	25813958	1.07051	25802367	105430.976151189	25808154	910430.050938844	25813958	667791.052862654	25818950	92353	25824722	952133	25830525	785911	25818950	0.84211	25824722	1.00608	25830525	1.07041	25818950	109668.57061429	25824722	946379.015585242	25830525	734214.926990593	25835501	75757	25841289	941154	25847092	1075927	25835501	0.8423	25841289	1.00655	25847092	1.07011	25835501	89940.6387272943	25841289	935029.556405544	25847092	1005435.88976834
217	25922378	88450	25928181	911635	25933984	714983	25922378	0.84225	25928181	1.00634	25933984	1.0704	25922378	105016.325319086	25928181	905891.646958285	25933984	667958.707025411	25938961	92991	25944748	951746	25950536	785037	25938961	0.84183	25944748	1.00677	25950536	1.07111	25938961	110462.920066997	25944748	945346.007529029	25950536	732919.121285395	25955528	75556	25961315	938697	25967119	1068164	25955528	0.84199	25961315	1.00673	25967119	1.07093	25955528	89735.0324825711	25961315	932421.801277403	25967119	997417.198136199
218	26042389	88832	26048176	914201	26053980	713528	26042389	0.84215	26048176	1.00662	26053980	1.07072	26042389	105482.396247699	26048176	908188.790208818	26053980	666400.179318589	26058956	93109	26064744	952628	26070547	782450	26058956	0.84226	26064744	1.00632	26070547	1.07115	26058956	110546.624557738	26064744	946645.202321329	26070547	730476.590580218	26075523	75642	26081311	938654	26087114	1061479	26075523	0.84193	26081311	1.00663	26087114	1.07001	26075523	89843.573693775	26081311	932471.712545821	26087114	992027.1773161
219	26162400	88809	26168187	911871	26173991	714857	26162400	0.8422	26168187	1.007	26173991	1.07078	26162400	105448.824507243	26168187	905532.27408143	26173991	667603.989615047	26178967	93449	26184739	951730	26190558	782038	26178967	0.84173	26184739	1.00639	26190558	1.07008	26178967	111020.160859183	26184739	945687.05968859	26190558	730821.994617225	26195534	76237	26201322	939359	26207125	1054280	26195534	0.84166	26201322	1.00537	26207125	1.0694	26195534	90579.3313214362	26201322	934341.585684872	26207125	985861.230596596
220	26282411	89182	26288198	914567	26294002	714546	26282411	0.84242	26288198	1.00642	26294002	1.07131	26282411	105864.058308207	26288198	908732.934560124	26294002	666983.41283102	26298978	93463	26304766	954582	26310569	783159	26298978	0.84177	26304766	1.00613	26310569	1.07065	26298978	111031.516922675	26304766	948766.064027511	26310569	731479.942091253	26315545	76258	26321333	938941	26327152	1049572	26315545	0.8416	26321333	1.00573	26327152	1.07007	26315545	90610.7414448669	26321333	933591.520587036	26327152	980844.243834515
221	26402422	89260	26408209	914597	26414013	714806	26402422	0.84211	26408209	1.00608	26414013	1.07004	26402422	105995.653774448	26408209	909069.855279898	26414013	668018.018018018	26419005	93470	26424777	953410	26430580	779455	26419005	0.84203	26424777	1.00651	26430580	1.07082	26419005	111005.546120685	26424777	947243.445171931	26430580	727904.78325022	26435541	76733	26441328	942882	26447132	1046707	26435541	0.84218	26441328	1.00667	26447132	1.07063	26435541	91112.351278824	26441328	936634.646905143	26447132	977655.212351606
222	26522433	89277	26528220	914182	26534024	714198	26522433	0.84213	26528220	1.00554	26534024	1.07029	26522433	106013.323358626	26528220	909145.334844959	26534024	667293.910996085	26539000	93729	26544788	951321	26550591	779363	26539000	0.84197	26544788	1.00518	26550591	1.06884	26539000	111321.068446619	26544788	946418.551901152	26550591	729167.134463531	26555583	77593	26561371	939330	26567174	1037877	26555583	0.84118	26561371	1.00459	26567174	1.07026	26555583	92243.0395396942	26561371	935038.17477777	26567174	969742.866219423
223	26642444	88888	26648232	912327	26654035	713440	26642444	0.84172	26648232	1.00551	26654035	1.06947	26642444	105602.813287079	26648232	907327.624787421	26654035	667096.786258614	26658996	94322	26664783	949977	26670586	779375	26658996	0.84097	26664783	1.0057	26670586	1.07019	26658996	112158.578784023	26664783	944592.820920752	26670586	728258.533531429	26675563	76998	26681335	939219	26687154	1031807	26675563	0.84139	26681335	1.00516	26687154	1.06943	26675563	91512.8537301371	26681335	934397.508854312	26687154	964819.576783894
224	26762455	88985	26768243	914107	26774061	713750	26762455	0.84177	26768243	1.00571	26774061	1.06994	26762455	105711.774000024	26768243	908917.083453481	26774061	667093.481877489	26779038	93719	26784825	952885	26790613	777528	26779038	0.84138	26784825	1.00501	26790613	1.06973	26779038	111387.244764553	26784825	948134.844429409	26790613	726845.091752124	26795589	77396	26801377	939074	26807165	1023933	26795589	0.84126	26801377	1.00535	26807165	1.07028	26795589	92000.0950954521	26801377	934076.689710051	26807165	956696.378517771
225	26882466	89578	26888254	914267	26894072	713835	26882466	0.84123	26888254	1.00614	26894072	1.0694	26882466	106484.552381632	26888254	908687.657781223	26894072	667509.818589863	26899049	94337	26904836	952743	26910640	777323	26899049	0.84118	26904836	1.00511	26910640	1.06974	26899049	112148.41056611	26904836	947899.234909612	26910640	726646.661805672	26915616	77520	26921404	940253	26927207	1020302	26915616	0.84166	26921404	1.00522	26927207	1.06976	26915616	92103.6998312858	26921404	935370.3666859	26927207	953767.200119653
226	27002477	88428	27008265	915403	27014068	712861	27002477	0.84151	27008265	1.00562	27014068	1.06866	27002477	105082.530213545	27008265	910287.186014598	27014068	667060.617970168	27019044	94208	27024832	952645	27030635	774612	27019044	0.84123	27024832	1.00442	27030635	1.06917	27019044	111988.39794111	27024832	948452.838454033	27030635	724498.442717248	27035611	78231	27041399	940344	27047202	1013441	27035611	0.84128	27041399	1.00531	27047202	1.06958	27035611	92990.4431342716	27041399	935377.147347584	27047202	947513.042502665
227	27122488	89776	27128276	913545	27134094	712532	27122488	0.84183	27128276	1.00555	27134094	1.06934	27122488	106643.85921148	27128276	908502.809407787	27134094	666328.763536387	27139086	94341	27144874	954223	27150693	775088	27139086	0.84114	27144874	1.00602	27150693	1.07027	27139086	112158.499179685	27144874	948512.952028787	27150693	724198.56671681	27155669	78065	27161457	940669	27167260	1007524	27155669	0.84234	27161457	1.00512	27167260	1.06965	27155669	92676.3539663319	27161457	935877.308182108	27167260	941919.319403543
228	27242499	88758	27248287	913646	27254090	713376	27242499	0.84086	27248287	1.00539	27254090	1.06951	27242499	105556.216254787	27248287	908747.849093387	27254090	667011.996147769	27259082	94165	27264869	950796	27270657	773649	27259082	0.84188	27264869	1.00553	27270657	1.06939	27259082	111850.857604409	27264869	945567.014410311	27270657	723448.882072958	27275649	78321	27281437	939540	27287240	1001362	27275649	0.84134	27281437	1.0048	27287240	1.06942	27275649	93090.7837497326	27281437	935051.751592357	27287240	936359.896018402
229	27362510	89032	27368298	913165	27374116	714969	27362510	0.84166	27368298	1.00575	27374116	1.06926	27362510	105781.431932134	27368298	907944.320159085	27374116	668657.763312945	27379093	94145	27384880	952970	27390684	774843	27379093	0.8413	27384880	1.0049	27390684	1.06918	27379093	111904.195887317	27384880	948323.216240422	27390684	724707.719934904	27395676	78524	27401463	940128	27407266	1000157	27395676	0.84071	27401463	1.00482	27407266	1.06919	27395676	93402.0054477763	27401463	935618.319699051	27407266	935434.30073233
230	27482521	89135	27488309	913909	27494112	714551	27482521	0.84105	27488309	1.00523	27494112	1.06922	27482521	105980.619463766	27488309	909154.123931836	27494112	668291.838910608	27499088	95302	27504876	953193	27510679	771773	27499088	0.84159	27504876	1.00522	27510679	1.06922	27499088	113240.413978303	27504876	948243.170649211	27510679	721809.356353229	27515655	79387	27521427	941052	27527231	995755	27515655	0.84118	27521427	1.00569	27527231	1.06943	27515655	94375.757863953	27521427	935727.70933389	27527231	931108.160421907
231	27602532	89378	27608320	913211	27614123	715016	27602532	0.84175	27608320	1.00525	27614123	1.07102	27602532	106181.17018117	27608320	908441.681173837	27614123	667602.845885231	27619084	95330	27624871	955398	27630674	772998	27619084	0.84228	27624871	1.00611	27630674	1.06992	27619084	113180.889965332	27624871	949595.968631661	27630674	722482.054733064	27635651	79206	27641438	938198	27647226	989876	27635651	0.84214	27641438	1.0065	27647226	1.06875	27635651	94053.2453036312	27641438	932139.095876801	27647226	926199.766081871
232	27722543	89270	27728331	913733	27734149	714025	27722543	0.84146	27728331	1.00547	27734149	1.06984	27722543	106089.416015022	27728331	908762.071469064	27734149	667412.884169596	27739110	94850	27744898	952989	27750701	771898	27739110	0.84222	27744898	1.00602	27750701	1.07045	27739110	112619.030657073	27744898	947286.33625574	27750701	721096.735017983	27755677	79193	27761465	939960	27767284	985057	27755677	0.84275	27761465	1.00531	27767284	1.07038	27755677	93969.7419163453	27761465	934995.175617471	27767284	920287.187727723
233	27842554	88899	27848342	912515	27854160	714379	27842554	0.84173	27848342	1.00457	27854160	1.0691	27842554	105614.627018165	27848342	908363.777536658	27854160	668205.96763633	27859137	95542	27864909	954288	27870712	770689	27859137	0.84186	27864909	1.00604	27870712	1.06843	27859137	113489.178723303	27864909	948558.705419268	27870712	721328.491337757	27875688	79148	27881476	940619	27887295	978524	27875688	0.84126	27881476	1.00479	27887295	1.06859	27875688	94082.6854955662	27881476	936134.913763075	27887295	915715.101208134
234	27962565	89622	27968353	912884	27974156	715368	27962565	0.84114	27968353	1.00509	27974156	1.06933	27962565	106548.255938369	27968353	908260.951755564	27974156	668987.122777814	27979148	95257	27984920	954300	27990723	771577	27979148	0.84151	27984920	1.00565	27990723	1.06944	27979148	113197.704127105	27984920	948938.497489186	27990723	721477.595751047	27995715	79481	28001503	941333	28007321	976393	27995715	0.84104	28001503	1.00545	28007321	1.06977	27995715	94503.2340911253	28001503	936230.54353772	28007321	912713.013077578
235	28082576	89587	28088364	911554	28094182	714724	28082576	0.84146	28088364	1.00566	28094182	1.06953	28082576	106466.142181447	28088364	906423.642185232	28094182	668259.889858162	28099159	94985	28104946	951095	28110750	770164	28099159	0.84087	28104946	1.00498	28110750	1.06946	28099159	112960.386266605	28104946	946382.017552588	28110750	720142.875843884	28115710	79538	28121514	940063	28127317	970688	28115710	0.84149	28121514	1.00422	28127317	1.06871	28115710	94520.4339920855	28121514	936112.604807712	28127317	908280.075979452
236	28202587	89403	28208375	912442	28214178	712620	28202587	0.84113	28208375	1.00552	28214178	1.06908	28202587	106289.158631841	28208375	907432.97000557	28214178	666573.128297228	28219154	95484	28224942	953718	28230745	768990	28219154	0.84138	28224942	1.00564	28230745	1.06916	28219154	113484.98894673	28224942	948369.197724832	28230745	719246.885405365	28235737	79705	28241525	938544	28247328	965170	28235737	0.84102	28241525	1.00504	28247328	1.06835	28235737	94771.824689068	28241525	933837.459205604	28247328	903421.163476389
237	28322598	89039	28328386	910894	28334189	712289	28322598	0.8413	28328386	1.00545	28334189	1.06988	28322598	105835.017235231	28328386	905956.536874037	28334189	665765.319475081	28339181	96070	28344953	953196	28350756	768316	28339181	0.84193	28344953	1.00514	28350756	1.06992	28339181	114106.873493046	28344953	948321.626838053	28350756	718106.026618813	28355733	80012	28361505	942171	28367308	962097	28355733	0.84133	28361505	1.00472	28367308	1.06917	28355733	95101.8030974766	28361505	937744.84433474	28367308	899854.092426836
238	28442609	89330	28448397	914028	28454200	713981	28442609	0.84175	28448397	1.00523	28454200	1.06973	28442609	106124.146124146	28448397	909272.504799897	28454200	667440.382152506	28459176	95941	28464964	955660	28470783	767648	28459176	0.841	28464964	1.00546	28470783	1.06926	28459176	114079.66706302	28464964	950470.431444314	28470783	717924.545947665	28475759	80386	28481562	940856	28487381	957908	28475759	0.84102	28481562	1.00531	28487381	1.06947	28475759	95581.555729947	28481562	935886.442987735	28487381	895684.778441658
239	28562620	89483	28568408	913470	28574211	712076	28562620	0.84133	28568408	1.00508	28574211	1.06857	28562620	106358.979235258	28568408	908853.026624746	28574211	666382.17430772	28579187	96410	28584975	952194	28590778	768258	28579187	0.84144	28584975	1.00565	28590778	1.06941	28579187	114577.391139	28584975	946844.32953811	28590778	718394.254775998	28595755	80510	28601542	942981	28607345	956452	28595755	0.84078	28601542	1.00523	28607345	1.06938	28595755	95756.3215109779	28601542	938074.868438069	28607345	894398.623501468
240	28682631	90299	28688419	913531	28694222	714220	28682631	0.84089	28688419	1.00567	28694222	1.06867	28682631	107385.032525063	28688419	908380.482663299	28694222	668326.050137086	28699198	96234	28704986	952324	28710789	767402	28699198	0.84115	28704986	1.00503	28710789	1.0695	28699198	114407.656184985	28704986	947557.784344746	28710789	717533.42683497	28715766	80328	28721553	941968	28727372	952126	28715766	0.8415	28721553	1.00583	28727372	1.07025	28715766	95458.1105169341	28721553	936508.157442113	28727372	889629.525811726
241	28802642	89358	28808430	911722	28814233	713150	28802642	0.84153	28808430	1.00514	28814233	1.0695	28802642	106185.162739296	28808430	907059.713074796	28814233	666806.919121085	28819209	96431	28824997	954455	28830800	765613	28819209	0.8415	28824997	1.00556	28830800	1.06943	28819209	114594.177064765	28824997	949177.572695811	28830800	715907.539530404	28835761	80400	28841549	940975	28847336	947806	28835761	0.84176	28841549	1.00551	28847336	1.06948	28835761	95514.1608059304	28841549	935818.639297471	28847336	886230.691551034
242	28922653	89763	28928441	913135	28934244	714018	28922653	0.84122	28928441	1.00586	28934244	1.06975	28922653	106705.736905922	28928441	907815.202910942	28934244	667462.49123627	28939220	96324	28945008	954794	28950811	765716	28939220	0.84167	28945008	1.00546	28950811	1.0703	28939220	114443.903192463	28945008	949609.134127663	28950811	715421.844342708	28955788	81296	28961575	941953	28967394	944044	28955788	0.84154	28961575	1.00612	28967394	1.07005	28955788	96603.8453311786	28961575	936223.313322467	28967394	882242.885846456
243	29042664	89933	29048452	914517	29054255	715527	29042664	0.84124	29048452	1.00503	29054255	1.06952	29042664	106905.282677952	29048452	909940.001790991	29054255	669016.942179669	29059231	96970	29065019	953401	29070822	764856	29059231	0.84136	29065019	1.00471	29070822	1.06874	29059231	115253.874679091	29065019	948931.53248201	29070822	715661.433089433	29075799	81477	29081586	941459	29087389	942457	29075799	0.8413	29081586	1.00505	29087389	1.06976	29075799	96846.5470105789	29081586	936728.520969106	29087389	880998.541728986
244	29162675	89805	29168463	913909	29174266	716540	29162675	0.84149	29168463	1.00496	29174266	1.06978	29162675	106721.410830788	29168463	909398.384015284	29174266	669801.267550337	29179242	96495	29185030	953217	29190833	764666	29179242	0.84123	29185030	1.00522	29190833	1.06903	29179242	114707.036125673	29185030	948267.046019777	29190833	715289.561565157	29195810	81280	29201597	943889	29207400	936701	29195810	0.84154	29201597	1.00537	29207400	1.06935	29195810	96584.8325688619	29201597	938847.389518287	29207400	875953.616683032
245	29282686	89349	29288474	915374	29294293	714276	29282686	0.84123	29288474	1.00475	29294293	1.06916	29282686	106212.331942513	29288474	911046.52898731	29294293	668072.131392869	29299269	96775	29305041	953900	29310844	763624	29299269	0.84148	29305041	1.00574	29310844	1.06886	29299269	115005.704235395	29305041	948455.863344403	29310844	714428.45648635	29315821	81227	29321624	939793	29327443	932860	29315821	0.84081	29321624	1.00407	29327443	1.0688	29315821	96605.654071669	29321624	935983.546963857	29327443	872810.628742515
246	29402697	90655	29408500	915888	29414304	714157	29402697	0.84161	29408500	1.00592	29414304	1.07054	29402697	107716.163068405	29408500	910497.852711945	29414304	667099.781418723	29419280	96643	29425068	953129	29430871	763188	29419280	0.84131	29425068	1.00491	29430871	1.06948	29419280	114872.044787296	29425068	948472.002467883	29430871	713606.612559375	29435847	82245	29441650	941873	29447454	929132	29435847	0.84095	29441650	1.0047	29447454	1.06938	29435847	97800.1070218206	29441650	937466.905543944	29447454	868851.109988966
247	29522708	90012	29528496	913590	29534299	715627	29522708	0.84096	29528496	1.00506	29534299	1.0693	29522708	107034.817351598	29528496	908990.508029372	29534299	669248.106237726	29539275	96894	29545063	954730	29550866	764434	29539275	0.84079	29545063	1.00505	29550866	1.06903	29539275	115241.618002117	29545063	949932.839162231	29550866	715072.542398249	29555843	82059	29561630	941184	29567433	925917	29555843	0.84083	29561630	1.00475	29567433	1.06886	29555843	97592.854679305	29561630	936734.511072406	29567433	866265.928185169
248	29642719	90391	29648507	915090	29654310	714968	29642719	0.8418	29648507	1.00531	29654310	1.06956	29642719	107378.237110953	29648507	910256.537784365	29654310	668469.277085905	29659302	96936	29665090	954465	29670908	761965	29659302	0.84123	29665090	1.0055	29670908	1.06931	29659302	115231.268499697	29665090	949244.157135754	29670908	712576.334271633	29675885	82104	29681672	946248	29687491	924318	29675885	0.84095	29681672	1.00583	29687491	1.0697	29675885	97632.4395029431	29681672	940763.349671416	29687491	864090.866598112
249	29762730	90252	29768518	915488	29774321	715034	29762730	0.84226	29768518	1.00503	29774321	1.06952	29762730	107154.560349536	29768518	910906.142105211	29774321	668555.987732815	29779297	96853	29785085	954604	29790904	763363	29779297	0.84065	29785085	1.00581	29790904	1.07024	29779297	115212.038303694	29785085	949089.788329804	29790904	713263.380176409	29795865	82813	29801652	941895	29807440	921371	29795865	0.84152	29801652	1.006	29807440	1.07046	29795865	98408.8316379884	29801652	936277.335984095	29807440	860724.361489453
250	29882741	89681	29888529	912685	29894332	715396	29882741	0.84079	29888529	1.00519	29894332	1.06869	29882741	106662.781431749	29888529	907972.622091346	29894332	669413.955403344	29899308	97128	29905080	953153	29910899	763442	29899308	0.84131	29905080	1.00496	29910899	1.06955	29899308	115448.526702405	29905080	948448.694475402	29910899	713797.391426301	29915876	82608	29921663	942268	29927466	918239	29915876	0.84166	29921663	1.00533	29927466	1.0705	29915876	98148.896228881	29921663	937272.338436136	29927466	857766.464269033
251	30002752	90505	30008540	913655	30014343	715070	30002752	0.8412	30008540	1.00548	30014343	1.06898	30002752	107590.347123157	30008540	908675.458487489	30014343	668927.388725701	30019319	97163	30025107	953049	30030910	762681	30019319	0.8413	30025107	1.00514	30030910	1.06936	30019319	115491.501248068	30025107	948175.378554231	30030910	713212.575746241	30035902	82885	30041690	940707	30047477	915675	30035902	0.84098	30041690	1.00508	30047477	1.06985	30035902	98557.6351399558	30041690	935952.362001035	30047477	855891.012758798
252	30122763	90585	30128551	914958	30134370	717576	30122763	0.84138	30128551	1.00544	30134370	1.0696	30122763	107662.411752122	30128551	910007.558879694	30134370	670882.572924458	30139346	97228	30145134	954512	30150952	762995	30139346	0.84143	30145134	1.00552	30150952	1.06947	30139346	115550.907383858	30145134	949272.018458111	30150952	713432.821865036	30155944	83022	30161716	944247	30167535	913069	30155944	0.84122	30161716	1.00592	30167535	1.07	30155944	98692.3753595968	30161716	938689.955463655	30167535	853335.514018691
253	30242774	90263	30248562	915842	30254365	718621	30242774	0.8418	30248562	1.00612	30254365	1.07057	30242774	107226.181990972	30248562	910271.140619409	30254365	671250.828997637	30259341	97561	30265129	953493	30270948	760994	30259341	0.84205	30265129	1.00553	30270948	1.06988	30259341	115861.290897215	30265129	948249.182023411	30270948	711289.116536434	30275924	83273	30281696	942664	30287499	910150	30275924	0.84207	30281696	1.0056	30287499	1.06977	30275924	98890.8285534457	30281696	937414.478918059	30287499	850790.356805669
254	30362785	90024	30368573	914552	30374376	716617	30362785	0.84154	30368573	1.00537	30374376	1.06956	30362785	106975.307174941	30368573	909667.087738842	30374376	670011.032574143	30379352	97613	30385140	953814	30390943	760695	30379352	0.84193	30385140	1.00559	30390943	1.06901	30379352	115939.56742247	30385140	948511.818932169	30390943	711588.291971076	30395935	83414	30401723	941484	30407511	906570	30395935	0.84145	30401723	1.00501	30407511	1.07075	30395935	99131.2615128647	30401723	936790.678699714	30407511	846668.223208032
255	30482796	90733	30488584	915061	30494387	717144	30482796	0.84202	30488584	1.0057	30494387	1.07016	30482796	107756.347830218	30488584	909874.714129462	30494387	670127.831352321	30499363	97618	30505151	955218	30510970	760442	30499363	0.84154	30505151	1.00559	30510970	1.06972	30499363	115999.239489507	30505151	949908.014200619	30510970	710879.482481397	30515946	83065	30521718	941880	30527553	904490	30515946	0.84146	30521718	1.00544	30527553	1.07049	30515946	98715.3281201721	30521718	936783.895607893	30527553	844930.826070304
256	30602807	90228	30608595	913366	30614398	716266	30602807	0.84156	30608595	1.00512	30614398	1.06909	30602807	107215.171823756	30608595	908713.387456224	30614398	669977.270388835	30619390	98277	30625178	954403	30630981	761882	30619390	0.84213	30625178	1.00646	30630981	1.06942	30619390	116700.509422536	30625178	948277.129741867	30630981	712425.4268669	30635957	83509	30641745	943193	30647533	902525	30635957	0.84141	30641745	1.00517	30647533	1.06999	30635957	99248.8798564315	30641745	938341.773033417	30647533	843489.191487771
257	30722818	90209	30728606	916423	30734409	717397	30722818	0.84213	30728606	1.00557	30734409	1.06885	30722818	107120.0408488	30728606	911346.798333284	30734409	671185.853955186	30739385	97628	30745173	955738	30750976	760718	30739385	0.841	30745173	1.00517	30750976	1.06905	30739385	116085.612366231	30745173	950822.248972811	30750976	711583.181329218	30755953	83849	30761725	943046	30767528	897829	30755953	0.84189	30761725	1.00486	30767528	1.06917	30755953	99596.1467650168	30761725	938484.963079434	30767528	839743.913502998
258	30842829	90555	30848617	915515	30854420	717116	30842829	0.84116	30848617	1.00516	30854420	1.06913	30842829	107654.90513101	30848617	910815.193601019	30854420	670747.2430855	30859397	97749	30865169	955162	30870987	760528	30859397	0.84182	30865169	1.00514	30870987	1.06913	30859397	116116.271887102	30865169	950277.573273375	30870987	711352.22096471	30875964	84111	30881751	941873	30887539	894635	30875964	0.84182	30881751	1.00463	30887539	1.06953	30875964	99915.6589294624	30881751	937532.225794571	30887539	836474.900189803
259	30962840	90769	30968628	913731	30974431	716004	30962840	0.84065	30968628	1.0052	30974431	1.06941	30962840	107974.78141914	30968628	909004.178272981	30974431	669531.797907257	30979408	98218	30985195	954798	30990998	759671	30979408	0.8421	30985195	1.00553	30990998	1.06962	30979408	116634.603966275	30985195	949547.005062007	30990998	710225.126680503	30995975	83364	31001762	942602	31007550	892173	30995975	0.84117	31001762	1.00497	31007550	1.06935	30995975	99104.818288812	31001762	937940.436032917	31007550	834313.367933791
260	31082851	90438	31088655	913523	31094458	716767	31082851	0.84142	31088655	1.00629	31094458	1.06908	31082851	107482.588956764	31088655	907812.857128661	31094458	670452.164477869	31099434	98111	31105222	953480	31111041	758864	31099434	0.84115	31105222	1.00484	31111041	1.07008	31099434	116639.12500743	31105222	948887.385056327	31111041	709165.669856459	31116017	83980	31121805	941884	31127608	889890	31116017	0.84131	31121805	1.00476	31127608	1.06902	31116017	99820.5180016878	31121805	937421.871889805	31127608	832435.314587192
261	31202862	90471	31208650	912513	31214453	715700	31202862	0.84151	31208650	1.0044	31214453	1.06886	31202862	107510.308849568	31208650	908515.531660693	31214453	669591.901652228	31219430	98727	31225217	955218	31231036	760794	31219430	0.84078	31225217	1.00442	31231036	1.0694	31219430	117423.107114822	31225217	951014.515839987	31231036	711421.357770713	31236012	84338	31241800	940865	31247588	889354	31236012	0.84127	31241800	1.00396	31247588	1.07004	31236012	100250.811273432	31241800	937153.870672138	31247588	831140.891929274
262	31322873	90267	31328661	915674	31334464	717692	31322873	0.84126	31328661	1.00547	31334464	1.06916	31322873	107299.764638756	31328661	910692.511959581	31334464	671267.163006472	31339441	98121	31345228	953300	31351031	758889	31339441	0.8413	31345228	1.0055	31351031	1.06909	31339441	116630.215143231	31345228	948085.52958727	31351031	709845.756671562	31356008	84009	31361795	943439	31367599	888454	31356008	0.84113	31361795	1.00489	31367599	1.0692	31356008	99876.3568057256	31361795	938848.033118053	31367599	830952.113729892
263	31442884	90693	31448672	912554	31454475	718412	31442884	0.84149	31448672	1.00439	31454475	1.0688	31442884	107776.681838168	31448672	908565.397903205	31454475	672166.916167665	31459452	97623	31465239	954788	31471042	759599	31459452	0.84075	31465239	1.00478	31471042	1.06946	31459452	116114.183764496	31465239	950245.824956707	31471042	710264.058496812	31476034	84329	31481806	944131	31487610	882851	31476034	0.84167	31481806	1.00509	31487610	1.069	31476034	100192.47448525	31481806	939349.709976221	31487610	825866.230121609
264	31562895	90428	31568683	914373	31574486	718932	31562895	0.84165	31568683	1.00521	31574486	1.06925	31562895	107441.33547199	31568683	909633.807861044	31574486	672370.353051204	31579463	98328	31585250	955708	31591069	760111	31579463	0.84121	31585250	1.00558	31591069	1.06954	31579463	116888.767370811	31585250	950404.741542194	31591069	710689.642276119	31596045	84656	31601817	943358	31607621	882056	31596045	0.84097	31601817	1.00513	31607621	1.07006	31596045	100664.708610295	31601817	938543.273009462	31607621	824305.179148833
265	31682906	90244	31688694	914207	31694497	719996	31682906	0.84192	31688694	1.00583	31694497	1.0706	31682906	107188.331432915	31688694	908908.065975364	31694497	672516.34597422	31699489	99051	31705292	955245	31711096	760085	31699489	0.84149	31705292	1.00558	31711096	1.0706	31699489	117709.063684655	31705292	949944.310746037	31711096	709961.703717542	31716072	85010	31721860	943357	31727663	880201	31716072	0.84189	31721860	1.0063	31727663	1.06986	31716072	100975.186782121	31721860	937451.058332505	31727663	822725.403323799
266	31802917	91207	31808705	915645	31814508	719085	31802917	0.84192	31808705	1.00537	31814508	1.06936	31802917	108332.145572026	31808705	910754.249679222	31814508	672444.265729034	31819485	98143	31825257	956796	31831075	760691	31819485	0.84166	31825257	1.00535	31831075	1.06986	31819485	116606.468170045	31825257	951704.381558661	31831075	711019.198773671	31836052	85187	31841839	943174	31847658	878219	31836052	0.8413	31841839	1.00439	31847658	1.06998	31836052	101256.388921907	31841839	939051.56363564	31847658	820780.762257238
267	31922928	90476	31928716	916533	31934519	718077	31922928	0.84134	31928716	1.00533	31934519	1.06949	31922928	107537.975134904	31928716	911673.778759214	31934519	671420.022627608	31939496	98530	31945283	951449	31951102	757589	31939496	0.84126	31945283	1.0043	31951102	1.06992	31939496	117121.936143404	31945283	947375.286269043	31951102	708080.043367728	31956063	85073	31961850	943456	31967638	876747	31956063	0.84122	31961850	1.00525	31967638	1.07	31956063	101130.500939112	31961850	938528.724197961	31967638	819389.719626168
268	32042939	90299	32048727	915259	32054530	717906	32042939	0.8414	32048727	1.00559	32054530	1.06926	32042939	107319.942952223	32048727	910171.143308903	32054530	671404.522754054	32059507	99358	32065294	954131	32071097	758676	32059507	0.84142	32065294	1.00547	32071097	1.07043	32059507	118083.715623589	32065294	948940.29657772	32071097	708758.16260755	32076074	85675	32081861	944061	32087665	874964	32076074	0.84175	32081861	1.00578	32087665	1.07079	32076074	101782.001782002	32081861	938635.685736444	32087665	817120.070228523
269	32162950	89749	32168738	913441	32174541	717060	32162950	0.8411	32168738	1.00548	32174541	1.0689	32162950	106704.315776959	32168738	908462.624816008	32174541	670839.1804659	32179533	98850	32185305	953760	32191108	757598	32179533	0.84169	32185305	1.00496	32191108	1.06952	32179533	117442.288728629	32185305	949052.69861487	32191108	708353.279976064	32196100	85625	32201872	945060	32207676	873449	32196100	0.84191	32201872	1.00532	32207676	1.06905	32196100	101703.269945719	32201872	940058.886722636	32207676	817032.879659511
270	32282961	90258	32288749	914546	32294552	718107	32282961	0.8409	32288749	1.00508	32294552	1.06924	32282961	107334.998216197	32288749	909923.588172086	32294552	671605.065280012	32299529	98911	32305316	956222	32311104	758324	32299529	0.8419	32305316	1.00502	32311104	1.06878	32299529	117485.449578335	32305316	951445.742373286	32311104	709523.007541309	32316096	85852	32321868	944699	32327671	871623	32316096	0.84147	32321868	1.00523	32327671	1.0699	32316096	102026.216026715	32321868	939783.93004586	32327671	814677.07262361
271	32402972	90771	32408760	914604	32414563	719893	32402972	0.84176	32408760	1.00507	32414563	1.07024	32402972	107834.774757651	32408760	909990.34893092	32414563	672646.322320227	32419540	99067	32425327	956725	32431130	757252	32419540	0.84135	32425327	1.00557	32431130	1.07014	32419540	117747.667439235	32425327	951425.559632845	32431130	707619.563795391	32436122	85426	32441894	945020	32447698	868807	32436122	0.84149	32441894	1.00556	32447698	1.07033	32436122	101517.546257234	32441894	939794.741238713	32447698	811718.815692357
272	32522983	91220	32528771	914712	32534574	719675	32522983	0.84171	32528771	1.00468	32534574	1.06971	32522983	108374.618336482	32528771	910451.08890393	32534574	672775.79904834	32539551	98922	32545338	954395	32551157	756561	32539551	0.84155	32545338	1.00574	32551157	1.06964	32539551	117547.382805537	32545338	948948.038260385	32551157	707304.326689353	32556133	86312	32561921	942740	32567709	865152	32556133	0.84126	32561921	1.00522	32567709	1.06972	32556133	102598.48322754	32561921	937844.451960765	32567709	808764.910443854
273	32642994	90424	32648782	914372	32654585	718797	32642994	0.84166	32648782	1.00546	32654585	1.07006	32642994	107435.306418269	32648782	909406.639746982	32654585	671735.229800198	32659562	99301	32665334	954431	32671152	759298	32659562	0.84169	32665334	1.00586	32671152	1.06974	32659562	117978.115458185	32665334	948870.61817748	32671152	709796.773047657	32676129	85531	32681917	945119	32687735	863689	32676129	0.84135	32681917	1.00578	32687735	1.06965	32676129	101659.238129197	32681917	939687.605639405	32687735	807450.100500164
274	32763005	89698	32768793	914870	32774596	719930	32763005	0.84068	32768793	1.00637	32774596	1.06928	32763005	106696.95960413	32768793	909079.165714399	32774596	673284.827173425	32779588	99352	32785376	955252	32791179	755941	32779588	0.84154	32785376	1.0053	32791179	1.06931	32779588	118059.74760558	32785376	950215.855963394	32791179	706942.794886422	32796156	86393	32801943	944493	32807746	862203	32796156	0.84153	32801943	1.00535	32807746	1.07016	32796156	102661.818354664	32801943	939466.852339981	32807746	805676.721237946
275	32883016	89971	32888820	914279	32894623	720730	32883016	0.84123	32888820	1.00527	32894623	1.0693	32883016	106951.725449639	32888820	909486.008733972	32894623	674020.387169176	32899599	99447	32905387	954704	32911206	758326	32899599	0.84124	32905387	1.00529	32911206	1.07044	32899599	118214.778184585	32905387	949680.191785455	32911206	708424.573072755	32916167	86400	32921954	944333	32927757	860724	32916167	0.84177	32921954	1.00487	32927757	1.07048	32916167	102640.863893938	32921954	939756.386398241	32927757	804054.256034676
276	33003027	91069	33008815	916783	33014634	720359	33003027	0.84098	33008815	1.0054	33014634	1.06977	33003027	108289.138861804	33008815	911858.96160732	33014634	673377.454966956	33019595	98799	33025382	955618	33031186	756624	33019595	0.84086	33025382	1.00502	33031186	1.06908	33019595	117497.562019837	33025382	950844.759308273	33031186	707733.752385228	33036162	86131	33041950	945255	33047737	858884	33036162	0.84102	33041950	1.00557	33047737	1.06998	33036162	102412.54666952	33041950	940019.093648379	33047737	802710.331034225
277	33123038	90750	33128842	914189	33134645	721699	33123038	0.84101	33128842	1.00498	33134645	1.06991	33123038	107905.970202495	33128842	909658.898684551	33134645	674541.783888364	33139621	98890	33145425	951891	33151228	757282	33139621	0.8412	33145425	1.00447	33151228	1.06924	33139621	117558.250118878	33145425	947654.982229434	33151228	708243.238187872	33156204	86757	33161992	942792	33167811	857652	33156204	0.84113	33161992	1.00572	33167811	1.06972	33156204	103143.390439052	33161992	937429.900966472	33167811	801753.729948024
278	33243049	90952	33248837	915079	33254640	721998	33243049	0.84131	33248837	1.00563	33254640	1.07045	33243049	108107.594109187	33248837	909955.948012689	33254640	674480.825820916	33259617	99971	33265404	956590	33271208	759406	33259617	0.84217	33265404	1.00588	33271208	1.07019	33259617	118706.43694266	33265404	950998.13098978	33271208	709599.230043263	33276184	86603	33281972	942761	33287759	855919	33276184	0.84195	33281972	1.00549	33287759	1.0694	33276184	102860.027317537	33281972	937613.501874708	33287759	800373.106414812
279	33363060	89839	33368864	915489	33374667	723621	33363060	0.84179	33368864	1.00623	33374667	1.0718	33363060	106723.767210349	33368864	909820.816314362	33374667	675145.549542825	33379628	99959	33385400	954683	33391203	757727	33379628	0.84313	33385400	1.0064	33391203	1.07063	33379628	118557.043397815	33385400	948611.883942766	33391203	707739.368409254	33396195	87191	33401983	942912	33407786	855324	33396195	0.84196	33401983	1.00541	33407786	1.06993	33396195	103557.176112879	33401983	937838.294824997	33407786	799420.522837943
280	33483072	90390	33488859	914196	33494678	723489	33483072	0.84107	33488859	1.00555	33494678	1.06978	33483072	107470.246233964	33488859	909150.216299538	33494678	676296.995643964	33499654	99866	33505442	955110	33511261	758422	33499654	0.84119	33505442	1.00451	33511261	1.06988	33499654	118719.908700769	33505442	950821.793710366	33511261	708885.108610312	33516237	87266	33522040	944921	33527844	853727	33516237	0.84135	33522040	1.00507	33527844	1.07033	33516237	103721.400130742	33522040	940154.417105276	33527844	797629.702988798
281	33603083	90562	33608886	915523	33614689	723524	33603083	0.84097	33608886	1.00556	33614689	1.07026	33603083	107687.551280069	33608886	910460.837742154	33614689	676026.386111786	33619650	100329	33625453	955120	33631256	758172	33619650	0.84071	33625453	1.00524	33631256	1.06959	33619650	119338.416338571	33625453	950141.259798655	33631256	708843.575575688	33636233	87791	33642020	947872	33647823	852178	33636233	0.84103	33642020	1.00565	33647823	1.06999	33636233	104385.099223571	33642020	942546.61164421	33647823	796435.480705427
282	33723094	91212	33728881	918603	33734700	724180	33723094	0.84168	33728881	1.00593	33734700	1.06977	33723094	108368.976333048	33728881	913187.79636754	33734700	676949.250773531	33739661	100473	33745448	956476	33751236	756977	33739661	0.84193	33745448	1.00554	33751236	1.06975	33739661	119336.524414144	33745448	951206.317003799	33751236	707620.472072914	33756212	87073	33762000	944570	33767803	850149	33756212	0.84152	33762000	1.00504	33767803	1.0701	33756212	103471.099914441	33762000	939833.240468041	33767803	794457.527333894
283	33843105	90240	33848908	914750	33854711	722980	33843105	0.84097	33848908	1.00478	33854711	1.06924	33843105	107304.66009489	33848908	910398.29614443	33854711	676162.507949572	33859687	99910	33865459	954784	33871263	757601	33859687	0.84133	33865459	1.006	33871263	1.07011	33859687	118752.45147564	33865459	949089.463220676	33871263	707965.536253282	33876255	87319	33882042	943096	33887845	846926	33876255	0.8405	33882042	1.00523	33887845	1.06981	33876255	103889.351576443	33882042	938189.270117286	33887845	791660.201344164
284	33963116	90578	33968919	914971	33974722	725011	33963116	0.84107	33968919	1.00521	33974722	1.06994	33963116	107693.77102976	33968919	910228.708429084	33974722	677618.371123614	33979714	100274	33985502	956436	33991320	758226	33979714	0.84126	33985502	1.00577	33991320	1.06971	33979714	119195.016998312	33985502	950949.024130765	33991320	708814.538519786	33996281	87313	34002069	947226	34007872	848666	33996281	0.84186	34002069	1.00509	34007872	1.06956	33996281	103714.394317345	34002069	942429.036205713	34007872	793472.081977636
285	34083127	90153	34088930	915464	34094733	725884	34083127	0.8415	34088930	1.00604	34094733	1.06993	34083127	107133.689839572	34088930	909967.794521093	34094733	678440.645649715	34099694	100552	34105481	956607	34111269	757863	34099694	0.84158	34105481	1.00565	34111269	1.06899	34099694	119480.025666009	34105481	951232.536170636	34111269	708952.375606881	34116245	87446	34122033	946567	34127821	847397	34116245	0.84221	34122033	1.00564	34127821	1.06948	34116245	103829.211241852	34122033	941258.303170121	34127821	792344.877884579
286	34203138	90738	34208925	916112	34214744	725295	34203138	0.84144	34208925	1.0054	34214744	1.06954	34203138	107836.565887051	34208925	911191.565546051	34214744	678137.330067132	34219720	100225	34225508	957674	34231311	757687	34219720	0.84137	34225508	1.00571	34231311	1.07093	34219720	119121.195193553	34225508	952236.728281513	34231311	707503.758415583	34236288	87340	34242075	947947	34247878	846924	34236288	0.84171	34242075	1.00547	34247878	1.07039	34236288	103764.954675601	34242075	942789.939033487	34247878	791229.364997805
287	34323149	90683	34328936	915802	34334755	725282	34323149	0.84212	34328936	1.00541	34334755	1.06976	34323149	107684.178026885	34328936	910874.170736317	34334755	677985.716422375	34339731	100072	34345535	956403	34351338	758733	34339731	0.84123	34345535	1.00548	34351338	1.07059	34339731	118959.143159421	34345535	951190.476190476	34351338	708705.480155802	34356314	87872	34362086	946348	34367889	845258	34356314	0.84177	34362086	1.00586	34367889	1.07013	34356314	104389.560093612	34362086	940834.70860756	34367889	789864.7827834
288	34443160	90631	34448947	914993	34454766	725677	34443160	0.84238	34448947	1.00636	34454766	1.07003	34443160	107589.211519742	34448947	909210.421717874	34454766	678183.789239554	34459742	100561	34465530	956515	34471349	760277	34459742	0.84189	34465530	1.00549	34471349	1.07102	34459742	119446.721068073	34465530	951292.404698207	34471349	709862.560923232	34476341	88425	34482113	947533	34487916	842815	34476341	0.84153	34482113	1.00674	34487916	1.0698	34476341	105076.467862108	34482113	941189.38355484	34487916	787824.827070481
289	34563171	90835	34568958	916543	34574777	727683	34563171	0.84143	34568958	1.00494	34574777	1.06876	34563171	107953.127414045	34568958	912037.534579179	34574777	680866.611774393	34579753	100709	34585525	956170	34591344	758508	34579753	0.84131	34585525	1.00414	34591344	1.06988	34579753	119704.983894165	34585525	952227.777003207	34591344	708965.491456986	34596321	88575	34602108	946494	34607911	842281	34596321	0.84112	34602108	1.00537	34607911	1.07081	34596321	105306.020544037	34602108	941438.475387171	34607911	786583.053949814
290	34683182	90902	34688985	915503	34694788	726338	34683182	0.84191	34688985	1.00538	34694788	1.06976	34683182	107971.160812913	34688985	910603.950744992	34694788	678972.8537242	34699749	100350	34705536	955615	34711355	759139	34699749	0.84207	34705536	1.00575	34711355	1.06905	34699749	119170.615269514	34705536	950151.628138205	34711355	710106.169028577	34716332	88883	34722119	949243	34727938	841897	34716332	0.84237	34722119	1.0052	34727938	1.07003	34716332	105515.391098923	34722119	944332.47115002	34727938	786797.566423371
291	34803193	90557	34808996	913899	34814799	725757	34803193	0.84149	34808996	1.00481	34814799	1.06936	34803193	107615.063755957	34808996	909524.188652581	34814799	678683.511633126	34819775	100183	34825563	955855	34831382	760248	34819775	0.84124	34825563	1.00589	34831382	1.0704	34819775	119089.677143265	34825563	950257.980494885	34831382	710246.6367713	34836358	88959	34842130	947062	34847934	840026	34836358	0.84115	34842130	1.00523	34847934	1.07032	34836358	105758.782619033	34842130	942134.635854481	34847934	784836.310636072
292	34923204	90534	34928991	913795	34934794	727901	34923204	0.84078	34928991	1.00536	34934794	1.07009	34923204	107678.58417184	34928991	908923.171799157	34934794	680224.093300564	34939771	100681	34945558	957467	34951362	759461	34939771	0.84065	34945558	1.00545	34951362	1.0691	34939771	119765.657526914	34945558	952277.089860262	34951362	710374.146478346	34956338	88267	34962126	946887	34967929	838411	34956338	0.84109	34962126	1.00504	34967929	1.06958	34956338	104943.585109798	34962126	942138.621348404	34967929	783869.36928514
293	35043215	90567	35049002	913209	35054805	727189	35043215	0.84123	35049002	1.00494	35054805	1.06912	35043215	107660.211832674	35049002	908719.923577527	35054805	680175.284346004	35059782	100885	35065569	955343	35071373	758776	35059782	0.84168	35065569	1.0051	35071373	1.06905	35059782	119861.467541108	35065569	950495.473087255	35071373	709766.61521912	35076365	88821	35082152	946073	35087956	838459	35076365	0.84105	35082152	1.00544	35087956	1.07005	35076365	105607.276618513	35082152	940954.209102482	35087956	783569.926638942
294	35163226	90875	35169029	916618	35174832	726206	35163226	0.84111	35169029	1.0054	35174832	1.06887	35163226	108041.754348421	35169029	911694.847821762	35174832	679414.708991739	35179808	101433	35185596	954987	35191415	759096	35179808	0.84164	35185596	1.00534	35191415	1.0701	35179808	120518.2738463	35185596	949914.456800684	35191415	709369.217830109	35196391	89162	35202179	945695	35207998	836284	35196391	0.84067	35202179	1.00473	35207998	1.06951	35196391	106060.642106891	35202179	941242.920983747	35207998	781931.912745089
295	35283237	90607	35289040	918357	35294843	727256	35283237	0.841	35289040	1.00635	35294843	1.06907	35283237	107737.217598098	35289040	912562.229840513	35294843	680269.767180821	35299820	100102	35305607	954679	35311410	761346	35299820	0.8414	35305607	1.0058	35311410	1.07062	35299820	118970.763014024	35305607	949173.792006363	35311410	711126.263286694	35316387	89259	35322174	946718	35327978	835840	35316387	0.84125	35322174	1.00518	35327978	1.06966	35316387	106102.823179792	35322174	941839.272568097	35327978	781407.176112036
296	35403248	90241	35409035	913866	35414854	728823	35403248	0.84101	35409035	1.00507	35414854	1.06974	35403248	107300.745532158	35409035	909256.071716398	35414854	681308.542262606	35419831	100670	35425618	953566	35431437	759951	35419831	0.84098	35425618	1.00414	35431437	1.06962	35419831	119705.581583391	35425618	949634.513115701	35431437	710486.901890391	35436413	88562	35442201	946310	35448035	832511	35436413	0.84181	35442201	1.00607	35448035	1.06875	35436413	105204.262244449	35442201	940600.554633375	35448035	778957.660818713
297	35523259	90731	35529046	912668	35534865	728775	35523259	0.84141	35529046	1.00494	35534865	1.06941	35523259	107832.091370438	35529046	908181.582980078	35534865	681473.896821612	35539826	101056	35545614	956514	35551417	759699	35539826	0.84118	35545614	1.00535	35551417	1.06956	35539826	120135.999429373	35545614	951423.882230069	35551417	710291.147761696	35556393	89114	35562181	945838	35567984	832957	35556393	0.8413	35562181	1.00492	35567984	1.06882	35556393	105924.164982765	35562181	941207.260279425	35567984	779323.927321719
298	35643270	90432	35649073	913173	35654861	729696	35643270	0.84116	35649073	1.00496	35654861	1.0698	35643270	107508.678491607	35649073	908666.016557873	35654861	682086.371284352	35659837	100226	35665625	957267	35671428	759606	35659837	0.84093	35665625	1.00522	35671428	1.06951	35659837	119184.712163914	35665625	952296.01480273	35671428	710237.398434797	35676404	89395	35682192	946845	35687995	832472	35676404	0.84135	35682192	1.00566	35687995	1.07062	35676404	106251.857134367	35682192	941516.019330589	35687995	777560.665782444
299	35763281	90166	35769068	915778	35774887	730355	35763281	0.84112	35769068	1.00559	35774887	1.07054	35763281	107197.546128971	35769068	910687.258226514	35774887	682230.463130756	35779864	101233	35785651	955992	35791470	759022	35779864	0.84172	35785651	1.00502	35791470	1.06953	35779864	120269.210663879	35785651	951216.891206145	35791470	709678.082896226	35796446	88508	35802234	947448	35808037	830640	35796446	0.84092	35802234	1.00566	35808037	1.07004	35796446	105251.391333302	35802234	942115.625559334	35808037	776270.04597959
300	35883292	90941	35889079	914823	35894898	729326	35883292	0.84136	35889079	1.00616	35894898	1.0699	35883292	108088.095464486	35889079	909222.191301582	35894898	681676.792223572	35899859	100959	35905647	955324	35911465	759621	35899859	0.84137	35905647	1.00577	35911465	1.06924	35899859	119993.581896193	35905647	949843.40356145	35911465	710430.773259511	35916442	89750	35922229	945330	35928017	830124	35916442	0.84126	35922229	1.00474	35928017	1.06975	35916442	106685.210279818	35922229	940870.274896989	35928017	775998.1304043
301	36003303	90477	36009090	914651	36014909	729484	36003303	0.84083	36009090	1.00514	36014909	1.0691	36003303	107604.390899468	36009090	909973.735002089	36014909	682334.674024881	36019870	101004	36025658	954865	36031461	760235	36019870	0.84091	36025658	1.00506	36031461	1.06925	36019870	120112.735013259	36025658	950057.707997533	36031461	710998.363338789	36036437	89533	36042225	945199	36048028	826053	36036437	0.84132	36042225	1.00503	36048028	1.06883	36036437	106419.673845861	36042225	940468.443728048	36048028	772857.236417391