HJY Multigroup Import
Application Version:	3.5.1.20
SystemConfiguration::	FL3-11_1602C-0213-FL
Experiment Time Stamp:	10/1/2025 10:27 AM
Export Time Stamp:	10/1/2025 4:56 PM
Experiment Comment:	None

Integration Time:	1
Time Sequence Interval Points:	301
Time Sequence Experiment Duration:	10:00:00	36000000 (ms)
Repetition Time Sequence Enabled:	False
Repetition Time Sequence Count:	2
Repetition Time Sequence Delay:	0 seconds
Time Sequence Interval Total Points:	301
Time Sequence Experiment Duration Total:	10:00:00	36000000 (ms)

Mono Count:	2
Mono Description:	Excitation 1 (Mono1)	Emission 1 (Mono2)
Mono Slit Width:		5	5
Mono Grating Index:		0	0
Mono Grating Value:		1200	1200

Mono Wavelength Group Count:	3
Mono Wavelength Group Description:	Group 1:(Excitation 1:596 Emission 1:615)	Group 2:(Excitation 1:549 Emission 1:565)	Group 3:(Excitation 1:495 Emission 1:520)

Detector Count:	3
Detector Description:	S1 (SCD1)	R (SCD2)	S1/R (SCD1/SCD2)
Detector High Voltage:	950	None	None

Accessory Sequential Type:	Temperature Controller
Accessory Sequential Description:	Temperature Control (TC1)
Accessory Sequential Scan Position Count:	1
Accessory Sequential Scan Positions:		37

Accessory Interleave Type:	Sample Changer
Accessory Interleave Description:	Sample Changer - 4 Position (SCH1)
Accessory Interleave Scan Position Count:	3
Accessory Interleave Scan Positions:	1	2	3

Axis	X	Y	X	Y	X	Y	X	Y	X	Y	X	Y	X	Y	X	Y	X	Y	X	Y	X	Y	X	Y	X	Y	X	Y	X	Y	X	Y	X	Y	X	Y	X	Y	X	Y	X	Y	X	Y	X	Y	X	Y	X	Y	X	Y	X	Y
Sequential: Temperature Controller	Idx:0(Pos:37.00)	Idx:0(Pos:37.00)	Idx:0(Pos:37.00)	Idx:0(Pos:37.00)	Idx:0(Pos:37.00)	Idx:0(Pos:37.00)	Idx:0(Pos:37.00)	Idx:0(Pos:37.00)	Idx:0(Pos:37.00)	Idx:0(Pos:37.00)	Idx:0(Pos:37.00)	Idx:0(Pos:37.00)	Idx:0(Pos:37.00)	Idx:0(Pos:37.00)	Idx:0(Pos:37.00)	Idx:0(Pos:37.00)	Idx:0(Pos:37.00)	Idx:0(Pos:37.00)	Idx:0(Pos:37.00)	Idx:0(Pos:37.00)	Idx:0(Pos:37.00)	Idx:0(Pos:37.00)	Idx:0(Pos:37.00)	Idx:0(Pos:37.00)	Idx:0(Pos:37.00)	Idx:0(Pos:37.00)	Idx:0(Pos:37.00)	Idx:0(Pos:37.00)	Idx:0(Pos:37.00)	Idx:0(Pos:37.00)	Idx:0(Pos:37.00)	Idx:0(Pos:37.00)	Idx:0(Pos:37.00)	Idx:0(Pos:37.00)	Idx:0(Pos:37.00)	Idx:0(Pos:37.00)	Idx:0(Pos:37.00)	Idx:0(Pos:37.00)	Idx:0(Pos:37.00)	Idx:0(Pos:37.00)	Idx:0(Pos:37.00)	Idx:0(Pos:37.00)	Idx:0(Pos:37.00)	Idx:0(Pos:37.00)	Idx:0(Pos:37.00)	Idx:0(Pos:37.00)	Idx:0(Pos:37.00)	Idx:0(Pos:37.00)	Idx:0(Pos:37.00)	Idx:0(Pos:37.00)	Idx:0(Pos:37.00)	Idx:0(Pos:37.00)	Idx:0(Pos:37.00)	Idx:0(Pos:37.00)
Interleave: Sample Changer	Idx:0(Pos:1)	Idx:0(Pos:1)	Idx:0(Pos:1)	Idx:0(Pos:1)	Idx:0(Pos:1)	Idx:0(Pos:1)	Idx:0(Pos:1)	Idx:0(Pos:1)	Idx:0(Pos:1)	Idx:0(Pos:1)	Idx:0(Pos:1)	Idx:0(Pos:1)	Idx:0(Pos:1)	Idx:0(Pos:1)	Idx:0(Pos:1)	Idx:0(Pos:1)	Idx:0(Pos:1)	Idx:0(Pos:1)	Idx:1(Pos:2)	Idx:1(Pos:2)	Idx:1(Pos:2)	Idx:1(Pos:2)	Idx:1(Pos:2)	Idx:1(Pos:2)	Idx:1(Pos:2)	Idx:1(Pos:2)	Idx:1(Pos:2)	Idx:1(Pos:2)	Idx:1(Pos:2)	Idx:1(Pos:2)	Idx:1(Pos:2)	Idx:1(Pos:2)	Idx:1(Pos:2)	Idx:1(Pos:2)	Idx:1(Pos:2)	Idx:1(Pos:2)	Idx:2(Pos:3)	Idx:2(Pos:3)	Idx:2(Pos:3)	Idx:2(Pos:3)	Idx:2(Pos:3)	Idx:2(Pos:3)	Idx:2(Pos:3)	Idx:2(Pos:3)	Idx:2(Pos:3)	Idx:2(Pos:3)	Idx:2(Pos:3)	Idx:2(Pos:3)	Idx:2(Pos:3)	Idx:2(Pos:3)	Idx:2(Pos:3)	Idx:2(Pos:3)	Idx:2(Pos:3)	Idx:2(Pos:3)
Detector	S1 (SCD1)	S1 (SCD1)	S1 (SCD1)	S1 (SCD1)	S1 (SCD1)	S1 (SCD1)	R (SCD2)	R (SCD2)	R (SCD2)	R (SCD2)	R (SCD2)	R (SCD2)	S1/R (SCD1/SCD2)	S1/R (SCD1/SCD2)	S1/R (SCD1/SCD2)	S1/R (SCD1/SCD2)	S1/R (SCD1/SCD2)	S1/R (SCD1/SCD2)	S1 (SCD1)	S1 (SCD1)	S1 (SCD1)	S1 (SCD1)	S1 (SCD1)	S1 (SCD1)	R (SCD2)	R (SCD2)	R (SCD2)	R (SCD2)	R (SCD2)	R (SCD2)	S1/R (SCD1/SCD2)	S1/R (SCD1/SCD2)	S1/R (SCD1/SCD2)	S1/R (SCD1/SCD2)	S1/R (SCD1/SCD2)	S1/R (SCD1/SCD2)	S1 (SCD1)	S1 (SCD1)	S1 (SCD1)	S1 (SCD1)	S1 (SCD1)	S1 (SCD1)	R (SCD2)	R (SCD2)	R (SCD2)	R (SCD2)	R (SCD2)	R (SCD2)	S1/R (SCD1/SCD2)	S1/R (SCD1/SCD2)	S1/R (SCD1/SCD2)	S1/R (SCD1/SCD2)	S1/R (SCD1/SCD2)	S1/R (SCD1/SCD2)
WL Group	1	1	2	2	3	3	1	1	2	2	3	3	1	1	2	2	3	3	1	1	2	2	3	3	1	1	2	2	3	3	1	1	2	2	3	3	1	1	2	2	3	3	1	1	2	2	3	3	1	1	2	2	3	3
Units	(ms)	CPS	(ms)	CPS	(ms)	CPS	(ms)	MicroAmps	(ms)	MicroAmps	(ms)	MicroAmps	(ms)	CPS	(ms)	CPS	(ms)	CPS	(ms)	CPS	(ms)	CPS	(ms)	CPS	(ms)	MicroAmps	(ms)	MicroAmps	(ms)	MicroAmps	(ms)	CPS	(ms)	CPS	(ms)	CPS	(ms)	CPS	(ms)	CPS	(ms)	CPS	(ms)	MicroAmps	(ms)	MicroAmps	(ms)	MicroAmps	(ms)	CPS	(ms)	CPS	(ms)	CPS
1	0	139953	5787	1462037	11590	3626268	0	0.83798	5787	1.00178	11590	1.06773	0	167012.33919664	5787	1459439.19822716	11590	3396240.62262932	16567	143970	22354	1534495	28142	3739202	16567	0.83899	22354	1.00236	28142	1.06729	16567	171599.184734025	22354	1530882.11820105	28142	3503454.543751	33118	127830	38906	1437963	44709	3521800	33118	0.83918	38906	1.00288	44709	1.06728	33118	152327.271860626	38906	1433833.55934907	44709	3299790.12068061
2	120011	140448	125798	1256808	131601	3508965	120011	0.839	125798	1.00348	131601	1.06666	120011	167399.284862932	125798	1252449.47582413	131601	3289675.2479703	136578	144755	142365	1306799	148153	3616743	136578	0.83902	142365	1.00292	148153	1.06704	136578	172528.664394174	142365	1302994.25677023	148153	3389510.23391813	153129	127317	158917	1237344	164720	3414368	153129	0.8397	158917	1.00275	164720	1.06755	153129	151622.00785995	158917	1233950.63575168	164720	3198321.39009883
3	240022	139753	245809	1218967	251612	3486848	240022	0.83889	245809	1.00212	251612	1.06772	240022	166592.759479789	245809	1216388.25689538	251612	3265695.12606301	256589	144192	262376	1265496	268164	3584088	256589	0.83923	262376	1.00264	268164	1.0679	256589	171814.639610119	262376	1262163.88733743	268164	3356201.89156288	273140	128526	278928	1204682	284731	3390764	273140	0.83956	278928	1.00286	284731	1.06721	273140	153087.331459336	278928	1201246.43519534	284731	3177222.85210971
4	360033	141481	365820	1213934	371623	3464634	360033	0.83942	365820	1.00324	371623	1.06668	360033	168546.139000739	365820	1210013.55607831	371623	3248053.77432782	376584	145083	382372	1256821	388175	3570521	376584	0.83881	382372	1.0022	388175	1.06716	376584	172962.887900717	382372	1254062.06346039	388175	3345815.99760111	393151	128157	398939	1193596	404742	3381280	393151	0.83916	398939	1.00189	404742	1.06829	393151	152720.577720578	398939	1191344.35916119	404742	3165133.06311957
5	480044	141570	485831	1206642	491650	3461862	480044	0.83988	485831	1.00243	491650	1.06752	480044	168559.794256322	485831	1203716.96776832	491650	3242901.30395684	496626	145150	502430	1251568	508233	3566267	496626	0.83939	502430	1.00296	508233	1.06835	496626	172923.194224377	502430	1247874.2920954	508233	3338107.36181963	513209	129485	518997	1191849	524784	3375546	513209	0.83928	518997	1.0029	524784	1.06715	513209	154281.050424173	518997	1188402.63236614	524784	3163141.07669962
6	600055	141345	605858	1206019	611661	3456715	600055	0.8394	605858	1.00307	611661	1.06772	600055	168388.134381701	605858	1202327.85348979	611661	3237473.30760874	616637	145039	622425	1252680	628228	3559747	616637	0.83861	622425	1.00261	628228	1.06789	616637	172951.670025399	622425	1249419.01636728	628228	3333439.77375947	633205	128203	638992	1191297	644795	3375485	633205	0.83876	638992	1.00212	644795	1.06834	633205	152848.252181792	638992	1188776.79319842	644795	3159560.62676676
7	720066	141055	725869	1205839	731672	3450377	720066	0.83883	725869	1.00154	731672	1.0678	720066	168156.837499851	725869	1203984.8633105	731672	3231295.18636449	736648	144805	742436	1247205	748239	3546996	736648	0.83979	742436	1.00143	748239	1.06713	736648	172430.012264971	742436	1245424.04361763	748239	3323864.94616401	753216	129541	759019	1189209	764822	3361419	753216	0.83917	759019	1.00252	764822	1.06749	753216	154368.006482596	759019	1186219.72628975	764822	3148899.75550122
8	840077	141655	845864	1204744	851683	3441515	840077	0.839	845864	1.003	851683	1.06706	840077	168837.902264601	845864	1201140.5782652	851683	3225231.00856559	856644	145713	862431	1246459	868235	3544549	856644	0.83932	862431	1.00307	868235	1.06898	856644	173608.397273984	862431	1242644.08266621	868235	3315823.49529458	873211	129877	878999	1186337	884786	3350022	873211	0.83978	878999	1.00331	884786	1.06702	873211	154655.981328443	878999	1182423.17927659	884786	3139605.63063485
9	960088	140582	965891	1202286	971694	3434085	960088	0.83928	965891	1.00223	971694	1.0676	960088	167503.097893432	965891	1199610.86776488	971694	3216640.12738854	976655	145032	982442	1244733	988246	3535857	976655	0.83874	982442	1.00269	988246	1.06735	976655	172916.517633593	982442	1241393.6510786	988246	3312743.7110601	993222	129932	999010	1186581	1004813	3353125	993222	0.83898	999010	1.00167	1004813	1.06805	993222	154869.007604472	999010	1184602.71346851	1004813	3139483.17026356
10	1080099	140955	1085886	1208119	1091705	3436566	1080099	0.8388	1085886	1.00288	1091705	1.06755	1080099	168043.633762518	1085886	1204649.60912572	1091705	3219114.79555993	1096666	145147	1102453	1245303	1108241	3530996	1096666	0.83849	1102453	1.00213	1108241	1.06727	1096666	173105.224868514	1102453	1242656.14241665	1108241	3308437.41508709	1113217	130808	1118989	1186289	1124793	3345118	1113217	0.83875	1118989	1.0013	1124793	1.06662	1113217	155955.886736215	1118989	1184748.82652552	1124793	3136185.33310832
11	1200110	130938	1205913	746663	1211700	3216412	1200110	0.84268	1205913	1.00138	1211700	1.06812	1200110	155382.826221104	1205913	745634.025045437	1211700	3011283.37639966	1216677	123770	1222480	755431	1228299	3149978	1216677	0.83903	1222480	1.00293	1228299	1.06809	1216677	147515.58347139	1222480	753224.053523177	1228299	2949169.0775122	1233260	119234	1239047	795283	1244835	3178877	1233260	0.83965	1239047	1.00313	1244835	1.06805	1233260	142004.406597987	1239047	792801.531207321	1244835	2976337.25012874
12	1320121	127050	1325908	386351	1331711	3201932	1320121	0.83914	1325908	1.00341	1331711	1.06737	1320121	151405.009891079	1325908	385038.020350604	1331711	2999833.2349607	1336688	122928	1342460	379518	1348263	3133818	1336688	0.84018	1342460	1.00299	1348263	1.06762	1336688	146311.504677569	1342460	378386.623994257	1348263	2935330.92298758	1353239	118013	1359027	390308	1364830	3165344	1353239	0.83986	1359027	1.00351	1364830	1.06813	1353239	140515.085847641	1359027	388942.810734323	1364830	2963444.52454289
13	1440132	127098	1445935	217692	1451722	3195322	1440132	0.83977	1445935	1.00347	1451722	1.06748	1440132	151348.583540731	1445935	216939.220903465	1451722	2993331.95938097	1456699	122250	1462471	208538	1468274	3133378	1456699	0.84008	1462471	1.003	1468274	1.0682	1456699	145521.855061423	1462471	207914.257228315	1468274	2933325.21999626	1473250	117126	1479038	212508	1484841	3158555	1473250	0.84073	1479038	1.00326	1484841	1.06819	1473250	139314.64322672	1479038	211817.475031398	1484841	2956922.45761522
14	1560143	127027	1565930	132133	1571749	3195186	1560143	0.8397	1565930	1.00282	1571749	1.06856	1560143	151276.646421341	1565930	131761.432759618	1571749	2990179.30673055	1576710	121723	1582497	123873	1588332	3130067	1576710	0.83996	1582497	1.00401	1588332	1.06779	1576710	144915.234058765	1582497	123378.253204649	1588332	2931350.73375851	1593293	116719	1599080	127123	1604884	3158893	1593293	0.8393	1599080	1.00229	1604884	1.06795	1593293	139067.079709282	1599080	126832.553452594	1604884	2957903.45989981
15	1680154	126314	1685941	87342	1691744	3192803	1680154	0.83993	1685941	1.00341	1691744	1.06829	1680154	150386.341718953	1685941	87045.1759500105	1691744	2988704.37802469	1696705	121939	1702493	79620	1708296	3130782	1696705	0.83964	1702493	1.00398	1708296	1.06875	1696705	145227.716640465	1702493	79304.3686129206	1708296	2929386.66666667	1713288	116727	1719076	82727	1724879	3157531	1713288	0.8404	1719076	1.00351	1724879	1.06796	1713288	138894.574012375	1719076	82437.6438700163	1724879	2956600.4344732
16	1800165	126866	1805937	63223	1811740	3188168	1800165	0.83974	1805937	1.00418	1811740	1.06833	1800165	151077.714530688	1805937	62959.8279192974	1811740	2984253.92902942	1816716	121694	1822504	55621	1828292	3118262	1816716	0.8401	1822504	1.00291	1828292	1.0674	1816716	144856.564694679	1822504	55459.6125275448	1828292	2921362.18849541	1833284	117533	1839071	58276	1844874	3155693	1833284	0.8401	1839071	1.00258	1844874	1.06848	1833284	139903.582906797	1839071	58126.0348301382	1844874	2953441.33722671
17	1920176	127184	1925963	49635	1931782	3180659	1920176	0.83955	1925963	1.00327	1931782	1.0675	1920176	151490.679530701	1925963	49473.2225622215	1931782	2979540.04683841	1936743	120971	1942531	42923	1948334	3115486	1936743	0.8394	1942531	1.00278	1948334	1.06797	1936743	144116.035263283	1942531	42804.0048664712	1948334	2917203.66676967	1953310	117181	1959098	45100	1964901	3143913	1953310	0.83997	1959098	1.00317	1964901	1.06797	1953310	139506.172839506	1959098	44957.4847732687	1964901	2943821.45565887
18	2040187	126456	2045974	41969	2051778	3180739	2040187	0.83967	2045974	1.00375	2051778	1.06704	2040187	150602.022223016	2045974	41812.204234122	2051778	2980899.49767581	2056738	121451	2062526	35562	2068392	3114996	2056738	0.83973	2062526	1.00323	2068392	1.06893	2056738	144631.012349207	2062526	35447.5045602703	2068392	2914125.34029356	2073352	116892	2079156	37143	2084959	3146764	2073352	0.83959	2079156	1.00218	2084959	1.06845	2073352	139225.097964483	2079156	37062.2043944202	2084959	2945167.29842295
19	2160198	126435	2166001	36981	2171804	3180205	2160198	0.83992	2166001	1.00347	2171804	1.06826	2160198	150532.193542242	2166001	36853.1196747287	2171804	2976995.30076948	2176781	122378	2182568	31381	2188371	3116729	2176781	0.84018	2182568	1.00292	2188371	1.06817	2176781	145656.88304887	2182568	31289.6342679376	2188371	2917821.1333402	2193348	116781	2199135	32500	2204939	3140574	2193348	0.84043	2199135	1.00317	2204939	1.06843	2193348	138953.868852849	2199135	32397.3005572336	2204939	2939428.88163006
20	2280209	126888	2285996	34407	2291815	3181834	2280209	0.84038	2285996	1.00363	2291815	1.06833	2280209	150988.838382636	2285996	34282.5543277901	2291815	2978325.04937613	2296792	122057	2302579	28547	2308367	3108763	2296792	0.83956	2302579	1.00303	2308367	1.06742	2296792	145382.104912097	2302579	28460.7638854272	2308367	2912408.42405052	2313343	116510	2319131	30149	2324918	3140711	2313343	0.83988	2319131	1.00357	2324918	1.06743	2313343	138722.198409297	2319131	30041.7509491117	2324918	2942310.97121123
21	2400220	127112	2406007	32370	2411826	3175888	2400220	0.83912	2406007	1.00346	2411826	1.06894	2400220	151482.505481933	2406007	32258.3859844937	2411826	2971062.92214717	2416787	121865	2422575	26979	2428378	3107043	2416787	0.8397	2422575	1.00251	2428378	1.06821	2416787	145129.2128141	2422575	26911.4522548404	2428378	2908644.36768051	2433354	115787	2439126	27894	2444929	3138367	2433354	0.84033	2439126	1.00329	2444929	1.06874	2433354	137787.535849012	2439126	27802.5296773615	2444929	2936511.21881842
22	2520231	127323	2526018	31158	2531837	3171797	2520231	0.83984	2526018	1.0029	2531837	1.06745	2520231	151603.876928939	2526018	31067.9030810649	2531837	2971377.58208815	2536798	121980	2542570	25472	2548373	3108371	2536798	0.83939	2542570	1.00398	2548373	1.06812	2536798	145319.815580362	2542570	25371.0233271579	2548373	2910132.75661911	2553350	116873	2559137	26228	2564940	3132475	2553350	0.84051	2559137	1.00387	2564940	1.06863	2553350	139050.100534199	2559137	26126.888939803	2564940	2931299.88864247
23	2640242	127503	2646014	30105	2651833	3172146	2640242	0.83982	2646014	1.00354	2651833	1.06782	2640242	151821.818961206	2646014	29998.8042330151	2651833	2970674.83283699	2656793	121686	2662597	24267	2668384	3100904	2656793	0.83993	2662597	1.00261	2668384	1.06823	2656793	144876.358744181	2662597	24203.8280088968	2668384	2902843.02069779	2673361	117122	2679148	25179	2684951	3131744	2673361	0.83958	2679148	1.00406	2684951	1.06891	2673361	139500.702732319	2679148	25077.1866223134	2684951	2929848.16308202
24	2760253	126930	2766056	28912	2771859	3171873	2760253	0.83943	2766056	1.00274	2771859	1.06791	2760253	151209.749472857	2766056	28832.9975866127	2771859	2970168.83445234	2776836	122287	2782608	23496	2788411	3100426	2776836	0.83983	2782608	1.00352	2788411	1.0677	2776836	145609.230439494	2782608	23413.5841836735	2788411	2903836.28360026	2793387	117675	2799175	24006	2804962	3128148	2793387	0.83961	2799175	1.00372	2804962	1.0682	2793387	140154.357380212	2799175	23917.0286534093	2804962	2928429.13312114
25	2880264	126730	2886067	28443	2891870	3170990	2880264	0.83987	2886067	1.00345	2891870	1.06755	2880264	150892.400014288	2886067	28345.2090288505	2891870	2970343.30944686	2896847	121986	2902634	23121	2908422	3099607	2896847	0.8391	2902634	1.00299	2908422	1.06796	2896847	145377.189846264	2902634	23052.0742978494	2908422	2902362.44803176	2913414	116611	2919186	23256	2924989	3127647	2913414	0.83951	2919186	1.00366	2924989	1.06844	2913414	138903.646174554	2919186	23171.1934320387	2924989	2927302.42222305
26	3000275	117693	3006062	21842	3011881	3051892	3000275	0.83971	3006062	1.00328	3011881	1.06818	3000275	140159.102547308	3006062	21770.5924567419	3011881	2857095.24611957	3016842	115872	3022630	21845	3028417	2989082	3016842	0.83935	3022630	1.0033	3028417	1.06758	3016842	138049.681301007	3022630	21773.1486095884	3028417	2799866.98889076	3033394	111350	3039181	22050	3044984	3035151	3033394	0.83954	3039181	1.00369	3044984	1.06822	3033394	132632.155704314	3039181	21968.9346312108	3044984	2841316.39549905
27	3120286	118119	3126073	21267	3131877	3041148	3120286	0.84067	3126073	1.00408	3131877	1.06878	3120286	140505.787050805	3126073	21180.5832204605	3131877	2845438.72452703	3136853	115502	3142656	21076	3148459	2981483	3136853	0.84065	3142656	1.0036	3148459	1.06823	3136853	137396.06257063	3142656	21000.3985651654	3148459	2791049.68031229	3153436	111623	3159223	21231	3165027	3028255	3153436	0.83998	3159223	1.00388	3165027	1.0692	3153436	132887.687802091	3159223	21148.942104634	3165027	2832262.43920688
28	3240297	117575	3246084	20351	3251903	3032981	3240297	0.83996	3246084	1.003	3251903	1.06835	3240297	139976.903662079	3246084	20290.1296111665	3251903	2838939.48612346	3256864	115380	3262652	20390	3268455	2981597	3256864	0.83957	3262652	1.00314	3268455	1.06854	3256864	137427.492645044	3262652	20326.175807963	3268455	2790346.64121137	3273431	111570	3279219	21116	3285022	3015272	3273431	0.84023	3279219	1.00354	3285022	1.06771	3273431	132785.070754436	3279219	21041.5130438249	3285022	2824055.22098697
29	3360308	117803	3366111	19686	3371914	3029517	3360308	0.83947	3366111	1.00249	3371914	1.06827	3360308	140330.208345742	3366111	19637.1036120061	3371914	2835909.4610913	3376891	115858	3382663	19903	3388466	2977393	3376891	0.8394	3382663	1.00284	3388466	1.06861	3376891	138024.779604479	3382663	19846.6355550237	3388466	2786229.77512844	3393458	111686	3399245	20436	3405033	3016307	3393458	0.8404	3399245	1.00339	3405033	1.06864	3393458	132896.239885769	3399245	20366.9560190953	3405033	2822566.06527923
30	3480319	117455	3486106	19518	3491925	3026784	3480319	0.83966	3486106	1.00371	3491925	1.06863	3480319	139884.000666937	3486106	19445.8558747048	3491925	2832396.61997136	3496886	116235	3502674	19367	3508477	2974094	3496886	0.83993	3502674	1.0042	3508477	1.06869	3496886	138386.532211018	3502674	19285.9988050189	3508477	2782934.24660098	3513469	111900	3519256	20041	3525060	3017644	3513469	0.84041	3519256	1.00382	3525060	1.06908	3513469	133149.296176866	3519256	19964.7347133948	3525060	2822654.99307816
31	3600330	113743	3606117	20245	3611936	2931199	3600330	0.84437	3606117	1.0039	3611936	1.06856	3600330	134707.533427289	3606117	20166.3512302022	3611936	2743130.00673804	3616897	109423	3622669	20135	3628457	2862976	3616897	0.84058	3622669	1.00341	3628457	1.06782	3616897	130175.593042899	3622669	20066.5729861173	3628457	2681141.01627615	3633449	105302	3639236	21171	3645024	2903416	3633449	0.83943	3639236	1.004	3645024	1.06916	3633449	125444.64696282	3639236	21086.6533864542	3645024	2715604.77384115
32	3720341	111006	3726128	22474	3731947	2895759	3720341	0.83909	3726128	1.00286	3731947	1.06892	3720341	132293.317760908	3726128	22409.9076640807	3731947	2709051.1918572	3736908	107608	3742711	22593	3748499	2836653	3736908	0.83975	3742711	1.00368	3748499	1.06889	3736908	128142.899672522	3742711	22510.162601626	3748499	2653830.60932369	3753475	102181	3759263	23176	3765066	2872924	3753475	0.83952	3759263	1.00324	3765066	1.06836	3753475	121713.598246617	3759263	23101.152266656	3765066	2689097.30802351
33	3840352	108739	3846139	25747	3851958	2796636	3840352	0.83906	3846139	1.0035	3851958	1.06845	3840352	129596.214811813	3846139	25657.1998006976	3851958	2617470.16706444	3856935	104803	3862707	25636	3868510	2743996	3856935	0.83927	3862707	1.00235	3868510	1.0678	3856935	124873.997640807	3862707	25575.8966428892	3868510	2569765.87375913	3873486	91985	3879274	26459	3885062	2784154	3873486	0.83978	3879274	1.00264	3885062	1.06866	3873486	109534.640024768	3879274	26389.3321630894	3885062	2605275.76591245
34	3960363	105729	3966166	29997	3971969	2642499	3960363	0.83947	3966166	1.00308	3971969	1.06906	3960363	125947.323906751	3966166	29904.8929297763	3971969	2471796.71861261	3976946	97802	3982733	30112	3988552	2593133	3976946	0.84007	3982733	1.00356	3988552	1.0699	3976946	116421.250610068	3982733	30005.1815536689	3988552	2423715.30049537	3993529	72216	3999301	31819	4005104	2636398	3993529	0.83979	3999301	1.00307	4005104	1.06868	3993529	85992.9268031294	3999301	31721.6146430459	4005104	2466966.72530599
35	4080374	101373	4086161	35559	4091980	2431184	4080374	0.83954	4086161	1.00367	4091980	1.06878	4080374	120748.266908069	4086161	35428.9756593303	4091980	2274728.19476412	4096941	87430	4102729	36510	4108516	2385272	4096941	0.83964	4102729	1.00367	4108516	1.06847	4096941	104127.959601734	4102729	36376.4982514173	4108516	2232418.3177815	4113493	57858	4119280	38023	4125084	2436490	4113493	0.83922	4119280	1.00279	4125084	1.06767	4113493	68942.5895474369	4119280	37917.210981362	4125084	2282062.80966965
36	4200385	94904	4206172	42974	4211991	2199145	4200385	0.83983	4206172	1.00291	4211991	1.06915	4200385	113003.822202112	4206172	42849.3085122294	4211991	2056909.69461722	4216952	77094	4222740	44160	4228543	2160653	4216952	0.83958	4222740	1.00364	4228543	1.06845	4216952	91824.4836704066	4222740	43999.8405802878	4228543	2022231.26959614	4233519	48719	4239307	46439	4245095	2219730	4233519	0.84005	4239307	1.00429	4245095	1.06916	4233519	57995.3574192012	4239307	46240.6277071364	4245095	2076143.88866026
37	4320396	89154	4326183	52305	4332002	1969647	4320396	0.83977	4326183	1.00376	4332002	1.06929	4320396	106164.783214452	4326183	52109.0698971866	4332002	1842013.85966389	4336979	68232	4342766	54033	4348554	1949506	4336979	0.83989	4342766	1.00393	4348554	1.06896	4336979	81239.2098965341	4342766	53821.4815774008	4348554	1823740.83221075	4353546	42767	4359318	57381	4365106	2016286	4353546	0.83987	4359318	1.00405	4365106	1.06931	4353546	50920.9758653125	4359318	57149.5443454011	4365106	1885595.38393918
38	4440407	83663	4446195	64150	4452013	1774169	4440407	0.84064	4446195	1.00455	4452013	1.06973	4440407	99522.9824895318	4446195	63859.4395500473	4452013	1658520.37430006	4456974	62140	4462762	65176	4468565	1769211	4456974	0.84009	4462762	1.00406	4468565	1.06989	4456974	73968.2653049078	4462762	64912.4554309503	4468565	1653638.22449037	4473541	39083	4479329	69747	4485132	1847652	4473541	0.84009	4479329	1.00371	4485132	1.07024	4473541	46522.3964099085	4479329	69489.1950862301	4485132	1726390.34235312
39	4560418	78125	4566206	76805	4572024	1617843	4560418	0.84007	4566206	1.00373	4572024	1.06941	4560418	92998.2025307415	4566206	76519.5819592918	4572024	1512836.98487951	4576985	56502	4582773	78000	4588576	1623362	4576985	0.8408	4582773	1.00404	4588576	1.06927	4576985	67200.2854424358	4582773	77686.1479622326	4588576	1518196.52660226	4593552	35916	4599324	83788	4605128	1712720	4593552	0.84009	4599324	1.00448	4605128	1.06843	4593552	42752.5622254758	4599324	83414.3039184454	4605128	1603024.99929804
40	4680429	73538	4686794	91739	4692909	1494762	4680429	0.83964	4686794	1.00386	4692909	1.06838	4680429	87582.7735696251	4686794	91386.2490785568	4692909	1399092.08334113	4697885	52856	4703657	91095	4709461	1518701	4697885	0.84025	4703657	1.00269	4709461	1.06901	4697885	62905.0877714966	4703657	90850.6118541124	4709461	1420661.17248669	4714453	34349	4720225	98957	4726028	1618633	4714453	0.84058	4720225	1.00378	4726028	1.06957	4714453	40863.4514263961	4720225	98584.351152643	4726028	1513349.28990155
41	4800440	69538	4806228	106270	4812046	1411340	4800440	0.84044	4806228	1.00395	4812046	1.07018	4800440	82739.9933368236	4806228	105851.885054037	4812046	1318787.49369265	4817007	49423	4822779	104390	4828582	1449274	4817007	0.84054	4822779	1.00438	4828582	1.06879	4817007	58799.1053370452	4822779	103934.76572612	4828582	1355995.09725952	4833559	32793	4839346	113632	4845150	1556806	4833559	0.84085	4839346	1.0044	4845150	1.06947	4833559	38999.821609086	4839346	113134.209478296	4845150	1455679.91622018
42	4920451	66376	4926239	119717	4932057	1352276	4920451	0.84006	4926239	1.00439	4932057	1.06913	4920451	79013.4038044902	4926239	119193.739483667	4932057	1264837.76528579	4937034	46851	4942821	118906	4948609	1408295	4937034	0.83985	4942821	1.00456	4948609	1.06971	4937034	55784.9616002858	4942821	118366.249900454	4948609	1316520.36533266	4953585	31894	4959357	129351	4965161	1526891	4953585	0.84039	4959357	1.00334	4965161	1.06926	4953585	37951.4273135092	4959357	128920.405844479	4965161	1427988.51542188
43	5040462	63516	5046250	134231	5052068	1318141	5040462	0.84031	5046250	1.00367	5052068	1.06831	5040462	75586.3907367519	5046250	133740.173563024	5052068	1233856.27767221	5057029	45731	5062801	131094	5068604	1389824	5057029	0.84031	5062801	1.00337	5068604	1.06822	5057029	54421.5825112161	5062801	130653.697040972	5068604	1301065.32362247	5073581	31060	5079368	144176	5085172	1522791	5073581	0.83953	5079368	1.00337	5085172	1.06926	5073581	36996.8911176492	5079368	143691.758772935	5085172	1424154.08787386
44	5160473	61630	5166261	148495	5172064	1302646	5160473	0.8402	5166261	1.00313	5172064	1.06962	5160473	73351.5829564389	5166261	148031.660901379	5172064	1217858.67878312	5177040	43103	5182828	142445	5188631	1394129	5177040	0.84011	5182828	1.00348	5188631	1.06897	5177040	51306.3765459285	5182828	141951.010483517	5188631	1304179.72440761	5193607	30228	5199395	158128	5205198	1539497	5193607	0.84069	5199395	1.004	5205198	1.06946	5193607	35956.178853085	5199395	157498.007968127	5205198	1439508.72402895
45	5280484	59246	5286272	160791	5292075	1298871	5280484	0.84078	5286272	1.00357	5292075	1.0687	5280484	70465.5201122767	5286272	160219.018105364	5292075	1215374.75437447	5297051	42198	5302823	152137	5308626	1408615	5297051	0.84011	5302823	1.00346	5308626	1.06993	5297051	50229.1366606754	5302823	151612.42102326	5308626	1316548.74617966	5313618	30146	5319390	170526	5325194	1575168	5313618	0.84016	5319390	1.00441	5325194	1.06897	5313618	35881.2607122453	5319390	169777.282185562	5325194	1473538.07871128
46	5400495	56951	5406283	172641	5412086	1306385	5400495	0.83941	5406283	1.003	5412086	1.06817	5400495	67846.4635875198	5406283	172124.626121635	5412086	1223012.25460367	5417062	40462	5422834	161444	5428653	1435830	5417062	0.83912	5422834	1.00369	5428653	1.06882	5417062	48219.5633520831	5422834	160850.461795973	5428653	1343378.67929118	5433629	29670	5439417	182370	5445220	1625069	5433629	0.84014	5439417	1.00347	5445220	1.06959	5433629	35315.542647654	5439417	181739.364405513	5445220	1519338.25110556
47	5520506	55721	5526294	181569	5532112	1327784	5520506	0.84059	5526294	1.0047	5532112	1.07023	5520506	66287.964405953	5526294	180719.617796357	5532112	1240652.94375975	5537073	39269	5542861	169068	5548664	1479133	5537073	0.8405	5542861	1.00416	5548664	1.06889	5537073	46720.999405116	5542861	168367.59082218	5548664	1383802.82348979	5553640	29410	5559412	191852	5565216	1682768	5553640	0.83965	5559412	1.00377	5565216	1.0681	5553640	35026.499136545	5559412	191131.434491965	5565216	1575477.95150267
48	5640517	54604	5646305	191591	5652123	1356289	5640517	0.8405	5646305	1.00436	5652123	1.07006	5640517	64966.0916121356	5646305	190759.28949779	5652123	1267488.73894922	5657084	38602	5662872	175788	5668691	1530096	5657084	0.8406	5662872	1.00398	5668691	1.0701	5657084	45921.9605044016	5662872	175091.137273651	5668691	1429862.62966078	5673667	29154	5679470	200828	5685273	1759645	5673667	0.84061	5679470	1.00441	5685273	1.06959	5673667	34681.9571501648	5679470	199946.237094414	5685273	1645158.42519096
49	5760528	53011	5766316	197709	5772119	1388910	5760528	0.84024	5766316	1.00474	5772119	1.0692	5760528	63090.3075311816	5766316	196776.280430758	5772119	1299017.95735129	5777095	37921	5782883	181489	5788686	1594702	5777095	0.8408	5782883	1.00422	5788686	1.06976	5777095	45101.0941960038	5782883	180726.334866862	5788686	1490710.06580915	5793662	29016	5799450	210009	5805253	1841033	5793662	0.84038	5799450	1.00423	5805253	1.06884	5793662	34527.2376781932	5799450	209124.403772044	5805253	1722458.92743535
50	5880539	51579	5886327	204762	5892114	1431585	5880539	0.84026	5886327	1.00417	5892114	1.07035	5880539	61384.5714421727	5886327	203911.688259956	5892114	1337492.40902509	5897106	37203	5902894	184488	5908681	1662591	5897106	0.84018	5902894	1.00371	5908681	1.06938	5897106	44279.7971863172	5902894	183806.079445258	5908681	1554724.23273299	5913673	29248	5919445	215768	5925249	1925403	5913673	0.84024	5919445	1.00305	5925249	1.06962	5913673	34809.1021612873	5919445	215111.90867853	5925249	1800081.33729736
51	6000550	53274	6006338	890141	6012125	1425216	6000550	0.84024	6006338	1.00459	6012125	1.07002	6000550	63403.313339046	6006338	886073.920703969	6012125	1331952.6737818	6017117	38429	6022905	867750	6028739	1676049	6017117	0.84087	6022905	1.00517	6028739	1.06926	6017117	45701.475852391	6022905	863286.807206741	6028739	1567484.98961899	6033716	30300	6039503	896947	6045307	1908616	6033716	0.84064	6039503	1.00507	6045307	1.06877	6033716	36043.966501713	6039503	892422.418339021	6045307	1785806.1135698
52	6120561	52417	6126349	895879	6132152	1478780	6120561	0.84086	6126349	1.00426	6132152	1.07058	6120561	62337.3688842376	6126349	892078.744548224	6132152	1381288.64727531	6137128	37633	6142916	876813	6148719	1754668	6137128	0.84048	6142916	1.0039	6148719	1.0696	6137128	44775.6044165239	6142916	873406.713816117	6148719	1640489.90276739	6153711	30408	6159499	907879	6165286	2001870	6153711	0.84039	6159499	1.00491	6165286	1.06969	6153711	36183.2006568379	6159499	903443.094406464	6165286	1871448.73748469
53	6240572	51814	6246360	902543	6252163	1541802	6240572	0.84	6246360	1.00452	6252163	1.07032	6240572	61683.3333333333	6246360	898481.861983833	6252163	1440505.64317214	6257139	37270	6262927	881201	6268730	1840471	6257139	0.84	6262927	1.00455	6268730	1.06968	6257139	44369.0476190476	6262927	877209.695883729	6268730	1720580.92139705	6273722	30600	6279494	914697	6285297	2097039	6273722	0.84096	6279494	1.00503	6285297	1.07052	6273722	36386.9863013699	6279494	910119.100922361	6285297	1958897.54511826
54	6360583	50916	6366371	905201	6372189	1606961	6360583	0.84014	6366371	1.00407	6372189	1.07055	6360583	60604.1850167829	6366371	901531.765713546	6372189	1501061.13679884	6377182	37045	6382954	885653	6388757	1923939	6377182	0.8401	6382954	1.00345	6388757	1.06905	6377182	44095.9409594096	6382954	882608.002391748	6388757	1799671.67110986	6393733	30738	6399521	917096	6405340	2183707	6393733	0.84089	6399521	1.00434	6405340	1.06935	6393733	36554.1271747791	6399521	913133.002767987	6405340	2042088.18441109
55	6480594	50739	6486382	910522	6492185	1674911	6480594	0.84096	6486382	1.00474	6492185	1.07049	6480594	60334.6175799087	6486382	906226.486454207	6492185	1564620.87455277	6497161	36726	6502949	887951	6508737	2009351	6497161	0.84048	6502949	1.0046	6508737	1.07077	6497161	43696.4591661908	6502949	883885.128409317	6508737	1876547.71799733	6513729	30462	6519516	920717	6525319	2270898	6513729	0.84135	6519516	1.00492	6525319	1.07004	6513729	36206.097343555	6519516	916209.250487601	6525319	2122255.24279466
56	6600605	50134	6606408	909850	6612212	1749093	6600605	0.84054	6606408	1.00346	6612212	1.0691	6600605	59644.9901253956	6606408	906712.773802643	6612212	1636042.46562529	6617188	37045	6622976	889973	6628779	2090510	6617188	0.84053	6622976	1.00499	6628779	1.07043	6617188	44073.3822707102	6622976	885554.085115275	6628779	1952962.82802238	6633755	30589	6639543	918957	6645346	2342854	6633755	0.8408	6639543	1.00527	6645346	1.06929	6633755	36380.8277830638	6639543	914139.484914501	6645346	2191037.0432717
57	6720616	50012	6726404	910843	6732191	1820341	6720616	0.84086	6726404	1.00377	6732191	1.06975	6720616	59477.2019123279	6726404	907422.018988414	6732191	1701650.85300304	6737168	37001	6742955	889881	6748759	2162844	6737168	0.8403	6742955	1.00387	6748759	1.06879	6737168	44033.0834225872	6742955	886450.436809547	6748759	2023637.94571431	6753735	30945	6759523	920002	6765326	2406911	6753735	0.84099	6759523	1.00382	6765326	1.06959	6753735	36795.9190953519	6759523	916500.966308701	6765326	2250311.80171842
58	6840627	49728	6846415	912676	6852234	1895954	6840627	0.84081	6846415	1.00473	6852234	1.07019	6840627	59142.9692796232	6846415	908379.365600709	6852234	1771605.04209533	6857210	36715	6862982	890382	6868785	2235077	6857210	0.84053	6862982	1.00371	6868785	1.07072	6857210	43680.7728457045	6862982	887090.892787758	6868785	2087452.3684997	6873762	30675	6879549	921880	6885352	2461654	6873762	0.84063	6879549	1.00437	6885352	1.0693	6873762	36490.4892759002	6879549	917868.912850842	6885352	2302117.27298232
59	6960638	49606	6966410	913211	6972229	1966247	6960638	0.8407	6966410	1.00456	6972229	1.06972	6960638	59005.5905792792	6966410	909065.66058772	6972229	1838095.01551808	6977205	36738	6982993	893028	6988796	2296304	6977205	0.84085	6982993	1.00432	6988796	1.06953	6977205	43691.5026461319	6982993	889186.71339812	6988796	2147021.58892224	6993773	30523	6999560	924984	7005363	2503753	6993773	0.84058	6999560	1.00468	7005363	1.06943	6993773	36311.8323062647	6999560	920675.239877374	7005363	2341203.25781024
60	7080649	49814	7086437	914597	7092256	2039471	7080649	0.84048	7086437	1.00466	7092256	1.07074	7080649	59268.5132305349	7086437	910354.746879541	7092256	1904730.37338663	7097216	36495	7103020	892067	7108823	2345071	7097216	0.84065	7103020	1.00403	7108823	1.07017	7097216	43412.8353060132	7103020	888486.399808771	7108823	2191306.98860929	7113799	31284	7119602	926424	7125406	2537407	7113799	0.84082	7119602	1.00517	7125406	1.07044	7113799	37206.536476297	7119602	921659.022851856	7125406	2370433.65345092
61	7200660	50117	7206448	913827	7212251	2097476	7200660	0.84011	7206448	1.00353	7212251	1.06928	7200660	59655.283236719	7206448	910612.537741772	7212251	1961577.88418375	7217227	36853	7223015	896217	7228818	2387053	7217227	0.84064	7223015	1.00483	7228818	1.07098	7217227	43839.2177388656	7223015	891909.079147717	7228818	2228849.27823115	7233795	30981	7239582	926482	7245385	2553626	7233795	0.84135	7239582	1.00478	7245385	1.07059	7233795	36822.9630950259	7239582	922074.48396664	7245385	2385251.12321243
62	7320671	49801	7326474	915994	7332278	2160632	7320671	0.84058	7326474	1.00379	7332278	1.07051	7320671	59245.9968117252	7326474	912535.490491039	7332278	2018320.23988566	7337254	37045	7343073	895718	7348876	2421086	7337254	0.8402	7343073	1.0041	7348876	1.06962	7337254	44090.6926922161	7343073	892060.551737875	7348876	2263501.05644995	7353837	31158	7359624	925829	7365412	2566132	7353837	0.83975	7359624	1.00468	7365412	1.06972	7353837	37103.8999702292	7359624	921516.30369869	7365412	2398881.95041693
63	7440682	49951	7446470	917676	7452273	2214083	7440682	0.84133	7446470	1.00423	7452273	1.0699	7440682	59371.4713608216	7446470	913810.581241349	7452273	2069429.85325731	7457249	36905	7463021	898090	7468825	2447489	7457249	0.84173	7463021	1.00409	7468825	1.06999	7457249	43844.2255830254	7463021	894431.774044159	7468825	2287394.27471285	7473801	31036	7479589	928591	7485392	2578441	7473801	0.84004	7479589	1.0048	7485392	1.07046	7473801	36945.8597209657	7479589	924155.055732484	7485392	2408722.41839957
64	7560693	50270	7566481	918965	7572300	2262382	7560693	0.8404	7566481	1.00389	7572300	1.06936	7560693	59816.7539267016	7566481	915404.078136051	7572300	2115641.13114386	7577276	36951	7583064	897595	7588882	2471892	7577276	0.84001	7583064	1.00442	7588882	1.06848	7577276	43988.7620385472	7583064	893645.088707911	7588882	2313465.85804133	7593843	31508	7599631	929205	7605434	2584459	7593843	0.84055	7599631	1.00466	7605434	1.07006	7593843	37484.9800725715	7599631	924894.989349631	7605434	2415246.80859017
65	7680704	50155	7686492	916710	7692311	2302236	7680704	0.8397	7686492	1.00354	7692311	1.06913	7680704	59729.665356675	7686492	913476.293919525	7692311	2153373.30352717	7697287	37213	7703059	897578	7708878	2478405	7697287	0.84138	7703059	1.0041	7708878	1.06988	7697287	44228.5293208776	7703059	893912.956876805	7708878	2316526.1524657	7713870	31262	7719642	929641	7725461	2585185	7713870	0.83957	7719642	1.00337	7725461	1.06987	7713870	37235.7278130472	7719642	926518.632209454	7725461	2416354.32342247
66	7800715	50631	7806503	917133	7812306	2343227	7800715	0.84103	7806503	1.00422	7812306	1.06897	7800715	60201.1818841183	7806503	913278.962777081	7812306	2192041.87208247	7817282	37455	7823070	896688	7828889	2495395	7817282	0.84035	7823070	1.00405	7828889	1.06954	7817282	44570.7145832094	7823070	893071.062198098	7828889	2333147.89535688	7833865	31464	7839653	928906	7845472	2584058	7833865	0.83987	7839653	1.0044	7845472	1.06918	7833865	37462.9406932025	7839653	924836.718438869	7845472	2416859.64945098
67	7920726	50464	7926514	918690	7932317	2368305	7920726	0.84019	7926514	1.00393	7932317	1.06905	7920726	60062.6048869899	7926514	915093.681830407	7932317	2215336.04602217	7937278	37499	7943065	897246	7948869	2502807	7937278	0.84051	7943065	1.00376	7948869	1.06999	7937278	44614.5792435545	7943065	893884.992428469	7948869	2339093.82330676	7953861	31500	7959633	928640	7965436	2583986	7953861	0.84014	7959633	1.00384	7965436	1.06985	7953861	37493.7510414931	7959633	925087.663372649	7965436	2415278.7773987
68	8040737	51174	8046525	920216	8052328	2396054	8040737	0.84061	8046525	1.00397	8052328	1.06917	8040737	60877.2201139649	8046525	916577.188561411	8052328	2241041.18147722	8057304	37747	8063076	899585	8068880	2504870	8057304	0.83983	8063076	1.00374	8068880	1.0691	8057304	44946.0009763881	8063076	896233.088249945	8068880	2342970.72303807	8073856	31878	8079644	931254	8085447	2582996	8073856	0.83985	8079644	1.00426	8085447	1.0684	8073856	37956.7779960707	8079644	927303.686296377	8085447	2417630.10108574
69	8160748	51571	8166536	923074	8172339	2412693	8160748	0.84071	8166536	1.00466	8172339	1.06927	8160748	61342.1988557291	8166536	918792.427288834	8172339	2256392.67911753	8177315	38274	8183103	899593	8188891	2509636	8177315	0.84068	8183103	1.00391	8188891	1.06959	8177315	45527.4301755722	8183103	896089.290872688	8188891	2346353.27555418	8193867	31984	8199655	930549	8205458	2580896	8193867	0.8404	8199655	1.0044	8205458	1.06911	8193867	38058.0675868634	8199655	926472.520908005	8205458	2414060.29314102
70	8280759	51465	8286547	920373	8292350	2433386	8280759	0.84048	8286547	1.00475	8292350	1.07021	8280759	61232.866933181	8286547	916021.895994028	8292350	2273746.27409574	8297326	38588	8303114	898866	8308917	2503429	8297326	0.84087	8303114	1.00456	8308917	1.06929	8297326	45890.5657235958	8303114	894785.77685753	8308917	2341206.78207035	8313894	32012	8319666	931745	8325469	2585989	8313894	0.84058	8319666	1.00519	8325469	1.07082	8313894	38083.2282471627	8319666	926934.211442613	8325469	2414961.43142638
71	8400770	51944	8406558	920150	8412361	2443293	8400770	0.84087	8406558	1.00446	8412361	1.0707	8400770	61774.114904801	8406558	916064.352985684	8412361	2281958.53180163	8417337	38622	8423125	902513	8428928	2507581	8417337	0.84048	8423125	1.00541	8428928	1.07021	8417337	45952.3129640206	8423125	897656.677375399	8428928	2343073.78925631	8433905	31644	8439692	928184	8445480	2572770	8433905	0.84067	8439692	1.00368	8445480	1.07068	8433905	37641.4050697658	8439692	924780.806631596	8445480	2402930.84768558
72	8520781	52600	8526584	919226	8532388	2451929	8520781	0.8405	8526584	1.00365	8532388	1.07076	8520781	62581.7965496728	8526584	915883.026951627	8532388	2289895.9617468	8537348	39398	8543136	898214	8548924	2508338	8537348	0.84132	8543136	1.00519	8548924	1.06998	8537348	46828.792849332	8543136	893576.33880162	8548924	2344284.93990542	8553916	32166	8559703	930196	8565491	2576132	8553916	0.84118	8559703	1.00403	8565491	1.07047	8553916	38239.1402553556	8559703	926462.356702489	8565491	2406542.92039945
73	8640792	52927	8646580	922718	8652383	2458786	8640792	0.84151	8646580	1.00502	8652383	1.07064	8640792	62895.2715951088	8646580	918109.092356371	8652383	2296557.19943212	8657344	38900	8663132	901299	8668919	2506140	8657344	0.84066	8663132	1.00474	8668919	1.07062	8657344	46273.1663216996	8663132	897046.997233115	8668919	2340830.54678598	8673911	32197	8679699	929039	8685502	2572827	8673911	0.84146	8679699	1.00448	8685502	1.07091	8673911	38263.2567204621	8679699	924895.468302007	8685502	2402467.99450934
74	8760803	53448	8766591	923763	8772394	2459669	8760803	0.84146	8766591	1.00513	8772394	1.0705	8760803	63518.1707983743	8766591	919048.282311741	8772394	2297682.39140589	8777371	39566	8783158	901962	8788946	2498571	8777371	0.84056	8783158	1.00474	8788946	1.07029	8777371	47071.0002855239	8783158	897706.86943886	8788946	2334480.37447795	8793922	32450	8799710	930703	8805513	2573049	8793922	0.84114	8799710	1.00438	8805513	1.07072	8793922	38578.5957153387	8799710	926644.29797487	8805513	2403101.65122534
75	8880814	53519	8886602	920210	8892405	2462447	8880814	0.83985	8886602	1.00417	8892405	1.07059	8880814	63724.4746085611	8886602	916388.659290758	8892405	2300084.0657955	8897382	39956	8903154	900901	8908941	2492588	8897382	0.84125	8903154	1.00404	8908941	1.07006	8897382	47495.9881129272	8903154	897276.004940042	8908941	2329390.87527802	8913918	32436	8919705	931106	8925508	2566302	8913918	0.8411	8919705	1.00443	8925508	1.07057	8913918	38563.7855189633	8919705	926999.392690382	8925508	2397136.10506553
76	9000825	53853	9006613	922415	9012432	2461002	9000825	0.84074	9006613	1.00478	9012432	1.07041	9000825	64054.2855103837	9006613	918026.831744262	9012432	2299120.89759999	9017408	40412	9023180	900002	9028983	2487529	9017408	0.84161	9023180	1.00459	9028983	1.06997	9017408	48017.4902864747	9023180	895889.865517276	9028983	2324858.64089647	9033960	32577	9039732	930402	9045535	2560718	9033960	0.84023	9039732	1.00424	9045535	1.07013	9033960	38771.5268438404	9039732	926473.751294511	9045535	2392903.66590975
77	9120836	53949	9126624	922251	9132443	2461193	9120836	0.84146	9126624	1.00475	9132443	1.07167	9120836	64113.5645188125	9126624	917891.017666086	9132443	2296595.96704209	9137404	40527	9143191	900699	9148994	2484575	9137404	0.84111	9143191	1.00511	9148994	1.07051	9137404	48182.7584976995	9143191	896119.827680552	9148994	2320926.4742973	9153971	33185	9159758	931857	9165562	2557551	9153971	0.84126	9159758	1.00535	9165562	1.07185	9153971	39446.7822076409	9159758	926898.095190729	9165562	2386109.06376825
78	9240847	54588	9246635	924103	9252454	2460786	9240847	0.84053	9246635	1.00522	9252454	1.07105	9240847	64944.7372491166	9246635	919304.231909433	9252454	2297545.39937445	9257415	40749	9263202	902709	9269005	2488493	9257415	0.84076	9263202	1.0055	9269005	1.07097	9257415	48466.8633141444	9263202	897771.258080557	9269005	2323587.96231454	9273982	33026	9279754	932947	9285557	2557359	9273982	0.84078	9279754	1.00494	9285557	1.07091	9273982	39280.1922024787	9279754	928360.89716799	9285557	2388024.2037146
79	9360858	55027	9366646	925879	9372465	2458489	9360858	0.84126	9366646	1.00509	9372465	1.07173	9360858	65410.2180063239	9366646	921190.142176323	9372465	2293944.37031715	9377441	41774	9383213	903416	9389001	2483719	9377441	0.84151	9383213	1.00499	9389001	1.07143	9377441	49641.7154876353	9383213	898930.3376153	9389001	2318134.64248714	9393977	32681	9399765	935480	9405568	2558954	9393977	0.84176	9399765	1.00535	9405568	1.07133	9393977	38824.6055882912	9399765	930501.815288208	9405568	2388576.81573371
80	9480869	54638	9486657	923680	9492476	2449372	9480869	0.8415	9486657	1.00486	9492476	1.07085	9480869	64929.2929292929	9486657	919212.626634556	9492476	2287315.68380259	9497452	41376	9503224	902261	9509027	2475453	9497452	0.84127	9503224	1.00527	9509027	1.07145	9497452	49182.7831730598	9503224	897531.011569031	9509027	2310376.59246815	9514019	33047	9519807	931792	9525610	2552932	9514019	0.84066	9519807	1.00478	9525610	1.07077	9514019	39310.7796255323	9519807	927359.222914469	9525610	2384202.02284337
81	9600880	55725	9606652	924077	9612471	2444932	9600880	0.84179	9606652	1.00511	9612471	1.07132	9600880	66198.2204587843	9606652	919378.973445693	9612471	2282167.79300302	9617448	41980	9623235	902778	9629038	2471782	9617448	0.8409	9623235	1.00498	9629038	1.07139	9617448	49922.7018670472	9623235	898304.44386953	9629038	2307079.58819851	9634030	32992	9639802	931588	9645590	2544978	9634030	0.84126	9639802	1.00445	9645590	1.07041	9634030	39217.3644295462	9639802	927460.799442481	9645590	2377573.07947422
82	9720891	55727	9726695	921035	9732498	2438498	9720891	0.84111	9726695	1.00444	9732498	1.07044	9720891	66254.1165840378	9726695	916963.681255227	9732498	2278033.33208774	9737474	42397	9743246	902393	9749049	2463306	9737474	0.84114	9743246	1.00442	9749049	1.07059	9737474	50404.213329529	9743246	898421.97487107	9749049	2300886.42711029	9754026	32717	9759813	931584	9765617	2544544	9754026	0.84085	9759813	1.0051	9765617	1.06926	9754026	38909.4368793483	9759813	926857.029151328	9765617	2379724.29530703
83	9840902	56554	9846690	924400	9852509	2433898	9840902	0.8413	9846690	1.00513	9852509	1.0711	9840902	67222.1561868537	9846690	919682.031180047	9852509	2272334.98272804	9857470	42728	9863257	901980	9869045	2459645	9857470	0.84059	9863257	1.00513	9869045	1.07136	9857470	50830.9639657859	9863257	897376.458766528	9869045	2295815.59886499	9874037	33243	9879809	930947	9885612	2541087	9874037	0.84123	9879809	1.00455	9885612	1.07029	9874037	39517.135622838	9879809	926730.376785626	9885612	2374204.18765008
84	9960913	56743	9966717	924838	9972520	2427408	9960913	0.84147	9966717	1.00464	9972520	1.07121	9960913	67433.1824069783	9966717	920566.571110049	9972520	2266043.07278685	9977496	43273	9983268	904296	9989071	2456957	9977496	0.84065	9983268	1.00622	9989071	1.07086	9977496	51475.6438470231	9983268	898706.048379082	9989071	2294377.41628224	9994063	33426	9999851	932916	10005654	2543225	9994063	0.84114	9999851	1.00525	10005654	1.07089	9994063	39738.9257436336	9999851	928043.770206416	10005654	2374870.43487193
85	10080924	56868	10086712	925369	10092515	2419773	10080924	0.8407	10086712	1.0054	10092515	1.06999	10080924	67643.6303080766	10086712	920398.846230356	10092515	2261491.22888999	10097492	43648	10103279	900597	10109082	2448059	10097492	0.84163	10103279	1.0041	10109082	1.07054	10097492	51861.2692038069	10103279	896919.629518972	10109082	2286751.54594877	10114074	33267	10119846	933138	10125634	2537638	10114074	0.84038	10119846	1.00464	10125634	1.07095	10114074	39585.6636283586	10119846	928828.236980411	10125634	2369520.51916523
86	10200935	57572	10206723	922904	10212542	2413460	10200935	0.84043	10206723	1.00474	10212542	1.07142	10200935	68503.0282117488	10206723	918550.072655613	10212542	2252580.68731217	10217503	44371	10223275	902755	10229078	2442855	10217503	0.84107	10223275	1.00624	10229078	1.07129	10217503	52755.4186928555	10223275	897156.741930355	10229078	2280292.91788405	10234070	33747	10239842	930587	10245645	2529830	10234070	0.84124	10239842	1.00522	10245645	1.0712	10234070	40115.7814654558	10239842	925754.561190585	10245645	2361678.4914115
87	10320946	57675	10326734	922609	10332553	2403518	10320946	0.84103	10326734	1.00453	10332553	1.07057	10320946	68576.6262796809	10326734	918448.428618359	10332553	2245082.52613094	10337529	44912	10343301	902674	10349104	2436762	10337529	0.84103	10343301	1.00499	10349104	1.07099	10337529	53401.1866401912	10343301	898192.021811162	10349104	2275242.53261002	10354081	33902	10359868	932274	10365656	2531588	10354081	0.84109	10359868	1.00467	10365656	1.0698	10354081	40307.2203925858	10359868	927940.517781958	10365656	2366412.41353524
88	10440957	58159	10446745	922257	10452564	2394611	10440957	0.8408	10446745	1.00447	10452564	1.07	10440957	69171.0275927688	10446745	918152.856730415	10452564	2237954.20560748	10457540	45090	10463328	900921	10469131	2433398	10457540	0.84095	10463328	1.00431	10469131	1.07097	10457540	53617.9321006005	10463328	897054.694267706	10469131	2272143.94427482	10474107	34214	10479895	930745	10485698	2526864	10474107	0.84118	10479895	1.004	10485698	1.07004	10474107	40673.8153546209	10479895	927036.852589641	10485698	2361466.86105192
89	10560968	58169	10566756	924288	10572559	2386981	10560968	0.84081	10566756	1.00385	10572559	1.07088	10560968	69182.0982148167	10566756	920743.138915177	10572559	2228990.1763036	10577536	45897	10583323	901992	10589111	2424144	10577536	0.84093	10583323	1.00392	10589111	1.07019	10577536	54578.8591202597	10583323	898469.997609371	10589111	2265152.91677179	10594087	33640	10599875	930480	10605678	2525309	10594087	0.84104	10599875	1.004	10605678	1.07038	10594087	39998.0975934557	10599875	926772.908366534	10605678	2359263.99970104
90	10680979	58687	10686767	923126	10692586	2378464	10680979	0.83998	10686767	1.00405	10692586	1.07025	10680979	69867.1396938022	10686767	919402.420198197	10692586	2222344.31207662	10697547	46067	10703334	900885	10709138	2417517	10697547	0.8398	10703334	1.00461	10709138	1.06983	10697547	54854.7273160276	10703334	896750.977991459	10709138	2259720.70328931	10714098	33270	10719886	931373	10725689	2523300	10714098	0.84084	10719886	1.00461	10725689	1.07085	10714098	39567.575281861	10719886	927099.073272215	10725689	2356352.43031237
91	10800990	58630	10806778	924488	10812597	2371260	10800990	0.84053	10806778	1.00445	10812597	1.07084	10800990	69753.6078426707	10806778	920392.254467619	10812597	2214392.43958014	10817558	46446	10823345	899445	10829133	2404800	10817558	0.84002	10823345	1.00312	10829133	1.06972	10817558	55291.5406776029	10823345	896647.459925034	10829133	2248064.91418315	10834125	34034	10839897	929496	10845700	2513454	10834125	0.84011	10839897	1.00385	10845700	1.06976	10834125	40511.3616074086	10839897	925931.165014694	10845700	2349549.43164822
92	10921001	58850	10926789	923798	10932592	2360927	10921001	0.83998	10926789	1.00412	10932592	1.07074	10921001	70061.1919331413	10926789	920007.568816476	10932592	2204948.91383529	10937569	47214	10943356	901256	10949160	2401051	10937569	0.83995	10943356	1.00367	10949160	1.07024	10937569	56210.4887195666	10943356	897960.485019977	10949160	2243469.68904171	10954136	33777	10959924	930657	10965727	2509884	10954136	0.84041	10959924	1.00436	10965727	1.07034	10954136	40191.0972025559	10959924	926616.950097575	10965727	2344940.85991367
93	11041012	59207	11046816	924471	11052619	2352016	11041012	0.84127	11046816	1.00465	11052619	1.07107	11041012	70378.1187965814	11046816	920192.106703827	11052619	2195949.84454798	11057580	47644	11063367	900253	11069155	2397583	11057580	0.84122	11063367	1.00473	11069155	1.07024	11057580	56636.7894248829	11063367	896014.849760632	11069155	2240229.29436388	11074131	33947	11079919	932226	11085722	2514557	11074131	0.84112	11079919	1.00555	11085722	1.07058	11074131	40359.2828609473	11079919	927080.702103327	11085722	2348780.10050627
94	11161024	59868	11166811	924839	11172614	2343349	11161024	0.84074	11166811	1.00394	11172614	1.07079	11161024	71208.6971001737	11166811	921209.434826783	11172614	2188430.03763576	11177591	48319	11183378	900221	11189166	2395992	11177591	0.84086	11183378	1.00434	11189166	1.07126	11177591	57463.7870751374	11183378	896330.923790748	11189166	2236611.09347871	11194158	34093	11199930	932130	11205733	2507207	11194158	0.84045	11199930	1.005	11205733	1.06964	11194158	40565.1734190017	11199930	927492.537313433	11205733	2343972.73849146
95	11281035	60176	11286822	924913	11292641	2335422	11281035	0.84105	11286822	1.00517	11292641	1.07103	11281035	71548.659413828	11286822	920155.794542217	11292641	2180538.36027002	11297602	48647	11303374	899330	11309177	2380787	11297602	0.8411	11303374	1.00433	11309177	1.07094	11297602	57837.3558435382	11303374	895452.689852937	11309177	2223081.59187256	11314153	34400	11319941	928223	11325729	2508420	11314153	0.84089	11319941	1.00442	11325729	1.07079	11314153	40909.0368538097	11319941	924138.308675654	11325729	2342588.1825568
96	11401046	60076	11406833	920875	11412636	2324735	11401046	0.84083	11406833	1.00403	11412636	1.06996	11401046	71448.4497460842	11406833	917178.769558679	11412636	2172730.75628996	11417613	48890	11423385	898627	11429188	2375417	11417613	0.83961	11423385	1.00508	11429188	1.07128	11417613	58229.4160383988	11423385	894085.047956382	11429188	2217363.34104996	11434180	34064	11439952	928750	11445755	2502258	11434180	0.84048	11439952	1.00415	11445755	1.07064	11434180	40529.2213972968	11439952	924911.61679032	11445755	2337160.95045954
97	11521057	60881	11526860	922752	11532663	2313784	11521057	0.84088	11526860	1.00382	11532663	1.07052	11521057	72401.5317286652	11526860	919240.501285091	11532663	2161364.57048911	11537639	49265	11543411	896972	11549215	2370556	11537639	0.84035	11543411	1.00342	11549215	1.07145	11537639	58624.3826976855	11543411	893914.811345199	11549215	2212474.68383966	11554191	34397	11559979	930281	11565766	2500051	11554191	0.84047	11559979	1.00487	11565766	1.07117	11554191	40925.910502457	11559979	925772.48798352	11565766	2333944.19186497
98	11641068	61368	11646855	920433	11652658	2300548	11641068	0.84008	11646855	1.00395	11652658	1.07035	11641068	73050.1856966003	11646855	916811.594202899	11652658	2149341.80408278	11657635	50089	11663422	897899	11669226	2364383	11657635	0.84136	11663422	1.00437	11669226	1.07095	11657635	59533.3745364648	11663422	893992.253850673	11669226	2207743.59213782	11674218	34463	11680005	927967	11685824	2496730	11674218	0.84089	11680005	1.00512	11685824	1.07085	11674218	40983.9574736291	11680005	923240.011142948	11685824	2331540.3651305
99	11761079	61270	11766866	921770	11772669	2292075	11761079	0.84017	11766866	1.00445	11772669	1.06989	11761079	72925.7174143328	11766866	917686.295982876	11772669	2142346.40944396	11777646	50425	11783433	898316	11789252	2352601	11777646	0.84035	11783433	1.00428	11789252	1.06994	11777646	60004.7599214613	11783433	894487.593101525	11789252	2198815.82144793	11794244	34701	11800032	925526	11805851	2493093	11794244	0.84038	11800032	1.00376	11805851	1.0707	11794244	41292.0345557962	11800032	922059.057942138	11805851	2328470.1597086
100	11881090	61788	11886877	923879	11892680	2285246	11881090	0.84046	11886877	1.00456	11892680	1.07105	11881090	73516.8836113557	11886877	919685.235326909	11892680	2133650.15638859	11897657	51357	11903444	897772	11909248	2339971	11897657	0.84016	11903444	1.00437	11909248	1.0698	11897657	61127.6423538374	11903444	893865.806425919	11909248	2187297.62572443	11914224	34832	11920012	929533	11925799	2488454	11914224	0.841	11920012	1.00426	11925799	1.07033	11914224	41417.3602853746	11920012	925589.986656842	11925799	2324940.9060757
101	12001101	61407	12006888	920733	12012691	2267627	12001101	0.84087	12006888	1.00432	12012691	1.07057	12001101	73027.9353526705	12006888	916772.542615899	12012691	2118149.2102338	12017668	51250	12023455	898873	12029259	2334478	12017668	0.84103	12023455	1.0044	12029259	1.07065	12017668	60937.1841670333	12023455	894935.284747113	12029259	2180430.57955448	12034235	35013	12040023	926543	12045826	2486315	12034235	0.84041	12040023	1.00436	12045826	1.07014	12034235	41661.8079270832	12040023	922520.809271576	12045826	2323354.88814548
102	12121112	62153	12126899	921300	12132702	2263726	12121112	0.84105	12126899	1.00398	12132702	1.07206	12121112	73899.2925509779	12126899	917647.761907608	12132702	2111566.51679943	12137679	51549	12143466	898199	12149270	2324965	12137679	0.84069	12143466	1.00484	12149270	1.07061	12137679	61317.4892052957	12143466	893872.656343299	12149270	2171626.45594568	12154246	35077	12160034	926953	12165837	2484297	12154246	0.84154	12160034	1.00479	12165837	1.07071	12154246	41681.9164864415	12160034	922534.061843768	12165837	2320233.3031353
103	12241123	62040	12246910	921798	12252713	2249816	12241123	0.84118	12246910	1.00479	12252713	1.07222	12241123	73753.5366984474	12246910	917403.636580778	12252713	2098278.3384007	12257690	52170	12263477	897530	12269281	2318984	12257690	0.84166	12263477	1.00497	12269281	1.072	12257690	61984.6493833615	12263477	893091.336059783	12269281	2163231.34328358	12274257	35352	12280045	926586	12285863	2474955	12274257	0.84137	12280045	1.00548	12285863	1.07099	12274257	42017.1862557496	12280045	921535.982814178	12285863	2310903.93000868
104	12361134	62542	12366921	922066	12372724	2236112	12361134	0.84096	12366921	1.00483	12372724	1.07089	12361134	74369.7678843227	12366921	917633.828607824	12372724	2088087.47863926	12377716	53181	12383488	898531	12389292	2305824	12377716	0.84089	12383488	1.00434	12389292	1.07048	12377716	63243.7060733271	12383488	894648.226696139	12389292	2154009.4163366	12394268	34863	12400071	924611	12405874	2474915	12394268	0.84123	12400071	1.00496	12405874	1.07124	12394268	41442.8872008844	12400071	920047.564082153	12405874	2310327.2842687
105	12481145	62683	12486932	919847	12492735	2224222	12481145	0.841	12486932	1.00455	12492735	1.07118	12481145	74533.8882282996	12486932	915680.653028719	12492735	2076422.26329842	12497712	52893	12503484	897327	12509303	2298348	12497712	0.84117	12503484	1.00587	12509303	1.07138	12497712	62880.2739042049	12503484	892090.429180709	12509303	2145222.05006627	12514279	34865	12520067	928430	12525854	2472334	12514279	0.84098	12520067	1.00556	12525854	1.0714	12514279	41457.5851982211	12520067	923296.471617805	12525854	2307573.2686205
106	12601156	63154	12606928	921159	12612746	2213347	12601156	0.84153	12606928	1.00507	12612746	1.07068	12601156	75046.6412367949	12606928	916512.282726576	12612746	2067234.8414092	12617707	53605	12623495	896733	12629298	2291141	12617707	0.84076	12623495	1.00515	12629298	1.07178	12617707	63757.7905704363	12623495	892138.486793016	12629298	2137697.10201721	12634274	35175	12640078	926438	12645865	2470579	12634274	0.84043	12640078	1.00455	12645865	1.07084	12634274	41853.5749556775	12640078	922241.799810861	12645865	2307141.12285682
107	12721167	63716	12726954	921112	12732757	2200075	12721167	0.84048	12726954	1.00557	12732757	1.07028	12721167	75809.0614886731	12726954	916009.825273228	12732757	2055606.94397728	12737734	54503	12743521	895323	12749340	2277459	12737734	0.84075	12743521	1.00452	12749340	1.07087	12737734	64826.6428783824	12743521	891294.349540079	12749340	2126737.13896178	12754317	35303	12760089	925753	12765892	2466697	12754317	0.84091	12760089	1.0051	12765892	1.07049	12754317	41981.9005601075	12760089	921055.616356582	12765892	2304269.07304132
108	12841178	63121	12846965	918260	12852768	2185081	12841178	0.8408	12846965	1.00438	12852768	1.07058	12841178	75072.5499524263	12846965	914255.560644378	12852768	2041025.42547031	12857745	54302	12863532	896352	12869336	2266598	12857745	0.84098	12863532	1.0049	12869336	1.07169	12857745	64569.9065376109	12863532	891981.291670813	12869336	2114975.41266598	12874328	35280	12880115	924372	12885903	2463112	12874328	0.84089	12880115	1.00457	12885903	1.07224	12874328	41955.5470989071	12880115	920166.837552386	12885903	2297164.81384765
109	12961189	63528	12966976	919799	12972779	2177577	12961189	0.84079	12966976	1.00442	12972779	1.07116	12961189	75557.5113880993	12966976	915751.378905239	12972779	2032914.78397252	12977771	54878	12983559	897392	12989347	2262742	12977771	0.84093	12983559	1.00509	12989347	1.07136	12977771	65258.7016755259	12983559	892847.406699897	12989347	2112027.70310633	12994339	35497	13000111	925109	13005914	2459192	12994339	0.84089	13000111	1.00457	13005914	1.07106	12994339	42213.6070116186	13000111	920900.484784535	13005914	2296035.70294848
110	13081200	63853	13086987	921947	13092790	2164132	13081200	0.84104	13086987	1.00524	13092790	1.07091	13081200	75921.4781698849	13086987	917141.18021567	13092790	2020834.6172881	13097751	55051	13103539	896841	13109342	2250650	13097751	0.84079	13103539	1.00459	13109342	1.07053	13097751	65475.3267760083	13103539	892743.308215292	13109342	2102369.85418438	13114319	35718	13120106	926227	13125909	2457881	13114319	0.84102	13120106	1.00512	13125909	1.07118	13114319	42469.8580295356	13120106	921508.874562241	13125909	2294554.60333464
111	13201211	64197	13206998	918784	13212817	2156161	13201211	0.84086	13206998	1.00383	13212817	1.07085	13201211	76346.8353828223	13206998	915278.483408545	13212817	2013504.22561517	13217794	55358	13223581	896845	13229384	2240359	13217794	0.84022	13223581	1.00483	13229384	1.07164	13217794	65885.1253243198	13223581	892534.060487844	13229384	2090589.19039976	13234361	35743	13240133	923710	13245936	2454068	13234361	0.8404	13240133	1.00427	13245936	1.07079	13234361	42530.9376487387	13240133	919782.528602866	13245936	2291829.39698727
112	13321222	63868	13327009	919255	13332813	2138193	13321222	0.84059	13327009	1.00423	13332813	1.07015	13321222	75979.9664521348	13327009	915382.930205232	13332813	1998031.11713311	13337805	56145	13343592	897784	13349380	2222165	13337805	0.84137	13343592	1.00494	13349380	1.07019	13337805	66730.4515254882	13343592	893370.748502398	13349380	2076421.00935348	13354372	35810	13360144	925622	13365947	2452016	13354372	0.84106	13360144	1.00473	13365947	1.07112	13354372	42577.2239792643	13360144	921264.419296727	13365947	2289207.5584435
113	13441233	65099	13447020	920259	13452824	2126336	13441233	0.84122	13447020	1.00459	13452824	1.07099	13441233	77386.4149687359	13447020	916054.310713823	13452824	1985392.95418258	13457800	56789	13463572	897214	13469375	2213551	13457800	0.8413	13463572	1.00546	13469375	1.0713	13457800	67501.4857957922	13463572	892341.813697213	13469375	2066228.88079903	13474367	35944	13480139	926357	13485942	2446145	13474367	0.84097	13480139	1.00397	13485942	1.07109	13474367	42741.1203729027	13480139	922693.905196371	13485942	2283790.3444155
114	13561244	64553	13567031	918956	13572850	2110222	13561244	0.84148	13567031	1.00466	13572850	1.07105	13561244	76713.647383182	13567031	914693.52815878	13572850	1970236.68362822	13577811	56786	13583599	895466	13589386	2206714	13577811	0.84051	13583599	1.00489	13589386	1.07105	13577811	67561.3615542944	13583599	891108.479535074	13589386	2060327.71579291	13594378	35935	13600150	922851	13605953	2444093	13594378	0.8411	13600150	1.00428	13605953	1.0705	13594378	42723.8140530258	13600150	918918.030828056	13605953	2283132.18122373
115	13681255	64915	13687042	919667	13692861	2099359	13681255	0.84158	13687042	1.00415	13692861	1.07059	13681255	77134.6752536895	13687042	915866.155454862	13692861	1960936.49296182	13697838	57072	13703610	895745	13709413	2189309	13697838	0.84129	13703610	1.00435	13709413	1.07124	13697838	67838.6763185109	13703610	891865.385572758	13709413	2043714.76046451	13714389	36545	13720177	923010	13725980	2442683	13714389	0.84119	13720177	1.00486	13725980	1.0715	13714389	43444.4061389222	13720177	918545.867085962	13725980	2279685.48763416
116	13801266	64997	13807069	918340	13812872	2087028	13801266	0.8407	13807069	1.00499	13812872	1.07094	13801266	77312.9534911383	13807069	913780.23661927	13812872	1948781.44433862	13817849	57898	13823621	895024	13829424	2178295	13817849	0.84153	13823621	1.00502	13829424	1.07062	13817849	68800.8745974594	13823621	890553.421822451	13829424	2034610.78627337	13834400	36312	13840188	923511	13845975	2436673	13834400	0.84085	13840188	1.0043	13845975	1.07191	13834400	43184.8724504965	13840188	919556.905307179	13845975	2273206.70578687
117	13921277	64769	13927080	921683	13932883	2074391	13921277	0.84067	13927080	1.00499	13932883	1.07144	13921277	77044.5002200626	13927080	917106.637876994	13932883	1936077.6151721	13937844	58210	13943632	893394	13949419	2169590	13937844	0.84124	13943632	1.00512	13949419	1.07191	13937844	69195.473348866	13943632	888843.123209169	13949419	2024041.1974886	13954396	36422	13960183	925311	13965986	2436721	13954396	0.84184	13960183	1.00482	13965986	1.07114	13954396	43264.7533973202	13960183	920872.395055831	13965986	2274885.63586459
118	14041288	65170	14047075	916846	14052894	2060869	14041288	0.84133	14047075	1.00396	14052894	1.07217	14041288	77460.6872451951	14047075	913229.610741464	14052894	1922147.60718916	14057855	57852	14063643	892563	14069446	2154125	14057855	0.84063	14063643	1.00498	14069446	1.07071	14057855	68819.8137111452	14063643	888140.062488806	14069446	2011865.95810257	14074422	36668	14080210	922646	14086013	2428964	14074422	0.84099	14080210	1.00513	14086013	1.07173	14074422	43600.9940665168	14080210	917936.983275795	14086013	2266395.45407892
119	14161299	65981	14167086	917191	14172905	2043699	14161299	0.8412	14167086	1.00456	14172905	1.07149	14161299	78436.7570137898	14167086	913027.594170582	14172905	1907343.04566538	14177882	58751	14183654	893126	14189457	2143107	14177882	0.84136	14183654	1.00644	14189457	1.07176	14177882	69828.6108205762	14183654	887411.072691864	14189457	1999614.65253415	14194433	36797	14200221	922827	14206008	2427305	14194433	0.84149	14200221	1.00556	14206008	1.0723	14194433	43728.3865524249	14200221	917724.452046621	14206008	2263643.56989648
120	14281310	66109	14287097	918497	14292901	2031511	14281310	0.84219	14287097	1.00644	14292901	1.07233	14281310	78496.5387857847	14287097	912619.72894559	14292901	1894483.041601	14297877	58534	14303665	893620	14309468	2128130	14297877	0.84122	14303665	1.00571	14309468	1.07107	14297877	69582.2733648748	14303665	888546.400055682	14309468	1986919.62243364	14314444	37024	14320232	923851	14326035	2422351	14314444	0.84122	14320232	1.00582	14326035	1.07136	14314444	44012.2678966263	14320232	918505.299158895	14326035	2261005.63769415
121	14401321	65963	14407108	918597	14412927	2022631	14401321	0.84075	14407108	1.00534	14412927	1.0722	14401321	78457.3297650907	14407108	913717.747229793	14412927	1886430.70322701	14417888	59041	14423676	893374	14429479	2119504	14417888	0.84108	14423676	1.00571	14429479	1.0717	14417888	70196.6519237171	14423676	888301.796740611	14429479	1977702.71531212	14434455	36822	14440243	920462	14446030	2419094	14434455	0.84206	14440243	1.00576	14446030	1.07136	14434455	43728.4754055531	14440243	915190.502704423	14446030	2257965.57646356
122	14521332	66443	14527119	916506	14532938	2006835	14521332	0.84104	14527119	1.00422	14532938	1.0717	14521332	79000.9987634358	14527119	912654.597598136	14532938	1872571.61519082	14537915	60099	14543702	889700	14549490	2105327	14537915	0.84158	14543702	1.0045	14549490	1.07147	14537915	71412.1058009934	14543702	885714.285714286	14549490	1964895.89069223	14554482	36739	14560269	922000	14566057	2417869	14554482	0.84077	14560269	1.00469	14566057	1.07109	14554482	43696.8493166978	14560269	917696.005733112	14566057	2257391.06891111
123	14641343	66680	14647130	916824	14652949	1992797	14641343	0.84136	14647130	1.00598	14652949	1.07108	14641343	79252.6385851479	14647130	911373.983578202	14652949	1860549.16532845	14657926	59447	14663698	890177	14669501	2087334	14657926	0.84139	14663698	1.00516	14669501	1.07121	14657926	70653.3236667895	14663698	885607.266504835	14669501	1948575.90948554	14674477	36941	14680280	918370	14686084	2412603	14674477	0.84137	14680280	1.00448	14686084	1.07101	14674477	43905.772727813	14680280	914274.052245938	14686084	2252642.83246655
124	14761354	66427	14767157	915381	14772960	1978348	14761354	0.84092	14767157	1.00502	14772960	1.07197	14761354	78993.2454930314	14767157	910808.740124575	14772960	1845525.52776664	14777937	60081	14783709	890386	14789512	2073123	14777937	0.84135	14783709	1.00491	14789512	1.07044	14777937	71410.233553218	14783709	886035.565374014	14789512	1936701.73012967	14794488	37007	14800276	918977	14806064	2406078	14794488	0.84104	14800276	1.00546	14806064	1.07138	14794488	44001.4743650718	14800276	913986.632983908	14806064	2245774.60844892
125	14881365	66024	14887168	915733	14892971	1963450	14881365	0.8412	14887168	1.00609	14892971	1.0724	14881365	78487.8744650499	14887168	910189.943245634	14892971	1830893.3233868	14897932	60260	14903720	889506	14909523	2058923	14897932	0.84186	14903720	1.00591	14909523	1.0732	14897932	71579.5975577887	14903720	884279.905756976	14909523	1918489.56392098	14914515	37369	14920303	916868	14926090	2402662	14914515	0.84162	14920303	1.00541	14926090	1.07223	14914515	44401.2737339892	14920303	911934.434708229	14926090	2240808.40864367
126	15001376	66554	15007179	912696	15012982	1949272	15001376	0.84169	15007179	1.00497	15012982	1.07135	15001376	79071.8673145695	15007179	908182.333801009	15012982	1819453.95995706	15017943	60820	15023731	892230	15029534	2050010	15017943	0.84156	15023731	1.00479	15029534	1.07228	15017943	72270.5451780028	15023731	887976.592123727	15029534	1911823.40433469	15034510	37418	15040298	919040	15046086	2400376	15034510	0.84246	15040298	1.00571	15046086	1.07249	15034510	44415.1651116967	15040298	913822.075946347	15046086	2238133.6888922
127	15121387	67286	15127174	914437	15132993	1936826	15121387	0.84198	15127174	1.00593	15132993	1.07161	15121387	79914.0122093161	15127174	909046.355114173	15132993	1807398.21390245	15137970	60804	15143773	890602	15149592	2034794	15137970	0.84166	15143773	1.0061	15149592	1.07229	15137970	72242.9484589977	15143773	885202.266176324	15149592	1897615.38389801	15154553	37976	15160340	919759	15166143	2398082	15154553	0.84135	15160340	1.00538	15166143	1.07212	15154553	45136.9822309384	15160340	914837.175993157	15166143	2236766.40674551
128	15241398	67139	15247185	914311	15253004	1921334	15241398	0.84182	15247185	1.00567	15253004	1.07148	15241398	79754.5793637595	15247185	909156.084998061	15253004	1793158.99503491	15258012	61469	15263800	887820	15269618	2015068	15258012	0.84148	15263800	1.00584	15269618	1.0722	15258012	73048.6761420355	15263800	882665.23502744	15269618	1879376.98190636	15274579	38019	15280351	920142	15286154	2397957	15274579	0.84307	15280351	1.00488	15286154	1.07297	15274579	45095.8995101237	15280351	915673.513255314	15286154	2234877.95558124
129	15361409	67682	15367181	912697	15373000	1910973	15361409	0.84154	15367181	1.00501	15373000	1.07216	15361409	80426.3611949521	15367181	908147.182615098	15373000	1782358.04357559	15377976	61783	15383764	888967	15389567	2003590	15377976	0.84271	15383764	1.00644	15389567	1.07174	15377976	73314.6634073406	15383764	883278.685266881	15389567	1869473.9395749	15394543	38239	15400331	919028	15406134	2390853	15394543	0.84236	15400331	1.00574	15406134	1.0712	15394543	45395.0804881523	15400331	913782.886233022	15406134	2231938.94697536
130	15481420	67399	15487223	913019	15493026	1895975	15481420	0.84198	15487223	1.00564	15493026	1.07169	15481420	80048.2196726763	15487223	907898.452726622	15493026	1769144.99528782	15498003	61983	15503790	891026	15509594	1985382	15498003	0.84219	15503790	1.00562	15509594	1.07223	15498003	73597.4067609447	15503790	886046.41912452	15509594	1851638.17464537	15514570	38326	15520358	918794	15526161	2382750	15514570	0.84225	15520358	1.00586	15526161	1.07117	15514570	45504.303947759	15520358	913441.234366612	15526161	2224436.83075516
131	15601431	67131	15607234	913610	15613022	1880530	15601431	0.84144	15607234	1.00557	15613022	1.07248	15601431	79781.089560753	15607234	908549.379953658	15613022	1753440.62360137	15618014	61956	15623786	888862	15629589	1976413	15618014	0.84181	15623786	1.00533	15629589	1.07157	15618014	73598.5554935199	15623786	884149.483254255	15629589	1844408.67138871	15634565	38508	15640353	918168	15646141	2381407	15634565	0.84161	15640353	1.00537	15646141	1.0713	15634565	45755.1597533299	15640353	913263.773536111	15646141	2222913.28292728
132	15721442	67850	15727245	912203	15733033	1867583	15721442	0.84205	15727245	1.00543	15733033	1.07302	15721442	80577.1628763138	15727245	907276.488666541	15733033	1740492.25550316	15738009	62535	15743781	887827	15749584	1959697	15738009	0.84194	15743781	1.00481	15749584	1.07215	15738009	74274.8889469558	15743781	883576.994655706	15749584	1827819.80133377	15754576	38888	15760364	915260	15766152	2381747	15754576	0.84183	15760364	1.00573	15766152	1.07237	15754576	46194.5998598292	15760364	910045.439630915	15766152	2221012.33715975
133	15841453	68080	15847256	913897	15853059	1854616	15841453	0.8418	15847256	1.00515	15853059	1.07163	15841453	80874.3169398907	15847256	909214.545092772	15853059	1730649.57121395	15858036	62949	15863823	890238	15869627	1947574	15858036	0.84184	15863823	1.00659	15869627	1.07214	15858036	74775.4917799107	15863823	884409.739814622	15869627	1816529.55770702	15874603	38792	15880375	917502	15886178	2375147	15874603	0.84114	15880375	1.00507	15886178	1.07122	15874603	46118.363173788	15880375	912873.730187947	15886178	2217235.48850843
134	15961464	68212	15967252	912076	15973055	1835469	15961464	0.84154	15967252	1.00482	15973055	1.07051	15961464	81056.158946693	15967252	907700.881749965	15973055	1714574.36175281	15978031	62485	15983819	888401	15989606	1927506	15978031	0.84057	15983819	1.00555	15989606	1.07178	15978031	74336.4621625802	15983819	883497.588384466	15989606	1798415.71964396	15994598	38885	16000370	916267	16006174	2366072	15994598	0.84141	16000370	1.00405	16006174	1.07099	15994598	46214.0930105418	16000370	912571.087097256	16006174	2209238.18149563
135	16081475	68073	16087263	915914	16093066	1822184	16081475	0.84162	16087263	1.00595	16093066	1.07129	16081475	80883.2964996079	16087263	910496.545553954	16093066	1700925.05297352	16098042	63500	16103830	890617	16109617	1916611	16098042	0.84172	16103830	1.00444	16109617	1.07203	16098042	75440.7641495984	16103830	886680.140177611	16109617	1787833.36287231	16114609	38707	16120381	913283	16126185	2367373	16114609	0.84162	16120381	1.00487	16126185	1.07127	16114609	45991.0648511205	16120381	908856.86705743	16126185	2209875.19486217
136	16201486	68818	16207274	910821	16213077	1806221	16201486	0.84125	16207274	1.00498	16213077	1.07057	16201486	81804.4576523031	16207274	906307.588210711	16213077	1687158.24280523	16218038	63540	16223825	887209	16229628	1896069	16218038	0.84142	16223825	1.00439	16229628	1.07148	16218038	75515.2004944023	16223825	883331.17613676	16229628	1769579.46018591	16234605	39487	16240392	914861	16246180	2362065	16234605	0.84159	16240392	1.00458	16246180	1.07232	16234605	46919.5213821457	16240392	910690.039618547	16246180	2202761.30259624
137	16321497	68712	16327300	909538	16333103	1797724	16321497	0.84138	16327300	1.00414	16333103	1.07157	16321497	81665.8347001355	16327300	905788.037524648	16333103	1677654.28296798	16338080	63615	16343852	885744	16349655	1887236	16338080	0.84088	16343852	1.0047	16349655	1.07157	16338080	75652.8874512416	16343852	881600.477754554	16349655	1761187.7898784	16354631	39408	16360419	914009	16366238	2357706	16354631	0.8409	16360419	1.00389	16366238	1.07122	16354631	46864.0742062076	16360419	910467.282271962	16366238	2200954.05238887
138	16441508	68982	16447296	910313	16453099	1784574	16441508	0.84063	16447296	1.00496	16453099	1.07192	16441508	82059.8836586846	16447296	905820.132144563	16453099	1664838.79393985	16458075	63356	16463847	887546	16469650	1871506	16458075	0.84084	16463847	1.00518	16469650	1.07146	16458075	75348.4610627468	16463847	882972.203983366	16469650	1746687.69716088	16474627	39734	16480414	915205	16486218	2357697	16474627	0.8415	16480414	1.00559	16486218	1.0714	16474627	47218.0629827689	16480414	910117.443490886	16486218	2200575.88202352
139	16561519	68593	16567307	911955	16573110	1771385	16561519	0.84134	16567307	1.00401	16573110	1.07088	16561519	81528.2763211068	16567307	908312.666208504	16573110	1654139.58613477	16578086	64318	16583874	886467	16589693	1851094	16578086	0.84153	16583874	1.00528	16589693	1.07198	16578086	76429.8361318075	16583874	881811.037720834	16589693	1726799.00744417	16594669	39826	16600457	916167	16606260	2352740	16594669	0.84108	16600457	1.00519	16606260	1.07129	16594669	47351.0248727826	16600457	911436.643818582	16606260	2196174.70526188
140	16681530	68509	16687302	910208	16693121	1754972	16681530	0.84081	16687302	1.00404	16693121	1.07138	16681530	81479.7635613278	16687302	906545.555953946	16693121	1638048.12484833	16698097	64188	16703885	888717	16709688	1836820	16698097	0.84128	16703885	1.00424	16709688	1.07148	16698097	76298.0220616204	16703885	884964.74946228	16709688	1714283.04774704	16714664	39943	16720452	915460	16726240	2347128	16714664	0.84071	16720452	1.00416	16726240	1.07136	16714664	47511.0323417112	16720452	911667.463352454	16726240	2190793.01075269
141	16801541	68989	16807329	911877	16813147	1742340	16801541	0.84111	16807329	1.00402	16813147	1.07117	16801541	82021.3765143679	16807329	908225.931754348	16813147	1626576.54714004	16818139	64845	16823927	885842	16829730	1819880	16818139	0.84117	16823927	1.00482	16829730	1.07029	16818139	77089.0545311887	16823927	881592.72307478	16829730	1700361.58424352	16834707	40006	16840494	914646	16846297	2341990	16834707	0.8408	16840494	1.00464	16846297	1.0721	16834707	47580.875356803	16840494	910421.643573818	16846297	2184488.38727731
142	16921552	69229	16927355	913009	16933158	1726885	16921552	0.84183	16927355	1.00357	16933158	1.07117	16921552	82236.3184966086	16927355	909761.152684915	16933158	1612148.39848017	16938135	64973	16943922	887094	16949757	1805531	16938135	0.84122	16943922	1.00492	16949757	1.07099	16938135	77236.6325099261	16943922	882750.865740556	16949757	1685852.34222542	16954718	40219	16960505	914115	16966308	2337177	16954718	0.84086	16960505	1.00398	16966308	1.0702	16954718	47830.7922840901	16960505	910491.244845515	16966308	2183869.37021118
143	17041563	69755	17047366	912209	17053169	1715420	17041563	0.84197	17047366	1.00527	17053169	1.07155	17041563	82847.3698587836	17047366	907426.860445453	17053169	1600877.23391349	17058161	65251	17063949	886235	17069752	1791767	17058161	0.84134	17063949	1.00544	17069752	1.0715	17058161	77556.0415527611	17063949	881439.966581795	17069752	1672204.38637424	17074729	40572	17080516	912220	17086304	2335124	17074729	0.84193	17080516	1.005	17086304	1.0722	17074729	48189.2793937738	17080516	907681.592039801	17086304	2177880.99235217
144	17161574	69598	17167362	909215	17173165	1703112	17161574	0.84153	17167362	1.00533	17173165	1.07194	17161574	82704.1222535144	17167362	904394.576905096	17173165	1588812.80668694	17178141	65058	17183913	883228	17189716	1775300	17178141	0.84101	17183913	1.00498	17189716	1.07165	17178141	77356.9874317785	17183913	878851.320424287	17189716	1656604.30177763	17194693	40983	17200481	914888	17206284	2332189	17194693	0.8419	17200481	1.00426	17206284	1.07232	17194693	48679.1780496496	17200481	911007.109712624	17206284	2174900.21635333
145	17281585	69559	17287373	908771	17293191	1689228	17281585	0.84207	17287373	1.00587	17293191	1.07137	17281585	82604.7715748097	17287373	903467.644924294	17293191	1576698.99287828	17298152	65369	17303940	882992	17309743	1760762	17298152	0.84154	17303940	1.00528	17309743	1.07188	17298152	77677.8287425434	17303940	878354.28935222	17309743	1642685.74840467	17314720	41427	17320507	911946	17326310	2325259	17314720	0.84215	17320507	1.00583	17326310	1.07223	17314720	49191.9491776999	17320507	906660.171201893	17326310	2168619.60586814
146	17401596	69399	17407399	907804	17413202	1674582	17401596	0.84134	17407399	1.00601	17413202	1.0727	17401596	82486.2718995888	17407399	902380.692040835	17413202	1561090.70569591	17418179	65745	17423982	882625	17429785	1744535	17418179	0.84217	17423982	1.00524	17429785	1.07208	17418179	78066.1861619388	17423982	878024.153435995	17429785	1627243.3027386	17434762	40858	17440534	911609	17446337	2319057	17434762	0.84168	17440534	1.00506	17446337	1.07177	17434762	48543.3894116529	17440534	907019.481423995	17446337	2163763.68064044
147	17521607	70148	17527395	906600	17533213	1661960	17521607	0.84215	17527395	1.00485	17533213	1.0722	17521607	83296.3248827406	17527395	902224.21256904	17533213	1550046.63309084	17538174	66202	17543962	883720	17549765	1731158	17538174	0.84194	17543962	1.00522	17549765	1.07167	17538174	78630.3061975913	17543962	879130.936511411	17549765	1615383.46692545	17554757	41580	17560545	909830	17566332	2319111	17554757	0.84153	17560545	1.00568	17566332	1.07219	17554757	49410.0032084418	17560545	904691.353114311	17566332	2162966.45184156
148	17641618	69605	17647421	907312	17653225	1651909	17641618	0.84149	17647421	1.00418	17653225	1.07327	17641618	82716.3721494017	17647421	903535.222768826	17653225	1539136.47078554	17658185	65722	17663973	883084	17669776	1717197	17658185	0.84203	17663973	1.00576	17669776	1.07167	17658185	78051.8508841728	17663973	878026.566974229	17669776	1602356.13575074	17674768	41622	17680540	910127	17686375	2316255	17674768	0.84141	17680540	1.00505	17686375	1.07155	17674768	49466.9661639391	17680540	905553.952539675	17686375	2161593.0194578
149	17761629	70380	17767417	907372	17773236	1639224	17761629	0.84176	17767417	1.00531	17773236	1.0721	17761629	83610.5303174302	17767417	902579.303896311	17773236	1528984.2365451	17778212	66223	17783984	882141	17789787	1702330	17778212	0.84191	17783984	1.00555	17789787	1.0716	17778212	78658.0513356535	17783984	877272.139625081	17789787	1588587.15938783	17794779	41724	17800567	911020	17806354	2308707	17794779	0.84134	17800567	1.00433	17806354	1.0722	17794779	49592.3170180902	17800567	907092.290382643	17806354	2153242.8651371
150	17881640	70117	17887428	907667	17893247	1625596	17881640	0.84171	17887428	1.00578	17893247	1.07176	17881640	83303.0378633971	17887428	902450.834178449	17893247	1516753.75083974	17898223	66882	17903995	883454	17909814	1686211	17898223	0.84197	17903995	1.00477	17909814	1.0719	17898223	79435.1342684419	17903995	879259.930133264	17909814	1573104.76723575	17914806	42257	17920578	911394	17926381	2306625	17914806	0.84177	17920578	1.00504	17926381	1.07181	17914806	50200.1734440524	17920578	906823.609010587	17926381	2152083.8581465
151	18001651	70400	18007439	906973	18013258	1614606	18001651	0.84158	18007439	1.00603	18013258	1.07254	18001651	83652.1780460562	18007439	901536.733497013	18013258	1505403.99425662	18018234	66945	18024037	881706	18029856	1669671	18018234	0.84174	18024037	1.00503	18029856	1.07172	18018234	79531.6843680947	18024037	877293.215127907	18029856	1557935.84145113	18034817	42252	18040604	910073	18046392	2299581	18034817	0.84191	18040604	1.00573	18046392	1.07167	18034817	50185.8868525139	18040604	904887.991806946	18046392	2145792.08151763
152	18121662	70231	18127450	905719	18133269	1598427	18121662	0.84226	18127450	1.00588	18133269	1.07179	18121662	83383.9906917104	18127450	900424.503916968	18133269	1491362.11384693	18138245	67413	18144017	880194	18149820	1656158	18138245	0.84199	18144017	1.00625	18149820	1.07228	18138245	80063.8962457986	18144017	874726.956521739	18149820	1544520.08803671	18154812	42594	18160584	908133	18166387	2298620	18154812	0.84228	18160584	1.00555	18166387	1.0725	18154812	50569.881749537	18160584	903120.680224753	18166387	2143235.43123543
153	18241673	70222	18247461	905987	18253280	1583936	18241673	0.84159	18247461	1.00525	18253280	1.07174	18241673	83439.6796539883	18247461	901255.409102213	18253280	1477910.68729356	18258240	67188	18264028	880848	18269816	1643034	18258240	0.84102	18264028	1.00452	18269816	1.07123	18258240	79888.7065705928	18264028	876884.482140724	18269816	1533782.66105318	18274792	42715	18280580	909511	18286383	2290489	18274792	0.84164	18280580	1.0054	18286383	1.07185	18274792	50752.1030369279	18280580	904626.019494728	18286383	2136949.19998134
154	18361684	70972	18367472	909808	18373291	1577149	18361684	0.84211	18367472	1.00591	18373291	1.07208	18361684	84278.7759318854	18367472	904462.625881043	18373291	1471111.29766435	18378267	67400	18384055	882027	18389858	1627936	18378267	0.84221	18384055	1.00566	18389858	1.07223	18378267	80027.5465738949	18384055	877062.824413818	18389858	1518271.26642605	18394834	43447	18400622	910238	18406409	2290943	18394834	0.84126	18400622	1.00624	18406409	1.0718	18394834	51645.1513206381	18400622	904593.337573541	18406409	2137472.47620825
155	18481695	70617	18487483	906160	18493286	1563536	18481695	0.84165	18487483	1.00546	18493286	1.07196	18481695	83903.0475851007	18487483	901239.233783542	18493286	1458576.81256763	18498262	67569	18504034	880762	18509838	1616512	18498262	0.84133	18504034	1.00498	18509838	1.07244	18498262	80312.12484994	18504034	876397.540249557	18509838	1507321.62172243	18514830	43531	18520617	911107	18526420	2282985	18514830	0.84198	18520617	1.0064	18526420	1.07216	18514830	51700.7529870068	18520617	905312.99682035	18526420	2129332.37576481
156	18601706	70978	18607494	906122	18613297	1551481	18601706	0.84104	18607494	1.00603	18613297	1.07242	18601706	84393.1323123752	18607494	900690.834269356	18613297	1446710.24412077	18618273	67658	18624045	878620	18629849	1597527	18618273	0.84153	18624045	1.00479	18629849	1.07168	18618273	80398.7974284933	18624045	874431.473243165	18629849	1490675.38817557	18634841	43823	18640613	907856	18646416	2279225	18634841	0.84177	18640613	1.00585	18646416	1.07258	18634841	52060.53910213	18640613	902575.930804792	18646416	2124993.00751459
157	18721717	70746	18727505	906296	18733324	1539909	18721717	0.8422	18727505	1.00596	18733324	1.07392	18721717	84001.4248397055	18727505	900926.478189988	18733324	1433914.07181168	18738284	67725	18744072	881019	18749875	1582835	18738284	0.84157	18744072	1.00581	18749875	1.07149	18738284	80474.5891607353	18744072	875929.847585528	18749875	1477227.97226292	18754852	44320	18760639	906803	18766442	2268371	18754852	0.84124	18760639	1.00611	18766442	1.07156	18754852	52684.1329466026	18760639	901296.080945424	18766442	2116886.59524432
158	18841728	70957	18847516	903860	18853335	1524678	18841728	0.84173	18847516	1.00563	18853335	1.07261	18841728	84299.0032433203	18847516	898799.757366029	18853335	1421465.39748837	18858311	68395	18864083	880650	18869886	1572893	18858311	0.84191	18864083	1.00581	18869886	1.07343	18858311	81237.8995379554	18864083	875562.979091478	18869886	1465296.29319099	18874878	44516	18880666	907739	18886469	2267106	18874878	0.8425	18880666	1.00703	18886469	1.07271	18874878	52837.9821958457	18880666	901402.142935166	18886469	2113437.92823783
159	18961739	71369	18967527	906227	18973346	1512734	18961739	0.84202	18967527	1.00664	18973346	1.07295	18961739	84759.2693760243	18967527	900249.344353493	18973346	1409883.03276015	18978306	68628	18984094	881477	18989897	1560917	18978306	0.84222	18984094	1.00599	18989897	1.07303	18978306	81484.6477167486	18984094	876228.391932325	18989897	1454681.6025647	18994889	44656	19000661	908985	19006464	2264031	18994889	0.84176	19000661	1.00544	19006464	1.07269	18994889	53050.7508078312	19000661	904066.876193507	19006464	2110610.70766018
160	19081750	71132	19087522	902684	19093357	1503039	19081750	0.84146	19087522	1.00534	19093357	1.07263	19081750	84534.0241960402	19087522	897889.271291305	19093357	1401265.11471803	19098317	68440	19104105	880070	19109908	1544800	19098317	0.84228	19104105	1.00525	19109908	1.0723	19098317	81255.6394548131	19104105	875473.762745586	19109908	1440641.61148932	19114900	44769	19120688	908444	19126475	2259871	19114900	0.84236	19120688	1.00559	19126475	1.07298	19114900	53147.110499074	19120688	903394.027386907	19126475	2106163.20900669
161	19201761	71492	19207549	903302	19213352	1491469	19201761	0.84212	19207549	1.00569	19213352	1.0728	19201761	84895.2643328742	19207549	898191.291551075	19213352	1390258.20283371	19218328	68444	19224116	879495	19229919	1525767	19218328	0.84188	19224116	1.0069	19229919	1.07278	19218328	81298.9974818264	19224116	873468.070314828	19229919	1422255.26202949	19234896	45108	19240683	907538	19246487	2252522	19234896	0.84162	19240683	1.00595	19246487	1.07246	19234896	53596.6350609539	19240683	902170.08797654	19246487	2100331.94711225
162	19321772	71704	19327560	902731	19333363	1477433	19321772	0.8425	19327560	1.00651	19333363	1.07295	19321772	85108.6053412463	19327560	896892.231572463	19333363	1376982.15201081	19338339	68867	19344127	880380	19349930	1515134	19338339	0.84296	19344127	1.00603	19349930	1.07435	19338339	81696.6404099839	19344127	875103.128137332	19349930	1410279.70400707	19354907	45444	19360694	904040	19366498	2241842	19354907	0.84171	19360694	1.00564	19366498	1.07263	19354907	53990.0915992444	19360694	898969.810270077	19366498	2090042.23264313
163	19441783	72277	19447571	901143	19453374	1464429	19441783	0.84269	19447571	1.00588	19453374	1.07217	19441783	85769.3813858002	19447571	895875.253509365	19453374	1365855.2281821	19458350	69162	19464138	879486	19469941	1501205	19458350	0.84201	19464138	1.00587	19469941	1.0742	19458350	82139.1669932661	19464138	874353.544692654	19469941	1397509.77471607	19474918	45890	19480705	906039	19486509	2238214	19474918	0.84292	19480705	1.00595	19486509	1.07207	19474918	54441.7026526835	19480705	900679.954272081	19486509	2087749.86707958
164	19561794	71893	19567582	899848	19573401	1450511	19561794	0.84167	19567582	1.00576	19573401	1.07199	19561794	85417.0874570794	19567582	894694.559338212	19573401	1353101.24161606	19578377	69578	19584165	877025	19589952	1487007	19578377	0.84185	19584165	1.00593	19589952	1.07202	19578377	82648.9279562868	19584165	871854.900440388	19589952	1387107.51665081	19594929	46009	19600701	906528	19606504	2229304	19594929	0.84155	19600701	1.00511	19606504	1.07171	19594929	54671.736676371	19600701	901919.192924158	19606504	2080137.35058925
165	19681805	72185	19687593	900509	19693412	1444038	19681805	0.84188	19687593	1.00421	19693412	1.07176	19681805	85742.6236518269	19687593	896733.750908674	19693412	1347352.01910876	19698388	69528	19704176	878600	19709979	1473956	19698388	0.8419	19704176	1.00578	19709979	1.07263	19698388	82584.6300035634	19704176	873550.875937084	19709979	1374151.38491372	19714971	46520	19720743	906067	19726546	2228162	19714971	0.84195	19720743	1.00588	19726546	1.07269	19714971	55252.6872142051	19720743	900770.469638526	19726546	2077172.34242885
166	19801816	72003	19807604	900308	19813407	1434365	19801816	0.84204	19807604	1.00584	19813407	1.07304	19801816	85510.1895396893	19807604	895080.728545295	19813407	1336730.22440916	19818399	69488	19824171	878768	19829974	1458031	19818399	0.84188	19824171	1.0057	19829974	1.07177	19818399	82539.079203687	19824171	873787.411753008	19829974	1360395.42065928	19834966	47069	19840754	905758	19846557	2225449	19834966	0.8421	19840754	1.00586	19846557	1.07138	19834966	55894.7868424178	19840754	900481.180283539	19846557	2077179.89882208
167	19921827	72843	19927599	899308	19933418	1423468	19921827	0.84197	19927599	1.00614	19933418	1.07249	19921827	86514.9589652838	19927599	893819.945534419	19933418	1327255.26578336	19938395	69566	19944182	876698	19949985	1445531	19938395	0.84139	19944182	1.00486	19949985	1.07212	19938395	82679.8511986118	19944182	872457.854825548	19949985	1348292.16878708	19954962	46700	19960765	905194	19966568	2214035	19954962	0.84163	19960765	1.00566	19966568	1.07201	19954962	55487.5657949455	19960765	900099.43718553	19966568	2065311.89074729
168	20041838	72211	20047626	899990	20053445	1411936	20041838	0.84254	20047626	1.00506	20053445	1.07269	20041838	85706.316614048	20047626	895458.977573478	20053445	1316257.25978615	20058421	69853	20064209	874632	20070043	1433228	20058421	0.84216	20064209	1.00505	20070043	1.07317	20058421	82945.0460720053	20064209	870237.301626785	20070043	1335508.8196651	20075020	47493	20080792	904315	20086595	2209891	20075020	0.8418	20080792	1.00534	20086595	1.07297	20075020	56418.3891660727	20080792	899511.60801321	20086595	2059601.8528011
169	20161849	71998	20167637	898604	20173440	1399585	20161849	0.84174	20167637	1.00542	20173440	1.07265	20161849	85534.7256872669	20167637	893759.821766028	20173440	1304791.87060085	20178432	70034	20184204	875813	20190023	1420804	20178432	0.84148	20184204	1.00525	20190023	1.07218	20178432	83227.1711745971	20184204	871238.995274807	20190023	1325154.35840997	20194999	47688	20200787	902775	20206606	2200184	20194999	0.84159	20200787	1.00575	20206606	1.07176	20194999	56664.1713898692	20200787	897613.721103654	20206606	2052870.04553258
170	20281860	72457	20287648	898052	20293451	1388177	20281860	0.84219	20287648	1.00503	20293451	1.07292	20281860	86034.0303256985	20287648	893557.40624658	20293451	1293830.85411773	20298428	69754	20304215	879425	20310018	1412819	20298428	0.84144	20304215	1.00573	20310018	1.07372	20298428	82898.3647081194	20304215	874414.604317262	20310018	1315816.97276757	20315010	48024	20320782	902940	20326601	2199522	20315010	0.84215	20320782	1.00535	20326601	1.07252	20315010	57025.4705218785	20320782	898134.977868404	20326601	2050798.12031477
171	20401871	72543	20407659	902213	20413462	1380690	20401871	0.84146	20407659	1.0062	20413462	1.0724	20401871	86210.8715803485	20407659	896653.746770026	20413462	1287476.68780306	20418439	70325	20424226	877892	20430029	1398303	20418439	0.84137	20424226	1.00601	20430029	1.07164	20418439	83583.916707275	20424226	872647.389190962	20430029	1304825.31447128	20435006	48753	20440793	905120	20446597	2188846	20435006	0.8416	20440793	1.00529	20446597	1.07211	20435006	57928.9448669202	20440793	900357.110883427	20446597	2041624.46017666
172	20521882	72759	20527670	898826	20533473	1368632	20521882	0.84167	20527670	1.00474	20533473	1.07163	20521882	86445.99427329	20527670	894585.663952864	20533473	1277149.76251131	20538450	70248	20544237	877511	20550040	1384305	20538450	0.84179	20544237	1.00548	20550040	1.07303	20538450	83450.7418714882	20544237	872728.448104388	20550040	1290089.74585985	20555001	48925	20560789	902788	20566608	2183210	20555001	0.84197	20560789	1.00542	20566608	1.07229	20555001	58107.7710607266	20560789	897921.2667343	20566608	2036025.70200226
173	20641893	72374	20647681	902039	20653500	1360594	20641893	0.84172	20647681	1.00522	20653500	1.07247	20641893	85983.4624340636	20647681	897354.807902748	20653500	1268654.6010611	20658476	70763	20664264	875376	20670067	1372441	20658476	0.84234	20664264	1.00466	20670067	1.07188	20658476	84007.6453688534	20664264	871315.668982541	20670067	1280405.45583461	20675059	48590	20680847	904968	20686634	2172058	20675059	0.84198	20680847	1.00567	20686634	1.07213	20675059	57709.2092448752	20680847	899865.761134368	20686634	2025927.82591663
174	20761904	72552	20767692	898750	20773495	1348197	20761904	0.84236	20767692	1.00622	20773495	1.07334	20761904	86129.4458426326	20767692	893194.331259566	20773495	1256076.35977416	20778472	71132	20784259	875092	20790078	1360923	20778472	0.84237	20784259	1.00581	20790078	1.07285	20778472	84442.7033251422	20784259	870037.084538829	20790078	1268511.907536	20795054	49645	20800842	901506	20806661	2168971	20795054	0.84256	20800842	1.00592	20806661	1.07266	20795054	58921.6198252944	20800842	896200.493080961	20806661	2022048.92510208
175	20881915	72957	20887703	897683	20893506	1341412	20881915	0.8426	20887703	1.00616	20893506	1.07358	20881915	86585.5684785189	20887703	892187.127295858	20893506	1249475.58635593	20898498	70926	20904301	877649	20910105	1349140	20898498	0.84192	20904301	1.0058	20910105	1.07204	20898498	84243.1584948689	20904301	872587.989659972	20910105	1258479.16122533	20915081	49822	20920869	904374	20926672	2162811	20915081	0.84233	20920869	1.00694	20926672	1.07294	20915081	59147.8399202213	20920869	898140.902139155	20926672	2015780.00633773
176	21001926	72726	21007730	898811	21013533	1331678	21001926	0.84178	21007730	1.00569	21013533	1.07285	21001926	86395.4952600442	21007730	893725.700762661	21013533	1241252.73803421	21018509	70972	21024297	875991	21030116	1339221	21018509	0.84156	21024297	1.00534	21030116	1.0727	21018509	84333.8561718713	21024297	871338.054787435	21030116	1248458.09639228	21035092	49974	21040880	902597	21046683	2156446	21035092	0.84235	21040880	1.0063	21046683	1.07298	21035092	59326.8831245919	21040880	896946.238696214	21046683	2009772.7823445
177	21121937	72754	21127725	898378	21133544	1319678	21121937	0.84212	21127725	1.00649	21133544	1.07291	21121937	86393.8631073956	21127725	892585.122554621	21133544	1229998.78834199	21138520	71345	21144308	874078	21150095	1328523	21138520	0.84203	21144308	1.00569	21150095	1.07279	21138520	84729.7602223199	21144308	869132.635305114	21150095	1238381.2302501	21155087	50363	21160875	903968	21166678	2146752	21155087	0.84233	21160875	1.00647	21166678	1.07247	21155087	59790.1060154571	21160875	898156.924697209	21166678	2001689.55774987
178	21241948	73462	21247736	898506	21253539	1311403	21241948	0.8418	21247736	1.00618	21253539	1.07349	21241948	87267.7595628415	21247736	892987.338249617	21253539	1221625.72543759	21258516	71317	21264303	875815	21270106	1315762	21258516	0.84193	21264303	1.00552	21270106	1.07257	21258516	84706.5670542682	21264303	871007.041132946	21270106	1226737.64882479	21275083	50716	21280870	901405	21286674	2140194	21275083	0.84164	21280870	1.00597	21286674	1.07263	21275083	60258.5428449218	21280870	896055.548376194	21286674	1995277.02935775
179	21361959	73817	21367747	896621	21373550	1300981	21361959	0.8425	21367747	1.00609	21373550	1.0723	21361959	87616.6172106825	21367747	891193.630788498	21373550	1213262.14678728	21378527	72037	21384314	877419	21390117	1305046	21378527	0.84181	21384314	1.00565	21390117	1.07227	21378527	85573.9418633658	21384314	872489.434693979	21390117	1217087.11425294	21395109	51228	21400881	901042	21406700	2131362	21395109	0.8417	21400881	1.00587	21406700	1.07193	21395109	60862.5400974219	21400881	895783.749391074	21406700	1988340.65657272
180	21481970	72717	21487758	898746	21493561	1293052	21481970	0.84195	21487758	1.0059	21493561	1.07312	21481970	86367.3614822733	21487758	893474.500447361	21493561	1204946.32473535	21498538	71842	21504325	876554	21510113	1296478	21498538	0.84192	21504325	1.00648	21510113	1.07284	21498538	85331.1478525276	21504325	870910.499960258	21510113	1208454.19633869	21515105	51196	21520892	902390	21526696	2127562	21515105	0.84228	21520892	1.00621	21526696	1.07349	21515105	60782.6376026974	21520892	896820.743184822	21526696	1981911.33592302
181	21601981	73815	21607769	897936	21613572	1284274	21601981	0.84228	21607769	1.00538	21613572	1.07245	21601981	87637.1277959823	21607769	893130.955459627	21613572	1197514.1032216	21618549	72210	21624336	874908	21630139	1286558	21618549	0.84214	21624336	1.00633	21630139	1.07321	21618549	85745.8379841831	21624336	869404.66844872	21630139	1198794.27139143	21635116	52281	21640904	901480	21646707	2118336	21635116	0.84166	21640904	1.00545	21646707	1.0727	21635116	62116.531616092	21640904	896593.565070367	21646707	1974770.20602219
182	21721992	73683	21727780	896412	21733583	1272757	21721992	0.84171	21727780	1.00511	21733583	1.07223	21721992	87539.6514238871	21727780	891854.622877098	21733583	1187018.64338808	21738560	71988	21744332	876235	21750151	1272344	21738560	0.8414	21744332	1.00586	21750151	1.07194	21738560	85557.4043261231	21744332	871130.177161832	21750151	1186954.49372166	21755127	52446	21760915	903051	21766702	2109598	21755127	0.84226	21760915	1.00492	21766702	1.07134	21755127	62268.1832213331	21760915	898629.741670979	21766702	1969120.91399556
183	21842003	73386	21847791	896425	21853579	1268700	21842003	0.84132	21847791	1.00489	21853579	1.07285	21842003	87227.2143774069	21847791	892062.812845187	21853579	1182551.14880925	21858555	72096	21864343	875476	21870146	1261282	21858555	0.84131	21864343	1.00535	21870146	1.07189	21858555	85694.9281477695	21864343	870817.128363256	21870146	1176689.77227141	21875138	52391	21880910	903780	21886713	2097904	21875138	0.84209	21880910	1.00668	21886713	1.07191	21875138	62215.4401548528	21880910	897782.810823698	21886713	1957164.31416817
184	21962014	74051	21967786	894163	21973605	1257809	21962014	0.84149	21967786	1.00545	21973605	1.07261	21962014	87999.8573958098	21967786	889316.22656522	21973605	1172662.01135548	21978597	72366	21984385	876419	21990173	1253069	21978597	0.84148	21984385	1.00568	21990173	1.07302	21978597	85998.4788705614	21984385	871469.055763265	21990173	1167796.49959926	21995165	52834	22000952	897758	22006755	2088990	21995165	0.84224	22000952	1.0047	22006755	1.07178	21995165	62730.3381458967	22000952	893558.276102319	22006755	1949084.70021833
185	22082025	73461	22087813	896506	22093616	1248263	22082025	0.8421	22087813	1.00547	22093616	1.07223	22082025	87235.482721767	22087813	891628.790515878	22093616	1164174.66401798	22098593	72630	22104380	875044	22110184	1242364	22098593	0.84175	22104380	1.00502	22110184	1.07122	22098593	86284.5262845263	22104380	870673.220433424	22110184	1159765.50101753	22115144	52886	22120932	900139	22126735	2084029	22115144	0.84093	22120932	1.00543	22126735	1.07275	22115144	62889.8957107013	22120932	895277.642401759	22126735	1942697.73945467
186	22202036	73860	22207824	896238	22213643	1241748	22202036	0.84232	22207824	1.00507	22213643	1.07206	22202036	87686.3899705575	22207824	891716.994836181	22213643	1158282.18569856	22218619	73122	22224391	873576	22230195	1233730	22218619	0.84169	22224391	1.00508	22230195	1.07241	22218619	86875.2153405648	22224391	869160.663827755	22230195	1150427.54170513	22235171	53258	22240959	899894	22246777	2074093	22235171	0.8417	22240959	1.00499	22246777	1.07313	22235171	63274.3257692765	22240959	895425.825132589	22246777	1932750.92486465
187	22322048	74066	22327835	898388	22333638	1231677	22322048	0.8418	22327835	1.00543	22333638	1.07231	22322048	87985.2696602518	22327835	893536.098982525	22333638	1148620.26839254	22338615	72812	22344402	878515	22350206	1224942	22338615	0.84195	22344402	1.00497	22350206	1.07248	22338615	86480.1947859137	22344402	874170.373244973	22350206	1142158.3619275	22355182	53933	22360970	899970	22366773	2063420	22355182	0.84196	22360970	1.00533	22366773	1.07183	22355182	64056.4872440496	22360970	895198.591507266	22366773	1925137.38186093
188	22442059	73999	22447831	895846	22453649	1226573	22442059	0.84214	22447831	1.00548	22453649	1.07237	22442059	87870.187854751	22447831	890963.519910888	22453649	1143796.45085185	22458641	72985	22464413	874696	22470217	1212225	22458641	0.8415	22464413	1.00575	22470217	1.07263	22458641	86732.0261437909	22464413	869695.252299279	22470217	1130142.73328175	22475177	53654	22480965	900008	22486753	2055680	22475177	0.84088	22480965	1.00513	22486753	1.07173	22475177	63806.9641328133	22480965	895414.523494473	22486753	1918095.04259468
189	22562070	74445	22567873	896973	22573676	1213989	22562070	0.84192	22567873	1.0051	22573676	1.07168	22562070	88422.8905359179	22567873	892421.649587106	22573676	1132790.57181248	22578637	73116	22584424	875847	22590228	1205195	22578637	0.84199	22584424	1.00534	22590228	1.07267	22578637	86837.1358329671	22584424	871194.819663	22590228	1123546.85038269	22595188	54129	22600976	901069	22606779	2046260	22595188	0.84119	22600976	1.00601	22606779	1.07199	22595188	64348.1258693042	22600976	895685.927575273	22606779	1908842.43323165
190	22682081	74495	22687868	895470	22693671	1207538	22682081	0.84247	22687868	1.00577	22693671	1.07267	22682081	88424.5136325329	22687868	890332.779860207	22693671	1125731.11954282	22698648	73243	22704435	876387	22710239	1196897	22698648	0.84219	22704435	1.00585	22710239	1.07267	22698648	86967.3114142889	22704435	871289.953770443	22710239	1115811.01363886	22715215	54887	22721018	899101	22726821	2036360	22715215	0.84181	22721018	1.00593	22726821	1.07286	22715215	65201.1736615151	22721018	893800.761484398	22726821	1898066.84935593
191	22802092	74355	22807879	895704	22813682	1200288	22802092	0.84034	22807879	1.00584	22813682	1.07204	22802092	88482.0429826023	22807879	890503.459794798	22813682	1119629.86455729	22818674	73761	22824462	875439	22830281	1186884	22818674	0.8421	22824462	1.00495	22830281	1.07238	22818674	87591.7349483434	22824462	871126.9217374	22830281	1106775.58328205	22835257	54959	22841045	899321	22846848	2026129	22835257	0.8412	22841045	1.00486	22846848	1.07137	22835257	65334.0466000951	22841045	894971.438807396	22846848	1891157.11658904
192	22922103	74788	22927890	896353	22933693	1194885	22922103	0.84176	22927890	1.0052	22933693	1.07359	22922103	88847.1773427105	22927890	891716.076402706	22933693	1112980.74684004	22938685	73720	22944473	876712	22950261	1180197	22938685	0.84185	22944473	1.00622	22950261	1.07348	22938685	87569.0443665736	22944473	871292.560275089	22950261	1099412.19212282	22955253	55091	22961040	900818	22966843	2018652	22955253	0.84199	22961040	1.00605	22966843	1.07252	22955253	65429.5181652989	22961040	895400.825008697	22966843	1882157.90847723
193	23042114	74434	23047901	895415	23053704	1186060	23042114	0.84174	23047901	1.00555	23053704	1.07293	23042114	88428.7309620548	23047901	890472.875540749	23053704	1105440.24307271	23058681	73420	23064468	873878	23070272	1168930	23058681	0.84224	23064468	1.00497	23070272	1.07266	23058681	87172.302431611	23064468	869556.305163338	23070272	1089748.84865661	23075248	55341	23081020	899103	23086839	2006747	23075248	0.8414	23081020	1.00527	23086839	1.07187	23075248	65772.5219871643	23081020	894389.566982005	23086839	1872192.52334705
194	23162125	74585	23167912	897003	23173715	1177208	23162125	0.84128	23167912	1.00521	23173715	1.07249	23162125	88656.5709395207	23167912	892353.836511774	23173715	1097640.0712361	23178707	73766	23184479	876901	23190283	1161377	23178707	0.84154	23184479	1.00555	23190283	1.07301	23178707	87655.9640658792	23184479	872061.061110835	23190283	1082354.31170259	23195259	55956	23201047	899502	23206850	1995204	23195259	0.84169	23201047	1.00558	23206850	1.07267	23195259	66480.5332129406	23201047	894510.630680801	23206850	1860035.23916955
195	23282136	75085	23287923	895320	23293726	1172805	23282136	0.8424	23287923	1.00526	23293726	1.07348	23282136	89132.2412155745	23287923	890635.258540079	23293726	1092526.1765473	23298703	74278	23304506	875718	23310294	1152403	23298703	0.8416	23304506	1.00646	23310294	1.07285	23298703	88258.0798479087	23304506	870097.172267154	23310294	1074151.09288344	23315286	56070	23321073	900907	23326876	1985480	23315286	0.84197	23321073	1.00641	23326876	1.07336	23315286	66593.8216325997	23321073	895168.96692203	23326876	1849780.12968622
196																																																						
197																																																						
198																																																						
199																																																						
200																																																						
201																																																						
202																																																						
203																																																						
204																																																						
205																																																						
206																																																						
207																																																						
208																																																						
209																																																						
210																																																						
211																																																						
212																																																						
213																																																						
214																																																						
215																																																						
216																																																						
217																																																						
218																																																						
219																																																						
220																																																						
221																																																						
222																																																						
223																																																						
224																																																						
225																																																						
226																																																						
227																																																						
228																																																						
229																																																						
230																																																						
231																																																						
232																																																						
233																																																						
234																																																						
235																																																						
236																																																						
237																																																						
238																																																						
239																																																						
240																																																						
241																																																						
242																																																						
243																																																						
244																																																						
245																																																						
246																																																						
247																																																						
248																																																						
249																																																						
250																																																						
251																																																						
252																																																						
253																																																						
254																																																						
255																																																						
256																																																						
257																																																						
258																																																						
259																																																						
260																																																						
261																																																						
262																																																						
263																																																						
264																																																						
265																																																						
266																																																						
267																																																						
268																																																						
269																																																						
270																																																						
271																																																						
272																																																						
273																																																						
274																																																						
275																																																						
276																																																						
277																																																						
278																																																						
279																																																						
280																																																						
281																																																						
282																																																						
283																																																						
284																																																						
285																																																						
286																																																						
287																																																						
288																																																						
289																																																						
290																																																						
291																																																						
292																																																						
293																																																						
294																																																						
295																																																						
296																																																						
297																																																						
298																																																						
299																																																						
300																																																						
301																																																						