HJY Multigroup Import
Application Version:	3.5.1.20
SystemConfiguration::	FL3-11_1602C-0213-FL
Experiment Time Stamp:	9/18/2025 2:13 PM
Export Time Stamp:	9/19/2025 10:23 AM
Experiment Comment:	None

Integration Time:	1
Time Sequence Interval Points:	301
Time Sequence Experiment Duration:	10:00:00	36000000 (ms)
Repetition Time Sequence Enabled:	False
Repetition Time Sequence Count:	2
Repetition Time Sequence Delay:	0 seconds
Time Sequence Interval Total Points:	301
Time Sequence Experiment Duration Total:	10:00:00	36000000 (ms)

Mono Count:	2
Mono Description:	Excitation 1 (Mono1)	Emission 1 (Mono2)
Mono Slit Width:		5	5
Mono Grating Index:		0	0
Mono Grating Value:		1200	1200

Mono Wavelength Group Count:	3
Mono Wavelength Group Description:	Group 1:(Excitation 1:596 Emission 1:615)	Group 2:(Excitation 1:549 Emission 1:565)	Group 3:(Excitation 1:495 Emission 1:520)

Detector Count:	3
Detector Description:	S1 (SCD1)	R (SCD2)	S1/R (SCD1/SCD2)
Detector High Voltage:	950	None	None

Accessory Sequential Type:	Temperature Controller
Accessory Sequential Description:	Temperature Control (TC1)
Accessory Sequential Scan Position Count:	1
Accessory Sequential Scan Positions:		37

Accessory Interleave Type:	Sample Changer
Accessory Interleave Description:	Sample Changer - 4 Position (SCH1)
Accessory Interleave Scan Position Count:	3
Accessory Interleave Scan Positions:	1	2	3

Axis	X	Y	X	Y	X	Y	X	Y	X	Y	X	Y	X	Y	X	Y	X	Y	X	Y	X	Y	X	Y	X	Y	X	Y	X	Y	X	Y	X	Y	X	Y	X	Y	X	Y	X	Y	X	Y	X	Y	X	Y	X	Y	X	Y	X	Y
Sequential: Temperature Controller	Idx:0(Pos:37.00)	Idx:0(Pos:37.00)	Idx:0(Pos:37.00)	Idx:0(Pos:37.00)	Idx:0(Pos:37.00)	Idx:0(Pos:37.00)	Idx:0(Pos:37.00)	Idx:0(Pos:37.00)	Idx:0(Pos:37.00)	Idx:0(Pos:37.00)	Idx:0(Pos:37.00)	Idx:0(Pos:37.00)	Idx:0(Pos:37.00)	Idx:0(Pos:37.00)	Idx:0(Pos:37.00)	Idx:0(Pos:37.00)	Idx:0(Pos:37.00)	Idx:0(Pos:37.00)	Idx:0(Pos:37.00)	Idx:0(Pos:37.00)	Idx:0(Pos:37.00)	Idx:0(Pos:37.00)	Idx:0(Pos:37.00)	Idx:0(Pos:37.00)	Idx:0(Pos:37.00)	Idx:0(Pos:37.00)	Idx:0(Pos:37.00)	Idx:0(Pos:37.00)	Idx:0(Pos:37.00)	Idx:0(Pos:37.00)	Idx:0(Pos:37.00)	Idx:0(Pos:37.00)	Idx:0(Pos:37.00)	Idx:0(Pos:37.00)	Idx:0(Pos:37.00)	Idx:0(Pos:37.00)	Idx:0(Pos:37.00)	Idx:0(Pos:37.00)	Idx:0(Pos:37.00)	Idx:0(Pos:37.00)	Idx:0(Pos:37.00)	Idx:0(Pos:37.00)	Idx:0(Pos:37.00)	Idx:0(Pos:37.00)	Idx:0(Pos:37.00)	Idx:0(Pos:37.00)	Idx:0(Pos:37.00)	Idx:0(Pos:37.00)	Idx:0(Pos:37.00)	Idx:0(Pos:37.00)	Idx:0(Pos:37.00)	Idx:0(Pos:37.00)	Idx:0(Pos:37.00)	Idx:0(Pos:37.00)
Interleave: Sample Changer	Idx:0(Pos:1)	Idx:0(Pos:1)	Idx:0(Pos:1)	Idx:0(Pos:1)	Idx:0(Pos:1)	Idx:0(Pos:1)	Idx:0(Pos:1)	Idx:0(Pos:1)	Idx:0(Pos:1)	Idx:0(Pos:1)	Idx:0(Pos:1)	Idx:0(Pos:1)	Idx:0(Pos:1)	Idx:0(Pos:1)	Idx:0(Pos:1)	Idx:0(Pos:1)	Idx:0(Pos:1)	Idx:0(Pos:1)	Idx:1(Pos:2)	Idx:1(Pos:2)	Idx:1(Pos:2)	Idx:1(Pos:2)	Idx:1(Pos:2)	Idx:1(Pos:2)	Idx:1(Pos:2)	Idx:1(Pos:2)	Idx:1(Pos:2)	Idx:1(Pos:2)	Idx:1(Pos:2)	Idx:1(Pos:2)	Idx:1(Pos:2)	Idx:1(Pos:2)	Idx:1(Pos:2)	Idx:1(Pos:2)	Idx:1(Pos:2)	Idx:1(Pos:2)	Idx:2(Pos:3)	Idx:2(Pos:3)	Idx:2(Pos:3)	Idx:2(Pos:3)	Idx:2(Pos:3)	Idx:2(Pos:3)	Idx:2(Pos:3)	Idx:2(Pos:3)	Idx:2(Pos:3)	Idx:2(Pos:3)	Idx:2(Pos:3)	Idx:2(Pos:3)	Idx:2(Pos:3)	Idx:2(Pos:3)	Idx:2(Pos:3)	Idx:2(Pos:3)	Idx:2(Pos:3)	Idx:2(Pos:3)
Detector	S1 (SCD1)	S1 (SCD1)	S1 (SCD1)	S1 (SCD1)	S1 (SCD1)	S1 (SCD1)	R (SCD2)	R (SCD2)	R (SCD2)	R (SCD2)	R (SCD2)	R (SCD2)	S1/R (SCD1/SCD2)	S1/R (SCD1/SCD2)	S1/R (SCD1/SCD2)	S1/R (SCD1/SCD2)	S1/R (SCD1/SCD2)	S1/R (SCD1/SCD2)	S1 (SCD1)	S1 (SCD1)	S1 (SCD1)	S1 (SCD1)	S1 (SCD1)	S1 (SCD1)	R (SCD2)	R (SCD2)	R (SCD2)	R (SCD2)	R (SCD2)	R (SCD2)	S1/R (SCD1/SCD2)	S1/R (SCD1/SCD2)	S1/R (SCD1/SCD2)	S1/R (SCD1/SCD2)	S1/R (SCD1/SCD2)	S1/R (SCD1/SCD2)	S1 (SCD1)	S1 (SCD1)	S1 (SCD1)	S1 (SCD1)	S1 (SCD1)	S1 (SCD1)	R (SCD2)	R (SCD2)	R (SCD2)	R (SCD2)	R (SCD2)	R (SCD2)	S1/R (SCD1/SCD2)	S1/R (SCD1/SCD2)	S1/R (SCD1/SCD2)	S1/R (SCD1/SCD2)	S1/R (SCD1/SCD2)	S1/R (SCD1/SCD2)
WL Group	1	1	2	2	3	3	1	1	2	2	3	3	1	1	2	2	3	3	1	1	2	2	3	3	1	1	2	2	3	3	1	1	2	2	3	3	1	1	2	2	3	3	1	1	2	2	3	3	1	1	2	2	3	3
Units	(ms)	CPS	(ms)	CPS	(ms)	CPS	(ms)	MicroAmps	(ms)	MicroAmps	(ms)	MicroAmps	(ms)	CPS	(ms)	CPS	(ms)	CPS	(ms)	CPS	(ms)	CPS	(ms)	CPS	(ms)	MicroAmps	(ms)	MicroAmps	(ms)	MicroAmps	(ms)	CPS	(ms)	CPS	(ms)	CPS	(ms)	CPS	(ms)	CPS	(ms)	CPS	(ms)	MicroAmps	(ms)	MicroAmps	(ms)	MicroAmps	(ms)	CPS	(ms)	CPS	(ms)	CPS
1	0	119024	5803	1401098	11606	3585120	0	0.83482	5803	1.00311	11606	1.04964	0	142574.44718622	5803	1396754.09476528	11606	3415571.05293243	16582	121690	22354	1431256	28158	3651393	16582	0.83491	22354	1.00311	28158	1.05012	16582	145752.236768035	22354	1426818.59417212	28158	3477119.75774197	33134	119048	38922	1509018	44725	3700891	33134	0.83474	38922	1.00318	44725	1.0496	33134	142616.862735702	38922	1504234.5341813	44725	3526001.33384146
2	120011	118006	125814	1197390	131617	3472715	120011	0.83497	125814	1.00288	131617	1.04921	120011	141329.628609411	125814	1193951.41991066	131617	3309837.87802251	136578	120567	142365	1219522	148169	3525344	136578	0.83473	142365	1.00315	148169	1.04876	136578	144438.321373378	142365	1215692.56840951	148169	3361440.1769709	153145	117724	158933	1241081	164736	3554605	153145	0.83475	158933	1.00364	164736	1.04995	153145	141029.050613956	158933	1236579.84934837	164736	3385499.30949093
3	240022	117928	245809	1164884	251628	3446499	240022	0.83451	245809	1.00298	251628	1.04874	240022	141314.064540868	245809	1161422.95958045	251628	3286323.58830597	256589	120274	262376	1180366	268180	3504248	256589	0.83472	262376	1.00286	268180	1.04904	256589	144089.035844355	262376	1176999.78062741	268180	3340433.15793487	273156	117780	278944	1191583	284747	3515829	273156	0.83502	278944	1.003	284747	1.04903	273156	141050.513760149	278944	1188018.94317049	284747	3351504.72341115
4	360033	118191	365836	1154622	371639	3440795	360033	0.83464	365836	1.00273	371639	1.04872	360033	141607.159973162	365836	1151478.46379384	371639	3280947.24998093	376615	120405	382403	1172218	388206	3488855	376615	0.83489	382403	1.00226	388206	1.0489	376615	144216.603384877	382403	1169574.76104005	388206	3326203.64191057	393183	116950	398970	1181752	404773	3509156	393183	0.83506	398970	1.00304	404773	1.04913	393183	140049.816779633	398970	1178170.36209922	404773	3344824.75956268
5	480044	118307	485831	1149955	491634	3435051	480044	0.83406	485831	1.0034	491634	1.04815	480044	141844.711411649	485831	1146058.40143512	491634	3277251.34761246	496611	120603	502398	1165513	508186	3481288	496611	0.834	502398	1.00265	508186	1.04924	496611	144607.913669065	502398	1162432.55373261	508186	3317913.91864588	513162	117936	518950	1173330	524753	3492552	513162	0.83461	518950	1.0026	524753	1.04873	513162	141306.718107859	518950	1170287.25314183	524753	3330268.03848464
6	600055	118004	605842	1147784	611661	3425194	600055	0.83483	605842	1.00248	611661	1.04838	600055	141350.933723033	605842	1144944.53754688	611661	3267130.23903546	616637	122165	622425	1163276	628228	3474939	616637	0.83506	622425	1.0026	628228	1.04856	616637	146294.877014825	622425	1160259.32575304	628228	3314010.64316777	633205	118349	638992	1172417	644795	3483040	633205	0.83465	638992	1.00251	644795	1.04867	633205	141794.76427245	638992	1169481.60118104	644795	3321388.04390323
7	720066	118288	725853	1147792	731672	3422173	720066	0.83455	725853	1.00314	731672	1.04968	720066	141738.661554131	725853	1144199.21446658	731672	3260205.96753296	736695	121169	742483	1164816	748286	3476080	736695	0.83463	742483	1.00311	748286	1.04944	736695	145176.90473623	742483	1161204.65352753	748286	3312318.95105961	753262	117508	759050	1171928	764853	3480040	753262	0.83461	759050	1.00365	764853	1.04841	753262	140793.903739471	759050	1167666.01903054	764853	3319350.25419445
8	840077	117730	845880	1146951	851683	3424950	840077	0.83429	845880	1.00284	851683	1.04918	840077	141114.001126707	845880	1143702.88380998	851683	3264406.48887703	856659	120692	862463	1164161	868266	3464603	856659	0.83362	862463	1.00275	868266	1.04802	856659	144780.595475157	862463	1160968.33707305	868266	3305855.80427854	873242	118455	879030	1171591	884849	3483242	873242	0.83486	879030	1.00303	884849	1.04863	873242	141886.064729416	879030	1168051.8030368	884849	3321707.37056922
9	960088	118211	965875	1147293	971694	3415192	960088	0.83532	965875	1.00311	971694	1.04846	960088	141515.826270172	965875	1143735.98109878	971694	3257341.24334739	976655	120488	982442	1163186	988246	3462701	976655	0.8349	982442	1.00301	988246	1.04896	976655	144314.289136424	982442	1159695.31709554	988246	3301080.11744966	993222	117541	999010	1170220	1004813	3473984	993222	0.83439	999010	1.00334	1004813	1.04861	993222	140870.576109493	999010	1166324.47624933	1004813	3312941.89450797
10	1080099	118542	1085886	1144782	1091689	3406656	1080099	0.83512	1085886	1.00228	1091689	1.04823	1080099	141946.067630999	1085886	1142177.83453726	1091689	3249912.70999685	1096650	121379	1102438	1162582	1108225	3455722	1096650	0.83456	1102438	1.00294	1108225	1.04829	1096650	145440.711273006	1102438	1159174.02835663	1108225	3296532.44808212	1113217	117907	1119005	1166953	1124808	3462985	1113217	0.83477	1119005	1.00294	1124808	1.04829	1113217	141244.893803083	1119005	1163532.21528706	1124808	3303460.87437637
11	1200110	117759	1205913	1142609	1211716	3401458	1200110	0.83463	1205913	1.00275	1211716	1.04839	1200110	141091.261996334	1205913	1139475.44253303	1211716	3244458.64611452	1216692	120963	1222480	1163772	1228283	3459413	1216692	0.83475	1222480	1.0032	1228283	1.0493	1216692	144909.254267745	1222480	1160059.80861244	1228283	3296876.96559611	1233260	114472	1239047	1140718	1244850	3392452	1233260	0.83488	1239047	1.00238	1244850	1.04905	1233260	137111.920275968	1239047	1138009.53730122	1244850	3233832.51513274
12	1320121	105978	1325908	581201	1331711	3131394	1320121	0.83483	1325908	1.00241	1331711	1.04858	1320121	126945.605692177	1325908	579803.673147714	1331711	2986318.64044708	1336688	113865	1342475	630457	1348279	3292958	1336688	0.83463	1342475	1.00309	1348279	1.0485	1336688	136425.721577226	1342475	628514.888993012	1348279	3140637.10061993	1353255	107683	1359043	646125	1364846	3262749	1353255	0.83452	1359043	1.00296	1364846	1.04826	1353255	129035.852945406	1359043	644218.114381431	1364846	3112537.91998168
13	1440132	103913	1445919	238495	1451722	3124952	1440132	0.83469	1445919	1.003	1451722	1.04956	1440132	124492.925517258	1445919	237781.655034895	1451722	2977392.43111399	1456683	113050	1462471	253665	1468274	3277429	1456683	0.83523	1462471	1.00252	1468274	1.04898	1456683	135351.938986866	1462471	253027.371025017	1468274	3124396.08000153	1473250	106695	1479038	257551	1484826	3249824	1473250	0.83452	1479038	1.00308	1484826	1.04865	1473250	127851.938839093	1479038	256760.178649759	1484826	3099054.97544462
14	1560143	103919	1565930	115076	1571749	3114255	1560143	0.83456	1565930	1.0029	1571749	1.04879	1560143	124519.507285276	1565930	114743.244590687	1571749	2969378.99865559	1576710	111053	1582497	120420	1588301	3270019	1576710	0.83443	1582497	1.00265	1588301	1.04904	1576710	133088.45559244	1582497	120101.730414402	1588301	3117153.7786929	1593277	105596	1599065	124281	1604868	3242033	1593277	0.83463	1599065	1.00198	1604868	1.04923	1593277	126518.337466902	1599065	124035.409888421	1604868	3089916.41489473
15	1680154	103324	1685941	65698	1691760	3110925	1680154	0.83419	1685941	1.00265	1691760	1.04944	1680154	123861.47040842	1685941	65524.3604448212	1691760	2964366.70986431	1696721	111946	1702508	68396	1708312	3264972	1696721	0.83453	1702508	1.00216	1708312	1.04752	1696721	134142.57126766	1702508	68248.5830605892	1708312	3116858.86665648	1713304	106913	1719076	72328	1724895	3239758	1713304	0.83429	1719076	1.00203	1724895	1.04831	1713304	128148.485538602	1719076	72181.4716126264	1724895	3090457.97521725
16	1800165	103428	1805968	44243	1811771	3109808	1800165	0.8345	1805968	1.00254	1811771	1.04898	1800165	123940.083882564	1805968	44130.9074949628	1811771	2964601.80365689	1816747	112076	1822551	46268	1828354	3265969	1816747	0.83421	1822551	1.00271	1828354	1.04942	1816747	134349.863943132	1822551	46142.9525984582	1828354	3112165.76775743	1833330	106095	1839134	48892	1844921	3233132	1833330	0.83439	1839134	1.00291	1844921	1.04908	1833330	127152.770287276	1839134	48750.137101036	1844921	3081873.64166698
17	1920176	103760	1925963	34475	1931766	3109898	1920176	0.83469	1925963	1.00295	1931766	1.04933	1920176	124309.623932238	1925963	34373.5978862356	1931766	2963698.74110146	1936743	112075	1942531	36264	1948318	3261448	1936743	0.83506	1942531	1.0026	1948318	1.04929	1936743	134211.912916437	1942531	36169.9581089168	1948318	3108242.71650354	1953295	105777	1959067	37854	1964870	3231485	1953295	0.83486	1959067	1.0027	1964870	1.0486	1953295	126700.285077738	1959067	37752.069412586	1964870	3081713.71352279
18	2040187	103974	2045974	30116	2051778	3100014	2040187	0.83463	2045974	1.00326	2051778	1.04928	2040187	124574.961360124	2045974	30018.1408607938	2051778	2954420.17383349	2056754	112575	2062542	31162	2068345	3260527	2056754	0.83474	2062542	1.00372	2068345	1.05004	2056754	134862.352349235	2062542	31046.5069939824	2068345	3105145.51826597	2073321	105728	2079109	31789	2084912	3223142	2073321	0.83538	2079109	1.0028	2084912	1.0495	2073321	126562.76185688	2079109	31700.2393298763	2084912	3071121.48642211
19	2160198	104252	2165985	26821	2171789	3101148	2160198	0.83504	2165985	1.00329	2171789	1.0494	2160198	124846.713929872	2165985	26733.0482711878	2171789	2955162.95025729	2176765	111876	2182553	28437	2188356	3257966	2176765	0.83455	2182553	1.00396	2188356	1.04882	2176765	134055.479000659	2182553	28324.8336587115	2188356	3106315.66903758	2193332	105608	2199120	28705	2204923	3223157	2193332	0.83443	2199120	1.00324	2204923	1.04911	2193332	126563.043035365	2199120	28612.2961604402	2204923	3072277.4542231
20	2280209	103754	2285996	24842	2291800	3094942	2280209	0.83513	2285996	1.00373	2291800	1.04947	2280209	124236.945146265	2285996	24749.6836798741	2291800	2949052.37881979	2296776	112190	2302564	26531	2308367	3258706	2296776	0.83436	2302564	1.00346	2308367	1.05	2296776	134462.34239417	2302564	26439.5192633488	2308367	3103529.52380952	2313328	106000	2319115	26946	2324903	3222563	2313328	0.83441	2319115	1.00335	2324903	1.04885	2313328	127035.869656404	2319115	26856.0322918224	2324903	3072472.70820422
21	2400220	104041	2406007	23452	2411811	3094123	2400220	0.83536	2406007	1.00304	2411811	1.0485	2400220	124546.303390155	2406007	23380.9219971287	2411811	2950999.52312828	2416803	111755	2422575	25142	2428378	3253241	2416803	0.83473	2422575	1.00304	2428378	1.04907	2416803	133881.614414242	2422575	25065.799968097	2428378	3101071.42516705	2433354	106197	2439142	25065	2444961	3216336	2433354	0.83509	2439142	1.00291	2444961	1.04891	2433354	127168.329162126	2439142	24992.2724870626	2444961	3066360.3169004
22	2520231	103541	2526018	22250	2531822	3089845	2520231	0.83477	2526018	1.00324	2531822	1.04909	2520231	124035.363034129	2526018	22178.142817272	2531822	2945262.08428257	2536782	112191	2542570	23750	2548373	3252307	2536782	0.83473	2542570	1.00304	2548373	1.04949	2536782	134403.938998239	2542570	23678.0188227788	2548373	3098940.43773642	2553365	106192	2559231	24099	2565034	3219666	2553365	0.83503	2559231	1.00327	2565034	1.04958	2553365	127171.478869023	2559231	24020.4531183031	2565034	3067575.60166924
23	2640242	104286	2646029	21399	2651833	3087786	2640242	0.83532	2646029	1.00349	2651833	1.04901	2640242	124845.568165493	2646029	21324.5772254831	2651833	2943523.89395716	2656809	112192	2662597	22902	2668400	3251469	2656809	0.83545	2662597	1.00351	2668400	1.04984	2656809	134289.305164881	2662597	22821.8951480304	2668400	3097109.08328888	2673376	106240	2679179	23023	2684967	3211861	2673376	0.83503	2679179	1.00337	2684967	1.04948	2673376	127228.961833707	2679179	22945.6730817146	2684967	3060430.88005488
24	2760253	103580	2766040	20838	2771844	3088351	2760253	0.83516	2766040	1.00355	2771844	1.04974	2760253	124024.139087121	2766040	20764.2867819242	2771844	2942015.16566007	2776820	112949	2782592	22322	2788395	3251384	2776820	0.83583	2782592	1.00268	2788395	1.05026	2776820	135133.938719596	2782592	22262.3369370088	2788395	3095789.61400034	2793372	105845	2799159	22214	2804947	3215520	2793372	0.83561	2799159	1.0032	2804947	1.04955	2793372	126667.943179234	2799159	22143.1419457735	2804947	3063713.01986566
25	2880264	103651	2886051	19857	2891855	3085919	2880264	0.83509	2886051	1.00336	2891855	1.0498	2880264	124119.555976003	2886051	19790.5039068729	2891855	2939530.38674033	2896831	112623	2902619	21264	2908422	3251960	2896831	0.83539	2902619	1.00345	2908422	1.05053	2896831	134814.876883851	2902619	21190.8914245852	2908422	3095542.25010233	2913383	106957	2919170	21260	2924973	3215609	2913383	0.8357	2919170	1.00388	2924973	1.05016	2913383	127984.922819193	2919170	21177.8300195242	2924973	3062018.16866001
26	3000275	98271	3006062	18842	3011866	2974448	3000275	0.83516	3006062	1.00368	3011866	1.04947	3000275	117667.273336846	3006062	18772.9156703332	3011866	2834238.23453743	3016858	107317	3022645	20247	3028448	3140721	3016858	0.83499	3022645	1.00383	3028448	1.04948	3016858	128524.892513683	3022645	20169.7498580437	3028448	2992644.92891718	3033440	101767	3039228	20913	3045031	3111229	3033440	0.83521	3039228	1.00417	3045031	1.05006	3033440	121846.002801691	3039228	20826.1549339255	3045031	2962905.929185
27	3120286	98686	3126073	18421	3131877	2962820	3120286	0.83499	3126073	1.00386	3131877	1.05027	3120286	118188.241775351	3126073	18350.1683501684	3131877	2821007.93129386	3136853	106866	3142641	19557	3148444	3131480	3136853	0.83469	3142641	1.00461	3148444	1.05026	3136853	128030.765913093	3142641	19467.2559500702	3148444	2981623.59796622	3153436	100929	3159208	19940	3165027	3089521	3153436	0.83566	3159208	1.00375	3165027	1.04902	3153436	120777.588971591	3159208	19865.504358655	3165027	2945149.75882252
28	3240297	97818	3246084	18018	3251888	2960113	3240297	0.8355	3246084	1.00435	3251888	1.05049	3240297	117077.199281867	3246084	17939.9611689152	3251888	2817840.24598045	3256864	107030	3262667	18812	3268455	3128344	3256864	0.83524	3262667	1.00355	3268455	1.05083	3256864	128142.80925243	3262667	18745.4536395795	3268455	2977021.97310697	3273447	101413	3279234	19313	3285053	3084412	3273447	0.8359	3279234	1.00382	3285053	1.04958	3273447	121321.928460342	3279234	19239.5050905541	3285053	2938710.72238419
29	3360308	98199	3366095	17404	3371899	2950216	3360308	0.83473	3366095	1.00362	3371899	1.04979	3360308	117641.632623723	3366095	17341.2247663458	3371899	2810291.58212595	3376875	106653	3382663	18656	3388466	3120387	3376875	0.83538	3382663	1.00342	3388466	1.04967	3376875	127670.042375925	3382663	18592.4139443105	3388466	2972731.42987796	3393442	101078	3399230	18790	3405049	3086641	3393442	0.83528	3399230	1.00324	3405049	1.05033	3393442	121010.918494397	3399230	18729.3170128783	3405049	2938734.49296888
30	3480319	98151	3486106	17174	3491910	2954299	3480319	0.83527	3486106	1.00343	3491910	1.0497	3480319	117508.111149688	3486106	17115.2945397287	3491910	2814422.2158712	3496902	106607	3502674	18191	3508477	3121384	3496902	0.83584	3502674	1.00369	3508477	1.04958	3496902	127544.745405819	3502674	18124.1219898574	3508477	2973936.24116313	3513453	101536	3519241	18221	3525044	3080524	3513453	0.83578	3519241	1.00433	3525044	1.04996	3513453	121486.515590227	3519241	18142.4432208537	3525044	2933944.15025334
31	3600330	92676	3606117	17916	3611921	2854841	3600330	0.8348	3606117	1.00353	3611921	1.05013	3600330	111015.81217058	3606117	17852.9789841858	3611921	2718559.60690581	3616897	100275	3622685	19359	3628488	2989644	3616897	0.83548	3622685	1.00353	3628488	1.04951	3616897	120020.826351319	3622685	19290.9031120146	3628488	2848609.35103048	3633464	94777	3639236	18976	3645040	2975432	3633464	0.83541	3639236	1.00435	3645040	1.04942	3633464	113449.683388995	3639236	18893.811918156	3645040	2835310.93365859
32	3720341	92463	3726113	19897	3731900	2823897	3720341	0.83516	3726113	1.00396	3731900	1.04993	3720341	110712.917285311	3726113	19818.5186660823	3731900	2689605.02128713	3736877	99105	3742649	20891	3748452	2962312	3736877	0.83522	3742649	1.00307	3748452	1.04912	3736877	118657.359737554	3742649	20827.0609229665	3748452	2823615.98291902	3753428	93452	3759232	20692	3765035	2941919	3753428	0.83491	3759232	1.00221	3765035	1.04928	3753428	111930.627253237	3759232	20646.3715189431	3765035	2803750.19060689
33	3840352	91578	3846124	21899	3851927	2745841	3840352	0.83525	3846124	1.00307	3851927	1.04915	3840352	109641.424723137	3846124	21831.975834189	3851927	2617205.35671734	3856903	96561	3862691	23868	3868479	2882754	3856903	0.83483	3862691	1.00345	3868479	1.04934	3856903	115665.464825174	3862691	23785.9385121331	3868479	2747206.81571273	3873471	87446	3879243	23227	3885046	2876334	3873471	0.83504	3879243	1.00326	3885046	1.04936	3873471	104720.731940985	3879243	23151.526025158	3885046	2741036.44125943
34	3960363	89428	3966135	24833	3971938	2616977	3960363	0.83498	3966135	1.00282	3971938	1.049	3960363	107101.966514168	3966135	24763.1678666161	3971938	2494734.98570067	3976899	91198	3982702	27541	3988490	2743566	3976899	0.83476	3982702	1.00341	3988490	1.0495	3976899	109250.563036082	3982702	27447.4043511625	3988490	2614164.84040019	3993466	72274	3999254	26845	4005041	2747829	3993466	0.83491	3999254	1.00351	4005041	1.05009	3993466	86565.0189840821	3999254	26751.1036262718	4005041	2616755.70665372
35	4080374	87051	4086161	28520	4091965	2442976	4080374	0.83507	4086161	1.00295	4091965	1.04893	4080374	104243.955596537	4086161	28436.1134652774	4091965	2329017.18894493	4096925	81876	4102729	32595	4108532	2555577	4096925	0.83437	4102729	1.00349	4108532	1.04933	4096925	98129.1273655573	4102729	32481.6390796122	4108532	2435436.89783004	4113493	56497	4119280	30316	4125084	2573744	4113493	0.83556	4119280	1.00305	4125084	1.04989	4113493	67615.7307673895	4119280	30223.817357061	4125084	2451441.57959405
36	4200385	84707	4206172	850625	4211976	2239116	4200385	0.83573	4206172	1.00341	4211976	1.04995	4200385	101356.89756261	4206172	847734.226288357	4211976	2132592.98061812	4216952	77171	4222740	900975	4228543	2368966	4216952	0.8361	4222740	1.00307	4228543	1.04983	4216952	92298.7680899414	4222740	898217.472359855	4228543	2256523.43712792	4233519	49094	4239291	903488	4245095	2388851	4233519	0.83521	4239291	1.00342	4245095	1.04962	4233519	58780.426479568	4239291	900408.602579179	4245095	2275919.85671005
37	4320396	81821	4326183	861045	4331987	2028733	4320396	0.83442	4326183	1.00317	4331987	1.04994	4320396	98057.3332374584	4326183	858324.112563175	4331987	1932237.08021411	4336963	70121	4342751	908790	4348554	2154984	4336963	0.83511	4342751	1.00354	4348554	1.0511	4336963	83966.1840955084	4342751	905584.23181936	4348554	2050217.86699648	4353530	42100	4359302	906668	4365106	2184135	4353530	0.83577	4359302	1.00396	4365106	1.0499	4353530	50372.7101953887	4359302	903091.756643691	4365106	2080326.69778074
38	4440407	80387	4446195	857049	4451998	1838294	4440407	0.83517	4446195	1.00289	4451998	1.04976	4440407	96252.2600189183	4446195	854579.265921487	4451998	1751156.45480872	4456974	65980	4462762	908520	4468565	1964615	4456974	0.83519	4462762	1.00306	4468565	1.0495	4456974	78999.9880266766	4462762	905748.409865811	4468565	1871953.31110052	4473541	37546	4479329	904787	4485148	2014559	4473541	0.8349	4479329	1.00329	4485148	1.04961	4473541	44970.6551682836	4479329	901820.012159994	4485148	1919340.51695392
39	4560418	78628	4566206	859911	4572009	1690063	4560418	0.83437	4566206	1.0031	4572009	1.04951	4560418	94236.369955775	4566206	857253.514106271	4572009	1610335.29933016	4576985	63368	4582773	910984	4588576	1813477	4576985	0.83524	4582773	1.0037	4588576	1.04957	4576985	75868.0139840046	4582773	907625.784596991	4588576	1727828.53930657	4593552	34655	4599340	907511	4605143	1866996	4593552	0.8355	4599340	1.00301	4605143	1.04939	4593552	41478.1567923399	4599340	904787.589356038	4605143	1779125.01548519
40	4680429	78532	4686217	860510	4692020	1564472	4680429	0.83474	4686217	1.00307	4692020	1.0491	4680429	94079.5936459257	4686217	857876.319698526	4692020	1491251.54894672	4696996	61176	4702784	910078	4708587	1693482	4696996	0.83502	4702784	1.00281	4708587	1.04943	4696996	73262.9158583028	4702784	907527.846750631	4708587	1613716.01726652	4713563	32700	4719367	908158	4725170	1758538	4713563	0.83468	4719367	1.00274	4725170	1.04823	4713563	39176.6904682034	4719367	905676.44653649	4725170	1677626.09351001
41	4800440	77455	4806228	862230	4812031	1466183	4800440	0.83478	4806228	1.00354	4812031	1.04931	4800440	92784.9253695584	4806228	859188.472806266	4812031	1397282.97643213	4817007	60072	4822810	910537	4828598	1594503	4817007	0.83483	4822810	1.00267	4828598	1.04959	4817007	71957.1649317825	4822810	908112.340052061	4828598	1519167.48444631	4833590	31663	4839378	906119	4845181	1670613	4833590	0.83547	4839378	1.0027	4845181	1.04909	4833590	37898.4284295067	4839378	903679.066520395	4845181	1592440.11476613
42	4920451	76585	4926254	862126	4932042	1383211	4920451	0.83514	4926254	1.00267	4932042	1.04951	4920451	91703.1874895227	4926254	859830.253223892	4932042	1317958.85699041	4937034	59097	4942806	911571	4948625	1522873	4937034	0.83505	4942806	1.00308	4948625	1.05018	4937034	70770.6125381714	4942806	908771.982294533	4948625	1450106.64838409	4953601	30619	4959404	906517	4965207	1605116	4953601	0.83472	4959404	1.00288	4965207	1.04935	4953601	36681.7615487828	4959404	903913.728462029	4965207	1529628.81783962
43	5040462	75237	5046250	861871	5052053	1316619	5040462	0.8346	5046250	1.00302	5052053	1.04906	5040462	90147.3759884975	5046250	859275.986520708	5052053	1255046.42251158	5057029	58162	5062817	910191	5068620	1461505	5057029	0.83462	5062817	1.0031	5068620	1.04872	5057029	69686.8035752798	5062817	907378.127803808	5068620	1393608.39880998	5073596	30271	5079415	907669	5085203	1553692	5073596	0.83441	5079415	1.00259	5085203	1.04862	5073596	36278.3283997076	5079415	905324.210295335	5085203	1481653.98333047
44	5160473	74625	5166261	860495	5172064	1264344	5160473	0.83432	5166261	1.00246	5172064	1.04837	5160473	89444.0981877457	5166261	858383.376892844	5172064	1206009.32876752	5177056	58224	5182828	912793	5188631	1416118	5177056	0.83461	5182828	1.00222	5188631	1.04743	5177056	69761.9247313116	5182828	910771.088184231	5188631	1351992.97327745	5193623	29956	5199411	909323	5205214	1521864	5193623	0.83498	5199411	1.00256	5205214	1.04918	5193623	35876.3084145728	5199411	907001.07724226	5205214	1450527.07828971
45	5280484	74789	5286272	865189	5292122	1219823	5280484	0.83417	5286272	1.00309	5292122	1.04824	5280484	89656.7845882734	5286272	862523.801453509	5292122	1163686.7511257	5297098	58260	5302870	912210	5308689	1381429	5297098	0.83496	5302870	1.00251	5308689	1.04876	5297098	69775.7976430009	5302870	909926.085525331	5308689	1317202.21976429	5313681	29800	5319453	912011	5325272	1492844	5313681	0.83485	5319453	1.00291	5325272	1.04879	5313681	35695.0350362341	5319453	909364.748581627	5325272	1423396.48547374
46	5400488	73842	5406276	865784	5412079	1188680	5400488	0.83503	5406276	1.00287	5412079	1.04989	5400488	88430.3557956002	5406276	863306.310887752	5412079	1132194.80136014	5417055	58179	5422843	912977	5428646	1352943	5417055	0.83479	5422843	1.00259	5428646	1.04897	5417055	69692.976676769	5422843	910618.498089947	5428646	1289782.35793207	5433623	29800	5439395	910567	5445198	1473236	5433623	0.83482	5439395	1.00238	5445198	1.04887	5433623	35696.3177690999	5439395	908404.99610926	5445198	1404593.51492559
47	5520499	74063	5526287	866443	5532090	1155848	5520499	0.83468	5526287	1.00313	5532090	1.04941	5520499	88732.2087506589	5526287	863739.495379462	5532090	1101426.51585176	5537051	57820	5542870	913430	5548688	1335564	5537051	0.83501	5542870	1.00256	5548688	1.04972	5537051	69244.6797044347	5542870	911097.590169167	5548688	1272304.99561788	5553680	29721	5559452	911805	5565271	1462188	5553680	0.83492	5559452	1.00239	5565271	1.04858	5553680	35597.4225075456	5559452	909630.981953132	5565271	1394445.82196876
48	5640510	73726	5646298	864409	5652101	1128831	5640510	0.83471	5646298	1.00306	5652101	1.04941	5640510	88325.286626493	5646298	861771.977748091	5652101	1075681.57345556	5657077	57482	5662881	912212	5668684	1320285	5657077	0.83503	5662881	1.00236	5668684	1.04948	5657077	68838.245332503	5662881	910064.248373838	5668684	1258037.31371727	5673660	29975	5679448	910122	5685282	1457985	5673660	0.83494	5679448	1.00316	5685282	1.04922	5673660	35900.7832898172	5679448	907255.073966267	5685282	1389589.40927546
49	5760521	72821	5766309	864762	5772112	1111806	5760521	0.8352	5766309	1.00318	5772112	1.05016	5760521	87189.8946360153	5766309	862020.773938875	5772112	1058701.53119525	5777073	58326	5782860	913032	5788664	1306754	5777073	0.83511	5782860	1.00374	5788664	1.04987	5777073	69842.2962244495	5782860	909629.983860362	5788664	1244681.72249898	5793640	29956	5799443	913618	5805246	1456910	5793640	0.83532	5799443	1.00383	5805246	1.0505	5793640	35861.7056936264	5799443	910132.193698136	5805246	1386872.91765826
50	5880532	72672	5886320	864794	5892123	1091413	5880532	0.8352	5886320	1.00324	5892123	1.04914	5880532	87011.4942528736	5886320	862001.116382919	5892123	1040293.00188726	5897099	58324	5902887	913430	5908706	1292725	5897099	0.83521	5902887	1.00276	5908706	1.04854	5897099	69831.5393733313	5902887	910915.872192748	5908706	1232880.95828485	5913682	30511	5919454	913975	5925258	1458778	5913682	0.83506	5919454	1.00328	5925258	1.04939	5913682	36537.494311786	5919454	910986.96276214	5925258	1390119.97446135
51	6000543	72288	6006331	866117	6012134	1076215	6000543	0.83488	6006331	1.00302	6012134	1.04935	6000543	86584.8984285167	6006331	863509.202209328	6012134	1025601.56287225	6017110	57984	6022898	915389	6028701	1287414	6017110	0.83518	6022898	1.00317	6028701	1.04895	6017110	69426.949879068	6022898	912496.386454938	6028701	1227335.90733591	6033678	30611	6039465	914669	6045269	1462280	6033678	0.83511	6039465	1.00322	6045269	1.05039	6033678	36655.0514303505	6039465	911733.219034708	6045269	1392130.54198917
52	6120554	72025	6126342	864459	6132145	1061614	6120554	0.83533	6126342	1.00344	6132145	1.04967	6120554	86223.4087127243	6126342	861495.455632624	6132145	1011378.81429402	6137106	58333	6142893	914072	6148697	1281620	6137106	0.83493	6142893	1.00313	6148697	1.04928	6137106	69865.7372474339	6142893	911219.88177006	6148697	1221428.02683745	6153673	31140	6159461	916625	6165264	1467153	6153673	0.83485	6159461	1.00311	6165264	1.04904	6153673	37300.1137928969	6159461	913783.134451855	6165264	1398567.26149623
53	6240565	72305	6246353	868004	6252156	1051082	6240565	0.8347	6246353	1.00275	6252156	1.0489	6240565	86623.9367437403	6246353	865623.535277986	6252156	1002080.27457336	6257148	58373	6262920	914612	6268739	1278675	6257148	0.83494	6262920	1.00209	6268739	1.04872	6257148	69912.8081059717	6262920	912704.447704298	6268739	1219272.06499352	6273715	31281	6279487	912427	6285306	1469961	6273715	0.83476	6279487	1.00225	6285306	1.04877	6273715	37473.0461449998	6279487	910378.648041906	6285306	1401604.7369776
54	6360576	71704	6366364	863578	6372167	1041477	6360576	0.83491	6366364	1.00249	6372167	1.04917	6360576	85882.3106682157	6366364	861433.03175094	6372167	992667.537196069	6377144	59070	6382931	914166	6388750	1274911	6377144	0.83492	6382931	1.00312	6388750	1.04932	6377144	70749.2933454702	6382931	911322.673259431	6388750	1214987.80162391	6393726	31790	6399514	912618	6405317	1478754	6393726	0.83509	6399514	1.00277	6405317	1.04965	6393726	38067.7531763044	6399514	910097.031223511	6405317	1408806.74510551
55	6480587	71403	6486375	863957	6492178	1029725	6480587	0.83475	6486375	1.00267	6492178	1.04812	6480587	85538.1850853549	6486375	861656.377472149	6492178	982449.528679922	6497155	58609	6502942	913175	6508761	1268652	6497155	0.83504	6502942	1.00282	6508761	1.04864	6497155	70187.0569074535	6502942	910607.088011807	6508761	1209806.98809887	6513737	32251	6519509	911381	6525313	1483863	6513737	0.83501	6519509	1.00331	6525313	1.04903	6513737	38623.4895390474	6519509	908374.281129462	6525313	1414509.59457785
56	6600598	71449	6606386	863331	6612189	1020259	6600598	0.83383	6606386	1.00204	6612189	1.04919	6600598	85687.7301128527	6606386	861573.390283821	6612189	972425.394828391	6617166	59183	6622953	911575	6628772	1265752	6617166	0.83516	6622953	1.00257	6628772	1.04891	6617166	70864.2655299583	6622953	909238.257677768	6628772	1206730.79673185	6633733	32225	6639520	910585	6645308	1485794	6633733	0.83483	6639520	1.00286	6645308	1.04883	6633733	38600.6731909491	6639520	907988.153879904	6645308	1416620.42466367
57	6720609	71286	6726397	862188	6732200	1011301	6720609	0.83438	6726397	1.00248	6732200	1.04867	6720609	85435.8925189961	6726397	860055.063442662	6732200	964365.33895315	6737177	59223	6742964	911431	6748767	1262662	6737177	0.83442	6742964	1.00272	6748767	1.04838	6737177	70975.0485367081	6742964	908958.632519547	6748767	1204393.44512486	6753744	32825	6759531	912016	6765335	1490323	6753744	0.83459	6759531	1.00346	6765335	1.04946	6753744	39330.6893205047	6759531	908871.305283719	6765335	1420085.56781583
58	6840620	71444	6846408	864129	6852211	1008299	6840620	0.83494	6846408	1.00402	6852211	1.04922	6840620	85567.8252329509	6846408	860669.110177088	6852211	960998.646613675	6857188	59999	6862975	911756	6868778	1259386	6857188	0.83537	6862975	1.00324	6868778	1.0483	6857188	71823.2639429235	6862975	908811.450899087	6868778	1201360.29762473	6873770	33315	6879542	911379	6885361	1494636	6873770	0.83544	6879542	1.00323	6885361	1.04942	6873770	39877.1904625108	6879542	908444.723542956	6885361	1424249.58548532
59	6960631	70386	6966419	862703	6972222	1001399	6960631	0.83471	6966419	1.00267	6972222	1.04903	6960631	84323.8969222844	6966419	860405.716736314	6972222	954595.197468137	6977214	59743	6982986	911035	6988789	1259061	6977214	0.83486	6982986	1.00288	6988789	1.04938	6977214	71560.5011618715	6982986	908418.753988513	6988789	1199814.17598963	6993766	33763	6999553	911611	7005357	1499656	6993766	0.83437	6999553	1.00369	7005357	1.04901	6993766	40465.2612150485	6999553	908259.522362483	7005357	1429591.71027922
60	7080642	70992	7086430	863874	7092233	993877	7080642	0.83546	7086430	1.00405	7092233	1.04935	7080642	84973.5475067628	7086430	860389.422837508	7092233	947135.845999905	7097210	59397	7102997	912356	7108816	1251588	7097210	0.83515	7102997	1.00396	7108816	1.05025	7097210	71121.3554451296	7102997	908757.321008805	7108816	1191704.83218281	7113792	34333	7119580	910503	7125368	1498759	7113792	0.83481	7119580	1.00319	7125368	1.04966	7113792	41126.7234460536	7119580	907607.731337035	7125368	1427851.87584551
61	7200653	70322	7206441	861900	7212244	989208	7200653	0.83524	7206441	1.00297	7212244	1.04946	7200653	84193.7646664432	7206441	859347.737220455	7212244	942587.61648848	7217221	59339	7223008	907688	7228811	1246438	7217221	0.83464	7223008	1.00344	7228811	1.04946	7217221	71095.3225342663	7223008	904576.257673603	7228811	1187694.62390182	7233772	34790	7239560	907940	7245363	1500373	7233772	0.83511	7239560	1.00292	7245363	1.04934	7233772	41659.1826226485	7239560	905296.534120369	7245363	1429825.4140698
62	7320664	70704	7326452	859613	7332271	981920	7320664	0.83486	7326452	1.00288	7332271	1.04941	7320664	84689.6485638311	7326452	857144.424058711	7332271	935687.672120525	7337247	60323	7343019	906794	7348822	1245831	7337247	0.83509	7343019	1.00231	7348822	1.04877	7337247	72235.3279287262	7343019	904704.133451727	7348822	1187897.25106553	7353799	35685	7359571	908846	7365374	1500265	7353799	0.83509	7359571	1.00273	7365374	1.04852	7353799	42731.9211102995	7359571	906371.605516939	7365374	1430840.61343608
63	7440675	70364	7446479	860369	7452282	979424	7440675	0.83429	7446479	1.0032	7452282	1.04961	7440675	84339.977705594	7446479	857624.601275917	7452282	933131.353550366	7457258	60701	7463030	910026	7468833	1241518	7457258	0.83514	7463030	1.00365	7468833	1.05021	7457258	72683.6219077041	7463030	906716.484830369	7468833	1182161.66290551	7473810	35295	7479597	909527	7485385	1497621	7473810	0.83466	7479597	1.0036	7485385	1.04969	7473810	42286.6796060671	7479597	906264.447987246	7485385	1426726.93842944
64	7560686	70588	7566474	861689	7572293	974693	7560686	0.83494	7566474	1.00318	7572293	1.04976	7560686	84542.601863607	7566474	858957.515101976	7572293	928491.274196007	7577254	61032	7583026	906416	7588829	1236373	7577254	0.83546	7583026	1.00359	7588829	1.05008	7577254	73051.9713690662	7583026	903173.606751761	7588829	1177408.38793235	7593821	36489	7599593	909127	7605412	1495598	7593821	0.83481	7599593	1.00325	7605412	1.04961	7593821	43709.3470370503	7599593	906181.908796412	7605412	1424908.29927306
65	7680697	69929	7686485	861752	7692288	968138	7680697	0.83507	7686485	1.00269	7692288	1.04974	7680697	83740.2852455483	7686485	859440.106114552	7692288	922264.560748376	7697249	61271	7703052	906254	7708840	1232563	7697249	0.83525	7703052	1.0028	7708840	1.0494	7697249	73356.4800957797	7703052	903723.57399282	7708840	1174540.68991805	7713832	36857	7719604	907456	7725407	1489157	7713832	0.83531	7719604	1.00335	7725407	1.04954	7713832	44123.7384922963	7719604	904426.172322719	7725407	1418866.36050079
66	7800708	69703	7806496	861573	7812315	965528	7800708	0.83506	7806496	1.00356	7812315	1.04894	7800708	83470.648815654	7806496	858516.680617003	7812315	920479.722386409	7817276	61103	7823063	907154	7828866	1226700	7817276	0.83534	7823063	1.00325	7828866	1.05002	7817276	73147.4609141188	7823063	904215.300274109	7828866	1168263.46164835	7833858	37200	7839646	908730	7845434	1486197	7833858	0.83483	7839646	1.00271	7845434	1.04994	7833858	44559.9702933531	7839646	906273.997466865	7845434	1415506.60037716
67	7920719	70015	7926507	857111	7932310	962543	7920719	0.83489	7926507	1.00296	7932310	1.04925	7920719	83861.3470037969	7926507	854581.438940735	7932310	917362.878246366	7937287	61505	7943074	905395	7948862	1223428	7937287	0.83516	7943074	1.00287	7948862	1.0501	7937287	73644.5711001485	7943074	902803.952655878	7948862	1165058.56585087	7953854	37916	7959626	904663	7965413	1480547	7953854	0.836	7959626	1.00283	7965413	1.04929	7953854	45354.0669856459	7959626	902110.028619008	7965413	1410998.8658998
68	8040730	69806	8046502	859645	8052321	959267	8040730	0.83458	8046502	1.00254	8052321	1.04939	8040730	83642.0714610942	8046502	857467.033734315	8052321	914118.678470349	8057282	61904	8063070	906986	8068857	1215189	8057282	0.83479	8063070	1.00301	8068857	1.04869	8057282	74155.1767510392	8063070	904264.16486376	8068857	1158768.55886868	8073834	38718	8079637	907100	8085425	1475480	8073834	0.83469	8079637	1.00274	8085425	1.04936	8073834	46386.0834561334	8079637	904621.337535154	8085425	1406076.08447053
69	8160741	69595	8166513	859029	8172332	955466	8160741	0.83513	8166513	1.00286	8172332	1.04898	8160741	83334.3311819717	8166513	856579.18353509	8172332	910852.447139126	8177309	61774	8183081	905108	8188884	1206386	8177309	0.83499	8183081	1.00252	8188884	1.04897	8177309	73981.7243320279	8183081	902832.861189802	8188884	1150067.20878576	8193860	38764	8199648	906495	8205451	1466095	8193860	0.83441	8199648	1.00268	8205451	1.04847	8193860	46456.7778430268	8199648	904072.086807356	8205451	1398318.50219844
70	8280752	69664	8286540	859288	8292328	952390	8280752	0.83536	8286540	1.00246	8292328	1.04908	8280752	83393.98582647	8286540	857179.338826487	8292328	907833.530331338	8297304	62195	8303092	903838	8308895	1203701	8297304	0.83497	8303092	1.00268	8308895	1.04967	8297304	74487.706145131	8303092	901422.188534727	8308895	1146742.30948774	8313887	39345	8319659	905160	8325462	1455188	8313887	0.83478	8319659	1.00279	8325462	1.04882	8313887	47132.1785380579	8319659	902641.629852711	8325462	1387452.56574055
71	8400763	69619	8406551	855586	8412354	949501	8400763	0.83505	8406551	1.00249	8412354	1.04861	8400763	83371.0556254117	8406551	853460.882402817	8412354	905485.356805676	8417331	62888	8423118	903021	8428922	1198839	8417331	0.83428	8423118	1.00312	8428922	1.04901	8417331	75379.9683559477	8423118	900212.337506978	8428922	1142828.95301284	8433882	39949	8439670	905905	8445473	1450011	8433882	0.83436	8439670	1.00327	8445473	1.04906	8433882	47879.8120715279	8439670	902952.345829139	8445473	1382200.2554668
72	8520774	69573	8526562	857941	8532365	946503	8520774	0.83421	8526562	1.00281	8532365	1.04829	8520774	83399.8633437624	8526562	855536.941195241	8532365	902901.868757691	8537342	63107	8543114	903325	8548917	1188723	8537342	0.83493	8543114	1.00233	8548917	1.0483	8537342	75583.5818571617	8543114	901225.145411192	8548917	1133953.06687017	8553893	39943	8559681	903348	8565484	1441613	8553893	0.83435	8559681	1.00274	8565484	1.04922	8553893	47873.194702463	8559681	900879.589923609	8565484	1373985.43680067
73	8640785	68977	8646557	856802	8652361	944680	8640785	0.83421	8646557	1.0022	8652361	1.04887	8640785	82685.4149434795	8646557	854921.173418479	8652361	900664.52467894	8657337	63082	8663125	905704	8668912	1182368	8657337	0.8345	8663125	1.00275	8668912	1.04858	8657337	75592.570401438	8663125	903220.144602344	8668912	1127589.69272731	8673889	40957	8679692	905727	8685495	1433774	8673889	0.83479	8679692	1.0023	8685495	1.04871	8673889	49062.6385078882	8679692	903648.608201137	8685495	1367178.72433752
74	8760796	69788	8766584	856336	8772372	942850	8760796	0.83499	8766584	1.00233	8772372	1.04915	8760796	83579.4440651984	8766584	854345.375275608	8772372	898679.883715389	8777364	63545	8783136	905168	8788923	1174659	8777364	0.83444	8783136	1.00249	8788923	1.0487	8777364	76152.8689899813	8783136	902919.729872618	8788923	1120109.65957853	8793915	41205	8799703	902675	8805506	1419977	8793915	0.83446	8799703	1.00286	8805506	1.04921	8793915	49379.239268509	8799703	900100.711963784	8805506	1353377.30292315
75	8880807	69507	8886580	854331	8892398	938036	8880807	0.83466	8886580	1.00218	8892398	1.04894	8880807	83275.8248867802	8886580	852472.60971083	8892398	894270.406314946	8897375	63614	8903162	902222	8908966	1167883	8897375	0.83434	8903162	1.00199	8908966	1.04904	8897375	76244.6964067407	8903162	900430.144013413	8908966	1113287.38656295	8913942	41860	8919730	900693	8925533	1410727	8913942	0.83478	8919730	1.00225	8925533	1.04826	8913942	50144.9483696303	8919730	898670.990271888	8925533	1345779.67298189
76	9000819	69589	9006622	852359	9012425	936073	9000819	0.83414	9006622	1.00187	9012425	1.04842	9000819	83426.0435898051	9006622	850768.063720842	9012425	892841.609278724	9017401	63996	9023189	903943	9029008	1158424	9017401	0.83389	9023189	1.00199	9029008	1.04814	9017401	76743.9350513857	9023189	902147.72602521	9029008	1105218.76848513	9033969	42107	9039756	901648	9045559	1401595	9033969	0.83384	9039756	1.00153	9045559	1.04876	9033969	50497.6973999808	9039756	900270.586003415	9045559	1336430.64190091
77	9120830	69267	9126617	855781	9132420	933594	9120830	0.83423	9126617	1.0023	9132420	1.04875	9120830	83031.0585809669	9126617	853817.220393096	9132420	890196.901072706	9137397	64612	9143184	904278	9148988	1149652	9137397	0.83443	9143184	1.00195	9148988	1.04881	9137397	77432.4988315377	9143184	902518.089725036	9148988	1096148.96883134	9153964	42687	9159752	904108	9165555	1392736	9153964	0.83443	9159752	1.00212	9165555	1.04864	9153964	51157.0772862912	9159752	902195.345866763	9165555	1328135.48977724
78	9240841	68805	9246613	852577	9252416	932734	9240841	0.83405	9246613	1.00108	9252416	1.04896	9240841	82495.0542533421	9246613	851657.21021297	9252416	889198.825503356	9257392	64631	9263164	904235	9268967	1140224	9257392	0.83464	9263164	1.00296	9268967	1.04891	9257392	77435.7806958689	9263164	901566.363563851	9268967	1087056.08679486	9273944	42933	9279731	899662	9285550	1385934	9273944	0.83408	9279731	1.0017	9285550	1.04868	9273944	51473.4797621331	9279731	898135.170210642	9285550	1321598.58107335
79	9360852	69162	9366639	855486	9372442	931390	9360852	0.83458	9366639	1.00251	9372442	1.04909	9360852	82870.425842939	9366639	853344.106293204	9372442	887807.528429401	9377419	65504	9383206	903741	9388994	1132130	9377419	0.83404	9383206	1.00217	9388994	1.04898	9377419	78538.1996067335	9383206	901784.128441282	9388994	1079267.47888425	9393986	43628	9399774	901450	9405561	1372254	9393986	0.83479	9399774	1.00294	9405561	1.04953	9393986	52262.2455947005	9399774	898807.505932558	9405561	1307493.83057178
80	9480863	68918	9486650	852987	9492453	929012	9480863	0.83512	9486650	1.00217	9492453	1.04898	9480863	82524.6671137082	9486650	851140.026143269	9492453	885633.663177563	9497430	65310	9503217	902714	9509005	1122858	9497430	0.83467	9503217	1.00231	9509005	1.04882	9497430	78246.4926258282	9503217	900633.536530614	9509005	1070591.71259129	9513997	43992	9519785	899468	9525588	1363027	9513997	0.83453	9519785	1.00222	9525588	1.04882	9513997	52714.7016883755	9519785	897475.604158767	9525588	1299581.43437387
81	9600874	69251	9606661	854155	9612480	927721	9600874	0.83462	9606661	1.00286	9612480	1.04902	9600874	82973.0895497352	9606661	851719.083421415	9612480	884369.220796553	9617456	65754	9623244	904651	9629032	1117781	9617456	0.83389	9623244	1.00271	9629032	1.04944	9617456	78852.1267793114	9623244	902206.021681244	9629032	1065121.39807898	9634008	44231	9639796	898612	9645599	1354536	9634008	0.83432	9639796	1.00249	9645599	1.04899	9634008	53014.4309137981	9639796	896380.013765724	9645599	1291276.3706041
82	9720885	69362	9726672	854715	9732491	926224	9720885	0.83487	9726672	1.00294	9732491	1.04914	9720885	83081.1982703894	9726672	852209.504058069	9732491	882841.184208018	9737452	65965	9743239	902389	9749043	1107939	9737452	0.83473	9743239	1.00273	9749043	1.04948	9737452	79025.5531728823	9743239	899932.185134583	9749043	1055702.82425582	9754019	45223	9759807	900464	9765610	1346911	9754019	0.83486	9759807	1.00362	9765610	1.05055	9754019	54168.3635579618	9759807	897216.07779837	9765610	1282100.80434058
83	9840896	68902	9846683	853962	9852486	925910	9840896	0.83492	9846683	1.0024	9852486	1.0488	9840896	82525.271882336	9846683	851917.398244214	9852486	882827.993897788	9857463	66144	9863250	901626	9869038	1096360	9857463	0.83424	9863250	1.00235	9869038	1.04874	9857463	79286.5362485616	9863250	899512.146455829	9869038	1045406.86919542	9874014	45127	9879802	899004	9885605	1335449	9874014	0.83386	9879802	1.00276	9885605	1.04876	9874014	54118.1972993068	9879802	896529.578363716	9885605	1273359.96796216
84	9960907	69108	9966694	852965	9972497	922125	9960907	0.83388	9966694	1.00249	9972497	1.0492	9960907	82875.2338465966	9966694	850846.392482718	9972497	878883.911551659	9977474	67262	9983246	902590	9989049	1087185	9977474	0.8347	9983246	1.00268	9989049	1.04951	9977474	80582.2451180065	9983246	900177.52423505	9989049	1035897.70464312	9994041	45403	9999813	899324	10005616	1323862	9994041	0.83361	9999813	1.003	10005616	1.04941	9994041	54465.5174482072	9999813	896634.097706879	10005616	1261529.81198959
85	10080918	69432	10086705	850780	10092493	921173	10080918	0.83418	10086705	1.00254	10092493	1.04878	10080918	83233.834424225	10086705	848624.493785784	10092493	878328.152710769	10097485	67791	10103257	905356	10109060	1073115	10097485	0.8341	10103257	1.00235	10109060	1.04845	10097485	81274.4275266755	10103257	903233.40150646	10109060	1023525.20387238	10114036	46074	10119824	895358	10125627	1318397	10114036	0.83427	10119824	1.00147	10125627	1.04922	10114036	55226.7251609191	10119824	894043.755679152	10125627	1256549.62734222
86	10200929	69198	10206732	851258	10212535	920757	10200929	0.83465	10206732	1.00286	10212535	1.04907	10200929	82906.6075600551	10206732	848830.345212692	10212535	877688.810088936	10217511	68610	10223299	904816	10229087	1067738	10217511	0.83399	10223299	1.00235	10229087	1.04835	10217511	82267.1734673078	10223299	902694.667531302	10229087	1018493.82362761	10234063	46643	10239851	897850	10245654	1307776	10234063	0.83416	10239851	1.00223	10245654	1.04849	10234063	55916.1311978517	10239851	895852.249483652	10245654	1247294.68092209
87	10320940	69664	10326727	850749	10332515	918489	10320940	0.8342	10326727	1.00231	10332515	1.04851	10320940	83509.9496523615	10326727	848788.299029242	10332515	875994.506490162	10337491	68024	10343263	903679	10349066	1060250	10337491	0.83339	10343263	1.0015	10349066	1.04904	10337491	81623.2496190259	10343263	902325.511732402	10349066	1010685.96049722	10354043	47134	10359846	898001	10365634	1299795	10354043	0.83408	10359846	1.00181	10365634	1.04787	10354043	56510.1668904661	10359846	896378.554815784	10365634	1240416.27301096
88	10440951	68935	10446738	850822	10452557	918166	10440951	0.83381	10446738	1.00201	10452557	1.04859	10440951	82674.7100658423	10446738	849115.278290636	10452557	875619.641613977	10457518	69017	10463305	903593	10469109	1049037	10457518	0.83399	10463305	1.00239	10469109	1.04864	10457518	82755.188911138	10463305	901438.561837209	10469109	1000378.58559658	10474085	47356	10479873	896931	10485676	1290654	10474085	0.83388	10479873	1.0021	10485676	1.04894	10474085	56789.9457955581	10479873	895051.392076639	10485676	1230436.44059717
89	10560962	69399	10566749	850569	10572568	916716	10560962	0.83496	10566749	1.00257	10572568	1.0499	10560962	83116.5564817476	10566749	848388.641192136	10572568	873146.013906086	10577529	69231	10583316	904487	10589120	1044172	10577529	0.83417	10583316	1.00242	10589120	1.04894	10577529	82993.8741503531	10583316	902303.425709783	10589120	995454.458786966	10594096	47628	10599884	897353	10605687	1281656	10594096	0.83506	10599884	1.00235	10605687	1.04972	10594096	57035.4226043638	10599884	895249.164463511	10605687	1220950.34866441
90	10680973	69243	10686760	850153	10692579	915614	10680973	0.8348	10686760	1.00328	10692579	1.04865	10680973	82945.6157163392	10686760	847373.614544295	10692579	873135.936680494	10697540	69652	10703328	906742	10709131	1039786	10697540	0.83496	10703328	1.00261	10709131	1.0494	10697540	83419.5650091022	10703328	904381.564117653	10709131	990838.57442348	10714107	48249	10719895	895983	10725698	1274959	10714107	0.83402	10719895	1.00256	10725698	1.04961	10714107	57851.1306683293	10719895	893695.140440473	10725698	1214697.84015015
91	10800984	69448	10806787	852564	10812590	915150	10800984	0.83429	10806787	1.00283	10812590	1.04912	10800984	83242.0381402151	10806787	850158.052710828	10812590	872302.501143816	10817567	69814	10823339	906587	10829142	1037719	10817567	0.83427	10823339	1.0024	10829142	1.04939	10817567	83682.7405995661	10823339	904416.400638468	10829142	988878.300727089	10834118	47864	10839906	894014	10845693	1267668	10834118	0.83393	10839906	1.002	10845693	1.04925	10834118	57395.7046754524	10839906	892229.540918164	10845693	1208165.83273767
92	10920995	69350	10926782	850735	10932601	914207	10920995	0.83374	10926782	1.00227	10932601	1.04903	10920995	83179.408448677	10926782	848808.205373802	10932601	871478.413391419	10937578	69980	10943350	905648	10949153	1033189	10937578	0.83397	10943350	1.00325	10949153	1.04848	10937578	83911.8913150353	10943350	902714.178918515	10949153	985416.030825576	10954129	49291	10959917	895192	10965704	1258629	10954129	0.83337	10959917	1.00221	10965704	1.04833	10954129	59146.5975497078	10959917	893217.988245977	10965704	1200603.81750021
93	11041006	69269	11046778	849721	11052581	914045	11041006	0.83433	11046778	1.00282	11052581	1.04854	11041006	83023.5038893483	11046778	847331.52509922	11052581	871731.169054113	11057557	69808	11063345	904833	11069148	1030924	11057557	0.83445	11063345	1.0021	11069148	1.04944	11057557	83657.4989514051	11063345	902936.832651432	11069148	982356.304314682	11074125	48575	11079912	894539	11085715	1252431	11074125	0.8348	11079912	1.00312	11085715	1.04963	11074125	58187.5898418783	11079912	891756.719036606	11085715	1193211.89371493
94	11161017	68692	11166804	849583	11172608	911239	11161017	0.83478	11166804	1.00261	11172608	1.0495	11161017	82287.5488152567	11166804	847371.360748447	11172608	868260.123868509	11177584	70040	11183372	900522	11189175	1030827	11177584	0.83524	11183372	1.00172	11189175	1.04894	11177584	83856.1371581821	11183372	898975.761689893	11189175	982732.091444697	11194151	49147	11199939	895411	11205742	1244031	11194151	0.83429	11199939	1.00254	11205742	1.04837	11194151	58908.7727289072	11199939	893142.418257626	11205742	1186633.53586997
95	11281028	68592	11286815	851018	11292619	913453	11281028	0.83441	11286815	1.00277	11292619	1.04916	11281028	82204.1921836987	11286815	848667.191878497	11292619	870651.75950284	11297595	69624	11303367	903294	11309170	1031753	11297595	0.83448	11303367	1.00238	11309170	1.04914	11297595	83433.9948231234	11303367	901149.264749895	11309170	983427.378614866	11314162	49708	11319934	894848	11325737	1235352	11314162	0.83419	11319934	1.00191	11325737	1.04911	11314162	59588.3431832077	11319934	893142.09859169	11325737	1177523.80589261
96	11401039	69225	11406826	848724	11412630	908577	11401039	0.83443	11406826	1.0021	11412630	1.04882	11401039	82960.8235562	11406826	846945.414629278	11412630	866284.967868652	11417606	69757	11423394	904046	11429197	1030037	11417606	0.83499	11423394	1.00207	11429197	1.04861	11417606	83542.3178720703	11423394	902178.490524614	11429197	982287.981232298	11434173	50272	11439961	895922	11445764	1232224	11434173	0.83435	11439961	1.00188	11445764	1.04911	11434173	60252.8914724037	11439961	894240.82724478	11445764	1174542.23103392
97	11521050	69322	11526853	849079	11532656	910082	11521050	0.83397	11526853	1.00262	11532656	1.04895	11521050	83122.8941089008	11526853	846860.226207337	11532656	867612.374279041	11537633	69831	11543451	902203	11549255	1030180	11537633	0.83515	11543451	1.00314	11549255	1.04961	11537633	83614.9194755433	11543451	899378.950096697	11549255	981488.362344109	11554231	50156	11560019	894690	11565806	1221626	11554231	0.83468	11560019	1.00273	11565806	1.0492	11554231	60090.0944074376	11560019	892254.146180926	11565806	1164340.44986657
98	11641061	68886	11646848	847284	11652652	909191	11641061	0.83488	11646848	1.00243	11652652	1.04854	11641061	82510.0613261786	11646848	845230.090879164	11652652	867101.874988079	11657628	69717	11663400	902134	11669203	1027565	11657628	0.83479	11663400	1.00236	11669203	1.04952	11657628	83514.4167994346	11663400	900009.976455565	11669203	979080.913179358	11674180	50689	11679967	894867	11685770	1216538	11674180	0.83449	11679967	1.00269	11685770	1.04902	11674180	60742.4894246785	11679967	892466.265745146	11685770	1159689.99637757
99	11761072	69115	11766859	848313	11772678	907862	11761072	0.83439	11766859	1.00346	11772678	1.04874	11761072	82832.9677968336	11766859	845387.957666474	11772678	865669.279325667	11777639	69749	11783427	901769	11789230	1024174	11777639	0.83455	11783427	1.00229	11789230	1.04849	11777639	83576.7779042598	11783427	899708.667152222	11789230	976808.553252773	11794206	50681	11799994	894312	11805797	1210964	11794206	0.83464	11799994	1.00212	11805797	1.04884	11794206	60721.9879229368	11799994	892420.06945276	11805797	1154574.57762862
100	11881083	69145	11886870	847420	11892674	907691	11881083	0.83434	11886870	1.00237	11892674	1.04866	11881083	82873.8883428818	11886870	845416.363219171	11892674	865572.254114775	11897666	69903	11903438	899653	11909241	1024492	11897666	0.83414	11903438	1.00194	11909241	1.04874	11897666	83802.4792001343	11903438	897911.052558037	11909241	976878.921372314	11914217	51362	11920005	893980	11925808	1205300	11914217	0.83422	11920005	1.0018	11925808	1.04869	11914217	61568.8907002949	11920005	892373.727290876	11925808	1149338.6987575
101	12001094	69494	12006881	847863	12012685	908128	12001094	0.83464	12006881	1.00224	12012685	1.04862	12001094	83262.2448001534	12006881	845968.031609195	12012685	866022.009879651	12017661	70390	12023449	898269	12029236	1024104	12017661	0.83393	12023449	1.0021	12029236	1.04893	12017661	84407.5641840442	12023449	896386.588164854	12029236	976332.071730239	12034213	51537	12040000	893692	12045803	1198656	12034213	0.83411	12040000	1.00195	12045803	1.04851	12034213	61786.8146887101	12040000	891952.692250112	12045803	1143199.39723989
102	12121105	68933	12126908	845765	12132711	907860	12121105	0.83333	12126908	1.0022	12132711	1.04959	12121105	82719.9308797235	12126908	843908.401516663	12132711	864966.320182166	12137688	70564	12143475	899012	12149278	1022590	12137688	0.83469	12143475	1.0028	12149278	1.04916	12137688	84539.1702308642	12143475	896501.794974073	12149278	974674.9780777	12154255	51895	12160042	892717	12165846	1191137	12154255	0.83386	12160042	1.00214	12165846	1.0485	12154255	62234.6676900199	12160042	890810.665176522	12165846	1136039.10348116
103	12241116	69375	12246903	846056	12252707	907191	12241116	0.83395	12246903	1.00243	12252707	1.04955	12241116	83188.44055399	12246903	844005.067685524	12252707	864361.869372588	12257667	69740	12263455	899173	12269258	1019789	12257667	0.83386	12263455	1.00231	12269258	1.04844	12257667	83635.1425898832	12263455	897100.697389031	12269258	972672.732822098	12274250	51952	12280038	893864	12285841	1191353	12274250	0.83449	12280038	1.00229	12285841	1.05045	12274250	62255.9886877015	12280038	891821.728242325	12285841	1134135.84654196
104	12361127	69066	12366914	846983	12372702	904178	12361127	0.83421	12366914	1.00212	12372702	1.04903	12361127	82792.1027079512	12366914	845191.194667305	12372702	861918.152960354	12377678	69934	12383466	898776	12389269	1019557	12377678	0.83402	12383466	1.00279	12389269	1.04939	12377678	83851.7061940961	12383466	896275.391657276	12389269	971571.103212342	12394246	52210	12400018	890576	12405821	1180832	12394246	0.83357	12400018	1.00187	12405821	1.04792	12394246	62634.211883825	12400018	888913.731322427	12405821	1126834.10947401
105	12481138	69019	12486925	847013	12492729	904786	12481138	0.83416	12486925	1.00196	12492729	1.04735	12481138	82740.7212045651	12486925	845356.102040002	12492729	863881.224041629	12497705	70721	12503493	899208	12509296	1015927	12497705	0.83379	12503493	1.00163	12509296	1.04828	12497705	84818.7193418007	12503493	897744.67617783	12509296	969137.062616858	12514272	52903	12520060	892327	12525863	1177206	12514272	0.83401	12520060	1.00164	12525863	1.04827	12514272	63432.09314037	12520060	890865.979793139	12525863	1122998.84571723
106	12601149	68811	12606936	848196	12612740	905286	12601149	0.83418	12606936	1.00303	12612740	1.04828	12601149	82489.3907789686	12606936	845633.72979871	12612740	863591.788453467	12617732	70172	12623504	899832	12629307	1011570	12617732	0.83498	12623504	1.00235	12629307	1.04805	12617732	84040.3362954801	12623504	897722.352471692	12629307	965192.500357808	12634283	53340	12640071	893905	12645874	1172204	12634283	0.83397	12640071	1.00171	12645874	1.04871	12634283	63959.1352206914	12640071	892379.031855527	12645874	1117758.00745678
107	12721160	69082	12726947	845935	12732751	903346	12721160	0.83411	12726947	1.00252	12732751	1.04819	12721160	82821.2106316913	12726947	843808.602322148	12732751	861815.128936548	12737743	70280	12743515	897556	12749318	1010270	12737743	0.83438	12743515	1.00199	12749318	1.04915	12737743	84230.2068601836	12743515	895773.410912284	12749318	962941.428775675	12754294	53424	12760082	891961	12765885	1164334	12754294	0.83465	12760082	1.00229	12765885	1.04885	12754294	64007.6678847421	12760082	889923.076155604	12765885	1110105.35348239
108	12841171	68893	12846958	847988	12852762	903130	12841171	0.83423	12846958	1.00201	12852762	1.04869	12841171	82582.7409707155	12846958	846286.96320396	12852762	861198.25687286	12857738	70884	12863526	899139	12869329	1008017	12857738	0.83489	12863526	1.00249	12869329	1.04909	12857738	84902.2026853837	12863526	896905.704795061	12869329	960848.926212241	12874305	53509	12880093	892712	12885912	1161767	12874305	0.83469	12880093	1.0028	12885912	1.04909	12874305	64106.4347242689	12880093	890219.385719984	12885912	1107404.51248225
109	12961182	69568	12966969	848384	12972773	903733	12961182	0.83524	12966969	1.00294	12972773	1.04949	12961182	83291.0301230784	12966969	845897.062635851	12972773	861116.351751803	12977733	70647	12983521	898216	12989324	1004418	12977733	0.83503	12983521	1.00209	12989324	1.04856	12977733	84604.1459588278	12983521	896342.643874303	12989324	957902.265964752	12994301	53670	13000088	893637	13005892	1158574	12994301	0.83532	13000088	1.00281	13005892	1.04984	12994301	64250.8260307427	13000088	891132.916504622	13005892	1103571.97287206
110	13081193	69253	13086980	846043	13092784	904698	13081193	0.83501	13086980	1.00339	13092784	1.04961	13081193	82936.7312966312	13086980	843184.60419179	13092784	861937.290993798	13097745	71145	13103532	901531	13109335	1004321	13097745	0.83534	13103532	1.00368	13109335	1.04854	13097745	85168.9132568774	13103532	898225.530049418	13109335	957828.02754306	13114312	53926	13120084	896868	13125903	1155373	13114312	0.83453	13120084	1.00335	13125903	1.04922	13114312	64618.4079661606	13120084	893873.52369562	13125903	1101173.25251139
111	13201204	68951	13206991	848228	13212810	904936	13201204	0.83483	13206991	1.00294	13212810	1.04917	13201204	82592.8632176611	13206991	845741.519931402	13212810	862525.615486527	13217787	71258	13223559	898026	13229346	1001120	13217787	0.8352	13223559	1.00252	13229346	1.04944	13217787	85318.4865900383	13223559	895768.662969317	13229346	953956.395792042	13234338	53974	13240126	892298	13245914	1149620	13234338	0.8348	13240126	1.00249	13245914	1.04899	13234338	64655.0071873503	13240126	890081.696575527	13245914	1095930.37111889
112	13321215	69210	13327003	846011	13332821	904210	13321215	0.83503	13327003	1.00251	13332821	1.04848	13321215	82883.2497036035	13327003	843892.828999212	13332821	862400.808789867	13337798	70874	13343585	897143	13349373	998311	13337798	0.83451	13343585	1.00214	13349373	1.04925	13337798	84928.8804208458	13343585	895227.213762548	13349373	951451.989516321	13354365	54271	13360137	892103	13365940	1144377	13354365	0.83393	13360137	1.00291	13365940	1.04929	13354365	65078.6037197367	13360137	889514.512767845	13365940	1090620.32421923
113	13441226	68945	13447014	844798	13452832	900446	13441226	0.83374	13447014	1.0018	13452832	1.04825	13441226	82693.6455009955	13447014	843280.09582751	13452832	858999.284521822	13457793	71662	13463581	897071	13469446	996668	13457793	0.83335	13463581	1.00155	13469446	1.04839	13457793	85992.6801463971	13463581	895682.691827667	13469446	950665.305849922	13474423	54787	13480210	891703	13486014	1142057	13474423	0.83491	13480210	1.00132	13486014	1.0492	13474423	65620.2464936341	13480210	890527.503695122	13486014	1088502.66869996
114	13561237	69335	13567025	846220	13572843	902753	13561237	0.83421	13567025	1.00131	13572843	1.04873	13561237	83114.5634792199	13567025	845112.902098251	13572843	860805.927169052	13577820	70933	13583607	899466	13589411	996834	13577820	0.83384	13583607	1.00153	13589411	1.04909	13577820	85067.8787297323	13583607	898091.919363374	13589411	950189.211602437	13594387	55258	13600175	891958	13605978	1138182	13594387	0.83466	13600175	1.00241	13605978	1.04973	13594387	66204.2029089689	13600175	889813.549346076	13605978	1084261.66728587
115	13681248	68648	13687036	846323	13692839	904213	13681248	0.83451	13687036	1.00252	13692839	1.0499	13681248	82261.4468370661	13687036	844195.62701991	13692839	861237.260691495	13697815	71533	13703603	898031	13709406	994408	13697815	0.83423	13703603	1.00309	13709406	1.04971	13697815	85747.3358666075	13703603	895264.632286236	13709406	947316.877994875	13714382	55180	13720170	895231	13725973	1134897	13714382	0.83421	13720170	1.00231	13725973	1.04951	13714382	66146.4139725009	13720170	893167.782422604	13725973	1081358.91987689
116	13801259	69418	13807047	844627	13812865	901829	13801259	0.83463	13807047	1.00207	13812865	1.04927	13801259	83172.1840815691	13807047	842882.233776084	13812865	859482.306746595	13817826	72024	13823614	897578	13829417	992729	13817826	0.83458	13823614	1.00239	13829417	1.04888	13817826	86299.6956552997	13823614	895437.903410848	13829417	946465.753947068	13834393	55606	13840181	892561	13845984	1132219	13834393	0.83388	13840181	1.00214	13845984	1.04948	13834393	66683.4556530916	13840181	890654.99830363	13845984	1078838.09124519
117	13921270	69500	13927058	845935	13932861	899615	13921270	0.83431	13927058	1.00198	13932861	1.049	13921270	83302.3696228021	13927058	844263.358550071	13932861	857592.945662536	13937853	71886	13943625	897891	13949428	992782	13937853	0.83495	13943625	1.00253	13949428	1.04909	13937853	86096.1734235583	13943625	895625.068576502	13949428	946326.816574365	13954404	55395	13960192	890948	13965995	1125104	13954404	0.83401	13960192	1.00342	13965995	1.0499	13954404	66420.0669056726	13960192	887911.343206235	13965995	1071629.67901705
118	14041281	69112	14047069	845605	14052872	901321	14041281	0.83478	14047069	1.00334	14052872	1.04971	14041281	82790.6753875273	14047069	842790.081129029	14052872	858638.10004668	14057864	72041	14063636	897531	14069423	991384	14057864	0.8348	14063636	1.00289	14069423	1.04979	14057864	86297.3167225683	14063636	894944.610076878	14069423	944364.110917422	14074415	56280	14080203	892775	14086006	1126310	14074415	0.83489	14080203	1.00297	14086006	1.0509	14074415	67410.0779743439	14080203	890131.310009273	14086006	1071757.5411552
119	14161292	69184	14167080	846066	14172883	899840	14161292	0.83399	14167080	1.00232	14172883	1.04992	14161292	82955.4311202772	14167080	844107.670205124	14172883	857055.775678147	14177859	72037	14183647	899953	14189434	987655	14177859	0.83436	14183647	1.00279	14189434	1.04904	14177859	86338.0315451364	14183647	897449.116963672	14189434	941484.59543964	14194426	56489	14200214	893431	14206017	1121024	14194426	0.8343	14200214	1.00211	14206017	1.0498	14194426	67708.2584202325	14200214	891549.829858997	14206017	1067845.3038674
120	14281303	69802	14287091	844985	14292894	900697	14281303	0.83476	14287091	1.00249	14292894	1.04767	14281303	83619.2438545211	14287091	842886.213328812	14292894	859714.41388987	14297870	72415	14303642	897030	14309445	987259	14297870	0.83482	14303642	1.00309	14309445	1.0493	14297870	86743.2500419252	14303642	894266.71584803	14309445	940873.915943963	14314437	56907	14320225	895165	14326028	1120056	14314437	0.83474	14320225	1.00233	14326028	1.04955	14314437	68173.3234300501	14320225	893084.114014347	14326028	1067177.36172645
121	14401314	69794	14407102	846677	14412920	901361	14401314	0.83416	14407102	1.00324	14412920	1.04948	14401314	83669.7995588376	14407102	843942.625892109	14412920	858864.389983611	14417897	72877	14423684	897916	14429488	987748	14417897	0.83504	14423684	1.00312	14429488	1.04968	14417897	87273.6635370761	14423684	895123.21556743	14429488	940999.161649265	14434464	57225	14440252	891203	14446055	1115302	14434464	0.83538	14440252	1.00299	14446055	1.05007	14434464	68501.7596782303	14440252	888546.2467223	14446055	1062121.57284752
122	14521325	69434	14527113	845362	14532931	900697	14521325	0.83433	14527113	1.00314	14532931	1.05077	14521325	83221.2673642324	14527113	842715.872161413	14532931	857178.069415762	14537892	72148	14543680	898270	14549483	985823	14537892	0.83491	14543680	1.00275	14549483	1.04979	14537892	86414.104514259	14543680	895806.532036899	14549483	939066.860991246	14554459	56561	14560247	892083	14566050	1111735	14554459	0.83502	14560247	1.00279	14566050	1.04941	14554459	67736.1021292903	14560247	889601.013173247	14566050	1059390.51467015
123	14641336	69185	14647124	845957	14652911	899384	14641336	0.83479	14647124	1.00296	14652911	1.04895	14641336	82877.1307754046	14647124	843460.357342267	14652911	857413.604080271	14657888	72670	14663691	898844	14669494	984362	14657888	0.83498	14663691	1.0025	14669494	1.04928	14657888	87032.024719155	14663691	896602.493765586	14669494	938130.908813663	14674486	57086	14680274	891865	14686061	1109773	14674486	0.83454	14680274	1.00211	14686061	1.04911	14674486	68404.1507896566	14680274	889987.127161689	14686061	1057823.29784293
124	14761347	69448	14767135	847168	14772938	900310	14761347	0.83424	14767135	1.00224	14772938	1.04878	14761347	83247.027234369	14767135	845274.584929757	14772938	858435.515551403	14777914	72414	14783702	899842	14789505	984994	14777914	0.83496	14783702	1.00224	14789505	1.04878	14777914	86727.5079045703	14783702	897830.858876118	14789505	939180.762409657	14794481	57820	14800253	890771	14806057	1106712	14794481	0.8347	14800253	1.00256	14806057	1.04878	14794481	69270.3965496586	14800253	888496.449090329	14806057	1055237.51406396
125	14881358	69509	14887146	844459	14892964	899838	14881358	0.83471	14887146	1.00296	14892964	1.04993	14881358	83273.2326197122	14887146	841966.778336125	14892964	857045.707809092	14897941	73372	14903728	897843	14909516	982435	14897941	0.83521	14903728	1.00321	14909516	1.04907	14897941	87848.5650315489	14903728	894970.14583188	14909516	936481.836293098	14914508	58066	14920280	892691	14926083	1103812	14914508	0.83394	14920280	1.00279	14926083	1.04929	14914508	69628.5104443965	14920280	890207.321572812	14926083	1051960.84971743
126	15001369	69735	15007157	846461	15012960	899467	15001369	0.83434	15007157	1.00327	15012960	1.04997	15001369	83581.0341107942	15007157	843702.094152123	15012960	856659.714087069	15017936	72579	15023724	898639	15029527	981083	15017936	0.83535	15023724	1.00277	15029527	1.04957	15017936	86884.5394146166	15023724	896156.64609033	15029527	934747.563287823	15034504	57949	15040291	891134	15046094	1101516	15034504	0.83463	15040291	1.003	15046094	1.04976	15034504	69430.7657285264	15040291	888468.594217348	15046094	1049302.69775949
127	15121380	69485	15127168	845200	15132971	900494	15121380	0.83441	15127168	1.00216	15132971	1.04854	15121380	83274.4094629738	15127168	843378.30286581	15132971	858807.484693002	15137947	73056	15143750	898291	15149554	980945	15137947	0.83423	15143750	1.00215	15149554	1.04891	15137947	87572.9714826846	15143750	896363.817791748	15149554	935204.164322964	15154530	58132	15160318	890867	15166137	1099271	15154530	0.83427	15160318	1.00235	15166137	1.04912	15154530	69680.0795905402	15160318	888778.370828553	15166137	1047802.92054293
128	15241391	69904	15247179	844997	15252982	900109	15241391	0.83427	15247179	1.00268	15252982	1.04885	15241391	83790.6193438575	15247179	842738.460924722	15252982	858186.585307718	15257958	72985	15263746	899230	15269549	981148	15257958	0.8342	15263746	1.00388	15269549	1.04996	15257958	87491.0093502757	15263746	895754.472646133	15269549	934462.265229152	15274526	58592	15280298	892874	15286101	1095756	15274526	0.83469	15280298	1.00286	15286101	1.04859	15274526	70196.1207154752	15280298	890327.662884151	15286101	1044980.40225446
129	15361402	69465	15367190	845555	15372993	897830	15361402	0.83428	15367190	1.0016	15372993	1.0495	15361402	83263.4127631011	15367190	844204.273162939	15372993	855483.563601715	15377969	73177	15383757	897529	15389560	977634	15377969	0.83387	15383757	1.00234	15389560	1.0486	15377969	87755.8852099248	15383757	895433.685176687	15389560	932323.097463284	15394537	58848	15400324	894199	15406127	1095661	15394537	0.83405	15400324	1.00269	15406127	1.04898	15394537	70556.9210478988	15400324	891800.057844399	15406127	1044501.32509676
130	15481413	69134	15487201	845036	15493004	901014	15481413	0.83394	15487201	1.00163	15493004	1.04912	15481413	82900.4484735113	15487201	843660.832842467	15493004	858828.351380204	15497996	72577	15503768	896819	15509556	977052	15497996	0.83364	15503768	1.00177	15509556	1.04866	15497996	87060.3617868624	15503768	895234.435049962	15509556	931714.759788683	15514532	58843	15520320	892812	15526107	1092273	15514532	0.83363	15520320	1.0026	15526107	1.04897	15514532	70586.471216247	15520320	890496.70855775	15526107	1041281.44751518
131	15601424	69744	15607212	844958	15613015	899300	15601424	0.83428	15607212	1.00167	15613015	1.04957	15601424	83597.8328618689	15607212	843549.272714567	15613015	856827.081566737	15617991	72577	15623779	896514	15629582	977321	15617991	0.83419	15623779	1.00136	15629582	1.04842	15617991	87002.9609561371	15623779	895296.396900216	15629582	932184.62066729	15634543	59762	15640331	893606	15646134	1089241	15634543	0.83391	15640331	1.00208	15646134	1.0483	15634543	71664.8079528966	15640331	891751.157592208	15646134	1039054.65992559
132	15721435	69197	15727223	843290	15733042	899559	15721435	0.83421	15727223	1.00204	15733042	1.04832	15721435	82949.1375073423	15727223	841573.190690991	15733042	858095.810439561	15738018	73637	15743790	897520	15749656	977691	15738018	0.83453	15743790	1.00227	15749656	1.04806	15738018	88237.690676189	15743790	895487.243956219	15749656	932857.851649715	15754648	59728	15760435	890952	15766238	1086953	15754648	0.83426	15760435	1.00209	15766238	1.04836	15754648	71593.9874859157	15760435	889093.793970602	15766238	1036812.73608303
133	15841446	69503	15847234	846400	15853053	900995	15841446	0.83369	15847234	1.00167	15853053	1.04843	15841446	83367.9185308688	15847234	844988.868589456	15853053	859375.447097088	15858029	73405	15863817	897880	15869620	975535	15858029	0.83353	15863817	1.00162	15869620	1.04771	15858029	88065.2166088803	15863817	896427.786985084	15869620	931111.662578385	15874596	59475	15880384	890149	15886187	1083413	15874596	0.83368	15880384	1.00124	15886187	1.04816	15874596	71340.3224258708	15880384	889046.582238025	15886187	1033633.22393528
134	15961457	69392	15967229	845817	15973032	900456	15961457	0.83369	15967229	1.00182	15973032	1.04799	15961457	83234.7755160791	15967229	844280.409654429	15973032	859221.939140641	15978009	73082	15983796	896030	15989600	975703	15978009	0.83414	15983796	1.00211	15989600	1.04821	15978009	87613.5900448366	15983796	894143.357515642	15989600	930827.792140888	15994576	59966	16000364	893120	16006167	1083243	15994576	0.83403	16000364	1.00203	16006167	1.0476	15994576	71899.0923587881	16000364	891310.639402014	16006167	1034023.48224513
135	16081468	69302	16087256	846530	16093059	900016	16081468	0.83379	16087256	1.00152	16093059	1.0486	16081468	83116.8519651231	16087256	845245.227254573	16093059	858302.498569521	16098035	73517	16103823	896756	16109611	977108	16098035	0.83443	16103823	1.00147	16109611	1.04816	16098035	88104.4545378282	16103823	895439.703635656	16109611	932212.639291711	16114587	60010	16120359	892985	16126162	1079827	16114587	0.83326	16120359	1.00217	16126162	1.04862	16114587	72018.33761371	16120359	891051.418422024	16126162	1029760.06561004
136	16201479	69515	16207267	845914	16213070	900853	16201479	0.83334	16207267	1.0021	16213070	1.04785	16201479	83417.3326613387	16207267	844141.303263147	16213070	859715.608150022	16218046	73892	16223818	898452	16229622	976605	16218046	0.83399	16223818	1.00164	16229622	1.04928	16218046	88600.5827408003	16223818	896980.951239967	16229622	930738.220494053	16234598	60368	16240370	891644	16246173	1077621	16234598	0.83406	16240370	1.001	16246173	1.04859	16234598	72378.4859602427	16240370	890753.246753247	16246173	1027685.74943496
137	16321490	69754	16327278	846509	16333081	898604	16321490	0.83385	16327278	1.00154	16333081	1.04877	16321490	83652.9351801883	16327278	845207.380633824	16333081	856817.033286612	16338057	74073	16343845	898348	16349648	976425	16338057	0.83395	16343845	1.00167	16349648	1.04813	16338057	88821.871814857	16343845	896850.260065691	16349648	931587.684733764	16354625	60186	16360412	897592	16366215	1076406	16354625	0.83449	16360412	1.00193	16366215	1.04838	16354625	72123.0931467124	16360412	895862.984440031	16366215	1026732.67326733
138	16441501	69416	16447289	849161	16453108	901687	16441501	0.83389	16447289	1.00193	16453108	1.04822	16441501	83243.5932796892	16447289	847525.276216902	16453108	860207.780809372	16458068	73655	16463856	899293	16469659	974000	16458068	0.8337	16463856	1.00106	16469659	1.04763	16458068	88347.1272640039	16463856	898340.758795677	16469659	929717.552952856	16474636	60994	16480423	891609	16486226	1074591	16474636	0.83401	16480423	1.00055	16486226	1.04792	16474636	73133.4156664788	16480423	891118.884613463	16486226	1025451.37033361
139	16561512	69155	16567300	848250	16573119	901033	16561512	0.83349	16567300	1.00098	16573119	1.0481	16561512	82970.4015645059	16567300	847419.528861716	16573119	859682.282224979	16578095	73753	16583867	900887	16589670	972288	16578095	0.83359	16583867	1.0017	16589670	1.04831	16578095	88476.3492844204	16583867	899358.091244884	16589670	927481.374784177	16594647	60699	16600419	897448	16606237	1076186	16594647	0.83349	16600419	1.00158	16606237	1.04935	16594647	72825.1088795307	16600419	896032.269014956	16606237	1025573.92671654
140	16681523	69981	16687311	848071	16693114	899931	16681523	0.83459	16687311	1.00252	16693114	1.04897	16681523	83850.7530643789	16687311	845939.233132506	16693114	857918.720268454	16698090	74277	16703878	899255	16709666	977071	16698090	0.83474	16703878	1.00234	16709666	1.0494	16698090	88982.1980496921	16703878	897155.655765509	16709666	931075.852868306	16714642	60910	16720414	892476	16726217	1070474	16714642	0.83407	16720414	1.00238	16726217	1.04839	16714642	73027.4437397341	16720414	890356.95045791	16726217	1021064.68012858
141	16801534	69652	16807322	848521	16813125	899904	16801534	0.83422	16807322	1.00184	16813125	1.04902	16801534	83493.5628491285	16807322	846962.588836541	16813125	857852.090522583	16818101	74667	16823889	898062	16829677	973898	16818101	0.83438	16823889	1.00189	16829677	1.04852	16818101	89488.0030681464	16823889	896367.864735649	16829677	928831.114332583	16834653	61421	16840441	893720	16846244	1072601	16834653	0.83404	16840441	1.00225	16846244	1.04889	16834653	73642.7509471968	16840441	891713.644300324	16846244	1022605.80232436
142	16921545	70013	16927333	847024	16933136	900054	16921545	0.83375	16927333	1.00084	16933136	1.04841	16921545	83973.6131934033	16927333	846313.096998521	16933136	858494.291355481	16938112	74548	16943900	899648	16949703	971965	16938112	0.83403	16943900	1.00141	16949703	1.04821	16938112	89382.8759157344	16943900	898381.282391828	16949703	927261.71282472	16954664	61481	16960452	894429	16966239	1070018	16954664	0.83423	16960452	1.00187	16966239	1.04856	16954664	73697.9010584611	16960452	892759.539660834	16966239	1020464.25574121
143	17041556	70153	17047344	847427	17053147	900640	17041556	0.83427	17047344	1.00183	17053147	1.04832	17041556	84089.0838697304	17047344	845879.041354322	17053147	859126.984126984	17058123	74516	17063911	898304	17069714	974082	17058123	0.83468	17063911	1.0022	17069714	1.04876	17058123	89274.9317103561	17063911	896332.069447216	17069714	928794.004347992	17074706	61301	17080494	894003	17086297	1068262	17074706	0.8345	17080494	1.00204	17086297	1.04876	17074706	73458.3582983823	17080494	892182.946788552	17086297	1018595.29348945
144	17161567	70152	17167355	847091	17173158	899872	17161567	0.83442	17167355	1.00128	17173158	1.04825	17161567	84072.7691090818	17167355	846008.109619687	17173158	858451.705222991	17178134	74406	17183906	898339	17189710	972925	17178134	0.83406	17183906	1.00192	17189710	1.04872	17178134	89209.4093950076	17183906	896617.494410731	17189710	927726.180486689	17194702	61428	17200489	895973	17206293	1068199	17194702	0.83415	17200489	1.00195	17206293	1.04892	17194702	73641.4313972307	17200489	894229.252956735	17206293	1018379.85737711
145	17281578	69957	17287366	847229	17293169	902554	17281578	0.83445	17287366	1.00164	17293169	1.04847	17281578	83836.0596800288	17287366	845841.819416158	17293169	860829.589783208	17298145	74855	17303933	899225	17309736	970591	17298145	0.83435	17303933	1.00199	17309736	1.04841	17298145	89716.5458141068	17303933	897439.096198565	17309736	925774.267700613	17314728	61537	17320516	892583	17326319	1064319	17314728	0.83457	17320516	1.00246	17326319	1.04856	17314728	73734.9772936962	17320516	890392.634120065	17326319	1015029.18287938
146	17401589	70220	17407377	845514	17413196	901833	17401589	0.83445	17407377	1.00238	17413196	1.04894	17401589	84151.2373419618	17407377	843506.454637962	17413196	859756.51610197	17418172	75097	17423944	899928	17429747	974422	17418172	0.83537	17423944	1.00266	17429747	1.04929	17418172	89896.6924835702	17423944	897540.54215786	17429747	928648.895920098	17434724	62221	17440511	895395	17446315	1066496	17434724	0.83444	17440511	1.00272	17446315	1.0497	17434724	74566.1761181152	17440511	892966.132120632	17446315	1016000.76212251
147	17521600	70099	17527388	845703	17533207	904091	17521600	0.83491	17527388	1.00238	17533207	1.04963	17521600	83959.9477788025	17527388	843695.005885991	17533207	861342.568333603	17538183	75534	17543955	898793	17549743	973172	17538183	0.83515	17543955	1.00287	17549743	1.04903	17538183	90443.6328803209	17543955	896220.846171488	17549743	927687.482722134	17554719	62143	17560507	895207	17566372	1062852	17554719	0.8347	17560507	1.00246	17566372	1.0486	17554719	74449.5028153828	17560507	893010.194920496	17566372	1013591.4552737
148	17641611	69971	17647399	848619	17653202	904585	17641611	0.83446	17647399	1.00235	17653202	1.04957	17641611	83851.8323226997	17647399	846629.420860977	17653202	861862.477014396	17658179	74781	17663966	901021	17669754	973350	17658179	0.83492	17663966	1.00255	17669754	1.05029	17658179	89566.6650697073	17663966	898729.240436886	17669754	926744.0421217	17674730	62469	17680518	896010	17686305	1061970	17674730	0.83496	17680518	1.00259	17686305	1.04902	17674730	74816.7576889911	17680518	893695.329097637	17686305	1012344.85519819
149	17761622	69789	17767410	850020	17773213	902507	17761622	0.83447	17767410	1.00201	17773213	1.04925	17761622	83632.7249631503	17767410	848314.887076975	17773213	860144.865380033	17778190	75116	17783977	902718	17789780	971929	17778190	0.8339	17783977	1.00274	17789780	1.0493	17778190	90077.9469960427	17783977	900251.311406746	17789780	926264.176117412	17794757	63208	17800544	898302	17806348	1061086	17794757	0.83473	17800544	1.00163	17806348	1.04841	17794757	75722.6887736154	17800544	896840.150554596	17806348	1012090.68971109
150	17881633	69531	17887421	846809	17893224	903811	17881633	0.83388	17887421	1.00194	17893224	1.04864	17881633	83382.501079292	17887421	845169.371419446	17893224	861888.732072017	17898201	75033	17903988	900480	17909791	973079	17898201	0.8342	17903988	1.00275	17909791	1.04858	17898201	89946.0561016543	17903988	898010.471204189	17909791	927996.910107002	17914752	62834	17920524	895899	17926327	1061103	17914752	0.835	17920524	1.00229	17926327	1.04877	17914752	75250.2994011976	17920524	893852.078739686	17926327	1011759.48968792
151	18001644	70033	18007432	844487	18013235	902097	18001644	0.83407	18007432	1.00152	18013235	1.04889	18001644	83965.3746088458	18007432	843205.32790159	18013235	860049.194863141	18018212	75126	18023999	898967	18029802	970124	18018212	0.83372	18023999	1.00187	18029802	1.04814	18018212	90109.3892433911	18023999	897289.069440147	18029802	925567.195222012	18034794	62935	18040566	895015	18046370	1059981	18034794	0.83399	18040566	1.00135	18046370	1.048	18034794	75462.5355220087	18040566	893808.358715734	18046370	1011432.2519084
152	18121655	69963	18127443	849086	18133262	903601	18121655	0.834	18127443	1.00194	18133262	1.04873	18121655	83888.4892086331	18127443	847441.96259257	18133262	861614.524234074	18138223	75411	18144010	899781	18149798	974936	18138223	0.83466	18144010	1.00202	18149798	1.04864	18138223	90349.36381281	18144010	897967.106444981	18149798	929714.678059201	18154790	63076	18160577	894751	18166381	1056244	18154790	0.83447	18160577	1.00158	18166381	1.04835	18154790	75588.0978345537	18160577	893339.523552787	18166381	1007529.92798207
153	18241666	70096	18247454	846038	18253273	906173	18241666	0.83441	18247454	1.0019	18253273	1.04838	18241666	84006.663390899	18247454	844433.57620521	18253273	864355.481790954	18258234	75303	18264021	900117	18269809	970466	18258234	0.83436	18264021	1.00199	18269809	1.0481	18258234	90252.4090320725	18264021	898329.324643958	18269809	925928.823585536	18274785	63175	18280557	898372	18286360	1058729	18274785	0.83407	18280557	1.00171	18286360	1.04853	18274785	75743.0431498555	18280557	896838.406325184	18286360	1009726.95106482
154	18361677	70060	18367449	847317	18373253	905361	18361677	0.83416	18367449	1.00129	18373253	1.04924	18361677	83988.6832262396	18367449	846225.369273637	18373253	862873.12721589	18378229	75548	18384017	898708	18389820	972450	18378229	0.83423	18384017	1.00186	18389820	1.048	18378229	90560.1572707766	18384017	897039.506517877	18389820	927910.305343512	18394796	64211	18400584	897524	18406387	1055802	18394796	0.83456	18400584	1.00238	18406387	1.04949	18394796	76939.9444018405	18400584	895392.964743909	18406387	1006014.34982706
155	18481688	70408	18487476	846667	18493279	906754	18481688	0.83434	18487476	1.00246	18493279	1.04957	18481688	84387.6597070739	18487476	844589.31029667	18493279	863929.037605877	18498256	74938	18504043	899037	18509846	972877	18498256	0.83379	18504043	1.00203	18509846	1.04845	18498256	89876.3477614267	18504043	897215.652225981	18509846	927919.309456817	18514823	63500	18520595	896717	18526398	1055921	18514823	0.83441	18520595	1.00204	18526398	1.04892	18514823	76101.6766337891	18520595	894891.42150014	18526398	1006674.4842314
156	18601699	69967	18607487	845278	18613290	904990	18601699	0.83373	18607487	1.00133	18613290	1.04844	18601699	83920.4538639608	18607487	844155.273486263	18613290	863177.673495861	18618282	76007	18624054	899923	18629857	972595	18618282	0.83453	18624054	1.00162	18629857	1.04845	18618282	91077.6125483805	18624054	898467.482678062	18629857	927650.340979541	18634834	63757	18640606	893899	18646409	1055145	18634834	0.83413	18640606	1.0022	18646409	1.04885	18634834	76435.3278265978	18640606	891936.739173818	18646409	1006001.81150784
157	18721710	69855	18727498	846932	18733317	906873	18721710	0.83434	18727498	1.00265	18733317	1.04769	18721710	83724.8603686747	18727498	844693.56206054	18733317	865592.875755233	18738293	75685	18744081	900811	18749884	972708	18738293	0.8342	18744081	1.00191	18749884	1.04816	18738293	90727.6432510189	18744081	899093.73097384	18749884	928014.80689971	18754860	64260	18760664	895741	18766451	1058740	18754860	0.83369	18760664	1.00198	18766451	1.0492	18754860	77079.0101836414	18760664	893970.937543664	18766451	1009092.64201296
158	18841721	70462	18847509	846556	18853312	906002	18841721	0.83391	18847509	1.00165	18853312	1.0486	18841721	84495.9288172585	18847509	845161.483552139	18853312	864011.062368873	18858289	76056	18864076	899327	18869879	970803	18858289	0.83394	18864076	1.00207	18869879	1.04815	18858289	91200.8058133679	18864076	897469.238675941	18869879	926206.172780614	18874856	64524	18880643	895645	18886462	1052754	18874856	0.83366	18880643	1.00206	18886462	1.04807	18874856	77398.4598037569	18880643	893803.764245654	18886462	1004469.16713578
159	18961732	70097	18967520	848128	18973339	907591	18961732	0.83379	18967520	1.00225	18973339	1.04887	18961732	84070.3294594562	18967520	846223.99600898	18973339	865303.612459123	18978315	76198	18984087	899079	18989890	972079	18978315	0.83387	18984087	1.00152	18989890	1.04909	18978315	91378.7520836581	18984087	897714.473999521	18989890	926592.570704134	18994851	64138	19000639	892952	19006442	1051899	18994851	0.83372	19000639	1.00199	19006442	1.04842	18994851	76929.9045243007	19000639	891178.554676194	19006442	1003318.32662483
160	19081743	70420	19087531	847156	19093334	906413	19081743	0.83372	19087531	1.00213	19093334	1.04866	19081743	84464.8083289354	19087531	845355.393012883	19093334	864353.555966662	19098311	75382	19104098	899026	19109901	971806	19098311	0.83404	19104098	1.00188	19109901	1.0485	19098311	90381.7562706825	19104098	897339.002674971	19109901	926853.600381497	19114878	64366	19120665	894161	19126469	1052569	19114878	0.83387	19120665	1.00133	19126469	1.04859	19114878	77189.4899684603	19120665	892973.345450551	19126469	1003794.61944135
161	19201754	70254	19207542	848271	19213345	907166	19201754	0.83414	19207542	1.00221	19213345	1.04791	19201754	84223.2718728271	19207542	846400.454994462	19213345	865690.755885525	19218322	75787	19224094	899134	19229897	971319	19218322	0.83397	19224094	1.00152	19229897	1.0486	19218322	90874.9715217574	19224094	897769.3905264	19229897	926300.781995041	19234873	64712	19240645	895481	19246449	1051996	19234873	0.83372	19240645	1.00091	19246449	1.04815	19234873	77618.3850693278	19240645	894666.853163621	19246449	1003669.32213901
162	19321765	70521	19327553	847114	19333356	907562	19321765	0.83369	19327553	1.00172	19333356	1.04876	19321765	84588.9959097506	19327553	845659.465718963	19333356	865366.718791716	19338333	76277	19344120	897928	19349923	970174	19338333	0.83446	19344120	1.00246	19349923	1.04842	19338333	91408.8152817391	19344120	895724.517686491	19349923	925367.696152305	19354900	65525	19360688	897251	19366475	1052319	19354900	0.83385	19360688	1.00149	19366475	1.04847	19354900	78581.2796066439	19360688	895916.0850333	19366475	1003671.06354974
163	19441776	70530	19447564	846711	19453383	907091	19441776	0.83425	19447564	1.00203	19453383	1.04756	19441776	84543.0026970333	19447564	844995.65881261	19453383	865908.396655084	19458359	76264	19464147	898160	19469950	971045	19458359	0.83392	19464147	1.00193	19469950	1.04757	19458359	91452.4174980814	19464147	896429.890311699	19469950	926949.989022213	19474927	65404	19480714	894200	19486517	1049204	19474927	0.83405	19480714	1.00189	19486517	1.04875	19474927	78417.3610694802	19480714	892513.150146223	19486517	1000432.89630513
164	19561787	70410	19567575	848086	19573378	907038	19561787	0.83453	19567575	1.00222	19573378	1.04773	19561787	84370.8434687788	19567575	846207.419528646	19573378	865717.312666431	19578355	76123	19584142	898087	19589946	971767	19578355	0.83371	19584142	1.00164	19589946	1.04863	19578355	91306.3295390484	19584142	896616.54885987	19589946	926701.505774201	19594922	65085	19600710	896338	19606497	1048680	19594922	0.83445	19600710	1.00168	19606497	1.0484	19594922	77997.4833722811	19600710	894834.677741394	19606497	1000267.07363602
165	19681798	69922	19687586	844993	19693389	909072	19681798	0.83382	19687586	1.00165	19693389	1.04808	19681798	83857.4272624787	19687586	843601.058253881	19693389	867368.903137165	19698381	76450	19704153	900620	19709957	969344	19698381	0.83382	19704153	1.00181	19709957	1.0478	19698381	91686.4551102156	19704153	898992.822990388	19709957	925123.115098301	19714933	65177	19720705	896088	19726508	1048636	19714933	0.83435	19720705	1.0024	19726508	1.04763	19714933	78117.0971414874	19720705	893942.537909018	19726508	1000960.26268816
166	19801809	70151	19807597	848609	19813400	909130	19801809	0.83361	19807597	1.00139	19813400	1.0483	19801809	84153.2611173091	19807597	847431.070811572	19813400	867242.20165983	19818377	76362	19824164	897402	19829968	971140	19818377	0.83332	19824164	1.0004	19829968	1.04758	19818377	91635.8661738588	19824164	897043.182726909	19829968	927031.825731686	19834944	65991	19840732	895912	19846519	1045830	19834944	0.834	19840732	1.00165	19846519	1.04759	19834944	79125.8992805755	19840732	894436.180302501	19846519	998319.95341689
167	19921820	70583	19927608	848421	19933411	908234	19921820	0.83339	19927608	1.00255	19933411	1.04799	19921820	84693.8408188243	19927608	846263.029275348	19933411	866643.765684787	19938372	77270	19944160	898099	19949979	971089	19938372	0.83392	19944160	1.00087	19949979	1.04821	19938372	92658.7682271681	19944160	897318.333050246	19949979	926426.002423179	19954955	65736	19960727	895941	19966530	1048809	19954955	0.83357	19960727	1.00133	19966530	1.04816	19954955	78860.803531797	19960727	894750.981195011	19966530	1000619.18027782
168	20041832	70758	20047619	846370	20053422	910238	20041832	0.83418	20047619	1.00172	20053422	1.04816	20041832	84823.4194058836	20047619	844916.743201693	20053422	868415.127461456	20058399	76702	20064186	896438	20069990	971226	20058399	0.83431	20064186	1.0013	20069990	1.04827	20058399	91934.6525871678	20064186	895274.143613303	20069990	926503.667948143	20074966	65602	20080738	895666	20086526	1048635	20074966	0.83417	20080738	1.00164	20086526	1.04831	20074966	78643.4419842478	20080738	894199.51279901	20086526	1000310.0227986
169	20161843	70235	20167630	848881	20173449	911198	20161843	0.83341	20167630	1.00179	20173449	1.04788	20161843	84274.2467692972	20167630	847364.218049691	20173449	869563.308775814	20178425	76859	20184213	898390	20190016	971568	20178425	0.83379	20184213	1.00127	20190016	1.04829	20178425	92180.2852037084	20184213	897250.491875318	20190016	926812.237071803	20194993	65483	20200796	891463	20206599	1045886	20194993	0.8338	20200796	1.00112	20206599	1.04881	20194993	78535.6200527705	20200796	890465.678440147	20206599	997212.078450816
170	20281854	70513	20287626	847640	20293444	909856	20281854	0.83348	20287626	1.00134	20293444	1.04778	20281854	84600.7102749916	20287626	846505.682385603	20293444	868365.496573708	20298421	77100	20304208	899013	20310058	972490	20298421	0.83371	20304208	1.00084	20310058	1.04798	20298421	92478.1998536662	20304208	898258.462891172	20310058	927966.182560736	20315035	66167	20320807	894904	20326610	1046590	20315035	0.83362	20320807	1.00138	20326610	1.04871	20315035	79373.0956550946	20320807	893670.734386547	20326610	997978.46878546
171	20401865	70530	20407652	845312	20413455	912344	20401865	0.83298	20407652	1.00132	20413455	1.04736	20401865	84671.9008859757	20407652	844197.659090001	20413455	871089.214787657	20418447	76929	20424219	899079	20430023	972018	20418447	0.83356	20424219	1.00138	20430023	1.04769	20418447	92289.697202361	20424219	897839.98082646	20430023	927772.528133322	20434999	66243	20440771	895116	20446574	1045399	20434999	0.83336	20440771	1.00139	20446574	1.04727	20434999	79489.0563501968	20440771	893873.51581302	20446574	998213.450208638
172	20521876	70876	20527663	846321	20533466	910912	20521876	0.83336	20527663	1.0016	20533466	1.04771	20521876	85048.4784486896	20527663	844969.049520767	20533466	869431.426635233	20538443	77431	20544230	898499	20550034	970653	20538443	0.83397	20544230	1.001	20550034	1.04784	20538443	92846.2654531938	20544230	897601.398601399	20550034	926337.036188731	20555010	66106	20560782	895153	20566570	1043384	20555010	0.83276	20560782	1.00051	20566570	1.04829	20555010	79381.8146885057	20560782	894696.704680613	20566570	995319.997328983
173	20641887	70685	20647674	846309	20653477	912616	20641887	0.83385	20647674	1.00132	20653477	1.04826	20641887	84769.4429453739	20647674	845193.344784884	20653477	870600.805143762	20658454	76874	20664241	898827	20670045	971521	20658454	0.83324	20664241	1.00142	20670045	1.04839	20658454	92259.1330228986	20664241	897552.475484812	20670045	926679.003042761	20675021	67106	20680809	896534	20686596	1045724	20675021	0.83454	20680809	1.00227	20686596	1.04853	20675021	80410.7652119731	20680809	894503.477106967	20686596	997323.872469076
174	20761898	70458	20767685	847516	20773488	909427	20761898	0.83434	20767685	1.00169	20773488	1.04837	20761898	84447.5873145241	20767685	846086.114466552	20773488	867467.592548432	20778465	77403	20784252	900364	20790056	974756	20778465	0.8338	20784252	1.00271	20790056	1.04909	20778465	92831.6142959943	20784252	897930.608052179	20790056	929144.306017596	20795032	66845	20800804	895439	20806607	1043967	20795032	0.83475	20800804	1.00196	20806607	1.04839	20795032	80077.8676250374	20800804	893687.372749411	20806607	995781.150144507
175	20881909	70261	20887696	846133	20893499	914880	20881909	0.83422	20887696	1.00191	20893499	1.04902	20881909	84223.5861043849	20887696	844519.966863291	20893499	872128.272101581	20898491	77557	20904279	902058	20910067	975534	20898491	0.8344	20904279	1.00273	20910067	1.04877	20898491	92949.4247363375	20904279	899602.086304389	20910067	930169.627277668	20915043	66565	20920831	896973	20926634	1044317	20915043	0.83437	20920831	1.00198	20926634	1.04852	20915043	79778.7552284958	20920831	895200.503004052	20926634	995991.492770763
176	21001920	70696	21007707	848266	21013526	914623	21001920	0.83386	21007707	1.00156	21013526	1.04863	21001920	84781.618017413	21007707	846944.766164783	21013526	872207.546989882	21018502	77855	21024274	899162	21030078	972261	21018502	0.83408	21024274	1.00172	21030078	1.04931	21018502	93342.3652407443	21024274	897618.096873378	21030078	926571.747148126	21035054	67212	21040826	895318	21046629	1045451	21035054	0.83488	21040826	1.00119	21046629	1.04786	21035054	80504.9827520123	21040826	894253.83793286	21046629	997701.028763385
177	21121931	70536	21127718	847120	21133537	915299	21121931	0.83373	21127718	1.00218	21133537	1.04806	21121931	84602.9290057933	21127718	845277.295495819	21133537	873326.908764765	21138513	77739	21144301	898916	21150104	972165	21138513	0.83411	21144301	1.00146	21150104	1.04854	21138513	93199.9376581026	21144301	897605.495975875	21150104	927160.623342934	21155081	66699	21160884	896487	21166687	1043852	21155081	0.83429	21160884	1.00137	21166687	1.04865	21155081	79947.0208200985	21160884	895260.49312442	21166687	995424.593525009
178	21241942	70415	21247729	846932	21253532	916422	21241942	0.83361	21247729	1.00136	21253532	1.04907	21241942	84469.9559746164	21247729	845781.7368379	21253532	873556.578683977	21258524	77050	21264296	899881	21270100	975364	21258524	0.8337	21264296	1.00232	21270100	1.04952	21258524	92419.3354923834	21264296	897798.108388538	21270100	929342.937723912	21275076	67577	21280864	896899	21286682	1046441	21275076	0.83458	21280864	1.00182	21286682	1.04899	21275076	80971.2669845911	21280864	895269.609311054	21286682	997570.043565716
179	21361953	70140	21367740	846971	21373543	914222	21361953	0.83386	21367740	1.00219	21373543	1.04863	21361953	84114.8394214856	21367740	845120.186790928	21373543	871825.143282187	21378520	77425	21384307	900152	21390111	970932	21378520	0.83426	21384307	1.00189	21390111	1.04839	21378520	92806.7988396903	21384307	898453.922087255	21390111	926117.189213938	21395087	67450	21400859	895676	21406678	1042745	21395087	0.83432	21400859	1.00169	21406678	1.04833	21395087	80844.2803720395	21400859	894164.861384261	21406678	994672.479085784
180	21481964	70872	21487751	847738	21493554	916410	21481964	0.83481	21487751	1.00174	21493554	1.04866	21481964	84895.9643511697	21487751	846265.498033422	21493554	873886.674422596	21498531	77913	21504318	901080	21510106	974515	21498531	0.83369	21504318	1.00136	21510106	1.04815	21498531	93455.6010027708	21504318	899856.195574019	21510106	929747.650622525	21515082	67423	21520870	896287	21526658	1042612	21515082	0.83451	21520870	1.00187	21526658	1.04854	21515082	80793.5195503948	21520870	894614.071685947	21526658	994346.424552234
181	21601975	70315	21607762	849247	21613581	916486	21601975	0.83483	21607762	1.00223	21613581	1.04923	21601975	84226.728795084	21607762	847357.39301358	21613581	873484.364724608	21618557	78041	21624329	901906	21630133	974095	21618557	0.83427	21624329	1.00266	21630133	1.04963	21618557	93544.0564805159	21624329	899513.294636268	21630133	928036.546211522	21635109	67985	21640897	897924	21646700	1044321	21635109	0.83511	21640897	1.00244	21646700	1.04943	21635109	81408.4372118643	21640897	895738.398308128	21646700	995131.642891856
182	21721986	70799	21727773	846864	21733576	918560	21721986	0.83485	21727773	1.00234	21733576	1.04893	21721986	84804.4558902797	21727773	844886.964503063	21733576	875711.439276215	21738553	77723	21744340	899985	21750159	975388	21738553	0.83484	21744340	1.00255	21750159	1.04986	21738553	93099.2765080734	21744340	897695.87551743	21750159	929064.827691311	21755136	68435	21760908	896464	21766711	1043427	21755136	0.83499	21760908	1.0027	21766711	1.04955	21755136	81959.0653780285	21760908	894050.064824973	21766711	994166.07117336
183	21841997	70631	21847784	847129	21853603	915890	21841997	0.83424	21847784	1.00185	21853603	1.04931	21841997	84665.0843881857	21847784	845564.705295204	21853603	872849.777472815	21858564	77648	21864367	901508	21870155	974929	21858564	0.8345	21864367	1.00194	21870155	1.04841	21858564	93047.3337327741	21864367	899762.460825998	21870155	929911.961923294	21875131	67834	21880919	895995	21886722	1043875	21875131	0.83417	21880919	1.00186	21886722	1.04899	21875131	81319.1555678099	21880919	894331.543329408	21886722	995123.88106655
184	21962008	71016	21967795	849749	21973598	918266	21962008	0.83468	21967795	1.00251	21973598	1.04944	21962008	85081.7079599368	21967795	847621.470110024	21973598	875005.71733496	21978575	78059	21984363	901449	21990166	974618	21978575	0.83524	21984363	1.00295	21990166	1.0489	21978575	93456.9704516067	21984363	898797.547235655	21990166	929181.046810945	21995142	68046	22000930	895330	22006717	1043902	21995142	0.83497	22000930	1.00184	22006717	1.04887	21995142	81495.1435380912	22000930	893685.61846203	22006717	995263.474024426
185	22082019	70952	22087806	848993	22093625	918513	22082019	0.83446	22087806	1.00137	22093625	1.0487	22082019	85027.442897203	22087806	847831.470884888	22093625	875858.682177935	22098586	78213	22104374	898894	22110177	975644	22098586	0.83425	22104374	1.00171	22110177	1.04898	22098586	93752.4722804914	22104374	897359.515228959	22110177	930088.276230243	22115153	68453	22120941	895149	22126744	1043114	22115153	0.83475	22120941	1.00188	22126744	1.04876	22115153	82004.1928721174	22120941	893469.277757815	22126744	994616.499485106
186	22202030	70629	22207817	847693	22213621	919948	22202030	0.83375	22207817	1.00119	22213621	1.04816	22202030	84712.4437781109	22207817	846685.444321258	22213621	877678.98030835	22218613	77914	22224400	898971	22230203	974081	22218613	0.83342	22224400	1.00092	22230203	1.04884	22218613	93487.0773439562	22224400	898144.70686968	22230203	928722.207391022	22235180	68363	22240952	895454	22246755	1042080	22235180	0.83357	22240952	1.00065	22246755	1.04762	22235180	82012.3085043848	22240952	894872.332983561	22246755	994711.822989252
187	22322041	70398	22327828	848081	22333632	920019	22322041	0.83387	22327828	1.00154	22333632	1.04919	22322041	84423.2314389533	22327828	846776.963476247	22333632	876885.02559117	22338608	78156	22344396	899469	22350199	975726	22338608	0.83408	22344396	1.00207	22350199	1.04787	22338608	93703.2418952618	22344396	897610.94534314	22350199	931151.765009018	22355191	68215	22360963	893720	22366766	1039070	22355191	0.83368	22360963	1.00099	22366766	1.04816	22355191	81823.9612321274	22360963	892836.092268654	22366766	991327.659899252
188	22442052	70808	22447839	849076	22453643	920202	22442052	0.83352	22447839	1.00177	22453643	1.04892	22442052	84950.5710720799	22447839	847575.790850195	22453643	877285.207642146	22458603	78491	22464391	899954	22470194	976222	22458603	0.83389	22464391	1.00183	22470194	1.04872	22458603	94126.3236158246	22464391	898310.092530669	22470194	930870.01296819	22475171	68014	22480958	893949	22486761	1042248	22475171	0.83425	22480958	1.0017	22486761	1.04881	22475171	81527.1201678154	22480958	892431.865828092	22486761	993743.385360552
189	22562063	70251	22567850	849585	22573654	919062	22562063	0.83383	22567850	1.00218	22573654	1.04744	22562063	84250.9864120984	22567850	847736.933485003	22573654	877436.416405713	22578646	78661	22584418	898408	22590221	978342	22578646	0.834	22584418	1.00094	22590221	1.04826	22578646	94317.7458033573	22584418	897564.289567806	22590221	933300.898632019	22595197	69174	22600985	895494	22606788	1041207	22595197	0.83455	22600985	1.0017	22606788	1.04807	22595197	82887.7838356	22600985	893974.243785565	22606788	993451.77325942
190	22682074	70668	22687861	850507	22693665	922564	22682074	0.83448	22687861	1.0018	22693665	1.04799	22682074	84685.0733390854	22687861	848978.838091435	22693665	880317.560282064	22698641	78533	22704429	903235	22710232	975854	22698641	0.83397	22704429	1.00245	22710232	1.0481	22698641	94167.6559108841	22704429	901027.482667465	22710232	931069.554431829	22715208	68917	22720996	896774	22726799	1044874	22715208	0.83492	22720996	1.00257	22726799	1.04956	22715208	82543.2376754659	22720996	894475.19873924	22726799	995535.271923473
191	22802085	70755	22807872	848955	22813676	922045	22802085	0.83471	22807872	1.00266	22813676	1.04835	22802085	84765.9666231386	22807872	846702.770630124	22813676	879520.198407021	22818652	78250	22824440	899873	22830243	978695	22818652	0.83501	22824440	1.00131	22830243	1.04957	22818652	93711.4525574544	22824440	898695.708621706	22830243	932472.345817811	22835219	69305	22841007	898211	22846794	1043463	22835219	0.83493	22841007	1.00255	22846794	1.04907	22835219	83006.9586671937	22841007	895926.387711336	22846794	994655.266092825
192	22922096	70667	22927883	849436	22933687	921632	22922096	0.83475	22927883	1.00215	22933687	1.04803	22922096	84656.4839772387	22927883	847613.630694008	22933687	879394.673816589	22938663	78076	22944451	901778	22950254	978240	22938663	0.83431	22944451	1.00222	22950254	1.04862	22938663	93581.5224556819	22944451	899780.487318154	22950254	932883.217943583	22955230	68606	22961018	894923	22966821	1041958	22955230	0.83434	22961018	1.00198	22966821	1.04851	22955230	82227.8687345686	22961018	893154.553983114	22966821	993751.132559537
193	23042107	70595	23047894	847653	23053713	922361	23042107	0.83437	23047894	1.00288	23053713	1.04921	23042107	84608.7467190815	23047894	845218.769942565	23053713	879100.466064944	23058674	78388	23064462	898577	23070265	977914	23058674	0.83457	23064462	1.00162	23070265	1.04854	23058674	93926.2134991673	23064462	897123.659671332	23070265	932643.485227078	23075241	68752	23081029	897775	23086816	1044618	23075241	0.83352	23081029	1.00215	23086816	1.04897	23075241	82483.9236011134	23081029	895848.924811655	23086816	995851.168288893
194	23162118	70709	23167905	850640	23173709	924260	23162118	0.83394	23167905	1.00192	23173709	1.04824	23162118	84789.0735544524	23167905	849009.900990099	23173709	881725.559032283	23178685	79092	23184473	901497	23190276	979079	23178685	0.83366	23184473	1.00136	23190276	1.04833	23178685	94873.2097017969	23184473	900272.629224255	23190276	933941.602358036	23195252	69666	23201024	897952	23206827	1042697	23195252	0.83398	23201024	1.00127	23206827	1.04757	23195252	83534.3773231972	23201024	896813.047429764	23206827	995348.282215031
195	23282129	70658	23287932	850037	23293735	921704	23282129	0.83424	23287932	1.00267	23293735	1.04828	23282129	84697.4491752973	23287932	847773.444902111	23293735	879253.634525127	23298712	78750	23304484	901945	23310287	978957	23298712	0.83444	23304484	1.00186	23310287	1.04892	23298712	94374.6704376588	23304484	900270.496875811	23310287	933299.965678984	23315263	69373	23321051	900288	23326854	1045008	23315263	0.83386	23321051	1.00208	23326854	1.0487	23315263	83195.020746888	23321051	898419.287881207	23326854	996479.450748546
196	23402140	71155	23407927	849051	23413731	925991	23402140	0.83406	23407927	1.00138	23413731	1.04855	23402140	85311.608277582	23407927	847880.924324432	23413731	883115.731247914	23418691	79263	23424495	900280	23430298	979484	23418691	0.83432	23424495	1.00229	23430298	1.04905	23418691	95003.1163102886	23424495	898223.069171597	23430298	933686.668890901	23435274	69016	23441046	896995	23446849	1044661	23435274	0.83379	23441046	1.00196	23446849	1.04877	23435274	82773.8399357152	23441046	895240.328955248	23446849	996082.077099841
197	23522151	71074	23527938	846081	23533742	925961	23522151	0.83386	23527938	1.00125	23533742	1.04916	23522151	85234.9315232773	23527938	845024.719101124	23533742	882573.677990011	23538718	78673	23544490	900212	23550309	981796	23538718	0.83341	23544490	1.00122	23550309	1.04867	23538718	94398.9152997924	23544490	899115.079602884	23550309	936229.700477748	23555285	69466	23561073	895464	23566876	1043495	23555285	0.83429	23561073	1.00135	23566876	1.04837	23555285	83263.6133718491	23561073	894256.753382933	23566876	995349.924167994
198	23642162	71157	23647949	848440	23653753	926101	23642162	0.83452	23647949	1.00169	23653753	1.04916	23642162	85266.9798207353	23647949	847008.555541135	23653753	882707.118075413	23658729	78531	23664517	901504	23670320	978820	23658729	0.8335	23664517	1.00099	23670320	1.04782	23658729	94218.3563287343	23664517	900612.393730207	23670320	934148.995056403	23675296	69630	23681084	898775	23686872	1045279	23675296	0.83348	23681084	1.0015	23686872	1.04826	23675296	83541.2967317752	23681084	897428.856714928	23686872	997156.239864156
199	23762173	70844	23767960	850495	23773764	926325	23762173	0.83409	23767960	1.00213	23773764	1.04838	23762173	84935.6784040092	23767960	848687.296059394	23773764	883577.519601671	23778740	79097	23784512	900997	23790331	982728	23778740	0.834	23784512	1.00179	23790331	1.04838	23778740	94840.5275779377	23784512	899387.097096198	23790331	937377.668402679	23795307	69951	23801095	897622	23806883	1046598	23795307	0.83345	23801095	1.00133	23806883	1.04784	23795307	83929.4498770172	23801095	896429.748434582	23806883	998814.704535044
200	23882184	71381	23887971	849263	23893775	925359	23882184	0.83351	23887971	1.00021	23893775	1.04837	23882184	85639.0445225612	23887971	849084.692214635	23893775	882664.517298282	23898767	79497	23904554	900525	23910342	979903	23898767	0.83363	23904554	1.00183	23910342	1.04785	23898767	95362.4509674556	23904554	898880.049509398	23910342	935155.795199695	23915334	70308	23921106	895744	23926909	1044738	23915334	0.83377	23921106	1.001	23926909	1.04802	23915334	84325.4134833347	23921106	894849.150849151	23926909	996868.38037442
201	24002195	71331	24007982	847643	24013786	926929	24002195	0.83307	24007982	1.0014	24013786	1.04779	24002195	85624.2572652958	24007982	846457.9588576	24013786	884651.504595387	24018778	78471	24024565	901025	24030384	982974	24018778	0.83398	24024565	1.00092	24030384	1.04946	24018778	94092.1844648553	24024565	900196.818926587	24030384	936647.41867246	24035361	70261	24041148	899540	24046951	1044538	24035361	0.83327	24041148	1.002	24046951	1.04777	24035361	84319.6082902301	24041148	897744.510978044	24046951	996915.353560419
202	24122206	70171	24127993	848403	24133797	927628	24122206	0.83422	24127993	1.00191	24133797	1.04816	24122206	84115.7008942485	24127993	846785.639428691	24133797	885006.105938025	24138773	79287	24144561	898912	24150364	982960	24138773	0.8334	24144561	1.00009	24150364	1.04729	24138773	95136.7890568755	24144561	898831.105200532	24150364	938574.797811495	24155340	69958	24161128	898874	24166931	1046001	24155340	0.83402	24161128	1.00125	24166931	1.0483	24155340	83880.4824824345	24161128	897751.810237203	24166931	997806.925498426
203	24242217	70694	24248004	850274	24253808	928270	24242217	0.83421	24248004	1.0024	24253808	1.04863	24242217	84743.6496805361	24248004	848238.228252195	24253808	885221.670179186	24258784	79483	24264572	902067	24270375	982523	24258784	0.83406	24264572	1.00213	24270375	1.04816	24258784	95296.501450735	24264572	900149.681179089	24270375	937378.835292322	24275351	69618	24281123	898241	24286927	1046543	24275351	0.83371	24281123	1.0014	24286927	1.04825	24275351	83503.8562569719	24281123	896985.220691033	24286927	998371.571667064
204	24362228	70605	24368016	850332	24373819	927671	24362228	0.83409	24368016	1.00174	24373819	1.04912	24362228	84649.1385821674	24368016	848854.992313375	24373819	884237.265517767	24378780	79700	24384567	902223	24390370	984460	24378780	0.83412	24384567	1.00253	24390370	1.04879	24378780	95549.8009878674	24384567	899946.136275224	24390370	938662.649338762	24395362	70393	24401150	898071	24406938	1047692	24395362	0.83423	24401150	1.00138	24406938	1.04873	24395362	84380.8062524724	24401150	896833.36994947	24406938	999010.231422769
205	24482239	70821	24488027	849095	24493830	929278	24482239	0.83378	24488027	1.00145	24493830	1.04797	24482239	84939.6723356281	24488027	847865.594887413	24493830	886741.032663149	24498791	78709	24504578	898986	24510381	982212	24498791	0.83387	24504578	1.00167	24510381	1.04892	24498791	94390.0128317364	24504578	897487.196382042	24510381	936403.157533463	24515358	70726	24521145	897766	24526949	1046410	24515358	0.83416	24521145	1.00118	24526949	1.04803	24515358	84787.0912055241	24521145	896707.884696059	24526949	998454.242722059
206	24602250	70794	24608038	848471	24613841	930926	24602250	0.83326	24608038	1.00093	24613841	1.04919	24602250	84960.2765043324	24608038	847682.655130729	24613841	887280.664131377	24618833	79858	24624605	898491	24630424	982969	24618833	0.83368	24624605	1.00061	24630424	1.0486	24618833	95789.7514633912	24624605	897943.254614685	24630424	937410.833492275	24635400	70797	24641188	897727	24646975	1046176	24635400	0.83394	24641188	1.00125	24646975	1.04869	24635400	84894.596733578	24641188	896606.242197254	24646975	997602.723397763
207	24722261	71125	24728049	848079	24733867	929698	24722261	0.83313	24728049	1.00107	24733867	1.04818	24722261	85370.8304826378	24728049	847172.525397825	24733867	886964.071056498	24738859	79369	24744647	901645	24750450	983517	24738859	0.83376	24744647	1.00091	24750450	1.04772	24738859	95194.0606409518	24744647	900825.249023389	24750450	938721.22322758	24755427	70834	24761214	898776	24767017	1045856	24755427	0.83362	24761214	1.00047	24767017	1.04725	24755427	84971.5697799957	24761214	898353.773726349	24767017	998668.894724278
208	24842272	71148	24848060	848615	24853863	933057	24842272	0.83411	24848060	1.0007	24853863	1.04824	24842272	85298.1021687787	24848060	848021.385030479	24853863	890117.721132565	24858855	79754	24864642	901094	24870446	984846	24858855	0.83388	24864642	1.00133	24870446	1.0479	24858855	95642.058809421	24864642	899897.136808045	24870446	939828.22788434	24875422	71107	24881194	898448	24886997	1048417	24875422	0.83464	24881194	1.00118	24886997	1.04806	24875422	85194.8145308157	24881194	897389.080884556	24886997	1000340.62935328
209	24962283	70769	24968071	851326	24973874	933909	24962283	0.83484	24968071	1.00193	24973874	1.04888	24962283	84769.5366776867	24968071	849686.105815776	24973874	890386.88887194	24978866	79943	24984653	901803	24990457	983659	24978866	0.83487	24984653	1.00123	24990457	1.04858	24978866	95755.027728868	24984653	900695.144971685	24990457	938086.745884911	24995433	71041	25001221	899428	25007024	1048641	24995433	0.83369	25001221	1.00144	25007024	1.04818	24995433	85212.7289520085	25001221	898134.686052085	25007024	1000439.80995631
210	25082294	71285	25088082	847108	25093885	933550	25082294	0.83427	25088082	1.00226	25093885	1.04912	25082294	85445.9587423736	25088082	845197.852852553	25093885	889841.009608052	25098846	79714	25104633	898658	25110436	982762	25098846	0.83435	25104633	1.00192	25110436	1.04799	25098846	95540.2409060946	25104633	896935.883104439	25110436	937758.948081566	25115413	71496	25121185	899061	25126988	1048357	25115413	0.83381	25121185	1.00179	25126988	1.0495	25115413	85746.1532003694	25121185	897454.556344144	25126988	998910.909957123
211	25202305	71063	25208108	848537	25213896	932366	25202305	0.83449	25208108	1.00194	25213896	1.04898	25202305	85157.401526681	25208108	846894.025590355	25213896	888831.054929551	25218872	79688	25224644	900408	25230447	987578	25218872	0.83425	25224644	1.00147	25230447	1.04894	25218872	95520.5274198382	25224644	899086.343075679	25230447	941500.943809942	25235424	71284	25241196	896837	25246999	1047707	25235424	0.83455	25241196	1.00096	25246999	1.04852	25235424	85416.0925049428	25241196	895976.862212276	25246999	999224.621371076
212	25322316	70639	25328104	848748	25333907	931932	25322316	0.8337	25328104	1.00073	25333907	1.04797	25322316	84729.5190116349	25328104	848128.865927873	25333907	889273.547906906	25338883	79513	25344655	901456	25350458	984882	25338883	0.83365	25344655	1.00128	25350458	1.04801	25338883	95379.355844779	25344655	900303.611377437	25350458	939763.933550252	25355435	71292	25361207	899036	25367010	1049405	25355435	0.83378	25361207	1.00111	25367010	1.04791	25355435	85504.5695507208	25361207	898039.176514069	25367010	1001426.64923514
213	25442327	71009	25448115	852374	25453918	934611	25442327	0.83387	25448115	1.00122	25453918	1.04786	25442327	85155.959562042	25448115	851335.370847566	25453918	891923.539404119	25458894	79730	25464666	902850	25470469	987303	25458894	0.83437	25464666	1.00157	25470469	1.04834	25458894	95557.126934094	25464666	901434.747446509	25470469	941777.476772803	25475446	71222	25481233	899021	25487021	1047054	25475446	0.8339	25481233	1.00136	25487021	1.04837	25475446	85408.3223408083	25481233	897799.992010865	25487021	998744.717990786
214	25562338	71044	25568126	851980	25573944	935471	25562338	0.83477	25568126	1.0023	25573944	1.04875	25562338	85106.0771230399	25568126	850024.942631947	25573944	891986.650774732	25578905	79866	25584708	902314	25590512	988831	25578905	0.83443	25584708	1.00178	25590512	1.04904	25578905	95713.2413743514	25584708	900710.734891893	25590512	942605.620376726	25595488	71550	25601260	898862	25607063	1050325	25595488	0.83458	25601260	1.0024	25607063	1.04846	25595488	85731.7453090177	25601260	896709.896249002	25607063	1001778.79938195
215	25682349	70970	25688137	849055	25693955	935338	25682349	0.83359	25688137	1.00109	25693955	1.04816	25682349	85137.7775645101	25688137	848130.537713892	25693955	892361.853152191	25698916	80164	25704719	900186	25710538	988193	25698916	0.83438	25704719	1.00163	25710538	1.04879	25698916	96076.1283827513	25704719	898721.08463205	25710538	942221.989149401	25715499	71797	25721287	897353	25727090	1048969	25715499	0.83347	25721287	1.00179	25727090	1.04872	25715499	86142.2726672826	25721287	895749.60820132	25727090	1000237.43229842
216	25802360	71065	25808148	848379	25813966	933356	25802360	0.83369	25808148	1.00047	25813966	1.04741	25802360	85241.516630882	25808148	847980.449188881	25813966	891108.543932176	25818927	79569	25824699	902805	25830502	987659	25818927	0.83363	25824699	1.00155	25830502	1.04791	25818927	95448.8202200017	25824699	901407.817882283	25830502	942503.650122625	25835479	71039	25841266	896424	25847070	1048178	25835479	0.83407	25841266	1.0009	25847070	1.04806	25835479	85171.5083865863	25841266	895617.943850534	25847070	1000112.58897391
217	25922371	71286	25928159	850048	25933962	935231	25922371	0.83338	25928159	1.00085	25933962	1.04774	25922371	85538.4098490485	25928159	849326.072838088	25933962	892617.443258824	25938938	80268	25944726	903239	25950513	988748	25938938	0.83323	25944726	1.00067	25950513	1.0477	25938938	96333.5453596246	25944726	902634.235062508	25950513	943731.984346664	25955490	71801	25961277	902462	25967065	1050469	25955490	0.83328	25961277	1.00126	25967065	1.04777	25955490	86166.7146697389	25961277	901326.32882568	25967065	1002575.94701127
218	26042382	71118	26048170	850212	26053988	936035	26042382	0.8328	26048170	1.00082	26053988	1.04778	26042382	85396.2536023055	26048170	849515.397374153	26053988	893350.703391933	26058965	80049	26064784	903135	26070587	988979	26058965	0.8336	26064784	1.00148	26070587	1.04786	26058965	96028.0710172745	26064784	901800.335503455	26070587	943808.333174279	26075548	71301	26081335	902102	26087123	1050879	26075548	0.83372	26081335	1.001	26087123	1.04785	26075548	85521.5180156408	26081335	901200.799200799	26087123	1002890.68091807
219	26162393	70664	26168196	848110	26173999	938560	26162393	0.83351	26168196	1.00071	26173999	1.04821	26162393	84778.8268886996	26168196	847508.269128919	26173999	895393.098711136	26178976	80248	26184748	901959	26190551	987327	26178976	0.83455	26184748	1.00062	26190551	1.04778	26178976	96157.2104727098	26184748	901400.131918211	26190551	942303.727881807	26195528	71906	26201315	898781	26207118	1051496	26195528	0.83325	26201315	1.00116	26207118	1.04803	26195528	86295.8295829583	26201315	897739.622038435	26207118	1003307.15723787
220	26282404	71415	26288192	851619	26294010	937328	26282404	0.83393	26288192	1.00136	26294010	1.04842	26282404	85636.68413416	26288192	850462.371175202	26294010	894038.648633181	26298971	79886	26304759	901471	26310562	988284	26298971	0.83426	26304759	1.00018	26310562	1.04751	26298971	95756.7185289958	26304759	901308.764422404	26310562	943460.205630495	26315539	71764	26321326	896945	26327129	1051266	26315539	0.83373	26321326	1.00099	26327129	1.04801	26315539	86075.8279059168	26321326	896057.90267635	26327129	1003106.84058358
221	26402415	71036	26408203	848318	26414021	938134	26402415	0.83309	26408203	1.00039	26414021	1.04841	26402415	85268.0982846991	26408203	847987.284958866	26414021	894815.959405195	26418982	80361	26424770	901484	26430573	989800	26418982	0.83304	26424770	1.00121	26430573	1.04725	26418982	96467.1564390665	26424770	900394.522627621	26430573	945142.038672714	26435565	71718	26441337	899323	26447140	1049559	26435565	0.83348	26441337	1.00098	26447140	1.04754	26435565	86046.455823775	26441337	898442.526324203	26447140	1001927.37270176
222	26522426	71210	26528214	851419	26534017	937323	26522426	0.83364	26528214	1.0006	26534017	1.0472	26522426	85420.5652319946	26528214	850908.454927044	26534017	895075.439266616	26538993	80430	26544765	902712	26550569	992068	26538993	0.83391	26544765	1.00085	26550569	1.04818	26538993	96449.2571140771	26544765	901945.346455513	26550569	946467.209830373	26555561	72282	26561333	899233	26567136	1051626	26555561	0.83331	26561333	1.001	26567136	1.04792	26555561	86740.8287432048	26561333	898334.665334665	26567136	1003536.52950607
223	26642437	71074	26648240	850893	26654044	939461	26642437	0.83319	26648240	1.00144	26654044	1.04636	26642437	85303.4721972179	26648240	849669.475954625	26654044	897837.264421423	26659004	79978	26664776	902123	26670580	992096	26659004	0.83338	26664776	1.00066	26670580	1.0475	26659004	95968.2257793564	26664776	901527.991525593	26670580	947108.353221957	26675556	71826	26681344	899128	26687147	1049794	26675556	0.83258	26681344	1.001	26687147	1.04652	26675556	86269.1873453602	26681344	898229.77022977	26687147	1003128.46386118
224	26762448	71179	26768251	850763	26774055	941546	26762448	0.8335	26768251	1.00094	26774055	1.04846	26762448	85397.7204559088	26768251	849964.03380822	26774055	898027.583312668	26779031	80251	26784834	901624	26790637	990016	26779031	0.83311	26784834	1.00083	26790637	1.0478	26779031	96327.0156401916	26784834	900876.272693664	26790637	944852.071005917	26795614	72369	26801386	899227	26807189	1054085	26795614	0.83345	26801386	1.00092	26807189	1.04864	26795614	86830.6437098806	26801386	898400.471566159	26807189	1005192.43973146
225	26882459	71330	26888247	850669	26894050	941724	26882459	0.83429	26888247	1.00189	26894050	1.04862	26882459	85497.8484699565	26888247	849064.268532473	26894050	898060.307833152	26899026	80473	26904814	903209	26910602	993045	26899026	0.83434	26904814	1.00139	26910602	1.04902	26899026	96451.0870867991	26904814	901955.282157801	26910602	946640.674153019	26915594	72041	26921366	901016	26927153	1056380	26915594	0.83391	26921366	1.00164	26927153	1.04844	26915594	86389.4185223825	26921366	899540.75316481	26927153	1007573.15630842
226	27002470	71605	27008273	848091	27014077	941823	27002470	0.83378	27008273	1.00096	27014077	1.04861	27002470	85879.9683369714	27008273	847277.613491049	27014077	898163.282822022	27019053	81014	27024841	902779	27030659	995813	27019053	0.83359	27024841	1.00149	27030659	1.0488	27019053	97186.8664451349	27024841	901435.860567754	27030659	949478.451563692	27035636	71987	27041408	901460	27047211	1054155	27035636	0.83437	27041408	1.0023	27047211	1.04778	27035636	86277.0713232738	27041408	899391.399780505	27047211	1006084.29250415
227	27122481	71455	27128269	849886	27134088	942862	27122481	0.83378	27128269	1.00121	27134088	1.04773	27122481	85700.0647652858	27128269	848858.880754287	27134088	899909.32778483	27139048	80468	27144852	901908	27150639	994442	27139048	0.83375	27144852	1.00138	27150639	1.04867	27139048	96513.3433283358	27144852	900665.082186583	27150639	948288.784841752	27155631	72779	27161403	897825	27167206	1053308	27155631	0.83342	27161403	1.00054	27167206	1.04751	27155631	87325.718125315	27161403	897340.436164471	27167206	1005535.03069183
228	27242492	71505	27248280	850186	27254083	942730	27242492	0.83356	27248280	1.00095	27254083	1.04785	27242492	85782.6671145449	27248280	849379.089864629	27254083	899680.297752541	27259059	80748	27264847	904457	27270650	994890	27259059	0.83433	27264847	1.00157	27270650	1.04903	27259059	96781.8489087052	27264847	903039.228411394	27270650	948390.417814552	27275627	72823	27281414	901961	27287202	1057111	27275627	0.834	27281414	1.00152	27287202	1.04824	27275627	87317.7458033573	27281414	900592.100007988	27287202	1008462.75662062
229	27362503	71024	27368291	850428	27374094	944136	27362503	0.83368	27368291	1.00076	27374094	1.0484	27362503	85193.359562422	27368291	849782.165554179	27374094	900549.408622663	27379055	80917	27384842	903465	27390646	993679	27379055	0.83437	27384842	1.00129	27390646	1.04834	27379055	96979.7571820655	27384842	902301.031669147	27390646	947859.473071713	27395622	72494	27401410	898798	27407213	1055705	27395622	0.83423	27401410	1.00153	27407213	1.04881	27395622	86899.2963571197	27401410	897424.939842042	27407213	1006574.11733298
230	27482514	70932	27488302	850672	27494105	944545	27482514	0.83328	27488302	1.00091	27494105	1.0484	27482514	85123.8479262673	27488302	849898.592281024	27494105	900939.526898131	27499081	80259	27504869	903001	27510672	995678	27499081	0.83353	27504869	1.00137	27510672	1.04844	27499081	96288.0760140607	27504869	901765.581153819	27510672	949675.708671932	27515649	72780	27521436	900437	27527239	1055921	27515649	0.83378	27521436	1.00193	27527239	1.04886	27515649	87289.2129818417	27521436	898702.504166958	27527239	1006732.07101043
231	27602525	71206	27608313	849543	27614116	942439	27602525	0.83306	27608313	1.00101	27614116	1.04818	27602525	85475.2358773678	27608313	848685.827314412	27614116	899119.426052777	27619077	81242	27624864	901300	27630652	996672	27619077	0.83322	27624864	1.00098	27630652	1.04831	27619077	97503.6604978277	27624864	900417.590761054	27630652	950741.669925881	27635644	73266	27641416	902781	27647219	1056817	27635644	0.83351	27641416	1.00122	27647219	1.04811	27635644	87900.565080203	27641416	901680.949241925	27647219	1008307.33415386
232	27722536	71625	27728339	850653	27734143	946508	27722536	0.83317	27728339	1.00075	27734143	1.04802	27722536	85966.8495025025	27728339	850015.488383712	27734143	903139.25306769	27739135	81285	27744922	902201	27750741	996079	27739135	0.83325	27744922	1.00118	27750741	1.0477	27739135	97551.7551755176	27744922	901137.657564074	27750741	950729.216378734	27755717	73357	27761489	902247	27767293	1058197	27755717	0.83319	27761489	1.00117	27767293	1.04821	27755717	88043.5434894802	27761489	901192.604652557	27767293	1009527.67098196
233	27842547	71619	27848335	849982	27854138	947489	27842547	0.83419	27848335	1.00077	27854138	1.04866	27842547	85854.5415313058	27848335	849328.017426582	27854138	903523.544332768	27859130	81028	27864918	904251	27870736	997674	27859130	0.83355	27864918	1.00116	27870736	1.04844	27859130	97208.3258352828	27864918	903203.284190339	27870736	951579.489527298	27875697	73415	27881485	899954	27887288	1056891	27875697	0.8339	27881485	1.00049	27887288	1.04743	27875697	88038.1340688332	27881485	899513.238513129	27887288	1009032.58451639
234	27962558	71939	27968346	851187	27974149	947561	27962558	0.83362	27968346	1.00136	27974149	1.04832	27962558	86297.1137928552	27968346	850030.95789726	27974149	903885.264041514	27979125	80736	27984897	904872	27990701	997984	27979125	0.83327	27984897	1.00031	27990701	1.04838	27979125	96890.5636828399	27984897	904591.576611251	27990701	951929.643831435	27995677	72851	28001465	903989	28007268	1057719	27995677	0.83354	28001465	1.0012	28007268	1.04849	27995677	87399.5249178204	28001465	902905.513383939	28007268	1008802.18218581
235	28082569	71226	28088372	849943	28094176	947646	28082569	0.83404	28088372	1.00077	28094176	1.0477	28082569	85398.7818330056	28088372	849289.047433476	28094176	904501.288536795	28099168	80696	28104955	905135	28110758	996651	28099168	0.83504	28104955	1.00087	28110758	1.04859	28099168	96637.2868365587	28104955	904348.217051165	28110758	950467.771006781	28115735	73095	28121522	903637	28127310	1057625	28115735	0.83372	28121522	1.00041	28127310	1.04845	28115735	87673.319579715	28121522	903266.660669126	28127310	1008751.01340073
236	28202580	71530	28208368	852988	28214171	946743	28202580	0.8345	28208368	1.00099	28214171	1.04748	28202580	85715.9976033553	28208368	852144.377066704	28214171	903829.190056135	28219147	80592	28224935	904400	28230738	998682	28219147	0.83379	28224935	1.00054	28230738	1.04804	28219147	96657.4317274134	28224935	903911.887580706	28230738	952904.469295065	28235730	73644	28241502	904293	28247306	1056659	28235730	0.83418	28241502	1.00136	28247306	1.04739	28235730	88283.1043659642	28241502	903064.831828713	28247306	1008849.61666619
237	28322591	71416	28328379	851554	28334198	950635	28322591	0.83385	28328379	1.00139	28334198	1.04828	28322591	85646.0994183606	28328379	850371.982943708	28334198	906852.176899302	28339190	81203	28344977	905136	28350780	1000286	28339190	0.83411	28344977	1.00133	28350780	1.04939	28339190	97352.8671278369	28344977	903933.768088443	28350780	953207.101268356	28355757	73584	28361529	905799	28367332	1059083	28355757	0.83373	28361529	1.00076	28367332	1.04795	28355757	88258.7888165233	28361529	905111.11555218	28367332	1010623.59845412
238	28442602	70865	28448390	855214	28454209	950788	28442602	0.83296	28448390	1.00079	28454209	1.04831	28442602	85076.1140991164	28448390	854538.914257737	28454209	906972.17426143	28459169	80732	28464957	907601	28470760	1000351	28459169	0.83317	28464957	1.00096	28470760	1.04814	28459169	96897.3918888102	28464957	906730.538682865	28470760	954405.899975194	28475737	73317	28481524	902506	28487312	1062006	28475737	0.83376	28481524	1.00178	28487312	1.04832	28475737	87935.3770869315	28481524	900902.393739144	28487312	1013055.17399267
239	28562613	70853	28568416	852277	28574220	949669	28562613	0.83435	28568416	1.00098	28574220	1.04749	28562613	84919.9976029244	28568416	851442.58626546	28574220	906613.905622011	28579180	81401	28584968	903819	28590771	999289	28579180	0.83408	28584968	1.00226	28590771	1.04855	28579180	97593.7559946288	28584968	901780.974996508	28590771	953019.884602546	28595763	73349	28601535	902628	28607339	1060263	28595763	0.83381	28601535	1.0023	28607339	1.04855	28595763	87968.4820282798	28601535	900556.719545046	28607339	1011170.66425063
240	28682624	71499	28688412	849769	28694215	951312	28682624	0.83425	28688412	1.00136	28694215	1.04952	28682624	85704.5250224753	28688412	848614.883758089	28694215	906425.794648982	28699207	80962	28704979	906016	28710782	1000469	28699207	0.83399	28704979	1.00159	28710782	1.04866	28699207	97077.9026127412	28704979	904577.721422937	28710782	954045.162397727	28715774	73625	28721546	900622	28727350	1061063	28715774	0.83473	28721546	1.0013	28727350	1.04846	28715774	88202.1731577876	28721546	899452.711475083	28727350	1012020.48719074
241	28802635	71471	28808439	851596	28814242	950347	28802635	0.83417	28808439	1.00148	28814242	1.04862	28802635	85679.1781051824	28808439	850337.500499261	28814242	906283.496404799	28819218	81204	28824990	904120	28830778	1002991	28819218	0.83439	28824990	1.00128	28830778	1.04842	28819218	97321.396469277	28824990	902964.205816555	28830778	956669.083001087	28835770	73633	28841557	901312	28847361	1062240	28835770	0.83443	28841557	1.00182	28847361	1.04866	28835770	88243.4715913858	28841557	899674.592242119	28847361	1012949.85982111
242	28922646	71459	28928450	853046	28934253	954856	28922646	0.83497	28928450	1.00218	28934253	1.0492	28922646	85582.7155466664	28928450	851190.40491728	28934253	910080.060998856	28939229	81306	28945017	903478	28950804	1002781	28939229	0.83467	28945017	1.00202	28950804	1.04949	28939229	97410.952831658	28945017	901656.653559809	28950804	955493.620711012	28955828	73560	28961600	903310	28967403	1062971	28955828	0.83464	28961600	1.0021	28967403	1.0495	28955828	88133.8061918911	28961600	901417.024249077	28967403	1012835.63601715
243	29042657	71708	29048461	852300	29054264	953340	29042657	0.83435	29048461	1.00274	29054264	1.04894	29042657	85944.747408162	29048461	849971.079242875	29054264	908860.373329266	29059240	81338	29065028	904412	29070831	1002596	29059240	0.83485	29065028	1.00133	29070831	1.04898	29059240	97428.2805294364	29065028	903210.72972946	29070831	955781.807088791	29075807	73974	29081595	902256	29087383	1064797	29075807	0.83422	29081595	1.0016	29087383	1.04895	29075807	88674.4503847906	29081595	900814.696485623	29087383	1015107.48844082
244	29162668	71431	29168456	850854	29174275	952982	29162668	0.83403	29168456	1.00135	29174275	1.04764	29162668	85645.6002781675	29168456	849706.895690817	29174275	909646.443434768	29179236	81397	29185023	902680	29190826	1002341	29179236	0.83411	29185023	1.0012	29190826	1.04844	29179236	97585.4503602642	29185023	901598.082301238	29190826	956030.864904048	29195818	73670	29201590	900542	29207378	1061882	29195818	0.83378	29201590	1.00166	29207378	1.0488	29195818	88356.6408405095	29201590	899049.577701016	29207378	1012473.30282227
245	29282679	71227	29288467	852270	29294286	953949	29282679	0.83339	29288467	1.00179	29294286	1.04832	29282679	85466.5882719975	29288467	850747.162578984	29294286	909978.823260073	29299247	81205	29305019	903536	29310822	1004143	29299247	0.83363	29305019	1.00107	29310822	1.04817	29299247	97411.3215695213	29305019	902570.249832679	29310822	957996.317391263	29315814	73806	29321586	899524	29327389	1063152	29315814	0.83368	29321586	1.00094	29327389	1.04836	29315814	88530.371365512	29321586	898679.241512978	29327389	1014109.65698806
246	29402690	71578	29408494	852182	29414297	953227	29402690	0.83395	29408494	1.00185	29414297	1.04815	29402690	85830.0857365549	29408494	850608.374507162	29414297	909437.580498974	29419320	81738	29425108	905210	29430911	1004296	29419320	0.8346	29425108	1.00195	29430911	1.04857	29419320	97936.7361610352	29425108	903448.275862069	29430911	957776.781712237	29435887	74184	29441690	900131	29447494	1063262	29435887	0.83427	29441690	1.00176	29447494	1.04845	29435887	88920.8529612715	29441690	898549.552787095	29447494	1014127.52157947
247	29522701	71782	29528489	851076	29534308	957535	29522701	0.83439	29528489	1.00078	29534308	1.04844	29522701	86029.3148287971	29528489	850412.678111073	29534308	913294.990652779	29539269	82250	29545056	904710	29550844	1004768	29539269	0.83391	29545056	1.00235	29550844	1.04879	29539269	98631.7468311928	29545056	902588.916047289	29550844	958025.915578905	29555836	74017	29561608	901250	29567411	1065059	29555836	0.83467	29561608	1.00199	29567411	1.04864	29555836	88678.1602309895	29561608	899460.074451841	29567411	1015657.42294782
248	29642712	71312	29648500	851039	29654319	954036	29642712	0.83368	29648500	1.00127	29654319	1.04764	29642712	85538.8158526053	29648500	849959.551369761	29654319	910652.514222443	29659295	81633	29665067	904878	29670870	1004774	29659295	0.8332	29665067	1.00114	29670870	1.04758	29659295	97975.2760441671	29665067	903847.613720359	29670870	959138.204242158	29675862	74580	29681634	902003	29687438	1066447	29675862	0.83297	29681634	1.00074	29687438	1.04817	29675862	89535.0372762524	29681634	901336.0113516	29687438	1017437.05696595
249	29762723	71692	29768511	852293	29774330	956547	29762723	0.83284	29768511	1.00108	29774330	1.04805	29762723	86081.3601652178	29768511	851373.51660207	29774330	912692.142550451	29779306	81662	29785078	903640	29790881	1003435	29779306	0.83323	29785078	1.00122	29790881	1.04804	29779306	98006.5528125488	29785078	902538.902538903	29790881	957439.601541926	29795873	74073	29801645	897869	29807449	1065199	29795873	0.83331	29801645	1.00065	29807449	1.04735	29795873	88890.0889224898	29801645	897285.764253236	29807449	1017042.05852867
250	29882734	71496	29888522	850421	29894341	954923	29882734	0.83362	29888522	1.00144	29894341	1.04791	29882734	85765.6966003695	29888522	849198.154657294	29894341	911264.326134878	29899302	81620	29905089	901554	29910877	1008869	29899302	0.83389	29905089	1.00112	29910877	1.04856	29899302	97878.617083788	29905089	900545.389164136	29910877	962147.135118639	29915869	73996	29921656	899297	29927444	1064494	29915869	0.83249	29921656	1.00138	29927444	1.04791	29915869	88885.1517735949	29921656	898057.680401047	29927444	1015825.78656564
251	30002745	71797	30008533	852541	30014352	956798	30002745	0.83332	30008533	1.00083	30014352	1.04893	30002745	86157.7785244564	30008533	851833.977798427	30014352	912165.730792331	30019328	81850	30025100	903998	30030903	1006685	30019328	0.83363	30025100	1.00146	30030903	1.04822	30019328	98185.04612358	30025100	902680.087072874	30030903	960375.684493713	30035880	74118	30041667	901908	30047471	1065507	30035880	0.83416	30041667	1.00101	30047471	1.04792	30035880	88853.4573702887	30041667	900997.992028052	30047471	1016782.76967707
252	30122756	71865	30128544	852724	30134363	957266	30122756	0.83304	30128544	1.00061	30134363	1.04734	30122756	86268.3664649957	30128544	852204.155465166	30134363	913997.364752611	30139324	81399	30145096	904754	30150899	1008581	30139324	0.83338	30145096	1.00014	30150899	1.04808	30139324	97673.3302935036	30145096	904627.352170696	30150899	962312.991374704	30155875	74400	30161663	902534	30167466	1068301	30155875	0.83357	30161663	1.00104	30167466	1.04809	30155875	89254.6516789232	30161663	901596.339806601	30167466	1019283.64930493
253	30242767	71681	30248571	853587	30254374	957659	30242767	0.8334	30248571	1.00108	30254374	1.04782	30242767	86010.319174466	30248571	852666.120589763	30254374	913953.732511309	30259350	82422	30265138	902390	30270957	1007434	30259350	0.8334	30265138	1.00022	30270957	1.04716	30259350	98898.4881209503	30265138	902191.51786607	30270957	962063.104014668	30275933	74913	30281705	902471	30287508	1069828	30275933	0.83428	30281705	1.00098	30287508	1.048	30275933	89793.5944766745	30281705	901587.444304582	30287508	1020828.24427481
254	30362778	71697	30368582	853189	30374385	959628	30362778	0.8333	30368582	1.00115	30374385	1.04701	30362778	86039.8415936637	30368582	852208.959696349	30374385	916541.389289501	30379361	82211	30385133	901916	30390936	1009002	30379361	0.83322	30385133	1.00067	30390936	1.04748	30379361	98666.6186601378	30385133	901312.120879011	30390936	963266.124412877	30395913	74490	30401700	901676	30407488	1066319	30395913	0.83284	30401700	1.00156	30407488	1.04892	30395913	89440.9490418328	30401700	900271.576340908	30407488	1016587.53765778
255	30482789	71388	30488577	851427	30494396	958910	30482789	0.83341	30488577	1.00097	30494396	1.04823	30482789	85657.7194898069	30488577	850601.916141343	30494396	914789.693101705	30499357	82189	30505144	906094	30510947	1008440	30499357	0.83407	30505144	1.00105	30510947	1.04753	30499357	98539.6909132327	30505144	905143.599220818	30510947	962683.646291753	30515939	74975	30521727	902409	30527530	1072017	30515939	0.83373	30521727	1.00081	30527530	1.04818	30515939	89927.1946553441	30521727	901678.640301356	30527530	1022741.3230552
256	30602800	71678	30608588	852664	30614391	960047	30602800	0.83379	30608588	1.0013	30614391	1.04798	30602800	85966.4903632809	30608588	851556.975931289	30614391	916092.864367641	30619368	82144	30625140	905599	30630943	1012173	30619368	0.834	30625140	1.00192	30630943	1.04912	30619368	98494.0047961631	30625140	903863.581922708	30630943	964782.865639774	30635919	74431	30641707	901621	30647510	1068962	30635919	0.83322	30641707	1.00196	30647510	1.04877	30635919	89329.3487914356	30641707	899857.279731726	30647510	1019253.0297396
257	30722811	71347	30728599	851673	30734418	961271	30722811	0.83384	30728599	1.00084	30734418	1.04889	30722811	85564.3768588698	30728599	850958.195116103	30734418	916465.024931118	30739394	82519	30745166	904170	30750970	1009965	30739394	0.83367	30745166	1.00098	30750970	1.04861	30739394	98982.8109443785	30745166	903284.780914704	30750970	963146.451016107	30755946	74939	30761734	902558	30767552	1070649	30755946	0.83326	30761734	1.00115	30767552	1.04878	30755946	89934.7142548544	30761734	901521.250561854	30767552	1020851.84690784
258	30842822	71706	30848610	851071	30854413	963366	30842822	0.83374	30848610	1.00124	30854413	1.04836	30842822	86005.2294480294	30848610	850016.978946107	30854413	918926.704567133	30859390	81799	30865177	904566	30870965	1010333	30859390	0.83426	30865177	1.00101	30870965	1.04806	30859390	98049.7686572531	30865177	903653.310156742	30870965	964003.015094556	30875957	74990	30881729	902288	30887532	1070642	30875957	0.83463	30881729	1.00139	30887532	1.04812	30875957	89848.1962067024	30881729	901035.560570807	30887532	1021487.99755753
259	30962833	71526	30968637	852706	30974440	961241	30962833	0.83417	30968637	1.0014	30974440	1.04869	30962833	85745.1119076447	30968637	851513.880567206	30974440	916611.2006408	30979416	82300	30985204	902782	30990992	1012175	30979416	0.8336	30985204	1.00082	30990992	1.04906	30979416	98728.4069097889	30985204	902042.32529326	30990992	964839.95195699	30995968	74647	31001740	902751	31007543	1071600	30995968	0.83408	31001740	1.00211	31007543	1.04858	30995968	89496.2113945905	31001740	900850.206065202	31007543	1021953.49901772
260	31082844	71292	31088632	852045	31094451	959551	31082844	0.83357	31088632	1.00138	31094451	1.04792	31082844	85526.110584594	31088632	850870.798298348	31094451	915671.997862432	31099412	82224	31105199	902822	31110987	1011206	31099412	0.83383	31105199	1.00128	31110987	1.04759	31099412	98610.0284230599	31105199	901667.86513263	31110987	965268.855181894	31115979	75017	31121767	902310	31127570	1071696	31115979	0.8337	31121767	1.00127	31127570	1.04847	31115979	89980.8084442845	31121767	901165.519789867	31127570	1022152.27903517
261	31202856	71574	31208659	851120	31214462	961505	31202856	0.83353	31208659	1.00131	31214462	1.04853	31202856	85868.5350257339	31208659	850006.49149614	31214462	917002.851611304	31219423	82434	31225210	904599	31231014	1012593	31219423	0.83369	31225210	1.00144	31231014	1.04816	31219423	98878.4800105555	31225210	903298.250519252	31231014	966067.203480385	31236037	74631	31241809	900515	31247612	1073410	31236037	0.83326	31241809	1.00059	31247612	1.04954	31236037	89565.081727192	31241809	899984.009434434	31247612	1022743.29706348
262	31322867	71542	31328654	851687	31334457	963466	31322867	0.83351	31328654	1.00094	31334457	1.04844	31322867	85832.2035728426	31328654	850887.1660639	31334457	918951.966731525	31339434	82059	31345206	904638	31351009	1012477	31339434	0.8334	31345206	1.00084	31351009	1.04863	31339434	98462.9229661627	31345206	903878.741856841	31351009	965523.587919476	31356001	74932	31361773	900666	31367576	1072652	31356001	0.83383	31361773	1.00077	31367576	1.04775	31356001	89864.8405550292	31361773	899973.020774004	31367576	1023767.12001909
263	31442878	71290	31448665	853381	31454468	965682	31442878	0.83334	31448665	1.00199	31454468	1.04816	31442878	85547.315621475	31448665	851686.144572301	31454468	921311.631811937	31459445	82657	31465232	903361	31471036	1013052	31459445	0.83393	31465232	1.00148	31471036	1.04835	31459445	99117.4319187462	31465232	902026.001517754	31471036	966329.947059665	31476028	75172	31481815	902565	31487603	1075533	31476028	0.83402	31481815	1.00161	31487603	1.04866	31476028	90132.1311239539	31481815	901114.206128134	31487603	1025626.03703774
264	31562889	71938	31568676	850363	31574495	964159	31562889	0.83391	31568676	1.00134	31574495	1.04888	31562889	86265.9039944359	31568676	849225.038448479	31574495	919227.175654031	31579471	82451	31585243	906556	31591047	1015010	31579471	0.83436	31585243	1.00189	31591047	1.04887	31579471	98819.4544321396	31585243	904845.84135983	31591047	967717.638982905	31596023	75916	31601811	902725	31607598	1073641	31596023	0.8342	31601811	1.00172	31607598	1.04974	31596023	91004.555262527	31601811	901174.979036058	31607598	1022768.49505592
265	31682900	71258	31688703	851277	31694506	964850	31682900	0.83373	31688703	1.0018	31694506	1.04803	31682900	85468.9167956053	31688703	849747.454581753	31694506	920632.042975869	31699576	82148	31705364	903453	31711167	1014092	31699576	0.83366	31705364	1.00164	31711167	1.04815	31699576	98538.9727226927	31705364	901973.763028633	31711167	967506.559175691	31716143	75034	31721915	902698	31727718	1075557	31716143	0.83327	31721915	1.00175	31727718	1.04824	31716143	90047.6436209152	31721915	901121.038183179	31727718	1026059.87178509
266	31802911	71743	31808698	853450	31814501	967325	31802911	0.83377	31808698	1.00091	31814501	1.04895	31802911	86046.511627907	31808698	852674.066599395	31814501	922184.088850756	31819478	82683	31825265	906369	31831053	1016909	31819478	0.83413	31825265	1.00086	31831053	1.04893	31819478	99124.8366561567	31825265	905590.192434506	31831053	969472.700752195	31836045	75487	31841833	901833	31847636	1073767	31836045	0.83434	31841833	1.00081	31847636	1.04762	31836045	90475.1060718652	31841833	901103.106483748	31847636	1024958.47731048
267	31922922	71452	31928709	853300	31934528	966088	31922922	0.83366	31928709	0.99989	31934528	1.04739	31922922	85708.8021495574	31928709	853393.873326066	31934528	922376.574150985	31939504	82435	31945292	905544	31951095	1016646	31939504	0.83356	31945292	1.00154	31951095	1.04874	31939504	98895.1005326551	31945292	904151.60652595	31951095	969397.562789634	31956087	75529	31961875	902789	31967678	1075080	31956087	0.83387	31961875	1.00126	31967678	1.04741	31956087	90576.4687541223	31961875	901652.917324172	31967678	1026417.54422814
268	32042933	71408	32048720	852763	32054508	969334	32042933	0.83352	32048720	1.00214	32054508	1.04869	32042933	85670.4098281985	32048720	850941.984153911	32054508	924328.447873061	32059484	82304	32065272	903662	32071059	1013680	32059484	0.83425	32065272	1.00043	32071059	1.04773	32059484	98656.2780940965	32065272	903273.592355287	32071059	967501.169194354	32076051	75195	32081839	901661	32087642	1074744	32076051	0.83331	32081839	1.0005	32087642	1.04845	32076051	90236.5266227454	32081839	901210.394802599	32087642	1025078.92603367
269	32162944	71357	32168731	853174	32174550	967757	32162944	0.83305	32168731	1.00077	32174550	1.04855	32162944	85657.5235580097	32168731	852517.561477662	32174550	922947.880406275	32179511	82237	32185298	907531	32191086	1015881	32179511	0.83335	32185298	1.00094	32191086	1.04779	32179511	98682.426351473	32185298	906678.722001319	32191086	969546.378568225	32196078	75164	32201850	899398	32207653	1075788	32196078	0.83295	32201850	1.0006	32207653	1.04792	32196078	90238.3096224263	32201850	898858.684789127	32207653	1026593.63310176
270	32282955	71732	32288758	851302	32294561	966848	32282955	0.8337	32288758	1.00115	32294561	1.04811	32282955	86040.542161449	32288758	850324.127253658	32294561	922468.061558424	32299537	83049	32305309	905670	32311113	1018424	32299537	0.83419	32305309	1.00149	32311113	1.04848	32299537	99556.4559632698	32305309	904322.559386514	32311113	971333.740271631	32316089	75547	32321877	901212	32327680	1079056	32316089	0.83402	32321877	1.0005	32327680	1.04851	32316089	90581.7606292415	32321877	900761.619190405	32327680	1029132.76935842
271	32402966	71621	32408753	853557	32414572	971497	32402966	0.83399	32408753	1.00032	32414572	1.0487	32402966	85877.5285075361	32408753	853283.949136277	32414572	926382.187470201	32419548	82920	32425320	905872	32431124	1017606	32419548	0.83348	32425320	1.00102	32431124	1.04753	32419548	99486.4903776935	32425320	904948.95206889	32431124	971433.753687245	32436116	75469	32441903	901141	32447706	1076821	32436116	0.83344	32441903	1.00012	32447706	1.04746	32436116	90551.209445191	32441903	901032.876054873	32447706	1028030.66465545
272	32522977	71610	32528780	853872	32534583	968934	32522977	0.83259	32528780	0.99981	32534583	1.04798	32522977	86008.719778042	32528780	854034.266510637	32534583	924572.988034123	32539559	82495	32545347	902045	32551150	1017474	32539559	0.8329	32545347	1.00035	32551150	1.04748	32539559	99045.5036619042	32545347	901729.394711851	32551150	971354.106999656	32556127	76124	32561914	903917	32567718	1079456	32556127	0.8329	32561914	1.00083	32567718	1.0481	32556127	91396.3260895666	32561914	903167.371082002	32567718	1029916.99265337
273	32642988	71481	32648760	853645	32654563	970932	32642988	0.83311	32648760	1.0006	32654563	1.04794	32642988	85800.1944521132	32648760	853133.120127923	32654563	926514.876805924	32659555	82679	32665342	905126	32671130	1016797	32659555	0.83277	32665342	1.00057	32671130	1.04779	32659555	99281.9145742522	32665342	904610.37208791	32671130	970420.599547619	32676122	75473	32681910	900790	32687713	1078821	32676122	0.8332	32681910	1.00084	32687713	1.04788	32676122	90582.0931349016	32681910	900033.97146397	32687713	1029527.23594305
274	32762999	71193	32768786	852007	32774605	969349	32762999	0.83333	32768786	1.00109	32774605	1.04686	32762999	85431.9417277669	32768786	851079.323537344	32774605	925958.58089907	32779566	82481	32785353	904738	32791157	1018083	32779566	0.83287	32785353	1.001	32791157	1.0483	32779566	99032.2619376373	32785353	903834.165834166	32791157	971175.236096537	32796133	75320	32801921	902668	32807724	1078811	32796133	0.83368	32801921	1.0009	32807724	1.04835	32796133	90346.4158909893	32801921	901856.329303627	32807724	1029056.1358325
275	32883010	71186	32888797	851053	32894616	969390	32883010	0.83267	32888797	1.00019	32894616	1.04759	32883010	85491.2510358245	32888797	850891.330647177	32894616	925352.47568228	32899592	82689	32905380	903578	32911183	1020517	32899592	0.83328	32905380	0.99979	32911183	1.04706	32899592	99233.150921659	32905380	903767.79123616	32911183	974649.972303402	32916160	76147	32921932	902759	32927735	1081370	32916160	0.83261	32921932	0.9999	32927735	1.04709	32916160	91455.7836201823	32921932	902849.284928493	32927735	1032738.3510491
276	33003021	72061	33008808	855094	33014627	973961	33003021	0.83392	33008808	1.00146	33014627	1.04966	33003021	86412.365694551	33008808	853847.382821081	33014627	927882.361907666	33019588	83471	33025376	906371	33031179	1021434	33019588	0.83332	33025376	1.00114	33031179	1.04821	33019588	100166.802668843	33025376	905338.913638452	33031179	974455.500329133	33036171	76205	33041943	904394	33047746	1081710	33036171	0.83376	33041943	1.00133	33047746	1.04872	33036171	91399.2036077528	33041943	903192.753637662	33047746	1031457.39568236
277	33123032	71483	33128819	854802	33134622	973998	33123032	0.83426	33128819	1.0009	33134622	1.04754	33123032	85684.3190372306	33128819	854033.36996703	33134622	929795.520934762	33139615	82484	33145387	908359	33151190	1023573	33139615	0.83352	33145387	1.00069	33151190	1.04759	33139615	98958.6332661484	33145387	907732.664461521	33151190	977074.046144007	33156166	75959	33161954	905580	33167741	1083550	33156166	0.83377	33161954	1.00106	33167741	1.04852	33156166	91103.0619955144	33161954	904621.10163227	33167741	1033408.99553657
278	33243043	71700	33248830	853935	33254649	974521	33243043	0.83421	33248830	1.00155	33254649	1.04867	33243043	85949.5810407452	33248830	852613.449153812	33254649	929292.341728094	33259626	82475	33265413	906772	33271216	1021675	33259626	0.83395	33265413	1.00036	33271216	1.04803	33259626	98896.8163558966	33265413	906445.67955536	33271216	974852.81909869	33276208	75767	33281996	906120	33287784	1085025	33276208	0.83335	33281996	1.0007	33287784	1.04849	33276208	90918.5816283674	33281996	905486.159688218	33287784	1034845.34902574
279	33363054	71497	33368841	854613	33374645	972754	33363054	0.83382	33368841	1.00083	33374645	1.04822	33363054	85746.3241466983	33368841	853904.259464644	33374645	928005.571349526	33379621	83173	33385409	908634	33391196	1024216	33379621	0.83367	33385409	1.00076	33391196	1.04814	33379621	99767.2940132187	33385409	907943.962588433	33391196	977174.804892476	33396173	75832	33401960	907099	33407763	1084120	33396173	0.83303	33401960	1.00132	33407763	1.0481	33396173	91031.5354789143	33401960	905903.207765749	33407763	1034366.94971854
280	33483065	71828	33488852	856283	33494671	973504	33483065	0.83337	33488852	1.0002	33494671	1.04804	33483065	86189.8076484635	33488852	856111.777644471	33494671	928880.577077211	33499632	82814	33505420	906742	33511207	1023346	33499632	0.8331	33505420	0.99936	33511207	1.04786	33499632	99404.6332973232	33505420	907322.686519373	33511207	976605.653426985	33516199	76228	33521971	906267	33527774	1083342	33516199	0.83277	33521971	1.00003	33527774	1.04813	33516199	91535.4779831166	33521971	906239.812805616	33527774	1033595.06931392
281	33603076	71685	33608863	855483	33614682	974679	33603076	0.8331	33608863	1.00031	33614682	1.04729	33603076	86046.0929060137	33608863	855217.882456439	33614682	930667.723362202	33619643	82625	33625431	908504	33631218	1023598	33619643	0.83302	33625431	1.00019	33631218	1.04704	33619643	99187.2944227029	33625431	908331.417030764	33631218	977611.170537897	33636195	75799	33641982	905815	33647785	1084058	33636195	0.83296	33641982	1.0013	33647785	1.04813	33636195	90999.5678063773	33641982	904638.969339858	33647785	1034278.19068245
282	33723087	71545	33728874	854469	33734693	975929	33723087	0.83279	33728874	0.99983	33734693	1.04601	33723087	85910.0133286903	33728874	854614.284428353	33734693	933001.596543054	33739670	82407	33745442	905501	33751245	1023298	33739670	0.83295	33745442	1.00015	33751245	1.04731	33739670	98933.9095984153	33745442	905365.195220717	33751245	977072.690989296	33756237	76344	33762009	904133	33767812	1087217	33756237	0.83248	33762009	1.00019	33767812	1.04744	33756237	91706.7076686527	33762009	903961.247363001	33767812	1037975.44489422
283	33843098	71730	33848885	853385	33854704	974777	33843098	0.8334	33848885	0.99944	33854704	1.04712	33843098	86069.1144708423	33848885	853863.163371488	33854704	930912.407364963	33859681	82397	33865468	906995	33871256	1025485	33859681	0.83302	33865468	1.00149	33871256	1.04738	33859681	98913.5915104079	33865468	905645.58807377	33871256	979095.457236151	33876248	75863	33882035	904637	33887823	1084641	33876248	0.83219	33882035	1.00077	33887823	1.04802	33876248	91160.6724425912	33882035	903940.965456598	33887823	1034943.03543826
284	33963109	71417	33968943	850688	33974731	974822	33963109	0.83299	33968943	0.99934	33974731	1.04739	33963109	85735.7231179246	33968943	851249.824884424	33974731	930715.39732096	33979707	83029	33985495	905973	33991298	1024604	33979707	0.83273	33985495	0.99989	33991298	1.04687	33979707	99706.9878592101	33985495	906072.667993479	33991298	978730.883490787	33996274	76441	34002062	903508	34007850	1084220	33996274	0.83248	34002062	0.99986	34007850	1.04681	33996274	91823.2269844321	34002062	903634.508831236	34007850	1035737.14427642
285	34083120	71427	34088907	852226	34094711	977523	34083120	0.83203	34088907	0.99911	34094711	1.04653	34083120	85846.6641827819	34088907	852985.156789543	34094711	934061.135371179	34099687	83233	34105475	906254	34111278	1025950	34099687	0.83175	34105475	0.99945	34111278	1.04671	34099687	100069.732491734	34105475	906752.713992696	34111278	980166.426230761	34116270	76466	34122057	905686	34127861	1083950	34116270	0.8333	34122057	0.99933	34127861	1.04688	34116270	91762.8705148206	34122057	906293.216455025	34127861	1035409.98013144
286	34203131	71657	34208918	854785	34214737	977611	34203131	0.8326	34208918	0.99995	34214737	1.04705	34203131	86064.1364400673	34208918	854827.741387069	34214737	933681.295067093	34219698	83461	34225486	906640	34231289	1025784	34219698	0.83212	34225486	0.99988	34231289	1.04625	34219698	100299.235687161	34225486	906748.809857183	34231289	980438.709677419	34236265	75985	34242053	904507	34247856	1086899	34236265	0.83251	34242053	1	34247856	1.04609	34236265	91272.1769107879	34242053	904507	34247856	1039010.98375857
287	34323142	71559	34328929	852552	34334733	976564	34323142	0.83249	34328929	0.99954	34334733	1.04589	34323142	85957.7892827542	34328929	852944.354403025	34334733	933715.782730498	34339709	82872	34345497	905655	34351300	1025447	34339709	0.83259	34345497	0.99994	34351300	1.04679	34339709	99535.1853853638	34345497	905709.342560554	34351300	979611.001251445	34356276	76568	34362064	904075	34367867	1088634	34356276	0.83219	34362064	0.9988	34367867	1.04718	34356276	92007.834749276	34362064	905161.193432119	34367867	1039586.31753853
288	34443153	72058	34448940	852117	34454744	975240	34443153	0.83205	34448940	0.99817	34454744	1.04643	34443153	86602.9685716003	34448940	853679.232996384	34454744	931968.693558097	34459720	83026	34465508	904852	34471295	1026148	34459720	0.83206	34465508	0.99919	34471295	1.04598	34459720	99783.6694469149	34465508	905585.524274662	34471295	981039.790435764	34476287	76144	34482075	904017	34487862	1085661	34476287	0.83219	34482075	0.99936	34487862	1.04684	34476287	91498.3357166032	34482075	904595.941402498	34487862	1037083.98609148
289	34563164	71224	34568951	853766	34574770	978929	34563164	0.83213	34568951	1.00003	34574770	1.04667	34563164	85592.395418985	34568951	853740.387788367	34574770	935279.505479282	34579762	83376	34585550	905908	34591369	1026348	34579762	0.83193	34585550	0.99901	34591369	1.04666	34579762	100219.970430204	34585550	906805.737680303	34591369	980593.506965012	34596345	76017	34602117	905379	34607920	1086076	34596345	0.83193	34602117	0.99978	34607920	1.04607	34596345	91374.274277884	34602117	905578.227209986	34607920	1038244.09456346
290	34683175	71315	34688962	853815	34694781	978859	34683175	0.83306	34688962	1.00005	34694781	1.04744	34683175	85606.0787938444	34688962	853772.311384431	34694781	934525.127930956	34699758	83553	34705530	904944	34711333	1031034	34699758	0.83254	34705530	0.99994	34711333	1.04794	34699758	100359.141903092	34705530	904998.299897994	34711333	983867.396988377	34716325	76413	34722112	904006	34727900	1087409	34716325	0.83316	34722112	0.99928	34727900	1.04713	34716325	91714.6766527438	34722112	904657.353294372	34727900	1038466.09303525
291	34803186	71628	34808973	854989	34814777	980399	34803186	0.83211	34808973	0.99911	34814777	1.04676	34803186	86079.9653891913	34808973	855750.618050065	34814777	936603.423898506	34819753	83343	34825541	908184	34831344	1030310	34819753	0.83253	34825541	0.99974	34831344	1.04669	34819753	100108.104212461	34825541	908420.189249205	34831344	984350.667341811	34836320	76999	34842108	904129	34847911	1092235	34836320	0.83259	34842108	0.9999	34847911	1.04705	34836320	92481.2933136358	34842108	904219.421942194	34847911	1043154.57714531
292	34923197	71675	34928984	854531	34934803	982314	34923197	0.832	34928984	0.99925	34934803	1.04647	34923197	86147.8365384615	34928984	855172.379284463	34934803	938692.939119134	34939764	83415	34945552	906451	34951355	1027482	34939764	0.83316	34945552	0.99884	34951355	1.04577	34939764	100118.824715541	34945552	907503.704296985	34951355	982512.40712585	34956347	77084	34962135	906239	34967922	1090731	34956347	0.83305	34962135	0.99977	34967922	1.04693	34956347	92532.2609687294	34962135	906447.482921072	34967922	1041837.56316086
293	35043208	70998	35048995	852485	35054799	982104	35043208	0.83251	35048995	0.99977	35054799	1.04712	35043208	85281.8584761745	35048995	852681.116656831	35054799	937909.695163878	35059775	83877	35065563	906740	35071366	1028518	35059775	0.83217	35065563	0.99984	35071366	1.04628	35059775	100793.10717762	35065563	906885.101616259	35071366	983023.664793363	35076327	76263	35082114	906693	35087918	1088899	35076327	0.83245	35082114	1.00023	35087918	1.04704	35076327	91612.7094720404	35082114	906484.508563031	35087918	1039978.4153423
294	35163219	71379	35168991	853806	35174794	982652	35163219	0.8333	35168991	0.99995	35174794	1.04745	35163219	85658.2263290532	35168991	853848.692434622	35174794	938137.381259248	35179770	83625	35185558	908498	35191346	1028959	35179770	0.83258	35185558	1.00077	35191346	1.04642	35179770	100440.798481828	35185558	907798.994774024	35191346	983313.583455974	35196322	76262	35202110	904343	35207897	1090739	35196322	0.83296	35202110	1.00022	35207897	1.04732	35196322	91555.4168267384	35202110	904144.088300574	35207897	1041457.24324944
295	35283230	71476	35289002	854152	35294805	980409	35283230	0.8324	35289002	0.99967	35294805	1.04722	35283230	85867.3714560308	35289002	854433.963207859	35294805	936201.562231432	35299782	83182	35305569	905639	35311388	1031422	35299782	0.83257	35305569	0.99973	35311388	1.04801	35299782	99909.9174844157	35305569	905883.588568914	35311388	984171.906756615	35316364	76896	35322136	905133	35327940	1093587	35316364	0.83264	35322136	1.00054	35327940	1.04841	35316364	92352.0368946964	35322136	904644.491974334	35327940	1043090.96632043
296	35403241	71960	35409044	856196	35414847	983401	35403241	0.83279	35409044	1.00026	35414847	1.04761	35403241	86408.3382365302	35409044	855973.446903805	35414847	938709.061578259	35419824	83254	35425596	907051	35431399	1032956	35419824	0.83207	35425596	0.99985	35431399	1.04748	35419824	100056.485632218	35425596	907187.078061709	35431399	986134.34146714	35436391	76933	35442179	905687	35447982	1092472	35436391	0.83174	35442179	0.99952	35447982	1.04706	35436391	92496.4532185539	35442179	906121.938530495	35447982	1043370.96250454
297	35523252	71530	35529040	853630	35534843	983225	35523252	0.83223	35529040	0.9994	35534843	1.04588	35523252	85949.7975319323	35529040	854142.485491295	35534843	940093.509771676	35539819	83551	35545607	907378	35551410	1030752	35539819	0.83224	35545607	0.99999	35551410	1.04616	35539819	100392.915505143	35545607	907387.073870739	35551410	985271.851342051	35556386	76747	35562190	907075	35568008	1093811	35556386	0.83179	35562190	0.99976	35568008	1.04662	35556386	92267.2790007093	35562190	907292.750260062	35568008	1045088.95301064
298	35643263	71506	35649066	855629	35654869	985318	35643263	0.8326	35649066	0.99936	35654869	1.0468	35643263	85882.7768436224	35649066	856176.95325008	35654869	941266.71761559	35659846	82979	35665633	907756	35671437	1034925	35659846	0.83167	35665633	0.99929	35671437	1.04638	35659846	99773.9488018084	35665633	908400.964684926	35671437	989052.734188345	35676413	76382	35682201	905126	35688019	1092594	35676413	0.83272	35682201	0.99876	35688019	1.04609	35676413	91725.9102699587	35682201	906249.749689615	35688019	1044455.0660077
299	35763274	71226	35769062	853366	35774865	985157	35763274	0.83193	35769062	1.00004	35774865	1.04722	35763274	85615.3762936786	35769062	853331.866725331	35774865	940735.471056702	35779841	83605	35785629	905944	35791432	1036225	35779841	0.83185	35785629	0.99878	35791432	1.04671	35779841	100504.898719721	35785629	907050.601734116	35791432	989982.898797184	35796408	76455	35802180	905906	35807968	1093895	35796408	0.83221	35802180	1.00042	35807968	1.04775	35796408	91869.8405450547	35802180	905525.67921473	35807968	1044041.99475066
300	35883285	71827	35889073	854808	35894876	984536	35883285	0.8322	35889073	0.99942	35894876	1.04568	35883285	86309.7813025715	35889073	855304.076364291	35894876	941527.044602556	35899852	83417	35905640	907171	35911443	1034569	35899852	0.83192	35905640	0.99926	35911443	1.04639	35899852	100270.458697952	35905640	907842.803674719	35911443	988703.064822867	35916419	76954	35922207	906793	35928010	1095601	35916419	0.83269	35922207	1	35928010	1.0477	35916419	92416.1452641439	35922207	906793	35928010	1045720.14889759
301	36003296	71865	36009084	855443	36014887	987126	36003296	0.83259	36009084	0.99998	36014887	1.04721	36003296	86314.9929737326	36009084	855460.109202184	36014887	942624.688457902	36019879	83222	36025651	909368	36031454	1036302	36019879	0.83215	36025651	1.00038	36031454	1.04645	36019879	100008.411944962	36025651	909022.571422859	36031454	990302.451144345	36036446	76922	36042234	909003	36048037	1096848	36036446	0.83286	36042234	1.00066	36048037	1.04713	36036446	92358.8598323848	36042234	908403.453720544	36048037	1047480.25555566