HJY Multigroup Import
Application Version:	3.5.1.20
SystemConfiguration::	FL3-11_1602C-0213-FL
Experiment Time Stamp:	9/25/2025 10:29 PM
Export Time Stamp:	10/3/2025 11:42 AM
Experiment Comment:	None

Integration Time:	1
Time Sequence Interval Points:	301
Time Sequence Experiment Duration:	10:00:00	36000000 (ms)
Repetition Time Sequence Enabled:	False
Repetition Time Sequence Count:	2
Repetition Time Sequence Delay:	0 seconds
Time Sequence Interval Total Points:	301
Time Sequence Experiment Duration Total:	10:00:00	36000000 (ms)

Mono Count:	2
Mono Description:	Excitation 1 (Mono1)	Emission 1 (Mono2)
Mono Slit Width:		5	5
Mono Grating Index:		0	0
Mono Grating Value:		1200	1200

Mono Wavelength Group Count:	3
Mono Wavelength Group Description:	Group 1:(Excitation 1:596 Emission 1:615)	Group 2:(Excitation 1:549 Emission 1:565)	Group 3:(Excitation 1:495 Emission 1:520)

Detector Count:	3
Detector Description:	S1 (SCD1)	R (SCD2)	S1/R (SCD1/SCD2)
Detector High Voltage:	950	None	None

Accessory Sequential Type:	Temperature Controller
Accessory Sequential Description:	Temperature Control (TC1)
Accessory Sequential Scan Position Count:	1
Accessory Sequential Scan Positions:		37

Accessory Interleave Type:	Sample Changer
Accessory Interleave Description:	Sample Changer - 4 Position (SCH1)
Accessory Interleave Scan Position Count:	3
Accessory Interleave Scan Positions:	1	2	3

Axis	X	Y	X	Y	X	Y	X	Y	X	Y	X	Y	X	Y	X	Y	X	Y	X	Y	X	Y	X	Y	X	Y	X	Y	X	Y	X	Y	X	Y	X	Y	X	Y	X	Y	X	Y	X	Y	X	Y	X	Y	X	Y	X	Y	X	Y
Sequential: Temperature Controller	Idx:0(Pos:37.00)	Idx:0(Pos:37.00)	Idx:0(Pos:37.00)	Idx:0(Pos:37.00)	Idx:0(Pos:37.00)	Idx:0(Pos:37.00)	Idx:0(Pos:37.00)	Idx:0(Pos:37.00)	Idx:0(Pos:37.00)	Idx:0(Pos:37.00)	Idx:0(Pos:37.00)	Idx:0(Pos:37.00)	Idx:0(Pos:37.00)	Idx:0(Pos:37.00)	Idx:0(Pos:37.00)	Idx:0(Pos:37.00)	Idx:0(Pos:37.00)	Idx:0(Pos:37.00)	Idx:0(Pos:37.00)	Idx:0(Pos:37.00)	Idx:0(Pos:37.00)	Idx:0(Pos:37.00)	Idx:0(Pos:37.00)	Idx:0(Pos:37.00)	Idx:0(Pos:37.00)	Idx:0(Pos:37.00)	Idx:0(Pos:37.00)	Idx:0(Pos:37.00)	Idx:0(Pos:37.00)	Idx:0(Pos:37.00)	Idx:0(Pos:37.00)	Idx:0(Pos:37.00)	Idx:0(Pos:37.00)	Idx:0(Pos:37.00)	Idx:0(Pos:37.00)	Idx:0(Pos:37.00)	Idx:0(Pos:37.00)	Idx:0(Pos:37.00)	Idx:0(Pos:37.00)	Idx:0(Pos:37.00)	Idx:0(Pos:37.00)	Idx:0(Pos:37.00)	Idx:0(Pos:37.00)	Idx:0(Pos:37.00)	Idx:0(Pos:37.00)	Idx:0(Pos:37.00)	Idx:0(Pos:37.00)	Idx:0(Pos:37.00)	Idx:0(Pos:37.00)	Idx:0(Pos:37.00)	Idx:0(Pos:37.00)	Idx:0(Pos:37.00)	Idx:0(Pos:37.00)	Idx:0(Pos:37.00)
Interleave: Sample Changer	Idx:0(Pos:1)	Idx:0(Pos:1)	Idx:0(Pos:1)	Idx:0(Pos:1)	Idx:0(Pos:1)	Idx:0(Pos:1)	Idx:0(Pos:1)	Idx:0(Pos:1)	Idx:0(Pos:1)	Idx:0(Pos:1)	Idx:0(Pos:1)	Idx:0(Pos:1)	Idx:0(Pos:1)	Idx:0(Pos:1)	Idx:0(Pos:1)	Idx:0(Pos:1)	Idx:0(Pos:1)	Idx:0(Pos:1)	Idx:1(Pos:2)	Idx:1(Pos:2)	Idx:1(Pos:2)	Idx:1(Pos:2)	Idx:1(Pos:2)	Idx:1(Pos:2)	Idx:1(Pos:2)	Idx:1(Pos:2)	Idx:1(Pos:2)	Idx:1(Pos:2)	Idx:1(Pos:2)	Idx:1(Pos:2)	Idx:1(Pos:2)	Idx:1(Pos:2)	Idx:1(Pos:2)	Idx:1(Pos:2)	Idx:1(Pos:2)	Idx:1(Pos:2)	Idx:2(Pos:3)	Idx:2(Pos:3)	Idx:2(Pos:3)	Idx:2(Pos:3)	Idx:2(Pos:3)	Idx:2(Pos:3)	Idx:2(Pos:3)	Idx:2(Pos:3)	Idx:2(Pos:3)	Idx:2(Pos:3)	Idx:2(Pos:3)	Idx:2(Pos:3)	Idx:2(Pos:3)	Idx:2(Pos:3)	Idx:2(Pos:3)	Idx:2(Pos:3)	Idx:2(Pos:3)	Idx:2(Pos:3)
Detector	S1 (SCD1)	S1 (SCD1)	S1 (SCD1)	S1 (SCD1)	S1 (SCD1)	S1 (SCD1)	R (SCD2)	R (SCD2)	R (SCD2)	R (SCD2)	R (SCD2)	R (SCD2)	S1/R (SCD1/SCD2)	S1/R (SCD1/SCD2)	S1/R (SCD1/SCD2)	S1/R (SCD1/SCD2)	S1/R (SCD1/SCD2)	S1/R (SCD1/SCD2)	S1 (SCD1)	S1 (SCD1)	S1 (SCD1)	S1 (SCD1)	S1 (SCD1)	S1 (SCD1)	R (SCD2)	R (SCD2)	R (SCD2)	R (SCD2)	R (SCD2)	R (SCD2)	S1/R (SCD1/SCD2)	S1/R (SCD1/SCD2)	S1/R (SCD1/SCD2)	S1/R (SCD1/SCD2)	S1/R (SCD1/SCD2)	S1/R (SCD1/SCD2)	S1 (SCD1)	S1 (SCD1)	S1 (SCD1)	S1 (SCD1)	S1 (SCD1)	S1 (SCD1)	R (SCD2)	R (SCD2)	R (SCD2)	R (SCD2)	R (SCD2)	R (SCD2)	S1/R (SCD1/SCD2)	S1/R (SCD1/SCD2)	S1/R (SCD1/SCD2)	S1/R (SCD1/SCD2)	S1/R (SCD1/SCD2)	S1/R (SCD1/SCD2)
WL Group	1	1	2	2	3	3	1	1	2	2	3	3	1	1	2	2	3	3	1	1	2	2	3	3	1	1	2	2	3	3	1	1	2	2	3	3	1	1	2	2	3	3	1	1	2	2	3	3	1	1	2	2	3	3
Units	(ms)	CPS	(ms)	CPS	(ms)	CPS	(ms)	MicroAmps	(ms)	MicroAmps	(ms)	MicroAmps	(ms)	CPS	(ms)	CPS	(ms)	CPS	(ms)	CPS	(ms)	CPS	(ms)	CPS	(ms)	MicroAmps	(ms)	MicroAmps	(ms)	MicroAmps	(ms)	CPS	(ms)	CPS	(ms)	CPS	(ms)	CPS	(ms)	CPS	(ms)	CPS	(ms)	MicroAmps	(ms)	MicroAmps	(ms)	MicroAmps	(ms)	CPS	(ms)	CPS	(ms)	CPS
1	0	124649	5787	1504702	11590	3767189	0	0.83997	5787	1.0052	11590	1.06289	0	148396.966558329	5787	1496918.02626343	11590	3544288.684624	16551	130185	22339	1544171	28142	3899579	16551	0.84048	22339	1.00556	28142	1.06194	16551	154893.632210166	22339	1535632.88118064	28142	3672127.42716161	33118	122210	38906	1537492	44709	3855371	33118	0.83992	38906	1.00554	44709	1.0637	33118	145501.952566911	38906	1529021.22242775	44709	3624490.9278932
2	120011	124800	125798	1264624	131617	3631026	120011	0.84076	125798	1.00647	131617	1.06316	120011	148437.128312479	125798	1256494.48070981	131617	3415314.72214906	136593	129065	142365	1312299	148153	3771916	136593	0.84093	142365	1.0062	148153	1.06355	136593	153478.886470931	142365	1304212.88014311	148153	3546533.77838372	153129	120969	158917	1301086	164720	3703179	153129	0.8406	158917	1.00598	164720	1.06255	153129	143907.922912206	158917	1293351.75649615	164720	3485180.93266199
3	240022	124145	245794	1219775	251628	3599652	240022	0.84064	245794	1.00606	251628	1.06274	240022	147679.149219642	245794	1212427.68820945	251628	3387142.66895007	256589	129758	262376	1272633	268164	3737362	256589	0.84071	262376	1.00628	268164	1.06313	256589	154343.352642409	262376	1264690.74213937	268164	3515432.73165088	273156	121031	278928	1253242	284731	3664639	273156	0.84059	278928	1.00624	284731	1.06278	273156	143983.39261709	278928	1245470.26554301	284731	3448163.30755189
4	360033	124898	365820	1210889	371639	3583787	360033	0.84057	365820	1.00523	371639	1.06225	360033	148587.26816327	365820	1204588.99953245	371639	3373769.82819487	376615	129297	382387	1259057	388191	3724093	376615	0.84012	382387	1.00532	388191	1.06245	376615	153903.013855164	382387	1252394.26252338	388191	3505193.65617206	393167	120298	398955	1240842	404758	3655771	393167	0.83921	398955	1.006	404758	1.06261	393167	143346.718938049	398955	1233441.35188867	404758	3440369.46763159
5	480044	124447	485831	1203223	491634	3577909	480044	0.8399	485831	1.00589	491634	1.06381	480044	148168.829622574	485831	1196177.51443995	491634	3363297.01732452	496611	129448	502398	1255841	508202	3711440	496611	0.84068	502398	1.00624	508202	1.06294	496611	153980.11133844	502398	1248053.14835427	508202	3491674.03616385	513194	121705	518981	1237814	524769	3657070	513194	0.84135	518981	1.00633	524769	1.06411	513194	144654.424436917	518981	1230027.92324585	524769	3436740.56253583
6	600055	124095	605842	1204886	611661	3569710	600055	0.84101	605842	1.0058	611661	1.0635	600055	147554.725865329	605842	1197937.95983297	611661	3356567.93606018	616637	129410	622425	1254597	628213	3708506	616637	0.84103	622425	1.00661	628213	1.06305	616637	153870.848840113	622425	1246358.56985327	628213	3488552.74916514	633189	121885	638977	1237713	644780	3650066	633189	0.84055	638977	1.0057	644780	1.06317	633189	145006.245910416	638977	1230698.02127871	644780	3433191.30524752
7	720066	124710	725853	1203731	731672	3567856	720066	0.84031	725853	1.0054	731672	1.06224	720066	148409.515535933	725853	1197265.7648697	731672	3358804.03675252	736648	130266	742420	1256977	748224	3703373	736648	0.84004	742420	1.00589	748224	1.06333	736648	155071.187086329	742420	1249616.75729951	748224	3482806.84265468	753200	122165	759003	1236516	764791	3642547	753200	0.84078	759003	1.00585	764791	1.06246	753200	145299.602749828	759003	1229324.45195606	764791	3428408.59891196
8	840077	124381	845864	1204653	851683	3558049	840077	0.8402	845864	1.0056	851683	1.06259	840077	148037.372054273	845864	1197944.51073986	851683	3348468.36503261	856659	129504	862431	1251435	868235	3688988	856659	0.84037	862431	1.00536	868235	1.06185	856659	154103.54962695	862431	1244763.06994509	868235	3474114.04624005	873211	122033	878983	1239233	884786	3642675	873211	0.84022	878983	1.00599	884786	1.06315	873211	145239.342077075	878983	1231854.19338164	884786	3426303.90819734
9	960088	124530	965875	1198677	971694	3555828	960088	0.84063	965875	1.00524	971694	1.06256	960088	148138.895828129	965875	1192428.67374955	971694	3346472.66977865	976670	129208	982442	1250239	988246	3686686	976670	0.83986	982442	1.00531	988246	1.06282	976670	153844.688400448	982442	1243635.29657519	988246	3468777.40351141	993238	121672	999025	1232979	1004813	3628150	993238	0.84011	999025	1.00525	1004813	1.06165	993238	144828.653390627	999025	1226539.66674956	1004813	3417463.38247068
10	1080099	124139	1085886	1198226	1091705	3540600	1080099	0.8394	1085886	1.00504	1091705	1.06167	1080099	147890.159637837	1085886	1192217.22518507	1091705	3334934.58419283	1096681	130289	1102453	1248778	1108257	3685281	1096681	0.83971	1102453	1.00498	1108257	1.06243	1096681	155159.519357874	1102453	1242589.90228661	1108257	3468728.29268752	1113249	122630	1119021	1233574	1124824	3629522	1113249	0.84021	1119021	1.00515	1124824	1.06226	1113249	145951.607336261	1119021	1227253.64373477	1124824	3416792.49901154
11	1200110	112396	1205897	746313	1211716	3294449	1200110	0.84045	1205897	1.00582	1211716	1.06228	1200110	133733.119162354	1205897	741994.5914776	1211716	3101300.03388937	1216677	118729	1222464	799546	1228252	3459108	1216677	0.84037	1222464	1.00615	1228252	1.06345	1216677	141281.816342801	1222464	794658.848084282	1228252	3252722.7420189	1233244	112251	1239032	822411	1244819	3451264	1233244	0.84039	1239032	1.00557	1244819	1.06328	1233244	133570.128154785	1239032	817855.544616486	1244819	3245865.62335415
12	1320121	111056	1325924	387883	1331727	3287979	1320121	0.83937	1325924	1.00557	1331727	1.06269	1320121	132308.755376056	1325924	385734.459063019	1331727	3094015.18787229	1336703	117388	1342491	410593	1348279	3453912	1336703	0.83987	1342491	1.00537	1348279	1.06303	1336703	139769.250002977	1342491	408399.892576862	1348279	3249119.96839224	1353255	110291	1359043	419723	1364846	3430441	1353255	0.83943	1359043	1.00524	1364846	1.06324	1353255	131387.965643353	1359043	417535.115992201	1364846	3226403.25796622
13	1440132	111258	1445919	218557	1451738	3282723	1440132	0.84068	1445919	1.00694	1451738	1.06316	1440132	132342.865299519	1445919	217050.668361571	1451738	3087703.63821062	1456699	117123	1462486	229257	1468274	3447823	1456699	0.84044	1462486	1.00615	1468274	1.06361	1456699	139359.145209652	1462486	227855.687521741	1468274	3241623.33938192	1473266	109474	1479038	237047	1484841	3421478	1473266	0.84025	1479038	1.00589	1484841	1.06318	1473266	130287.414459982	1479038	235658.968674507	1484841	3218154.9690551
14	1560143	111273	1565930	131881	1571749	3273831	1560143	0.84049	1565930	1.007	1571749	1.06329	1560143	132390.62927578	1565930	130964.250248262	1571749	3078963.40603222	1576725	116940	1582497	138518	1588301	3438005	1576725	0.84011	1582497	1.00594	1588301	1.06349	1576725	139196.057659116	1582497	137700.061633895	1588301	3232757.24266331	1593293	109927	1599065	144782	1604868	3421106	1593293	0.84036	1599065	1.00571	1604868	1.06426	1593293	130809.415012614	1599065	143959.98846586	1604868	3214539.68015335
15	1680154	109996	1685941	86808	1691760	3269502	1680154	0.84076	1685941	1.00557	1691760	1.06332	1680154	130829.249726438	1685941	86327.1577314359	1691760	3074805.32671256	1696736	117011	1702508	90585	1708312	3434472	1696736	0.84057	1702508	1.00614	1708312	1.06306	1696736	139204.349429554	1702508	90032.202278013	1708312	3230741.44450925	1713304	109410	1719091	95178	1724895	3416637	1713304	0.8397	1719091	1.0061	1724895	1.06344	1713304	130296.534476599	1719091	94600.9343007653	1724895	3212815.95576619
16	1800165	109747	1805952	62153	1811755	3272600	1800165	0.84059	1805952	1.00538	1811755	1.06353	1800165	130559.487978682	1805952	61820.4062145656	1811755	3077111.12991641	1816747	116238	1822520	63772	1828323	3432724	1816747	0.83989	1822520	1.00539	1828323	1.06287	1816747	138396.694805272	1822520	63430.1116979481	1828323	3229674.37221862	1833284	109410	1839087	68398	1844890	3412961	1833284	0.84085	1839087	1.00454	1844890	1.06278	1833284	130118.332639591	1839087	68088.8765006869	1844890	3211352.30245206
17	1920176	110147	1925963	48624	1931782	3266477	1920176	0.84025	1925963	1.00597	1931782	1.06304	1920176	131088.366557572	1925963	48335.4374384922	1931782	3072769.60415412	1936759	116743	1942531	49406	1948334	3426172	1936759	0.84061	1942531	1.00566	1948334	1.06319	1936759	138878.909363438	1942531	49127.9358829028	1948334	3222539.71538483	1953295	109731	1959082	52910	1964885	3418609	1953295	0.84044	1959082	1.00626	1964885	1.06318	1953295	130563.752320213	1959082	52580.8439170791	1964885	3215456.46080626
18	2040187	110554	2045974	40526	2051778	3264807	2040187	0.84004	2045974	1.00628	2051778	1.06286	2040187	131605.63782677	2045974	40273.0850260365	2051778	3071718.75882054	2056754	117097	2062542	40760	2068329	3422363	2056754	0.84062	2062542	1.00616	2068329	1.0637	2056754	139298.375008922	2062542	40510.4555935438	2068329	3217413.74447683	2073306	109699	2079078	43534	2084896	3406616	2073306	0.83967	2079078	1.00602	2084896	1.06306	2073306	130645.37258685	2079078	43273.4935687163	2084896	3204537.84358362
19	2160198	110434	2165970	35630	2171789	3265373	2160198	0.83965	2165970	1.00588	2171789	1.06256	2160198	131523.849222891	2165970	35421.7202847258	2171789	3073118.69447372	2176749	116306	2182537	35697	2188325	3417718	2176749	0.83977	2182537	1.00568	2188325	1.06189	2176749	138497.445729188	2182537	35495.3862063479	2188325	3218523.57588828	2193301	110116	2199073	37793	2204876	3398368	2193301	0.83975	2199073	1.00562	2204876	1.06263	2193301	131129.502828223	2199073	37581.7903382988	2204876	3198072.70639828
20	2280209	109970	2285996	32718	2291800	3257669	2280209	0.84158	2285996	1.00681	2291800	1.06307	2280209	130670.880962	2285996	32496.6974900925	2291800	3064397.45266069	2296776	116795	2302564	32283	2308367	3419017	2296776	0.84043	2302564	1.00603	2308367	1.06359	2296776	138970.526992135	2302564	32089.5003131119	2308367	3214600.55096419	2313328	109829	2319115	33625	2324918	3406309	2313328	0.84045	2319115	1.00626	2324918	1.0633	2313328	130678.803022191	2319115	33415.8169856697	2324918	3203525.8158563
21	2400220	110797	2406007	30495	2411811	3259139	2400220	0.83986	2406007	1.00579	2411811	1.06282	2400220	131923.177672469	2406007	30319.4503822866	2411811	3066501.38311285	2416787	116214	2422575	29608	2428378	3417012	2416787	0.84009	2422575	1.00493	2428378	1.0623	2416787	138335.178373746	2422575	29462.7486491596	2428378	3216616.77492234	2433354	109943	2439142	31464	2444945	3396983	2433354	0.83978	2439142	1.00602	2444945	1.0633	2433354	130918.812069828	2439142	31275.7201646091	2444945	3194755.00799398
22	2520231	110575	2526018	28998	2531822	3255466	2520231	0.84091	2526018	1.00648	2531822	1.06254	2520231	131494.45243843	2526018	28811.3027581273	2531822	3063852.65495887	2536798	116953	2542586	28513	2548389	3414444	2536798	0.84066	2542586	1.00735	2548389	1.06408	2536798	139120.452977423	2542586	28304.9585546235	2548389	3208822.64491392	2553365	110471	2559215	29568	2565018	3394681	2553365	0.84085	2559215	1.00596	2565018	1.0631	2553365	131380.15103764	2559215	29392.8187999523	2565018	3193190.6687988
23	2640242	110582	2646029	27954	2651833	3251198	2640242	0.84081	2646029	1.00622	2651833	1.06373	2640242	131518.416764786	2646029	27781.2009302141	2651833	3056412.81152172	2656809	117038	2662581	27130	2668384	3412338	2656809	0.84046	2662581	1.00625	2668384	1.0641	2656809	139254.693858125	2662581	26961.4906832298	2668384	3206783.19706795	2673361	110275	2679148	28236	2684951	3393057	2673361	0.84051	2679148	1.00625	2684951	1.06284	2673361	131200.104698338	2679148	28060.6211180124	2684951	3192443.82973919
24	2760253	110715	2766040	26916	2771844	3249030	2760253	0.84104	2766040	1.00546	2771844	1.06323	2760253	131640.587843622	2766040	26769.8366916635	2771844	3055811.06627917	2776820	116968	2782608	25883	2788411	3405752	2776820	0.84022	2782608	1.00565	2788411	1.06327	2776820	139211.158982171	2782608	25737.5826579824	2788411	3203092.34719309	2793387	109888	2799175	27183	2804978	3392911	2793387	0.84008	2799175	1.00574	2804978	1.06343	2793387	130806.589848586	2799175	27027.8600831229	2804978	3190535.34318197
25	2880264	109848	2886036	26525	2891839	3247748	2880264	0.84002	2886036	1.00556	2891839	1.06193	2880264	130768.315040118	2886036	26378.3364493417	2891839	3058344.71198667	2896831	116928	2902603	25577	2908406	3399273	2896831	0.83948	2902603	1.00457	2908406	1.06231	2896831	139286.224805832	2902603	25460.6448530217	2908406	3199887.97996818	2913398	110098	2919186	26382	2924989	3384109	2913398	0.8401	2919186	1.00497	2924989	1.06239	2913398	131053.446018331	2919186	26251.5298964148	2924989	3185373.5445552
26	3000275	105678	3006062	25468	3012006	3140503	3000275	0.84048	3006062	1.00592	3012006	1.06289	3000275	125735.294117647	3006062	25318.1167488468	3012006	2954682.98695067	3016982	110954	3022754	24413	3028558	3287610	3016982	0.84056	3022754	1.00528	3028558	1.06349	3016982	132000.095174646	3022754	24284.7763807098	3028558	3091340.77424329	3033534	104388	3039322	25100	3045125	3274501	3033534	0.84017	3039322	1.00547	3045125	1.0617	3033534	124246.283490246	3039322	24963.449928889	3045125	3084205.51944994
27	3120286	106310	3126073	25083	3131877	3132931	3120286	0.84015	3126073	1.00516	3131877	1.06371	3120286	126536.927929536	3126073	24954.2361415098	3131877	2945286.77929135	3136853	111102	3142641	23500	3148444	3277761	3136853	0.84018	3142641	1.00528	3148444	1.06434	3136853	132235.949439406	3142641	23376.5717014165	3148444	3079618.35503692	3153420	104598	3159208	23613	3165011	3256077	3153420	0.84067	3159208	1.00454	3165011	1.06352	3153420	124422.187065079	3159208	23506.2814820714	3165011	3061603.91906123
28	3240297	105163	3246084	24176	3251888	3123642	3240297	0.84071	3246084	1.00552	3251888	1.06253	3240297	125088.31820723	3246084	24043.2810883921	3251888	2939815.34639022	3256864	110997	3262652	22638	3268455	3274304	3256864	0.84017	3262652	1.00598	3268455	1.06309	3256864	132112.548650868	3262652	22503.42949164	3268455	3079987.58336547	3273447	104042	3279234	23274	3285038	3251575	3273447	0.83982	3279234	1.0061	3285038	1.06388	3273447	123886.070824701	3279234	23132.8893748136	3285038	3056336.24092943
29	3360308	105054	3366095	24084	3371899	3124290	3360308	0.84068	3366095	1.00574	3371899	1.06345	3360308	124963.125089214	3366095	23946.546821246	3371899	2937881.42366825	3376891	111414	3382678	22509	3388497	3266778	3376891	0.84011	3382678	1.00535	3388497	1.06348	3376891	132618.347597338	3382678	22389.2176853832	3388497	3071781.32169857	3393458	104833	3399245	22627	3405049	3255986	3393458	0.83986	3399245	1.00596	3405049	1.06355	3393458	124821.994141881	3399245	22492.9420652909	3405049	3061431.99661511
30	3480319	106257	3486122	23634	3491925	3122487	3480319	0.84095	3486122	1.00667	3491925	1.0637	3480319	126353.52874725	3486122	23477.4057039546	3491925	2935495.91050108	3496902	111136	3502689	21866	3508477	3267331	3496902	0.84112	3502689	1.00605	3508477	1.06391	3496902	132128.590450827	3502689	21734.5062372646	3508477	3071059.58210751	3513453	104542	3519241	22145	3525044	3252934	3513453	0.84095	3519241	1.00592	3525044	1.06297	3513453	124314.168499911	3519241	22014.6731350406	3525044	3060231.23888727
31	3600330	99314	3606117	21406	3611921	3021769	3600330	0.84066	3606117	1.00585	3611921	1.063	3600330	118138.129564866	3606117	21281.5032062435	3611921	2842680.1505174	3616897	104815	3622669	22257	3628472	3147062	3616897	0.84052	3622669	1.006	3628472	1.06431	3616897	124702.565078761	3622669	22124.254473161	3628472	2956903.53374487	3633449	98394	3639221	22334	3645024	3141748	3633449	0.84045	3639221	1.00597	3645024	1.06314	3633449	117072.996608959	3639221	22201.4572999195	3645024	2955159.24525462
32	3720341	98025	3726128	23297	3731932	2988736	3720341	0.84045	3726128	1.00598	3731932	1.06371	3720341	116633.946100303	3726128	23158.512097656	3731932	2809728.21539705	3736924	103084	3742711	24398	3748499	3115886	3736924	0.84094	3742711	1.00669	3748499	1.06256	3736924	122581.872666302	3742711	24235.862082667	3748499	2932432.99201927	3753491	96525	3759263	23783	3765066	3112373	3753491	0.84056	3759263	1.00637	3765066	1.06356	3753491	114834.158180261	3759263	23632.4612220158	3765066	2926372.74812893
33	3840352	97271	3846139	25658	3851958	2908001	3840352	0.84142	3846139	1.00747	3851958	1.06516	3840352	115603.384754344	3846139	25467.7558636982	3851958	2730107.21393969	3856935	100762	3862707	27113	3868510	3040295	3856935	0.84131	3862707	1.00721	3868510	1.06525	3856935	119767.98088695	3862707	26918.9146255498	3868510	2854067.12039427	3873486	90652	3879274	26475	3885077	3042073	3873486	0.84191	3879274	1.00631	3885077	1.06443	3873486	107674.216959057	3879274	26308.9902713875	3885077	2857936.17241153
34	3960363	94905	3966150	28909	3971954	2765339	3960363	0.84066	3966150	1.0059	3971954	1.06351	3960363	112893.44086789	3966150	28739.4373198131	3971954	2600200.28020423	3976914	95203	3982702	30986	3988505	2893540	3976914	0.84094	3982702	1.00565	3988505	1.06349	3976914	113210.217137965	3982702	30811.912693283	3988505	2720796.62244121	3993482	74382	3999285	30107	4005073	2916435	3993482	0.83993	3999285	1.00525	4005073	1.06352	3993482	88557.3797816485	3999285	29949.7637403631	4005073	2742247.44245524
35	4080374	91190	4086161	33391	4091965	2575501	4080374	0.84024	4086161	1.00612	4091965	1.06278	4080374	108528.515662192	4086161	33187.8901125114	4091965	2423362.31393139	4096941	86227	4102713	36226	4108516	2698588	4096941	0.84037	4102713	1.00593	4108516	1.0632	4096941	102605.994978402	4102713	36012.4461940692	4108516	2538175.31978932	4113493	58417	4119280	35176	4125068	2739263	4113493	0.8397	4119280	1.00444	4125068	1.06395	4113493	69568.8936524949	4119280	35020.508940305	4125068	2574616.28835942
36	4200385	85984	4206172	39233	4211976	2357980	4200385	0.84042	4206172	1.00565	4211976	1.06353	4200385	102310.749387211	4206172	39012.5789290509	4211976	2217125.98610288	4216952	75582	4222724	43107	4228543	2474134	4216952	0.84073	4222724	1.00592	4228543	1.06377	4216952	89900.4436620556	4222724	42853.308414188	4228543	2325816.6708969	4233519	47935	4239307	41678	4245095	2526038	4233519	0.84095	4239307	1.00562	4245095	1.06305	4233519	57001.0107616386	4239307	41445.0786579424	4245095	2376217.48741828
37	4320396	80682	4326199	45825	4331987	2129709	4320396	0.83932	4326199	1.00444	4331987	1.06184	4320396	96127.8177572321	4326199	45622.4363824619	4331987	2005677.87990658	4336963	66278	4342735	52015	4348538	2246890	4336963	0.83987	4342735	1.00486	4348538	1.06226	4336963	78914.5939252503	4342735	51763.4297315049	4348538	2115197.7858528	4353515	40986	4359302	50147	4365090	2314203	4353515	0.84019	4359302	1.00491	4365090	1.06295	4353515	48781.8231590474	4359302	49901.9812719547	4365090	2177151.32414507
38	4440407	75090	4446195	55122	4451998	1924936	4440407	0.83976	4446195	1.00512	4451998	1.06146	4440407	89418.4052586453	4446195	54841.2129894938	4451998	1813479.54703898	4456974	58887	4462746	62589	4468549	2048075	4456974	0.8396	4462746	1.00573	4468549	1.06294	4456974	70136.9699857075	4462746	62232.4083004385	4468549	1926802.07725742	4473526	36432	4479313	60480	4485101	2128382	4473526	0.8402	4479313	1.00424	4485101	1.0627	4473526	43361.1044989288	4479313	60224.6474946228	4485101	2002806.06003576
39	4560418	70018	4566221	65603	4572024	1751868	4560418	0.84046	4566221	1.00567	4572024	1.06314	4560418	83309.1402327297	4566221	65233.128163314	4572024	1647824.36932107	4577001	53155	4582773	75245	4588576	1876356	4577001	0.83988	4582773	1.00557	4588576	1.06148	4577001	63288.8031623565	4582773	74828.2068876359	4588576	1767679.08957305	4593552	33099	4599324	72209	4605128	1968747	4593552	0.83951	4599324	1.00493	4605128	1.06359	4593552	39426.5702612238	4599324	71854.7560526604	4605128	1851039.40428172
40	4680429	65195	4686201	77455	4692004	1618232	4680429	0.83997	4686201	1.00629	4692004	1.0637	4680429	77615.8672333536	4686201	76970.8533325383	4692004	1521323.68148914	4696981	49540	4702768	88237	4708556	1756219	4696981	0.84119	4702768	1.0066	4708556	1.06445	4696981	58892.7590675115	4702768	87658.454202265	4708556	1649883.97764104	4713548	31193	4719320	85851	4725139	1843437	4713548	0.84105	4719320	1.0056	4725139	1.06371	4713548	37088.1636050175	4719320	85372.9116945107	4725139	1733025.91871845
41	4800440	61272	4806228	90017	4812031	1512237	4800440	0.84053	4806228	1.00669	4812031	1.06298	4800440	72896.8626937766	4806228	89418.7883062313	4812031	1422639.18418032	4817007	46246	4822795	102373	4828598	1663924	4817007	0.8401	4822795	1.00571	4828598	1.06357	4817007	55048.2085466016	4822795	101791.768999016	4828598	1564470.60372143	4833574	29513	4839346	99328	4845150	1751404	4833574	0.83999	4839346	1.0055	4845150	1.06318	4833574	35134.9420826438	4839346	98784.6842366982	4845150	1647325.94668824
42	4920451	58085	4926239	101679	4932042	1438205	4920451	0.84012	4926239	1.00564	4932042	1.06314	4920451	69138.9325334476	4926239	101108.746668788	4932042	1352789.84893805	4937003	43116	4942790	116116	4948578	1603566	4937003	0.8404	4942790	1.00555	4948578	1.06191	4937003	51304.1408852927	4942790	115475.113122172	4948578	1510077.1251801	4953570	28518	4959357	114317	4965145	1697374	4953570	0.84068	4959357	1.00538	4965145	1.0631	4953570	33922.5388970833	4959357	113705.265670692	4965145	1596626.84601637
43	5040462	55529	5046250	115482	5052053	1387826	5040462	0.84138	5046250	1.00593	5052053	1.0629	5040462	65997.5278708788	5046250	114801.228713728	5052053	1305697.61971963	5057045	41528	5062817	130072	5068620	1571392	5057045	0.83986	5062817	1.00557	5068620	1.06218	5057045	49446.3362941443	5062817	129351.512077727	5068620	1479402.73776573	5073596	27806	5079368	129623	5085172	1666411	5073596	0.84088	5079368	1.0061	5085172	1.06351	5073596	33067.7385596042	5079368	128837.093728258	5085172	1566897.34934321
44	5160473	53222	5166261	126634	5172064	1362031	5160473	0.84135	5166261	1.00611	5172064	1.06406	5160473	63257.8593926428	5166261	125864.965063462	5172064	1280032.14104468	5177040	39811	5182812	143670	5188615	1566240	5177040	0.84169	5182812	1.00642	5188615	1.06481	5177040	47298.8867635353	5182812	142753.52238628	5188615	1470910.30324659	5193592	27401	5199379	145519	5205183	1661119	5193592	0.84165	5199379	1.00696	5205183	1.06353	5193592	32556.2882433316	5199379	144513.188210058	5205183	1561892.00116593
45	5280484	50530	5286272	138498	5292075	1345421	5280484	0.84082	5286272	1.00611	5292075	1.06372	5280484	60096.0966675388	5286272	137656.916241763	5292075	1264826.27007107	5297051	38567	5302839	155919	5308642	1573691	5297051	0.84194	5302839	1.00635	5308642	1.06391	5297051	45807.3021830534	5302839	154935.161723059	5308642	1479158.01148593	5313634	26764	5319406	159797	5325209	1682872	5313634	0.84111	5319406	1.00609	5325209	1.06271	5313634	31819.8570936025	5319406	158829.726962797	5325209	1583566.54214226
46	5400495	52132	5406283	874432	5412086	1322800	5400495	0.84097	5406283	1.00596	5412086	1.06402	5400495	61990.3207010952	5406283	869251.262475645	5412086	1243209.71410312	5417078	40482	5422850	930327	5428669	1531803	5417078	0.84109	5422850	1.00609	5428669	1.06423	5417078	48130.4022161719	5422850	924695.603773022	5428669	1439353.33527527	5433645	28300	5439417	931712	5445236	1689268	5433645	0.84027	5439417	1.00598	5445236	1.06363	5433645	33679.6505885013	5439417	926173.482574206	5445236	1588210.18587291
47	5520506	50198	5526294	893132	5532097	1327932	5520506	0.84049	5526294	1.00621	5532097	1.06322	5520506	59724.6844102845	5526294	887619.880541835	5532097	1248971.9907451	5537058	39540	5542845	945454	5548648	1547186	5537058	0.84021	5542845	1.00575	5548648	1.06346	5537058	47059.6636555147	5542845	940048.7198608	5548648	1454860.54952702	5553625	28280	5559412	945156	5565200	1735293	5553625	0.84098	5559412	1.00638	5565200	1.06383	5553625	33627.4346595638	5559412	939164.132832529	5565200	1631175.09376498
48	5640517	48932	5646320	897442	5652123	1345056	5640517	0.84065	5646320	1.00651	5652123	1.06424	5640517	58207.3395586748	5646320	891637.440263882	5652123	1263865.29354281	5657100	38608	5662887	949435	5668691	1580421	5657100	0.84091	5662887	1.00657	5668691	1.0646	5657100	45912.1665814415	5662887	943237.926820788	5668691	1484520.94683449	5673667	28010	5679439	949686	5685242	1804327	5673667	0.84185	5679439	1.00691	5685242	1.06445	5673667	33271.9605630457	5679439	943168.704253608	5685242	1695079.14885622
49	5760528	47826	5766331	902106	5772134	1371935	5760528	0.84084	5766331	1.00617	5772134	1.06427	5760528	56878.835450264	5766331	896574.137571186	5772134	1289085.47642985	5777111	37970	5782914	954749	5788717	1622507	5777111	0.84094	5782914	1.00657	5788717	1.06327	5777111	45151.8538778034	5782914	948517.241721887	5788717	1525959.5399099	5793694	28242	5799481	951871	5805284	1885549	5793694	0.84091	5799481	1.00603	5805284	1.0639	5793694	33585.0447729246	5799481	946165.62130354	5805284	1772299.08826018
50	5880539	47119	5886327	905767	5892130	1401678	5880539	0.84035	5886327	1.00651	5892130	1.06331	5880539	56070.6848337003	5886327	899908.595046249	5892130	1318221.4029775	5897091	37103	5902894	955873	5908713	1675506	5897091	0.84055	5902894	1.00661	5908713	1.06298	5897091	44141.3360299804	5902894	949596.16932079	5908713	1576234.73630736	5913689	27860	5919461	953951	5925249	1978999	5913689	0.84073	5919461	1.00591	5925249	1.06186	5913689	33137.8682811366	5919461	948346.273523476	5925249	1863709.90526058
51	6000550	46350	6006338	907647	6012141	1435764	6000550	0.83985	6006338	1.00577	6012141	1.06242	6000550	55188.426504733	6006338	902439.921652068	6012141	1351409.04726944	6017117	36453	6022905	955096	6028724	1735307	6017117	0.84062	6022905	1.00605	6028724	1.06371	6017117	43364.4214984178	6022905	949352.417871875	6028724	1631372.27251789	6033684	27649	6039472	956657	6045260	2086071	6033684	0.83988	6039472	1.00678	6045260	1.06359	6033684	32920.1790732009	6039472	950214.545382308	6045260	1961348.82802584
52	6120561	45723	6126349	905771	6132152	1479347	6120561	0.83972	6126349	1.00535	6132152	1.0629	6120561	54450.2929547945	6126349	900950.912617496	6132152	1391802.61548593	6137128	35823	6142900	962157	6148703	1797883	6137128	0.84087	6142900	1.00647	6148703	1.06365	6137128	42602.3047557886	6142900	955971.86205252	6148703	1690295.67996991	6153680	27752	6159468	955269	6165271	2192612	6153680	0.83967	6159468	1.00606	6165271	1.06358	6153680	33051.0795907916	6159468	949514.939466831	6165271	2061539.32943455
53	6240572	45362	6246360	907168	6252178	1522435	6240572	0.83941	6246360	1.00585	6252178	1.06216	6240572	54040.3378563515	6246360	901891.93219665	6252178	1433338.66837388	6257139	35681	6262927	961188	6268730	1869185	6257139	0.84021	6262927	1.00558	6268730	1.06276	6257139	42466.7642613156	6262927	955854.332822848	6268730	1758802.55184614	6273722	27401	6279494	958300	6285282	2302689	6273722	0.84059	6279494	1.00548	6285282	1.06242	6273722	32597.3423428782	6279494	953077.137287664	6285282	2167399.89834529
54	6360583	44984	6366386	907774	6372189	1570703	6360583	0.84015	6366386	1.00527	6372189	1.06209	6360583	53542.8197345712	6366386	903015.110368359	6372189	1478879.37933697	6377150	35380	6382938	958787	6388726	1941970	6377150	0.83975	6382938	1.00511	6388726	1.06265	6377150	42131.5867817803	6382938	953912.507088776	6388726	1827478.47362725	6393718	27850	6399490	959353	6405293	2408183	6393718	0.83997	6399490	1.00528	6405293	1.06321	6393718	33155.9460456921	6399490	954314.220913576	6405293	2265011.61576735
55	6480594	45307	6486382	910377	6492185	1623116	6480594	0.83999	6486382	1.0048	6492185	1.06308	6480594	53937.546875558	6486382	906028.065286624	6492185	1526805.13225722	6497146	35155	6502933	965726	6508752	2021169	6497146	0.83999	6502933	1.00601	6508752	1.06269	6497146	41851.6887105799	6502933	959956.660470572	6508752	1901936.59486774	6513729	28311	6519516	959503	6525319	2505122	6513729	0.84031	6519516	1.00593	6525319	1.06305	6513729	33691.1377943854	6519516	953846.689133439	6525319	2356542.02530455
56	6600605	44991	6606393	909506	6612196	1673114	6600605	0.83993	6606393	1.00446	6612196	1.06249	6600605	53565.1780505518	6606393	905467.614439599	6612196	1574710.35021506	6617172	34952	6622960	962913	6628763	2095904	6617172	0.83955	6622960	1.0053	6628763	1.06287	6617172	41631.8265737598	6622960	957836.46672635	6628763	1971928.83419421	6633740	28259	6639527	959545	6645330	2587801	6633740	0.8398	6639527	1.00501	6645330	1.06267	6633740	33649.6784948797	6639527	954761.644162745	6645330	2435187.78171963
57	6720616	45213	6726404	911286	6732207	1727954	6720616	0.84056	6726404	1.00511	6732207	1.06275	6720616	53789.1405729514	6726404	906653.003153884	6732207	1625927.07598212	6737199	35228	6742987	962369	6748790	2167593	6737199	0.83985	6742987	1.00505	6748790	1.06254	6737199	41945.585521224	6742987	957533.456046963	6748790	2040010.72900785	6753766	27959	6759554	958114	6765341	2653632	6753766	0.83996	6759554	1.00512	6765341	1.06272	6753766	33286.1088623268	6759554	953233.444762814	6765341	2497018.9701897
58	6840627	45062	6846415	908520	6852218	1778620	6840627	0.84025	6846415	1.00538	6852218	1.0625	6840627	53629.2770008926	6846415	903658.318247827	6852218	1673995.29411765	6857194	35168	6862982	964303	6868785	2234046	6857194	0.84009	6862982	1.00586	6868785	1.06296	6857194	41862.1814329417	6862982	958685.105283041	6868785	2101721.60758636	6873762	28247	6879549	958088	6885352	2709121	6873762	0.84009	6879549	1.0052	6885352	1.06287	6873762	33623.7784046947	6879549	953131.715081576	6885352	2548873.3335215
59	6960638	44733	6966426	911206	6972229	1835132	6960638	0.84008	6966426	1.00543	6972229	1.06184	6960638	53248.5001428435	6966426	906284.873138856	6972229	1728256.61116552	6977205	35276	6982993	967138	6988796	2300438	6977205	0.84015	6982993	1.00561	6988796	1.06228	6977205	41987.740284473	6982993	961742.623880033	6988796	2165566.51730241	6993773	28305	6999560	960529	7005348	2756998	6993773	0.83995	6999560	1.00508	7005348	1.06315	6993773	33698.4344306209	6999560	955674.175190035	7005348	2593235.19729107
60	7080649	45349	7086437	914509	7092240	1897447	7080649	0.84051	7086437	1.00613	7092240	1.0621	7080649	53954.1468870091	7086437	908937.21487283	7092240	1786505.03719047	7097216	35241	7103004	966577	7108807	2358007	7097216	0.8397	7103004	1.00524	7108807	1.06277	7097216	41968.5602000715	7103004	961538.538060563	7108807	2218736.88568552	7113784	28714	7119571	961638	7125359	2786826	7113784	0.83984	7119571	1.00562	7125359	1.06344	7113784	34189.8456848924	7119571	956263.797458285	7125359	2620576.6192733
61	7200660	45027	7206448	915661	7212251	1953782	7200660	0.84024	7206448	1.00501	7212251	1.06228	7200660	53588.2604970009	7206448	911096.407000925	7212251	1839234.47678578	7217212	35566	7222999	967981	7228787	2415650	7217212	0.84006	7222999	1.00497	7228787	1.06269	7217212	42337.4520867557	7222999	963193.926186851	7228787	2273146.44910557	7233779	29034	7239567	962168	7245370	2809471	7233779	0.83918	7239567	1.00592	7245370	1.06326	7233779	34598.0600109631	7239567	956505.487513918	7245370	2642317.96550232
62	7320671	45719	7326459	913434	7332278	2006185	7320671	0.84002	7326459	1.00507	7332278	1.06307	7320671	54426.0850932121	7326459	908826.250907897	7332278	1887161.71089392	7337254	35740	7343026	964486	7348829	2457570	7337254	0.83961	7343026	1.00456	7348829	1.06161	7337254	42567.3824751968	7343026	960107.907939794	7348829	2314946.16667138	7353806	29032	7359593	960826	7365381	2820018	7353806	0.83964	7359593	1.00464	7365381	1.06181	7353806	34576.7233576295	7359593	956388.358018793	7365381	2655859.33453254
63	7440682	45316	7446470	911993	7452289	2048880	7440682	0.84032	7446470	1.00545	7452289	1.06235	7440682	53927.0753998477	7446470	907049.579790144	7452289	1928629.9242246	7457249	35594	7463037	966117	7468840	2500806	7457249	0.84014	7463037	1.004	7468840	1.06245	7457249	42366.7483990763	7463037	962267.928286852	7468840	2353810.53226034	7473832	29275	7479604	960267	7485407	2824780	7473832	0.84042	7479604	1.00527	7485407	1.06235	7473832	34833.7735893958	7479604	955232.922498433	7485407	2658991.85767403
64	7560693	45537	7566481	914370	7572284	2091874	7560693	0.83972	7566481	1.00565	7572284	1.063	7560693	54228.7905492307	7566481	909232.834485159	7572284	1967896.51928504	7577260	35990	7583048	969226	7588851	2535810	7577260	0.84081	7583048	1.00559	7588851	1.06272	7577260	42803.9628453515	7583048	963838.144770732	7588851	2386150.63233966	7593828	29100	7599615	962827	7605418	2836014	7593828	0.84038	7599615	1.00489	7605418	1.06289	7593828	34627.1924605536	7599615	958141.687149838	7605418	2668210.25694098
65	7680704	45633	7686492	916066	7692295	2130972	7680704	0.83974	7686492	1.00428	7692295	1.06227	7680704	54341.8200871698	7686492	912161.946867407	7692295	2006054.9577791	7697287	36369	7703059	967650	7708878	2564757	7697287	0.83968	7703059	1.00512	7708878	1.06289	7697287	43312.9287347561	7703059	962720.869149952	7708878	2413003.22705078	7713854	29227	7719626	960766	7725429	2836449	7713854	0.84013	7719626	1.00522	7725429	1.06286	7713854	34788.6636591956	7719626	955776.84486978	7725429	2668694.84221817
66	7800715	46398	7806503	912996	7812306	2167539	7800715	0.83952	7806503	1.00466	7812306	1.06261	7800715	55267.2955974843	7806503	908761.172934127	7812306	2039825.52394576	7817282	36484	7823054	968405	7828858	2582899	7817282	0.83958	7823054	1.00547	7828858	1.06211	7817282	43455.0608637652	7823054	963136.642565168	7828858	2431856.39905471	7833834	29713	7839622	962720	7845409	2835895	7833834	0.83951	7839622	1.00518	7845409	1.06297	7833834	35393.2651189384	7839622	957758.809367477	7845409	2667897.49475526
67	7920726	46245	7926514	916691	7932317	2216160	7920726	0.83988	7926514	1.00531	7932317	1.06248	7920726	55061.4373481926	7926514	911849.081377884	7932317	2085836.90987124	7937293	37057	7943081	970757	7948900	2593856	7937293	0.83993	7943081	1.00537	7948900	1.06137	7937293	44119.1527865417	7943081	965571.879009718	7948900	2443875.36862734	7953876	29638	7959648	960918	7965451	2832583	7953876	0.83956	7959648	1.00507	7965451	1.06248	7953876	35301.8247653533	7959648	956070.721442288	7965451	2666010.6543182
68	8040737	46729	8046525	916748	8052328	2259922	8040737	0.83936	8046525	1.00436	8052328	1.06141	8040737	55672.1788028975	8046525	912768.330080848	8052328	2129169.68937545	8057304	37177	8063076	969468	8068895	2610791	8057304	0.83917	8063076	1.00463	8068895	1.06239	8057304	44302.1080353206	8063076	965000.049769567	8068895	2457469.47919314	8073872	29378	8079659	960705	8085463	2829040	8073872	0.83989	8079659	1.00578	8085463	1.06282	8073872	34978.3900272655	8079659	955184.036270358	8085463	2661824.203534
69	8160748	47076	8166536	917486	8172339	2272294	8160748	0.84038	8166536	1.00556	8172339	1.06333	8160748	56017.5158856708	8166536	912412.983810016	8172339	2136960.3039508	8177315	37457	8183103	969577	8188906	2624057	8177315	0.83978	8183103	1.00524	8188906	1.06303	8177315	44603.3484960347	8183103	964522.900003979	8188906	2468469.37527633	8193883	29954	8199670	963054	8205474	2828018	8193883	0.8405	8199670	1.00483	8205474	1.06247	8193883	35638.3105294468	8199670	958424.808176508	8205474	2661739.15498791
70	8280759	47096	8286547	916182	8292350	2290822	8280759	0.83989	8286547	1.00487	8292350	1.06195	8280759	56074.0096917454	8286547	911741.817349508	8292350	2157184.42487876	8297326	37817	8303114	972224	8308917	2637545	8297326	0.8403	8303114	1.00547	8308917	1.06316	8297326	45004.1651791027	8303114	966934.86628144	8308917	2480854.24583318	8313894	30308	8319681	961233	8325485	2829562	8313894	0.84004	8319681	1.0051	8325485	1.06322	8313894	36079.2343221751	8319681	956355.586508805	8325485	2661313.74503866
71	8400770	47379	8406558	920010	8412361	2301107	8400770	0.83945	8406558	1.00577	8412361	1.06282	8400770	56440.5265352314	8406558	914731.996380882	8412361	2165095.68882784	8417337	38212	8423109	970180	8428928	2639389	8417337	0.84064	8423109	1.00536	8428928	1.06317	8417337	45455.8431671108	8423109	965007.559481181	8428928	2482565.34702823	8433905	30407	8439692	963485	8445496	2823661	8433905	0.84044	8439692	1.00596	8445496	1.06306	8433905	36179.8581695302	8439692	957776.651159092	8445496	2656163.33979267
72	8520781	47749	8526569	917944	8532372	2309055	8520781	0.84001	8526569	1.00491	8532372	1.06293	8520781	56843.370912251	8526569	913458.91671891	8532372	2172349.07284581	8537333	38570	8543136	968863	8548955	2645063	8537333	0.84001	8543136	1.00409	8548955	1.06221	8537333	45916.1200461899	8543136	964916.491549562	8548955	2490150.72349159	8553931	30429	8559703	961114	8565507	2816505	8553931	0.83965	8559703	1.00499	8565507	1.06252	8553931	36240.100041684	8559703	956341.854147803	8565507	2650778.3382901
73	8640792	47912	8646564	919104	8652383	2315426	8640792	0.84008	8646564	1.0055	8652383	1.06177	8640792	57032.6635558518	8646564	914076.578816509	8652383	2180722.755399	8657360	38855	8663147	971400	8668950	2644770	8657360	0.83931	8663147	1.00557	8668950	1.06223	8657360	46293.9795784633	8663147	966019.272651332	8668950	2489828.00335144	8673927	30978	8679714	962126	8685518	2815022	8673927	0.83953	8679714	1.00395	8685518	1.06136	8673927	36899.2174192703	8679714	958340.554808507	8685518	2652278.20909022
74	8760803	48365	8766591	917246	8772394	2321892	8760803	0.83908	8766591	1.00371	8772394	1.06237	8760803	57640.5110358965	8766591	913855.595739805	8772394	2185577.52948596	8777371	38950	8783158	972933	8788961	2644617	8777371	0.83925	8783158	1.00408	8788961	1.06253	8777371	46410.4855525767	8783158	968979.563381404	8788961	2488981.01700658	8793953	30479	8799725	960992	8805529	2818505	8793953	0.83925	8799725	1.00481	8805529	1.06252	8793953	36316.9496574322	8799725	956391.755655298	8805529	2652660.65579942
75	8880814	48667	8886602	918306	8892405	2326456	8880814	0.8396	8886602	1.00475	8892405	1.06222	8880814	57964.5069080515	8886602	913964.667827818	8892405	2190182.82465026	8897382	39815	8903169	970786	8908972	2646010	8897382	0.84025	8903169	1.00509	8908972	1.06285	8897382	47384.7069324606	8903169	965869.723109373	8908972	2489542.26842922	8913949	31261	8919736	962732	8925540	2817297	8913949	0.84067	8919736	1.00465	8925540	1.06256	8913949	37185.8160752733	8919736	958276.016523167	8925540	2651423.91959042
76	9000825	48527	9006597	920210	9012416	2326158	9000825	0.84053	9006597	1.00545	9012416	1.06276	9000825	57733.8108098462	9006597	915222.03988264	9012416	2188789.56678836	9017408	40424	9023196	970183	9029015	2638742	9017408	0.84006	9023196	1.00498	9029015	1.06277	9017408	48120.3723543556	9023196	965375.430356823	9029015	2482890.93595039	9033975	31236	9039779	962034	9045597	2815075	9033975	0.83959	9039779	1.00512	9045597	1.06294	9033975	37203.8733191201	9039779	957133.476599809	9045597	2648385.60972397
77	9120836	49433	9126624	920980	9132427	2327636	9120836	0.84008	9126624	1.00558	9132427	1.06395	9120836	58843.2054090087	9126624	915869.448477495	9132427	2187730.62643921	9137404	40473	9143191	970365	9148994	2634187	9137404	0.84001	9143191	1.00512	9148994	1.0624	9137404	48181.5692670325	9143191	965422.039159503	9148994	2479468.18524096	9153986	30989	9159758	960683	9165562	2811571	9153986	0.84026	9159758	1.00488	9165562	1.06305	9153986	36880.2513507724	9159758	956017.633946342	9165562	2644815.38968064
78	9240847	49736	9246651	920042	9252438	2321793	9240847	0.84046	9246651	1.00496	9252438	1.06269	9240847	59177.117292911	9246651	915501.114472218	9252438	2184826.24283658	9257415	40936	9263202	970647	9269005	2634746	9257415	0.84022	9263202	1.00468	9269005	1.06282	9257415	48720.5731832139	9263202	966125.532507863	9269005	2479014.32039292	9273982	31218	9279769	962710	9285573	2811989	9273982	0.84005	9279769	1.00463	9285573	1.06295	9273982	37162.0736860901	9279769	958273.195106656	9285573	2645457.45331389
79	9360858	49333	9366646	919057	9372449	2322525	9360858	0.83956	9366646	1.00428	9372449	1.06184	9360858	58760.5412358855	9366646	915140.199944239	9372449	2187264.55963234	9377426	41271	9383213	970929	9389016	2624461	9377426	0.8401	9383213	1.00493	9389016	1.06252	9377426	49126.2944887514	9383213	966165.802593216	9389016	2470034.44641042	9393993	31471	9399780	963408	9405568	2810849	9393993	0.84032	9399780	1.00423	9405568	1.06316	9393993	37451.209063214	9399780	959349.949712715	9405568	2643862.63591557
80	9480869	50206	9486657	919277	9492460	2318651	9480869	0.83982	9486657	1.00444	9492460	1.06259	9480869	59781.8580171942	9486657	915213.452271913	9492460	2182074.93012357	9497437	41972	9503224	968389	9509027	2618394	9497437	0.83979	9503224	1.00549	9509027	1.06261	9497437	49979.1614570309	9503224	963101.572367701	9509027	2464115.71507891	9514004	31306	9519776	960733	9525579	2805940	9514004	0.83986	9519776	1.00452	9525579	1.06222	9514004	37275.260162408	9519776	956410.026679409	9525579	2641580.84012728
81	9600880	50670	9606668	919670	9612487	2314100	9600880	0.83994	9606668	1.00412	9612487	1.06185	9600880	60325.7375526823	9606668	915896.506393658	9612487	2179309.69534303	9617448	42447	9623235	969514	9629023	2611690	9617448	0.83938	9623235	1.00428	9629023	1.06262	9617448	50569.4679406228	9623235	965382.164336639	9629023	2457783.59150025	9633999	31453	9639787	960347	9645574	2803428	9633999	0.83959	9639787	1.00376	9645574	1.06216	9633999	37462.3328052978	9639787	956749.621423448	9645574	2639365.06740981
82	9720891	50739	9726679	918653	9732482	2302825	9720891	0.83965	9726679	1.00454	9732482	1.0619	9720891	60428.7500744358	9726679	914501.164712207	9732482	2168589.32102835	9737459	43107	9743231	968786	9749034	2604655	9737459	0.84015	9743231	1.0046	9749034	1.06229	9737459	51308.694875915	9743231	964349.99004579	9749034	2451924.61568875	9754026	31999	9759813	959326	9765617	2799464	9754026	0.83934	9759813	1.00424	9765617	1.06159	9754026	38124.0021921986	9759813	955275.63132319	9765617	2637048.20128298
83	9840902	50986	9846690	920770	9852509	2301788	9840902	0.8399	9846690	1.00557	9852509	1.06268	9840902	60704.845814978	9846690	915669.719661486	9852509	2166021.75631422	9857470	43582	9863257	969589	9869060	2595757	9857470	0.83993	9863257	1.00459	9869060	1.06234	9857470	51887.6573047754	9863257	965158.920554654	9869060	2443433.36408306	9874037	32139	9879824	960743	9885628	2798536	9874037	0.83983	9879824	1.00495	9885628	1.06209	9874037	38268.4590929117	9879824	956010.746803324	9885628	2634933.00944364
84	9960913	51144	9966701	921246	9972520	2296140	9960913	0.84016	9966701	1.0057	9972520	1.06309	9960913	60874.1192153876	9966701	916024.659441185	9972520	2159873.57608481	9977496	43805	9983284	971843	9989071	2592294	9977496	0.84008	9983284	1.00574	9989071	1.06331	9977496	52143.8434434816	9983284	966296.45832919	9989071	2437947.54116862	9994048	32386	9999835	959689	10005639	2800900	9994048	0.84039	9999835	1.00506	10005639	1.06296	9994048	38536.8697866467	9999835	954857.421447476	10005639	2635000.37630767
85	10080924	51407	10086712	919580	10092515	2285846	10080924	0.83982	10086712	1.00501	10092515	1.06265	10080924	61211.9263651735	10086712	914995.870687854	10092515	2151080.78859455	10097492	44524	10103279	969827	10109082	2582974	10097492	0.83962	10103279	1.00446	10109082	1.06213	10097492	53028.7511016889	10103279	965520.777333095	10109082	2431881.21981302	10114059	32352	10119846	961196	10125634	2799001	10114059	0.83919	10119846	1.0047	10125634	1.06184	10114059	38551.4603367533	10119846	956699.512292227	10125634	2635991.29812401
86	10200935	51617	10206723	919017	10212526	2277632	10200935	0.8396	10206723	1.00528	10212526	1.06305	10200935	61478.0848022868	10206723	914190.076396626	10212526	2142544.56516627	10217503	45006	10223290	970234	10229078	2574735	10217503	0.83957	10223290	1.00444	10229078	1.06262	10217503	53606.012601689	10223290	965945.20329736	10229078	2423006.34281305	10234054	32032	10239842	958714	10245645	2793378	10234054	0.83873	10239842	1.00435	10245645	1.06176	10234054	38191.0746008847	10239842	954561.656792951	10245645	2630893.98734177
87	10320946	51731	10326734	919255	10332553	2268605	10320946	0.83941	10326734	1.00456	10332553	1.06239	10320946	61627.8100094114	10326734	915082.225053755	10332553	2135378.72156176	10337529	45581	10343301	971083	10349120	2560628	10337529	0.83969	10343301	1.00429	10349120	1.06155	10337529	54283.1282973478	10343301	966934.849495664	10349120	2412159.5779756	10354096	32363	10359884	961336	10365672	2790119	10354096	0.83904	10359884	1.00418	10365672	1.06196	10354096	38571.4626239512	10359884	957334.342448565	10365672	2627329.65460093
88	10440957	52229	10446745	919661	10452548	2261144	10440957	0.83983	10446745	1.00456	10452548	1.06341	10440957	62189.9670171344	10446745	915486.382097635	10452548	2126314.40366369	10457525	45654	10463297	972609	10469100	2556527	10457525	0.83969	10463297	1.00449	10469100	1.06318	10457525	54370.0651430885	10463297	968261.505838784	10469100	2404604.11219173	10474076	32422	10479864	962055	10485667	2794430	10474076	0.84001	10479864	1.00468	10485667	1.06305	10474076	38597.1595576243	10479864	957573.555759048	10485667	2628691.03052538
89	10560968	52437	10566756	918985	10572559	2253787	10560968	0.83891	10566756	1.0042	10572559	1.06269	10560968	62506.1091177838	10566756	915141.406094404	10572559	2120832.03944706	10577536	46430	10583323	973065	10589111	2546024	10577536	0.83927	10583323	1.00544	10589111	1.06314	10577536	55321.886877882	10583323	967800.167091025	10589111	2394815.35827831	10594087	32769	10599875	958671	10605678	2787211	10594087	0.83908	10599875	1.00408	10605678	1.0623	10594087	39053.4871525957	10599875	954775.515895148	10605678	2623751.29436129
90	10680979	52980	10686767	917727	10692570	2238750	10680979	0.83954	10686767	1.00448	10692570	1.06216	10680979	63105.9866117159	10686767	913633.920038229	10692570	2107733.29818483	10697547	46869	10703319	967605	10709122	2530442	10697547	0.83946	10703319	1.00481	10709122	1.06284	10697547	55832.3207776428	10703319	962973.099391925	10709122	2380830.6047947	10714098	32894	10719886	959813	10725674	2790513	10714098	0.8391	10719886	1.00408	10725674	1.06238	10714098	39201.525443928	10719886	955912.87546809	10725674	2626661.8347484
91	10800990	52722	10806794	918982	10812597	2231005	10800990	0.83932	10806794	1.00431	10812597	1.06324	10800990	62815.1360625268	10806794	915038.185420836	10812597	2098308.00195629	10817573	47111	10823361	970978	10829180	2523044	10817573	0.83956	10823361	1.0051	10829180	1.06251	10817573	56113.916813569	10823361	966051.13919013	10829180	2374607.29781367	10834141	32640	10839928	956579	10845731	2783141	10834141	0.83896	10839928	1.00434	10845731	1.06188	10834141	38905.3113378469	10839928	952445.387020332	10845731	2620956.22857573
92	10921001	53438	10926789	919578	10932592	2215864	10921001	0.83933	10926789	1.00438	10932592	1.06196	10921001	63667.4490367317	10926789	915567.812979151	10932592	2086579.53218577	10937569	47710	10943356	970433	10949144	2512028	10937569	0.83982	10943356	1.00439	10949144	1.06319	10937569	56809.7925745993	10943356	966191.419667659	10949144	2362727.26417668	10954136	32769	10959908	958426	10965711	2779300	10954136	0.83923	10959908	1.00437	10965711	1.06094	10954136	39046.5069170549	10959908	954255.90170953	10965711	2619658.0390974
93	11041012	53707	11046816	919466	11052619	2207042	11041012	0.83955	11046816	1.00418	11052619	1.06097	11041012	63971.1750342445	11046816	915638.630524408	11052619	2080211.50456658	11057595	48031	11063399	969338	11069202	2502852	11057595	0.83957	11063399	1.00569	11069202	1.06172	11057595	57209.0474885954	11063399	963853.67260289	11069202	2357355.98839619	11074163	32762	11079950	958883	11085738	2782675	11074163	0.83934	11079950	1.00467	11085738	1.06237	11074163	39033.0497772059	11079950	954425.831367514	11085738	2619308.7154193
94	11161024	53740	11166827	918700	11172630	2194922	11161024	0.83899	11166827	1.0046	11172630	1.0608	11161024	64053.2068320242	11166827	914493.330678877	11172630	2069119.53242836	11177591	48726	11183378	969230	11189182	2488265	11177591	0.8394	11183378	1.00326	11189182	1.06215	11177591	58048.606147248	11183378	966080.577317943	11189182	2342668.17304524	11194158	33358	11199946	959186	11205749	2780481	11194158	0.83872	11199946	1.00466	11205749	1.06191	11194158	39772.5104921786	11199946	954736.925925189	11205749	2618377.26360991
95	11281035	53847	11286822	919082	11292625	2185961	11281035	0.83913	11286822	1.00357	11292625	1.0617	11281035	64170.0332487219	11286822	915812.549199358	11292625	2058925.30846755	11297602	49152	11303405	968667	11309224	2473993	11297602	0.83907	11303405	1.00388	11309224	1.06135	11297602	58579.141192034	11303405	964923.098378292	11309224	2330986.95058181	11314200	33318	11319972	958597	11325775	2781683	11314200	0.83918	11319972	1.00453	11325775	1.06304	11314200	39703.0434471746	11319972	954274.138154162	11325775	2616724.67639976
96	11401046	54036	11406833	921197	11412636	2176155	11401046	0.83885	11406833	1.00403	11412636	1.0629	11401046	64416.7610419026	11406833	917499.477107258	11412636	2047375.10584251	11417613	49736	11423385	966116	11429188	2463981	11417613	0.83985	11423385	1.00446	11429188	1.06215	11417613	59220.0988271715	11423385	961826.254903132	11429188	2319805.11227228	11434164	33524	11439952	957677	11445755	2771597	11434164	0.83883	11439952	1.00465	11445755	1.0617	11434164	39965.1896093368	11439952	953244.41347733	11445755	2610527.45596685
97	11521057	54393	11526844	918467	11532647	2163681	11521057	0.83957	11526844	1.00439	11532647	1.06219	11521057	64786.7360672725	11526844	914452.553291052	11532647	2036999.97175647	11537624	49780	11543411	969388	11549199	2455153	11537624	0.83891	11543411	1.00384	11549199	1.06304	11537624	59338.9040540702	11543411	965679.789607906	11549199	2309558.43618302	11554175	33607	11559963	957456	11565766	2775116	11554175	0.83931	11559963	1.00403	11565766	1.06187	11554175	40041.2243390404	11559963	953612.939852395	11565766	2613423.48875098
98	11641068	54396	11646855	920229	11652658	2153586	11641068	0.83884	11646855	1.00458	11652658	1.06186	11641068	64846.6930523103	11646855	916033.566266499	11652658	2028126.11832068	11657635	50593	11663422	969498	11669226	2436885	11657635	0.83848	11663422	1.00444	11669226	1.06185	11657635	60338.9466653945	11663422	965212.456692286	11669226	2294942.78852945	11674202	33698	11679974	956319	11685777	2770493	11674202	0.83896	11679974	1.00416	11685777	1.06155	11674202	40166.3964908935	11679974	952357.194072658	11685777	2609856.34214121
99	11761079	54562	11766866	916878	11772669	2141169	11761079	0.83917	11766866	1.00315	11772669	1.06146	11761079	65019.0068758416	11766866	913998.90345412	11772669	2017192.357696	11777646	50424	11783418	967168	11789221	2424207	11777646	0.83843	11783418	1.00363	11789221	1.06185	11777646	60140.9777798982	11783418	963669.87834162	11789221	2283003.24904648	11794197	34153	11799985	957862	11805773	2766505	11794197	0.83958	11799985	1.00424	11805773	1.06132	11794197	40678.6726696682	11799985	953817.812475106	11805773	2606664.34251687
100	11881090	55233	11886877	917576	11892696	2130201	11881090	0.83907	11886877	1.00323	11892696	1.06171	11881090	65826.4507132897	11886877	914621.771677482	11892696	2006386.86647013	11897672	51531	11903444	965512	11909248	2406832	11897672	0.8388	11903444	1.0038	11909248	1.06149	11897672	61434.1917024321	11903444	961856.943614266	11909248	2267409.01939726	11914224	33549	11919996	954066	11925799	2765875	11914224	0.8391	11919996	1.0032	11925799	1.06131	11914224	39982.1237039685	11919996	951022.727272727	11925799	2606095.29732124
101	12001101	55067	12006904	916281	12012691	2113576	12001101	0.8386	12006904	1.00308	12012691	1.0616	12001101	65665.3947054615	12006904	913467.520038282	12012691	1990934.43858327	12017668	51829	12023455	965650	12029243	2397729	12017668	0.83896	12023455	1.00337	12029243	1.06171	12017668	61777.6771240584	12023455	962406.689456532	12029243	2258365.27865425	12034235	34065	12040007	954089	12045810	2760531	12034235	0.83856	12040007	1.00345	12045810	1.0617	12034235	40623.211219233	12040007	950808.70995067	12045810	2600104.54930771
102	12121112	55264	12126899	915901	12132718	2101050	12121112	0.83962	12126899	1.00406	12132718	1.0614	12121112	65820.2520187704	12126899	912197.478238352	12132718	1979508.19672131	12137694	51914	12143482	968088	12149285	2385232	12137694	0.83938	12143482	1.00441	12149285	1.06253	12137694	61848.0306893183	12143482	963837.476727631	12149285	2244860.85098774	12154262	34022	12160049	953573	12165837	2760988	12154262	0.83886	12160049	1.00358	12165837	1.06235	12154262	40557.4231695396	12160049	950171.386436557	12165837	2598943.8508966
103	12241123	55484	12246910	917667	12252729	2092656	12241123	0.83914	12246910	1.00362	12252729	1.06165	12241123	66120.0753152037	12246910	914357.027560232	12252729	1971135.4966326	12257768	52618	12263540	966615	12269343	2369087	12257768	0.83924	12263540	1.00427	12269343	1.0621	12257768	62697.2022305896	12263540	962505.103209296	12269343	2230568.68468129	12274319	34412	12280107	956174	12285910	2762902	12274319	0.8386	12280107	1.00395	12285910	1.06237	12274319	41035.0584307179	12280107	952411.972707804	12285910	2600696.55581389
104	12361134	55917	12366937	920515	12372740	2078336	12361134	0.83859	12366937	1.00404	12372740	1.06219	12361134	66679.7839230136	12366937	916811.083223776	12372740	1956651.82312016	12377716	52719	12383504	965663	12389323	2354723	12377716	0.83897	12383504	1.00402	12389323	1.06146	12377716	62837.7653551378	12383504	961796.577757415	12389323	2218381.28615303	12394299	34444	12400071	955131	12405874	2764774	12394299	0.84004	12400071	1.00435	12405874	1.06247	12394299	41002.809390029	12400071	950994.175337283	12405874	2602213.70956356
105	12481145	55802	12486932	917849	12492735	2064078	12481145	0.83991	12486932	1.00449	12492735	1.06124	12481145	66438.0707456751	12486932	913746.279206363	12492735	1944968.15046549	12497712	52894	12503499	967364	12509287	2336711	12497712	0.83887	12503499	1.00326	12509287	1.06187	12497712	63053.870087141	12503499	964220.640711281	12509287	2200562.21571379	12514263	34715	12520051	955346	12525839	2758928	12514263	0.839	12520051	1.00373	12525839	1.06243	12514263	41376.6388557807	12520051	951795.801659809	12525839	2596809.2015474
106	12601156	56369	12606943	919582	12612746	2052763	12601156	0.83876	12606943	1.00455	12612746	1.06173	12601156	67205.1599980924	12606943	915416.853317406	12612746	1933413.39135185	12617723	53277	12623510	964942	12629314	2326109	12617723	0.83919	12623510	1.00369	12629314	1.06248	12617723	63486.2188538948	12623510	961394.454463031	12629314	2189320.26955802	12634290	34689	12640078	954822	12645865	2750546	12634290	0.8388	12640078	1.00421	12645865	1.06215	12634290	41355.5078683834	12640078	950819.051791956	12645865	2589602.22190839
107	12721167	56516	12726970	917815	12732773	2039594	12721167	0.83915	12726970	1.00488	12732773	1.06322	12721167	67349.1032592504	12726970	913357.813868323	12732773	1918317.93984312	12737749	53634	12743537	964550	12749356	2310458	12737749	0.83858	12743537	1.00365	12749356	1.06195	12737749	63958.1196785041	12743537	961042.195984656	12749356	2175674.93761477	12754332	34785	12760104	952731	12765908	2754059	12754332	0.83935	12760104	1.00367	12765908	1.06318	12754332	41442.7831059749	12760104	949247.262546454	12765908	2590397.67489983
108	12841178	56671	12846965	919100	12852768	2026451	12841178	0.83911	12846965	1.0038	12852768	1.0613	12841178	67537.0332852665	12846965	915620.641562064	12852768	1909404.5039103	12857745	54099	12863532	963528	12869320	2294095	12857745	0.83954	12863532	1.00353	12869320	1.0618	12857745	64438.8593753722	12863532	960138.710352456	12869320	2160571.67074779	12874312	34917	12880100	955215	12885887	2750233	12874312	0.83918	12880100	1.00405	12885887	1.06216	12874312	41608.4749398222	12880100	951361.983964942	12885887	2589283.15884613
109	12961189	56858	12966976	919412	12972779	2017908	12961189	0.8396	12966976	1.00409	12972779	1.06294	12961189	67720.3430204859	12966976	915666.922287843	12972779	1898421.35962519	12977756	54159	12983544	964366	12989331	2280043	12977756	0.83924	12983544	1.00474	12989331	1.06313	12977756	64533.3873504599	12983544	959816.46993252	12989331	2144651.17154064	12994323	34783	13000095	952615	13005898	2750846	12994323	0.83855	13000095	1.00389	13005898	1.06244	12994323	41479.9356031244	13000095	948923.686858122	13005898	2589177.74180189
110	13081200	56804	13086987	917855	13092806	2001284	13081200	0.8385	13086987	1.00376	13092806	1.06213	13081200	67744.7823494335	13086987	914416.792858851	13092806	1884217.56282188	13097783	55109	13103555	963299	13109358	2258379	13097783	0.83896	13103555	1.00363	13109358	1.06192	13097783	65687.279488891	13103555	959814.872014587	13109358	2126694.10125057	13114350	34602	13120122	952114	13125925	2745355	13114350	0.83899	13120122	1.0043	13125925	1.06149	13114350	41242.4462746874	13120122	948037.439012248	13125925	2586322.05673158
111	13201211	56601	13206998	915970	13212817	1985241	13201211	0.83929	13206998	1.00487	13212817	1.06324	13201211	67439.1449916	13206998	911530.844785893	13212817	1867161.6944434	13217778	55258	13223581	963802	13229369	2246886	13217778	0.8386	13223581	1.00351	13229369	1.06233	13217778	65893.1552587646	13223581	960430.887584578	13229369	2115054.64403716	13234345	35230	13240133	952942	13245936	2744683	13234345	0.83864	13240133	1.00451	13245936	1.06212	13234345	42008.489936087	13240133	948663.527491016	13245936	2584155.27435695
112	13321222	57301	13327009	915919	13332813	1972836	13321222	0.83926	13327009	1.00307	13332813	1.06198	13321222	68275.6237637919	13327009	913115.734694488	13332813	1857696.00180794	13337789	55304	13343577	964830	13349364	2231685	13337789	0.8391	13343577	1.00395	13349364	1.06273	13337789	65908.7117149327	13343577	961033.916031675	13349364	2099954.83330667	13354356	35155	13360128	952001	13365931	2739585	13354356	0.83973	13360128	1.00361	13365931	1.06186	13354356	41864.6469698594	13360128	948576.638335609	13365931	2579987.00393649
113	13441233	57279	13447020	918343	13452824	1962263	13441233	0.84004	13447020	1.00467	13452824	1.06231	13441233	68186.038760059	13447020	914074.273144416	13452824	1847166.08146398	13457800	55513	13463588	964406	13469391	2212762	13457800	0.83893	13463588	1.00459	13469391	1.06234	13457800	66171.1942593542	13463588	959999.601827611	13469391	2082913.19163356	13474367	35343	13480155	951187	13485942	2737372	13474367	0.83971	13480155	1.00499	13485942	1.06176	13474367	42089.5309094807	13480155	946464.14392183	13485942	2578145.72031344
114	13561244	57179	13567031	918322	13572850	1948489	13561244	0.83893	13567031	1.00458	13572850	1.06292	13561244	68157.0572038192	13567031	914135.260506878	13572850	1833147.3676288	13577827	55594	13583661	963144	13589464	2194250	13577827	0.8389	13583661	1.00485	13589464	1.06201	13577827	66270.1156276076	13583661	958495.297805643	13589464	2066129.32081619	13594441	35933	13600244	951489	13606047	2737053	13594441	0.83923	13600244	1.00362	13606047	1.06269	13594441	42816.6295294496	13600244	948057.03353859	13606047	2575589.30638286
115	13681255	57475	13687042	917385	13692861	1937228	13681255	0.83897	13687042	1.00439	13692861	1.06315	13681255	68506.6212141078	13687042	913375.282509782	13692861	1822158.67939613	13697822	56147	13703610	963202	13709413	2179233	13697822	0.83912	13703610	1.00465	13709413	1.06235	13697822	66911.7647058824	13703610	958743.841138705	13709413	2051332.42340095	13714405	35382	13720177	950858	13725964	2731068	13714405	0.83847	13720177	1.00409	13725964	1.06223	13714405	42198.2897420301	13720177	946984.832036969	13725964	2571070.29551039
116	13801266	57537	13807053	915900	13812857	1922651	13801266	0.83876	13807053	1.00422	13812857	1.06244	13801266	68597.6918307978	13807053	912051.144171596	13812857	1809656.07469598	13817833	57008	13823621	964696	13829424	2162119	13817833	0.8394	13823621	1.00464	13829424	1.0621	13817833	67915.1775077436	13823621	960240.484153528	13829424	2035701.91130779	13834400	35681	13840188	948009	13845975	2728713	13834400	0.83852	13840188	1.00343	13845975	1.06258	13834400	42552.3541477842	13840188	944768.44423627	13845975	2568007.11475842
117	13921277	57542	13927064	915846	13932883	1906221	13921277	0.83917	13927064	1.00438	13932883	1.06137	13921277	68570.1347760287	13927064	911852.087855194	13932883	1796000.45224568	13937844	56789	13943632	961415	13949435	2147299	13937844	0.8387	13943632	1.00408	13949435	1.06228	13937844	67710.7428162633	13943632	957508.365867262	13949435	2021405.84403359	13954411	36135	13960199	949939	13966002	2729415	13954411	0.83967	13960199	1.00451	13966002	1.06255	13954411	43034.763657151	13960199	945674.010213935	13966002	2568740.29457437
118	14041288	58190	14047091	914904	14052894	1900209	14041288	0.83986	14047091	1.00503	14052894	1.06214	14041288	69285.3570833234	14047091	910325.064923435	14052894	1789038.16822641	14057871	57369	14063658	961004	14069446	2131897	14057871	0.83912	14063658	1.00401	14069446	1.06299	14057871	68368.0522452093	14063658	957165.765281222	14069446	2005566.37409571	14074422	35966	14080210	951206	14085997	2727495	14074422	0.83948	14080210	1.00415	14085997	1.06246	14074422	42843.188640587	14080210	947274.809540407	14085997	2567150.76332285
119	14161299	58497	14167086	917125	14172905	1884393	14161299	0.83907	14167086	1.00418	14172905	1.06283	14161299	69716.4718080732	14167086	913307.375171782	14172905	1772995.68134132	14177866	57333	14183654	961737	14189457	2111513	14177866	0.84017	14183654	1.00494	14189457	1.06246	14177866	68239.7610007499	14183654	957009.373693952	14189457	1987381.17199706	14194433	36105	14200221	949888	14206008	2727180	14194433	0.83928	14200221	1.00437	14206008	1.06246	14194433	43019.0162996854	14200221	945755.050429623	14206008	2566854.28157295
120	14281310	58707	14287097	915117	14292901	1871813	14281310	0.83868	14287097	1.00369	14292901	1.06249	14281310	69999.2845900701	14287097	911752.632785023	14292901	1761722.93386291	14297877	57815	14303649	960259	14309452	2091290	14297877	0.83868	14303649	1.00396	14309452	1.06214	14297877	68935.7084943006	14303649	956471.373361489	14309452	1968940.06439829	14314429	36103	14320216	945865	14326019	2717669	14314429	0.83869	14320216	1.00338	14326019	1.0621	14314429	43046.894561757	14320216	942678.745839064	14326019	2558769.41907542
121	14401321	58571	14407108	914217	14412927	1856023	14401321	0.8392	14407108	1.00371	14412927	1.06251	14401321	69793.8512869399	14407108	910837.79179245	14412927	1746828.73572955	14417904	57766	14423676	960078	14429479	2076836	14417904	0.83946	14423676	1.00413	14429479	1.06129	14417904	68813.2847306602	14423676	956129.186459921	14429479	1956897.73765889	14434455	36497	14440243	946654	14446046	2716004	14434455	0.83869	14440243	1.00384	14446046	1.06151	14434455	43516.6748142937	14440243	943032.754223781	14446046	2558623.09351772
122	14521332	58769	14527119	914257	14532938	1846309	14521332	0.83924	14527119	1.00542	14532938	1.06343	14521332	70026.4525046471	14527119	909328.439855981	14532938	1736182.91754041	14537915	58579	14543687	959907	14549490	2062319	14537915	0.83969	14543687	1.00387	14549490	1.06311	14537915	69762.650501971	14543687	956206.480918844	14549490	1939892.39119188	14554482	36807	14560269	947207	14566057	2716323	14554482	0.83922	14560269	1.00376	14566057	1.06237	14554482	43858.5829699006	14560269	943658.842751255	14566057	2556852.13249621
123	14641343	58770	14647130	915603	14652949	1830483	14641343	0.83874	14647130	1.0039	14652949	1.06173	14641343	70069.3897989842	14647130	912046.020519972	14652949	1724056.96363482	14657910	58759	14663698	960490	14669501	2046563	14657910	0.83885	14663698	1.00404	14669501	1.06238	14657910	70047.0882756154	14663698	956625.23405442	14669501	1926394.51043883	14674477	36575	14680265	948113	14686052	2714795	14674477	0.83855	14680265	1.0042	14686052	1.06151	14674477	43616.9578438972	14680265	944147.580163314	14686052	2557484.14993735
124	14761354	59110	14767157	915045	14772960	1818513	14761354	0.83923	14767157	1.0043	14772960	1.06151	14761354	70433.6117631639	14767157	911127.153241064	14772960	1713137.88847962	14777937	58531	14783709	961169	14789496	2024349	14777937	0.83898	14783709	1.00435	14789496	1.06168	14777937	69764.4759112255	14783709	957006.023796485	14789496	1906741.20262226	14794473	36846	14800260	947502	14806064	2713080	14794473	0.83882	14800260	1.00439	14806064	1.0627	14794473	43925.9912734556	14800260	943360.646760721	14806064	2553006.49289546
125	14881365	59084	14887152	916272	14892971	1806324	14881365	0.83888	14887152	1.00476	14892971	1.0635	14881365	70432.004577532	14887152	911931.207452526	14892971	1698471.08603667	14897932	58818	14903720	960805	14909585	2010690	14897932	0.83877	14903720	1.00462	14909585	1.06242	14897932	70124.1103043743	14903720	956386.494395891	14909585	1892556.61602756	14914562	36891	14920365	946135	14926168	2706163	14914562	0.83917	14920365	1.00442	14926168	1.06161	14914562	43961.2950891953	14920365	941971.48603174	14926168	2549112.19751133
126	15001376	59080	15007163	913797	15012982	1790671	15001376	0.83871	15007163	1.00437	15012982	1.06178	15001376	70441.5113686495	15007163	909821.081872219	15012982	1686480.25014598	15017959	59313	15023746	959248	15029534	1991462	15017959	0.83826	15023746	1.00326	15029534	1.06185	15017959	70757.2829432396	15023746	956131.012897953	15029534	1875464.51947074	15034526	36999	15040298	943488	15046101	2700153	15034526	0.83859	15040298	1.00437	15046101	1.06166	15034526	44120.4879619361	15040298	939382.896741241	15046101	2543331.19831208
127	15121387	59423	15127174	913345	15132978	1774924	15121387	0.83883	15127174	1.00399	15132978	1.06093	15121387	70840.3371362493	15127174	909715.236207532	15132978	1672988.79285155	15137954	59805	15143742	958698	15149529	1977301	15137954	0.83839	15143742	1.00325	15149529	1.06137	15137954	71333.1504431112	15143742	955592.324943932	15149529	1862970.500391	15154506	36818	15160293	943560	15166097	2700585	15154506	0.83878	15160293	1.00292	15166097	1.06126	15154506	43894.7042132621	15160293	940812.826546484	15166097	2544696.86975859
128	15241398	59459	15247185	913792	15253004	1766248	15241398	0.83893	15247185	1.0036	15253004	1.06083	15241398	70874.8048108901	15247185	910514.149063372	15253004	1664967.99675726	15257965	59908	15263737	960396	15269540	1959303	15257965	0.83838	15263737	1.00336	15269540	1.0615	15257965	71456.8572723586	15263737	957179.875617924	15269540	1845787.09373528	15274532	37556	15280304	942415	15286108	2700112	15274532	0.83812	15280304	1.00277	15286108	1.06179	15274532	44809.8124373598	15280304	939811.721531358	15286108	2542981.1921378
129	15361409	59691	15367196	912806	15373000	1752643	15361409	0.83872	15367196	1.00327	15373000	1.06172	15361409	71169.1625333842	15367196	909830.853110329	15373000	1650758.20366952	15377961	60105	15383748	954620	15389551	1941766	15377961	0.8394	15383748	1.00374	15389551	1.06181	15377961	71604.7176554682	15383748	951063.024289159	15389551	1828732.07070945	15394528	37271	15400315	945762	15406119	2695247	15394528	0.83875	15400315	1.00384	15406119	1.06092	15394528	44436.3636363636	15400315	942144.16640102	15406119	2540480.90336689
130	15481420	59944	15487208	913566	15493026	1739555	15481420	0.83846	15487208	1.00377	15493026	1.06138	15481420	71492.9752164683	15487208	910134.791834783	15493026	1638955.88761801	15497987	60370	15503775	956864	15509562	1922366	15497987	0.83884	15503775	1.00299	15509562	1.06136	15497987	71968.4325973964	15503775	954011.505598261	15509562	1811228.98922138	15514539	37621	15520326	943707	15526130	2690861	15514539	0.83904	15520326	1.00423	15526130	1.0618	15514539	44838.1483600305	15520326	939731.93391952	15526130	2534244.67884724
131	15601431	59600	15607219	910954	15613037	1726790	15601431	0.83905	15607219	1.0043	15613037	1.06207	15601431	71032.7155711817	15607219	907053.669222344	15613037	1625872.11765703	15618014	60808	15623786	957290	15629589	1909593	15618014	0.83958	15623786	1.00366	15629589	1.06281	15618014	72426.6895352438	15623786	953799.095311161	15629589	1796739.77474807	15634565	37985	15640353	943075	15646141	2692805	15634565	0.83876	15640353	1.00396	15646141	1.06311	15634565	45287.0904668797	15640353	939355.153591777	15646141	2532950.49430445
132	15721442	60189	15727230	910052	15733048	1714370	15721442	0.83905	15727230	1.00352	15733048	1.06189	15721442	71734.6999582862	15727230	906859.853316327	15733048	1614451.59103109	15738009	61208	15743797	959242	15749600	1891282	15738009	0.83921	15743797	1.00431	15749600	1.06222	15738009	72935.2605426532	15743797	955125.409485119	15749600	1780499.33158856	15754576	37608	15760364	940107	15766167	2690795	15754576	0.83928	15760364	1.00359	15766167	1.06245	15754576	44809.8370031455	15760364	936744.08872149	15766167	2532632.12386465
133	15841453	60098	15847256	913538	15853059	1702368	15841453	0.83823	15847256	1.00345	15853059	1.06078	15841453	71696.3124679384	15847256	910397.129901839	15853059	1604826.63700296	15858036	61478	15863808	956784	15869611	1875176	15858036	0.83889	15863808	1.00278	15869611	1.06095	15858036	73284.9360464423	15863808	954131.514389996	15869611	1767449.92695226	15874587	37991	15880375	942710	15886163	2688155	15874587	0.83827	15880375	1.00411	15886163	1.06225	15874587	45320.7200543978	15880375	938851.321070401	15886163	2530623.6761591
134	15961464	60411	15967252	913115	15973070	1690113	15961464	0.83817	15967252	1.00346	15973070	1.0609	15961464	72074.8774115036	15967252	909966.515855141	15973070	1593093.59977378	15978047	61659	15983819	957487	15989606	1857037	15978047	0.83867	15983819	1.00331	15989606	1.06159	15978047	73519.9780605006	15983819	954328.173744904	15989606	1749297.75148598	15994598	38118	16000386	942132	16006174	2682918	15994598	0.83847	16000386	1.00349	16006174	1.06165	15994598	45461.3760778561	16000386	938855.394672593	16006174	2527120.99091038
135	16081475	60645	16087263	910567	16093081	1679906	16081475	0.83826	16087263	1.00319	16093081	1.06188	16081475	72346.2887409634	16087263	907671.527826234	16093081	1582011.15003579	16098042	61553	16103845	954109	16109633	1841724	16098042	0.83913	16103845	1.00365	16109633	1.06274	16098042	73353.3540690954	16103845	950639.167040303	16109633	1732995.84093946	16114609	38186	16120397	940048	16126200	2679949	16114609	0.83913	16120397	1.00319	16126200	1.06208	16114609	45506.6557029304	16120397	937058.782483876	16126200	2523302.3877674
136	16201486	60639	16207274	911188	16213092	1668110	16201486	0.83913	16207274	1.00398	16213092	1.06306	16201486	72264.1307068035	16207274	907575.848124465	16213092	1569158.84333904	16218069	61698	16223872	957159	16229691	1827459	16218069	0.83917	16223872	1.00395	16229691	1.06272	16218069	73522.6473777661	16223872	953393.0972658	16229691	1719605.35230352	16234652	38786	16240439	940139	16246227	2678636	16234652	0.83984	16240439	1.00489	16246227	1.0622	16234652	46182.6062107068	16240439	935564.091592115	16246227	2521781.2088119
137	16321497	60640	16327269	912341	16333072	1656307	16321497	0.83864	16327269	1.00407	16333072	1.06198	16321497	72307.545549938	16327269	908642.82370751	16333072	1559640.48287162	16338049	62371	16343836	956028	16349639	1814198	16338049	0.83936	16343836	1.00478	16349639	1.06359	16338049	74307.8059473885	16343836	951479.92595394	16349639	1705730.59167536	16354631	38540	16360403	937825	16366207	2676888	16354631	0.83919	16360403	1.00371	16366207	1.0627	16354631	45925.2374313326	16360403	934358.529854241	16366207	2518949.84473511
138	16441508	60552	16447280	911302	16453099	1646722	16441508	0.83926	16447280	1.00418	16453099	1.0623	16441508	72149.2743607464	16447280	907508.613993507	16453099	1550147.79252565	16458075	62066	16463863	955644	16469666	1792059	16458075	0.83902	16463863	1.00339	16469666	1.06159	16458075	73974.398703249	16463863	952415.312092008	16469666	1688089.56376756	16474642	38863	16480430	941458	16486233	2675252	16474642	0.83821	16480430	1.0047	16486233	1.062	16474642	46364.2762553537	16480430	937053.846919479	16486233	2519069.67984934
139	16561519	60401	16567291	911651	16573094	1633705	16561519	0.83947	16567291	1.00413	16573094	1.06215	16561519	71951.3502567096	16567291	907901.367352833	16573094	1538111.37786565	16578071	62271	16583858	957773	16589661	1777424	16578071	0.83899	16583858	1.00431	16589661	1.06258	16578071	74221.3852370112	16583858	953662.713703936	16589661	1672743.69929794	16594638	38868	16600425	938521	16606229	2668834	16594638	0.83899	16600425	1.00428	16606229	1.06214	16594638	46327.1314318407	16600425	934521.249054049	16606229	2512695.12493645
140	16681530	61022	16687318	910543	16693136	1618666	16681530	0.83895	16687318	1.00322	16693136	1.06146	16681530	72736.1582931045	16687318	907620.462111999	16693136	1524943.00303356	16698113	62696	16703900	955730	16709704	1763108	16698113	0.83824	16703900	1.00359	16709704	1.06185	16698113	74794.808169498	16703900	952311.202782013	16709704	1660411.5458869	16714680	38802	16720468	936884	16726255	2661956	16714680	0.83869	16720468	1.00388	16726255	1.06081	16714680	46265.0085252	16720468	933262.939793601	16726255	2509361.71416182
141	16801541	61051	16807329	908678	16813147	1607051	16801541	0.83878	16807329	1.00371	16813147	1.06146	16801541	72785.4741410143	16807329	905319.265524903	16813147	1514000.52757523	16818108	62828	16823896	955716	16829699	1744169	16818108	0.8388	16823896	1.00378	16829699	1.06167	16818108	74902.2412970911	16823896	952116.997748511	16829699	1642854.18256144	16834675	39183	16840463	936565	16846266	2665447	16834675	0.83838	16840463	1.00231	16846266	1.0623	16834675	46736.5633722178	16840463	934406.520936636	16846266	2509128.30650475
142	16921552	61109	16927340	910019	16933143	1597119	16921552	0.83876	16927340	1.00394	16933143	1.0615	16921552	72856.3593876675	16927340	906447.596469909	16933143	1504586.90532266	16938119	62752	16943907	953902	16949710	1729142	16938119	0.83869	16943907	1.00336	16949710	1.06188	16938119	74821.4477339661	16943907	950707.622388774	16949710	1628377.97114552	16954686	39326	16960458	935786	16966262	2661145	16954686	0.83835	16960458	1.00361	16966262	1.06237	16954686	46908.8089700006	16960458	932419.963930212	16966262	2504913.54236283
143	17041563	61364	17047351	909374	17053154	1588254	17041563	0.8383	17047351	1.004	17053154	1.06337	17041563	73200.5248717643	17047351	905750.996015936	17053154	1493604.29577663	17058130	62840	17063918	955969	17069721	1716606	17058130	0.83918	17063918	1.0047	17069721	1.06295	17058130	74882.6235134298	17063918	951496.964267941	17069721	1614945.19968014	17074697	39681	17080485	939121	17086288	2660384	17074697	0.83945	17080485	1.00479	17086288	1.06129	17074697	47270.2364643517	17080485	934644.054976662	17086288	2506745.56436035
144	17161574	61407	17167362	908293	17173165	1575756	17161574	0.83951	17167362	1.00463	17173165	1.06183	17161574	73146.2400686115	17167362	904106.98466102	17173165	1484000.2636957	17178141	63523	17183929	954270	17189732	1700789	17178141	0.83861	17183929	1.00376	17189732	1.06253	17178141	75747.9638926319	17183929	950695.38535108	17189732	1600697.39207364	17194709	39477	17200496	935547	17206284	2653855	17194709	0.83917	17200496	1.00393	17206284	1.06149	17194709	47042.9114482167	17200496	931884.693155897	17206284	2500122.46935911
145	17281585	61785	17287373	906121	17293160	1564151	17281585	0.83918	17287373	1.00255	17293160	1.06136	17281585	73625.443885698	17287373	903816.268515286	17293160	1473723.33609708	17298152	63346	17303940	955781	17309728	1684875	17298152	0.83858	17303940	1.00385	17309728	1.06084	17298152	75539.6026616423	17303940	952115.355879863	17309728	1588246.10685872	17314720	39610	17320492	934181	17326295	2649388	17314720	0.83829	17320492	1.00297	17326295	1.06148	17314720	47250.9513414212	17320492	931414.698345913	17326295	2495937.74729623
146	17401596	61320	17407384	908425	17413202	1552747	17401596	0.83921	17407384	1.00377	17413202	1.06186	17401596	73068.7193908557	17407384	905013.100610698	17413202	1462289.75571168	17418163	63975	17423951	955278	17429754	1669003	17418163	0.83934	17423951	1.00413	17429754	1.06042	17418163	76220.601901494	17423951	951348.928923546	17429754	1573907.50834575	17434731	39582	17440518	935401	17446306	2647100	17434731	0.83897	17440518	1.00353	17446306	1.06232	17434731	47179.2793544465	17440518	932110.649407591	17446306	2491810.37728745
147	17521607	62203	17527426	907918	17533229	1542386	17521607	0.83885	17527426	1.0031	17533229	1.06133	17521607	74152.7090659832	17527426	905112.152327784	17533229	1453257.7049551	17538206	63976	17543993	952646	17549812	1657484	17538206	0.83886	17543993	1.00279	17549812	1.06168	17538206	76265.4078153685	17543993	949995.512520069	17549812	1561189.81237284	17554851	40012	17560638	934754	17566426	2642565	17554851	0.83832	17560638	1.00356	17566426	1.06068	17554851	47728.7909151637	17560638	931438.080433656	17566426	2491387.60040729
148	17641618	61912	17647406	907170	17653209	1533463	17641618	0.8389	17647406	1.00338	17653209	1.06203	17641618	73801.406603886	17647406	904114.09436106	17653209	1443898.00664765	17658185	64367	17663973	953667	17669776	1640669	17658185	0.83905	17663973	1.0039	17669776	1.06091	17658185	76714.1409927895	17663973	949962.147624265	17669776	1546473.31064841	17674768	40158	17680540	934590	17686343	2641903	17674768	0.83906	17680540	1.00323	17686343	1.06146	17674768	47860.7012609349	17680540	931580.993391346	17686343	2488933.16752398
149	17761629	61738	17767417	909672	17773220	1521298	17761629	0.83841	17767417	1.00372	17773220	1.06101	17761629	73637.0033754368	17767417	906300.561909696	17773220	1433820.60489534	17778196	64935	17783984	952211	17789787	1628929	17778196	0.83914	17783984	1.00355	17789787	1.06125	17778196	77382.7966727841	17783984	948842.608738977	17789787	1534915.42991755	17794779	40405	17800551	934958	17806354	2640342	17794779	0.83877	17800551	1.00402	17806354	1.0625	17794779	48171.7276488191	17800551	931214.517639091	17806354	2485027.76470588
150	17881640	61868	17887428	906419	17893231	1511318	17881640	0.83925	17887428	1.00344	17893231	1.06174	17881640	73718.200774501	17887428	903311.608068245	17893231	1423435.11594176	17898207	64911	17903995	954313	17909783	1615545	17898207	0.8389	17903995	1.00448	17909783	1.06233	17898207	77376.3261413756	17903995	950056.745778911	17909783	1520756.26217842	17914775	40719	17920562	932855	17926350	2636069	17914775	0.83841	17920562	1.0035	17926350	1.06274	17914775	48566.9302608509	17920562	929601.39511709	17926350	2480445.82870693
151	18001651	62425	18007439	906319	18013242	1499525	18001651	0.83916	18007439	1.00468	18013242	1.06208	18001651	74389.8660565327	18007439	902097.185173389	18013242	1411875.75323893	18018218	65564	18024022	954226	18029825	1602009	18018218	0.83882	18024022	1.00389	18029825	1.06254	18018218	78162.1802055268	18024022	950528.444351473	18029825	1507716.41538201	18034801	40580	18040589	931533	18046376	2634890	18034801	0.83857	18040589	1.00427	18046376	1.06252	18034801	48391.9052673003	18040589	927572.266422377	18046376	2479849.79106276
152	18121662	62366	18127450	908820	18133253	1492053	18121662	0.83832	18127450	1.00525	18133253	1.0626	18121662	74394.0261475332	18127450	904073.613528973	18133253	1404153.02089215	18138229	65536	18144017	954684	18149805	1584678	18138229	0.83971	18144017	1.00467	18149805	1.06197	18138229	78045.9920686904	18144017	950246.349547613	18149805	1492205.99451962	18154797	40993	18160569	935173	18166372	2632079	18154797	0.83963	18160569	1.00479	18166372	1.06222	18154797	48822.6957112061	18160569	930714.875745181	18166372	2477903.82406658
153	18241673	61802	18247461	908158	18253264	1482008	18241673	0.83938	18247461	1.00399	18253264	1.06314	18241673	73628.1541137506	18247461	904548.850088148	18253264	1393991.38401339	18258240	65094	18264028	955443	18269816	1574843	18258240	0.8395	18264028	1.00431	18269816	1.06257	18258240	77539.0113162597	18264028	951342.712907369	18269816	1482107.53173909	18274792	41021	18280580	933593	18286383	2636698	18274792	0.83954	18280580	1.00417	18286383	1.06264	18274792	48861.2811777878	18280580	929716.083930012	18286383	2481271.17368064
154	18361684	62475	18367472	908579	18373291	1475108	18361684	0.83997	18367472	1.0051	18373291	1.06331	18361684	74377.6563448695	18367472	903968.75932743	18373291	1387279.34468781	18378267	65975	18384039	954147	18389842	1558010	18378267	0.83934	18384039	1.00472	18389842	1.06265	18378267	78603.4265017752	18384039	949664.58316745	18389842	1466155.36630123	18394819	41345	18400606	932006	18406409	2625169	18394819	0.83917	18400606	1.00436	18406409	1.06204	18394819	49268.9204809514	18400606	927960.093990203	18406409	2471817.4456706
155	18481695	62383	18487483	906040	18493286	1462962	18481695	0.83884	18487483	1.00416	18493286	1.06288	18481695	74368.1750989462	18487483	902286.48820905	18493286	1376413.14165287	18498262	66020	18504050	953927	18509853	1548577	18498262	0.84	18504050	1.00437	18509853	1.0633	18498262	78595.2380952381	18504050	949776.4767964	18509853	1456387.66105521	18514830	41746	18520602	931720	18526405	2621323	18514830	0.83947	18520602	1.00409	18526405	1.06281	18514830	49728.9956758431	18520602	927924.78761864	18526405	2466407.9186308
156	18601706	62526	18607478	909119	18613281	1448065	18601706	0.8392	18607478	1.00364	18613281	1.06222	18601706	74506.6730219256	18607478	905821.808616636	18613281	1363243.96076142	18618273	65353	18624045	953233	18629849	1534572	18618273	0.83873	18624045	1.00427	18629849	1.06191	18618273	77918.9965781598	18624045	949180.001394048	18629849	1445105.51741673	18634825	41446	18640613	932323	18646416	2620055	18634825	0.83896	18640613	1.00351	18646416	1.06235	18634825	49401.6401258701	18640613	929061.992406653	18646416	2466282.29867746
157	18721717	62597	18727505	906585	18733308	1441459	18721717	0.83986	18727505	1.00508	18733308	1.06293	18721717	74532.6602052723	18727505	902002.82564572	18733308	1356118.4649977	18738284	66234	18744072	951679	18749875	1521956	18738284	0.83962	18744072	1.00455	18749875	1.06321	18738284	78885.6863819347	18744072	947368.473445822	18749875	1431472.61594605	18754867	42093	18760655	931528	18766442	2618213	18754867	0.83928	18760655	1.0051	18766442	1.06248	18754867	50153.7031741493	18760655	926801.313302159	18766442	2464246.85641142
158	18841728	62643	18847516	905467	18853303	1435363	18841728	0.83971	18847516	1.00341	18853303	1.06358	18841728	74600.7550225673	18847516	902389.850609422	18853303	1349558.096241	18858295	66019	18864067	952307	18869871	1512370	18858295	0.83958	18864067	1.00536	18869871	1.06295	18858295	78633.3643011982	18864067	947229.848014642	18869871	1422804.45928783	18874863	42053	18880635	932359	18886438	2614889	18874863	0.83964	18880635	1.00455	18886438	1.06297	18874863	50084.560049545	18880635	928135.981285153	18886438	2459983.81892245
159	18961739	62893	18967527	906936	18973330	1424981	18961739	0.83928	18967527	1.00424	18973330	1.06384	18961739	74936.8506338767	18967527	903106.827053294	18973330	1339469.2810949	18978306	66040	18984094	953246	18989897	1495648	18978306	0.8398	18984094	1.00438	18989897	1.063	18978306	78637.7708978328	18984094	949088.990222824	18989897	1407006.58513641	18994874	42561	19000661	930586	19006449	2611617	18994874	0.8396	19000661	1.00396	19006449	1.06331	18994874	50691.9961886613	19000661	926915.414956771	19006449	2456120.04025167
160	19081750	63139	19087553	906025	19093357	1414485	19081750	0.83881	19087553	1.00358	19093357	1.06232	19081750	75272.1116820257	19087553	902793.001056219	19093357	1331505.57270879	19098349	66848	19104121	952485	19109924	1482887	19098349	0.83914	19104121	1.00393	19109924	1.06245	19098349	79662.5116190385	19104121	948756.387397528	19109924	1395724.03407219	19114916	42152	19120688	928713	19126491	2603986	19114916	0.83878	19120688	1.00363	19126491	1.06278	19114916	50253.9402465486	19120688	925353.965106663	19126491	2450164.66248894
161	19201761	62525	19207549	903128	19213352	1406409	19201761	0.83975	19207549	1.00373	19213352	1.06265	19201761	74456.6835367669	19207549	899771.850995786	19213352	1323492.21286407	19218328	66741	19224116	951416	19229919	1471147	19218328	0.83921	19224116	1.00414	19229919	1.0631	19218328	79528.3659632273	19224116	947493.377417492	19229919	1383827.48565516	19234896	42411	19240683	929920	19246487	2605273	19234896	0.83954	19240683	1.00453	19246487	1.06276	19234896	50516.9497582009	19240683	925726.459140096	19246487	2451421.76973164
162	19321772	63502	19327560	906975	19333363	1395342	19321772	0.83902	19327560	1.00437	19333363	1.06226	19321772	75685.919286787	19327560	903028.764300009	19333363	1313559.76879483	19338339	67359	19344127	951325	19349930	1460485	19338339	0.83909	19344127	1.00455	19349930	1.06372	19338339	80276.2516535771	19344127	947016.076850331	19349930	1372997.59335163	19354907	42604	19360694	928583	19366498	2599874	19354907	0.83943	19360694	1.00352	19366498	1.06281	19354907	50753.4874855557	19360694	925325.852997449	19366498	2446226.51273511
163	19441783	63437	19447571	906764	19453374	1386489	19441783	0.83896	19447571	1.00441	19453374	1.0628	19441783	75613.8552493563	19447571	902782.728168776	19453374	1304562.47647723	19458350	67134	19464138	950295	19469941	1447223	19458350	0.83891	19464138	1.00388	19469941	1.06196	19458350	80025.2708872227	19464138	946622.106227836	19469941	1362784.85065351	19474918	42876	19480705	929427	19486493	2599018	19474918	0.83928	19480705	1.00368	19486493	1.06262	19474918	51086.6456963111	19480705	926019.24916308	19486493	2445858.35011575
164	19561794	63350	19567582	904814	19573401	1377685	19561794	0.83898	19567582	1.00358	19573401	1.06208	19561794	75508.3553839186	19567582	901586.320970924	19573401	1297157.46459777	19578361	67483	19584149	952820	19589952	1438053	19578361	0.83849	19584149	1.00479	19589952	1.0627	19578361	80481.5799830648	19584149	948277.749579514	19589952	1353206.92575515	19594944	42998	19600732	929150	19606520	2592656	19594944	0.83778	19600732	1.0042	19606520	1.06269	19594944	51323.7365418129	19600732	925263.891655049	19606520	2439710.54587885
165	19681805	63391	19687593	905108	19693396	1368444	19681805	0.83892	19687593	1.00304	19693396	1.06213	19681805	75562.6281409431	19687593	902364.810974637	19693396	1288395.95906339	19698372	67535	19704160	951189	19709948	1424460	19698372	0.83824	19704160	1.00352	19709948	1.06234	19698372	80567.617866005	19704160	947852.558992347	19709948	1340870.15456445	19714940	43077	19720727	928230	19726531	2586723	19714940	0.83924	19720727	1.00311	19726531	1.06125	19714940	51328.58300367	19720727	925352.154798576	19726531	2437430.38869258
166	19801816	63631	19807604	903664	19813407	1360718	19801816	0.83835	19807604	1.00381	19813407	1.06259	19801816	75900.2803125186	19807604	900234.108048336	19813407	1280567.29312341	19818399	67187	19824171	952878	19829974	1416094	19818399	0.839	19824171	1.00412	19829974	1.0628	19818399	80079.8569725864	19824171	948968.250806676	19829974	1332418.14076026	19834966	43467	19840738	927322	19846542	2586242	19834966	0.83918	19840738	1.00365	19846542	1.06223	19834966	51796.9923020091	19840738	923949.584018333	19846542	2434728.82520735
167	19921827	63742	19927615	904867	19933434	1351813	19921827	0.83922	19927615	1.0034	19933434	1.06235	19921827	75953.8619194014	19927615	901800.877018138	19933434	1272474.23165623	19938410	67612	19944182	950647	19949985	1404779	19938410	0.83953	19944182	1.00366	19949985	1.06288	19938410	80535.5377413553	19944182	947180.320028695	19949985	1321672.24898389	19954962	43674	19960765	928085	19966553	2583735	19954962	0.83896	19960765	1.00386	19966553	1.06355	19954962	52057.3090492991	19960765	924516.366824059	19966553	2429349.8190024
168	20041838	63567	20047626	904028	20053429	1345457	20041838	0.8393	20047626	1.00345	20053429	1.06201	20041838	75738.1150959133	20047626	900919.826598236	20053429	1266896.73355241	20058406	67963	20064209	952187	20069996	1392681	20058406	0.83814	20064209	1.0039	20069996	1.06237	20058406	81087.8850788651	20064209	948487.897200916	20069996	1310918.98302851	20074988	44238	20080776	929264	20086564	2583747	20074988	0.83952	20080776	1.00423	20086564	1.06222	20074988	52694.3967981704	20080776	925349.770470908	20086564	2432402.89205626
169	20161849	64263	20167637	902650	20173440	1336714	20161849	0.83876	20167637	1.00353	20173440	1.06192	20161849	76616.6722304354	20167637	899474.853766205	20173440	1258770.90552961	20178417	67925	20184204	950313	20190007	1382377	20178417	0.8392	20184204	1.00323	20190007	1.06105	20178417	80940.1811248808	20184204	947253.371609701	20190007	1302838.69751661	20194984	44109	20200771	928669	20206575	2573873	20194984	0.83792	20200771	1.0033	20206575	1.06158	20194984	52641.0635860225	20200771	925614.472241603	20206575	2424568.09661071
170	20281860	63897	20287648	903751	20293451	1329691	20281860	0.83902	20287648	1.00406	20293451	1.06151	20281860	76156.7066339301	20287648	900096.607772444	20293451	1252641.04907161	20298443	67618	20304231	952202	20310018	1371300	20298443	0.83888	20304231	1.00424	20310018	1.06215	20298443	80605.0925042914	20304231	948181.709551502	20310018	1291060.58466318	20314995	44360	20320767	927116	20326570	2575865	20314995	0.83805	20320767	1.00306	20326570	1.06201	20314995	52932.4026012768	20320767	924287.679700118	20326570	2425462.0954605
171	20401871	63871	20407659	902596	20413462	1320637	20401871	0.83786	20407659	1.00295	20413462	1.06133	20401871	76231.1125963765	20407659	899941.173538063	20413462	1244322.68945568	20418439	68416	20424226	951000	20430029	1362262	20418439	0.83858	20424226	1.00341	20430029	1.06174	20418439	81585.5374561759	20424226	947768.110742369	20430029	1283046.69693145	20435006	44448	20440793	926630	20446597	2571120	20435006	0.83883	20440793	1.00324	20446597	1.06259	20435006	52988.0905547012	20440793	923637.414776125	20446597	2419672.6865489
172	20521882	64127	20527670	904549	20533489	1312846	20521882	0.83882	20527670	1.00317	20533489	1.0614	20521882	76449.0593929568	20527670	901690.640669079	20533489	1236900.32033164	20538465	68622	20544253	949503	20550040	1352648	20538465	0.83875	20544253	1.00294	20550040	1.06142	20538465	81814.6050670641	20544253	946719.644245917	20550040	1274375.83614403	20555032	44605	20560804	926750	20566608	2568541	20555032	0.83853	20560804	1.00327	20566608	1.0627	20555032	53194.2804670077	20560804	923729.404846153	20566608	2416995.38910323
173	20641893	63942	20647681	902363	20653500	1306947	20641893	0.83848	20647681	1.00311	20653500	1.06331	20641893	76259.4218108959	20647681	899565.351756039	20653500	1229130.73327628	20658601	68883	20664373	950611	20670176	1343508	20658601	0.83875	20664373	1.00407	20670176	1.06174	20658601	82125.782414307	20664373	946757.696176561	20670176	1265383.23883437	20675168	45286	20680956	928370	20686743	2565700	20675168	0.8392	20680956	1.00373	20686743	1.06272	20675168	53963.298379409	20680956	924920.048220139	20686743	2414276.57332129
174	20761904	63860	20767692	901013	20773511	1295808	20761904	0.83842	20767692	1.00313	20773511	1.06168	20761904	76167.0761670762	20767692	898201.628901538	20773511	1220525.95885766	20778487	69158	20784275	950335	20790078	1334132	20778487	0.8381	20784275	1.00343	20790078	1.06194	20778487	82517.599331822	20784275	947086.493327885	20790078	1256315.79938603	20795054	45328	20800858	924928	20806661	2560719	20795054	0.83817	20800858	1.00319	20806661	1.06204	20795054	54079.7212975888	20800858	921986.861910505	20806661	2411132.34906407
175	20881915	64637	20887687	901413	20893491	1292307	20881915	0.83854	20887687	1.00272	20893491	1.06236	20881915	77082.786748396	20887687	898967.807563428	20893491	1216449.22625099	20898483	69463	20904255	949663	20910058	1325435	20898483	0.83814	20904255	1.00347	20910058	1.06168	20898483	82877.5622211087	20904255	946379.064645679	20910058	1248431.73084168	20915034	45565	20920822	925922	20926625	2555739	20915034	0.83819	20920822	1.00372	20926625	1.06145	20915034	54361.1830253284	20920822	922490.335950265	20926625	2407780.86579679
176	21001926	64338	21007714	902524	21013533	1285259	21001926	0.83853	21007714	1.00293	21013533	1.06219	21001926	76727.1296196916	21007714	899887.33012274	21013533	1210008.56720549	21018509	69379	21024281	952057	21030100	1316727	21018509	0.83852	21024281	1.00306	21030100	1.0616	21018509	82739.8273147927	21024281	949152.593065221	21030100	1240323.09721176	21035076	45687	21040848	924404	21046652	2556674	21035076	0.83783	21040848	1.00314	21046652	1.06214	21035076	54530.1552820978	21040848	921510.457164504	21046652	2407096.99286346
177	21121937	64400	21127725	904672	21133528	1279385	21121937	0.83832	21127725	1.00413	21133528	1.06242	21121937	76820.3072812291	21127725	900951.072072341	21133528	1204217.72933491	21138505	69568	21144323	953007	21150142	1309818	21138505	0.83864	21144323	1.00417	21150142	1.06211	21138505	82953.3530477917	21144323	949049.46373622	21150142	1233222.5475704	21155119	45802	21160906	924235	21166694	2552687	21155119	0.83884	21160906	1.00332	21166694	1.06253	21155119	54601.5926755996	21160906	921176.693377985	21166694	2402461.10698051
178	21241948	64892	21247736	902551	21253524	1271669	21241948	0.83865	21247736	1.00398	21253524	1.06228	21241948	77376.73642163	21247736	898973.087113289	21253524	1197112.81394736	21258516	69542	21264288	951316	21270091	1298122	21258516	0.83833	21264288	1.00388	21270091	1.06221	21258516	82953.0137296769	21264288	947639.160058971	21270091	1222095.44252078	21275067	45835	21280855	925922	21286658	2550293	21275067	0.83971	21280855	1.00392	21286658	1.06335	21275067	54584.3207774113	21280855	922306.558291497	21286658	2398357.07904265
179	21361959	64793	21367747	900363	21373550	1263969	21361959	0.83878	21367747	1.00271	21373550	1.06191	21361959	77246.7154677031	21367747	897929.610754854	21373550	1190278.83718959	21378542	69647	21384330	949766	21390117	1289767	21378542	0.83819	21384330	1.00298	21390117	1.06162	21378542	83092.1390138274	21384330	946944.106562444	21390117	1214904.57979315	21395078	45863	21400866	923462	21406669	2541255	21395078	0.83849	21400866	1.00247	21406669	1.06121	21395078	54697.134133979	21400866	921186.668927748	21406669	2394676.83116443
180	21481970	64472	21487758	899827	21493577	1254350	21481970	0.83877	21487758	1.00314	21493577	1.06084	21481970	76864.93317596	21487758	897010.387383615	21493577	1182412.05082765	21498553	70141	21504341	950846	21510128	1284222	21498553	0.83839	21504341	1.00319	21510128	1.06199	21498553	83661.5417645726	21504341	947822.446395997	21510128	1209259.97419938	21515120	46188	21520908	923463	21526711	2538217	21515120	0.83877	21520908	1.00325	21526711	1.06103	21515120	55066.3471511857	21520908	920471.467729878	21526711	2392219.82413315
181	21601981	64656	21607769	901812	21613588	1249392	21601981	0.83813	21607769	1.00273	21613588	1.0615	21601981	77143.1639483135	21607769	899356.756055967	21613588	1177006.12341027	21618564	69812	21624336	950948	21630124	1273551	21618564	0.83842	21624336	1.00356	21630124	1.06129	21618564	83266.1434603182	21624336	947574.634301885	21630124	1200002.82674858	21635116	47032	21640888	925552	21646707	2535427	21635116	0.83874	21640888	1.00327	21646707	1.0611	21635116	56074.5880725851	21640888	922535.309537811	21646707	2389432.66421638
182	21721992	64883	21727780	903332	21733599	1243847	21721992	0.83796	21727780	1.00345	21733599	1.06127	21721992	77429.7102486992	21727780	900226.219542578	21733599	1172036.33382645	21738575	69795	21744363	949701	21750151	1266573	21738575	0.83805	21744363	1.0023	21750151	1.06192	21738575	83282.6203687131	21744363	947521.700089794	21750151	1192719.79056803	21755143	47354	21760930	923439	21766733	2534949	21755143	0.83852	21760930	1.00281	21766733	1.06129	21755143	56473.3101178267	21760930	920851.407544799	21766733	2388554.49500137
183	21842003	65416	21847791	900971	21853610	1236458	21842003	0.83873	21847791	1.00248	21853610	1.06185	21842003	77994.1101427158	21847791	898742.119543532	21853610	1164437.5382587	21858586	70666	21864374	949714	21870162	1258753	21858586	0.83847	21864374	1.00334	21870162	1.06226	21858586	84279.6999296337	21864374	946552.514601232	21870162	1184976.37113324	21875154	47389	21880941	926897	21886729	2531321	21875154	0.8384	21880941	1.00343	21886729	1.06249	21875154	56523.1393129771	21880941	923728.610864734	21886729	2382442.18769118
184	21962014	65078	21967802	903021	21973621	1231195	21962014	0.83829	21967802	1.00348	21973621	1.06187	21962014	77631.8457812929	21967802	899889.384940407	21973621	1159459.25584111	21978597	70724	21984369	949656	21990173	1249014	21978597	0.83862	21984369	1.00305	21990173	1.06196	21978597	84333.786458706	21984369	946768.356512636	21990173	1176140.34426909	21995133	47244	22000921	922236	22006724	2526060	21995133	0.83846	22000921	1.00305	22006724	1.06209	21995133	56346.1584333182	22000921	919431.733213698	22006724	2378386.01248482
185	22082025	64553	22087813	901735	22093632	1224113	22082025	0.83832	22087813	1.00224	22093632	1.06138	22082025	77002.8151541178	22087813	899719.628033206	22093632	1153322.0901091	22098608	70406	22104380	949374	22110199	1243088	22098608	0.83856	22104380	1.00255	22110199	1.06104	22098608	83960.5991223049	22104380	946959.253902548	22110199	1171575.05843324	22115176	47209	22120963	923968	22126766	2522013	22115176	0.83804	22120963	1.00305	22126766	1.06225	22115176	56332.6332871939	22120963	921158.466676636	22126766	2374217.93363144
186	22202036	64852	22207824	900260	22213643	1217063	22202036	0.83739	22207824	1.00254	22213643	1.06065	22202036	77445.3958131814	22207824	897979.133002174	22213643	1147469.00485551	22218619	70427	22224407	952935	22230195	1236436	22218619	0.83867	22224407	1.00279	22230195	1.06109	22218619	83974.6264919456	22224407	950283.708453415	22230195	1165250.8269798	22235187	47741	22240959	923299	22246762	2515027	22235187	0.83876	22240959	1.00245	22246762	1.06086	22235187	56918.546425676	22240959	921042.446007282	22246762	2370743.54768772
187	22322048	64966	22327835	899806	22333638	1212625	22322048	0.83875	22327835	1.00257	22333638	1.06206	22322048	77455.7377049181	22327835	897499.426473962	22333638	1141766.94348719	22338599	70854	22344387	951365	22350190	1231195	22338599	0.83846	22344387	1.00303	22350190	1.06256	22338599	84504.9256971114	22344387	948491.072051683	22350190	1158706.33187773	22355166	47766	22360954	923695	22366757	2518497	22355166	0.83857	22360954	1.00406	22366757	1.06172	22355166	56961.2554706226	22360954	919959.962552039	22366757	2372091.51188637
188	22442059	65170	22447846	902691	22453649	1207117	22442059	0.83888	22447846	1.00344	22453649	1.06169	22442059	77686.9158878505	22447846	899596.388423822	22453649	1136976.89532726	22458626	71124	22464413	950862	22470217	1220503	22458626	0.8383	22464413	1.00206	22470217	1.06126	22458626	84843.1349159012	22464413	948907.251062811	22470217	1150050.88291276	22475193	48195	22480981	919618	22486799	2511780	22475193	0.83801	22480981	1.00244	22486799	1.06177	22475193	57511.2468824954	22480981	917379.59379115	22486799	2365653.57845861
189	22562070	65274	22567857	901191	22573660	1199279	22562070	0.83844	22567857	1.00311	22573660	1.06153	22562070	77851.7246314584	22567857	898396.985375482	22573660	1129764.58508003	22578637	71528	22584424	949987	22590228	1213500	22578637	0.83897	22584424	1.00261	22590228	1.06194	22578637	85256.9221783854	22584424	947513.988490041	22590228	1142719.92767953	22595204	48466	22600992	922174	22606779	2501799	22595204	0.83826	22600992	1.00288	22606779	1.06157	22595204	57817.3836279913	22600992	919525.765794512	22606779	2356697.15609899
190	22682081	65282	22687868	899261	22693687	1192526	22682081	0.83824	22687868	1.00315	22693687	1.06183	22682081	77879.8434815805	22687868	896437.222748343	22693687	1123085.6163416	22698663	71332	22704451	952149	22710254	1207021	22698663	0.83793	22704451	1.00289	22710254	1.06196	22698663	85128.8293771556	22704451	949405.218917329	22710254	1136597.42363178	22715231	48880	22721018	920326	22726821	2502087	22715231	0.83832	22721018	1.00259	22726821	1.06198	22715231	58307.0903712186	22721018	917948.513350422	22726821	2356058.49451025
191	22802092	65064	22807879	901898	22813682	1189154	22802092	0.83852	22807879	1.00396	22813682	1.0618	22802092	77593.8558412441	22807879	898340.571337504	22813682	1119941.60858919	22818659	71344	22824431	951158	22830234	1202471	22818659	0.83855	22824431	1.00341	22830234	1.06202	22818659	85080.1979607656	22824431	947925.573793365	22830234	1132248.92186588	22835226	48889	22841014	922407	22846817	2496756	22835226	0.83803	22841014	1.00308	22846817	1.06171	22835226	58338.0069925898	22841014	919574.709893528	22846817	2351636.51091164
192	22922103	65480	22927890	903061	22933709	1184081	22922103	0.83875	22927890	1.00385	22933709	1.06208	22922103	78068.5543964233	22927890	899597.549434677	22933709	1114869.87797529	22938685	71106	22944457	950020	22950261	1198197	22938685	0.83839	22944457	1.00273	22950261	1.06283	22938685	84812.5574016866	22944457	947433.506527181	22950261	1127364.67732375	22955253	48811	22961025	923637	22966828	2495225	22955253	0.83888	22961025	1.00269	22966828	1.0622	22955253	58185.914552737	22961025	921159.082069234	22966828	2349110.33703634
193	23042114	65809	23047886	899890	23053689	1178996	23042114	0.83838	23047886	1.00306	23053689	1.06153	23042114	78495.4316658317	23047886	897144.73710446	23053689	1110657.25886221	23058665	71838	23064468	951924	23070272	1187516	23058665	0.83874	23064468	1.00346	23070272	1.06252	23058665	85649.9034265684	23064468	948641.699718973	23070272	1117641.07969732	23075248	49162	23081020	922357	23086823	2489915	23075248	0.83866	23081020	1.00306	23086823	1.06265	23075248	58619.7028593232	23081020	919543.197814687	23086823	2343118.61854797
194	23162125	65671	23167912	899617	23173715	1172748	23162125	0.83855	23167912	1.00316	23173715	1.06271	23162125	78314.9484228728	23167912	896783.165197975	23173715	1103544.71116297	23178692	71632	23184479	950646	23190267	1182609	23178692	0.83851	23184479	1.00326	23190267	1.06243	23178692	85427.7229848183	23184479	947556.964296394	23190267	1113117.0994795	23195259	49303	23201047	920408	23206865	2481942	23195259	0.83857	23201047	1.00298	23206865	1.06189	23195259	58794.137639076	23201047	917673.33346627	23206865	2337287.28964394
195	23282136	65621	23287923	899180	23293742	1166979	23282136	0.83871	23287923	1.00314	23293742	1.06234	23282136	78240.3929844642	23287923	896365.412604422	23293742	1098498.59743585	23298718	71640	23304490	950789	23310294	1175938	23298718	0.8386	23304490	1.00241	23310294	1.0619	23298718	85428.0944431195	23304490	948503.107510899	23310294	1107390.52641492	23315254	49723	23321042	921289	23326861	2481725	23315254	0.83877	23321042	1.00307	23326861	1.06229	23315254	59280.8517233568	23321042	918469.299251299	23326861	2336202.92010656
196	23402147	65994	23407934	901163	23413737	1163511	23402147	0.83825	23407934	1.00313	23413737	1.06235	23402147	78728.3030122279	23407934	898351.160866488	23413737	1095223.79630065	23418714	71983	23424501	951835	23430289	1171532	23418714	0.83836	23424501	1.00287	23430289	1.06271	23418714	85861.6823321724	23424501	949111.051282818	23430289	1102400.46673128	23435281	49865	23441053	921512	23446856	2473983	23435281	0.83827	23441053	1.00213	23446856	1.06149	23435281	59485.6072625765	23441053	919553.3513616	23446856	2330670.09580872
197	23522158	65717	23527945	899013	23533748	1158359	23522158	0.83872	23527945	1.0033	23533748	1.06265	23522158	78353.920259443	23527945	896056.015150005	23533748	1090066.34357502	23538725	72228	23544497	951295	23550316	1165334	23538725	0.83782	23544497	1.00346	23550316	1.06176	23538725	86209.4483301903	23544497	948014.868554801	23550316	1097549.35201929	23555292	49952	23561080	922591	23566883	2475556	23555292	0.83914	23561080	1.00352	23566883	1.06207	23555292	59527.6116023548	23561080	919354.870854592	23566883	2330878.37901457
198	23642169	65883	23647956	901912	23653759	1152662	23642169	0.83835	23647956	1.00232	23653759	1.06197	23642169	78586.5092145285	23647956	899824.40737489	23653759	1085399.77588821	23658736	71892	23664523	950135	23670327	1157624	23658736	0.83824	23664523	1.00332	23670327	1.06232	23658736	85765.4132468028	23664523	946990.989913487	23670327	1089713.08080428	23675287	50374	23681075	918883	23686878	2464640	23675287	0.83899	23681075	1.00313	23686878	1.06146	23675287	60041.240062456	23681075	916015.87032588	23686878	2321933.94004484
199	23762180	66318	23767952	897376	23773770	1148793	23762180	0.83859	23767952	1.00236	23773770	1.06282	23762180	79082.7460379923	23767952	895263.178897801	23773770	1080891.40211889	23778747	72631	23784534	949964	23790322	1154599	23778747	0.83814	23784534	1.00287	23790322	1.06254	23778747	86657.360345527	23784534	947245.405685682	23790322	1086640.50294577	23795298	51053	23801086	919293	23806889	2463281	23795298	0.83848	23801086	1.00283	23806889	1.0616	23795298	60887.5584390802	23801086	916698.742558559	23806889	2320347.58854559
200	23882191	66084	23887994	898795	23893797	1143016	23882191	0.83896	23887994	1.00341	23893797	1.06164	23882191	78768.9520358539	23887994	895740.524810397	23893797	1076651.21886892	23898773	72651	23904561	951960	23910364	1149395	23898773	0.83907	23904561	1.00307	23910364	1.06296	23898773	86585.1478422539	23904561	949046.427467674	23910364	1081315.38345751	23915341	51051	23921128	922242	23926932	2460775	23915341	0.83946	23921128	1.00372	23926932	1.06288	23915341	60814.0947752126	23921128	918823.974813693	23926932	2315195.50654825
201	24002202	65959	24007989	900658	24013792	1141999	24002202	0.83914	24007989	1.00402	24013792	1.06237	24002202	78603.0936434922	24007989	897051.851556742	24013792	1074954.11203253	24018784	72596	24024556	953560	24030360	1145394	24018784	0.8376	24024556	1.00338	24030360	1.06208	24018784	86671.4422158548	24024556	950347.824353685	24030360	1078444.18499548	24035336	50287	24041124	920405	24046927	2451192	24035336	0.83905	24041124	1.0026	24046927	1.06236	24035336	59933.2578511412	24041124	918018.152802713	24046927	2307308.25708799
202	24122213	65935	24128000	900476	24133803	1133785	24122213	0.83904	24128000	1.00396	24133803	1.06289	24122213	78583.8577421815	24128000	896924.180246225	24133803	1066700.22297698	24138780	73022	24144568	954904	24150371	1142078	24138780	0.83896	24144568	1.0041	24150371	1.06318	24138780	87038.7145990274	24144568	951004.879992033	24150371	1074209.44713031	24155347	51029	24161228	922412	24167016	2451115	24155347	0.8389	24161228	1.0032	24167016	1.0624	24155347	60828.4658481345	24161228	919469.696969697	24167016	2307148.90813253
203	24242224	66422	24247996	901936	24253814	1129835	24242224	0.83829	24247996	1.00387	24253814	1.06265	24242224	79235.1095682878	24247996	898458.963810055	24253814	1063224.01543312	24258807	73473	24264579	950638	24270382	1135400	24258807	0.83937	24264579	1.00423	24270382	1.0624	24258807	87533.5072733121	24264579	946633.739282834	24270382	1068712.34939759	24275358	51079	24281146	921120	24286949	2444514	24275358	0.83806	24281146	1.0037	24286949	1.06266	24275358	60949.096723385	24281146	917724.419647305	24286949	2300372.64976568
204	24362235	66329	24368022	901206	24373826	1124877	24362235	0.83894	24368022	1.00396	24373826	1.06234	24362235	79062.8650439841	24368022	897651.300848639	24373826	1058867.2176516	24378818	72651	24384590	952226	24390393	1128247	24378818	0.83927	24384590	1.00407	24390393	1.0624	24378818	86564.5143994185	24384590	948366.149770434	24390393	1061979.48042169	24395369	51528	24401157	921316	24406960	2442293	24395369	0.83891	24401157	1.00382	24406960	1.06348	24395369	61422.5602269612	24401157	917809.965930147	24406960	2296510.51265656
205	24482246	66325	24488018	898936	24493837	1119019	24482246	0.83873	24488018	1.003	24493837	1.0627	24482246	79077.8915741657	24488018	896247.258225324	24493837	1052996.1419027	24498813	73488	24504585	952062	24510388	1124558	24498813	0.83855	24504585	1.00391	24510388	1.06187	24498813	87636.9924274044	24504585	948353.936109811	24510388	1059035.47515233	24515365	51526	24521152	921016	24526955	2440782	24515365	0.83862	24521152	1.00408	24526955	1.06355	24515365	61441.4156590589	24521152	917273.52402199	24526955	2294938.64886465
206	24602257	66739	24608044	902102	24613848	1116358	24602257	0.83937	24608044	1.00412	24613848	1.06326	24602257	79510.8235938859	24608044	898400.589570967	24613848	1049938.8672573	24618840	73276	24624627	953238	24630415	1123678	24618840	0.83857	24624627	1.00432	24630415	1.06374	24618840	87382.0909405297	24624627	949137.72502788	24630415	1056346.47564254	24635376	52001	24641148	919483	24646951	2433123	24635376	0.83886	24641148	1.00367	24646951	1.06279	24635376	61990.0817776506	24641148	916120.836529935	24646951	2289373.25341789
207	24722268	66826	24728071	901946	24733874	1112503	24722268	0.83871	24728071	1.00388	24733874	1.06147	24722268	79677.1232011065	24728071	898459.975295852	24733874	1048077.66587845	24738835	74031	24744623	953023	24750426	1115492	24738835	0.83801	24744623	1.00317	24750426	1.06309	24738835	88341.4279065882	24744623	950011.463660197	24750426	1049292.15776651	24755402	51682	24761190	924082	24766993	2431028	24755402	0.83836	24761190	1.004	24766993	1.06181	24755402	61646.5480223293	24761190	920400.398406374	24766993	2289513.18974204
208	24842279	66751	24848066	901401	24853870	1109045	24842279	0.83861	24848066	1.00257	24853870	1.06118	24842279	79597.1905891893	24848066	899090.337831772	24853870	1045105.4486515	24858846	73761	24864618	951424	24870421	1110102	24858846	0.83832	24864618	1.00263	24870421	1.0614	24858846	87986.6876610364	24864618	948928.318522286	24870421	1045884.68061051	24875398	51822	24881185	921463	24886988	2420278	24875398	0.83878	24881185	1.00326	24886988	1.06248	24875398	61782.5889983071	24881185	918468.791738931	24886988	2277951.58497101
209	24962290	66596	24968077	899308	24973881	1101894	24962290	0.83859	24968077	1.0031	24973881	1.06246	24962290	79414.2548802156	24968077	896528.760841392	24973881	1037115.75024001	24978873	73708	24984645	951426	24990448	1105611	24978873	0.83824	24984645	1.00296	24990448	1.0622	24978873	87931.8572246612	24984645	948618.090452261	24990448	1040868.95123329	24995409	52345	25001196	920376	25006984	2414978	24995409	0.83816	25001196	1.00357	25006984	1.06221	24995409	62452.2764150043	25001196	917101.946052592	25006984	2273541.01354723
210	25082301	66963	25088104	899049	25093907	1098444	25082301	0.83785	25088104	1.00271	25093907	1.06169	25082301	79922.420480993	25088104	896619.162070788	25093907	1034618.39143253	25098884	74059	25104671	950656	25110474	1101998	25098884	0.83809	25104671	1.00305	25110474	1.06152	25098884	88366.4045627558	25104671	947765.31578685	25110474	1038132.11244254	25115451	52421	25121238	923713	25127042	2413655	25115451	0.83785	25121238	1.00305	25127042	1.06229	25115451	62566.0917825387	25121238	920904.242061712	25127042	2272124.37281722
211	25202312	67535	25208099	899717	25213903	1095360	25202312	0.83824	25208099	1.00254	25213903	1.06142	25202312	80567.617866005	25208099	897437.508727831	25213903	1031976.03210793	25218895	74221	25224667	952350	25230470	1099602	25218895	0.83881	25224667	1.00234	25230470	1.06142	25218895	88483.6852207294	25224667	950126.703513778	25230470	1035972.56505436	25235462	52845	25241234	921907	25247053	2405137	25235462	0.83825	25241234	1.00292	25247053	1.06177	25235462	63042.0518938264	25241234	919222.869221872	25247053	2265214.68868022
212	25322323	67278	25328110	901440	25333914	1092286	25322323	0.83855	25328110	1.00225	25333914	1.0624	25322323	80231.3517381194	25328110	899416.313295086	25333914	1028130.64759036	25338890	74414	25344678	951507	25350481	1094914	25338890	0.83794	25344678	1.00365	25350481	1.06246	25338890	88805.8810893381	25344678	948046.629801226	25350481	1030546.09114696	25355457	52627	25361245	921428	25367048	2401055	25355457	0.83831	25361245	1.00341	25367048	1.06195	25355457	62777.4928129212	25361245	918296.608564794	25367048	2260986.86378831
213	25442334	67302	25448121	901226	25453925	1086512	25442334	0.83836	25448121	1.00276	25453925	1.06133	25442334	80278.1621260556	25448121	898745.462523435	25453925	1023726.83331292	25458917	74610	25464689	953141	25470492	1091042	25458917	0.83796	25464689	1.00324	25470492	1.06232	25458917	89037.6628956036	25464689	950062.796539213	25470492	1027037.05098275	25475484	53023	25481271	920767	25487075	2393454	25475484	0.8382	25481271	1.00303	25487075	1.06207	25475484	63258.1722739203	25481271	917985.503923113	25487075	2253574.6231416
214	25562345	67078	25568132	898789	25573936	1084913	25562345	0.83751	25568132	1.00166	25573936	1.06184	25562345	80092.1780038447	25568132	897299.482858455	25573936	1021729.26241242	25578928	73891	25584700	952295	25590503	1084661	25578928	0.8378	25584700	1.00251	25590503	1.06186	25578928	88196.4669372165	25584700	949910.724082553	25590503	1021472.69884919	25595464	53404	25601251	918766	25607054	2387948	25595464	0.83825	25601251	1.00232	25607054	1.06174	25595464	63708.9173874143	25601251	916639.396599888	25607054	2249089.23088515
215	25682356	67048	25688143	899844	25693947	1077054	25682356	0.83822	25688143	1.00312	25693947	1.06047	25682356	79988.547159457	25688143	897045.218916979	25693947	1015638.34903392	25698939	74100	25704711	952924	25710514	1083472	25698939	0.83754	25704711	1.00209	25710514	1.06133	25698939	88473.3863457268	25704711	950936.542625912	25710514	1020862.50270887	25715490	53248	25721278	921806	25727097	2385124	25715490	0.83768	25721278	1.00354	25727097	1.06197	25715490	63566.039537771	25721278	918554.317715288	25727097	2245942.91740821
216	25802367	66916	25808154	900948	25813958	1078232	25802367	0.83893	25808154	1.00227	25813958	1.06249	25802367	79763.5082784023	25808154	898907.480020354	25813958	1014816.13944602	25818934	74807	25824706	951619	25830509	1080249	25818934	0.83818	25824706	1.00138	25830509	1.06213	25818934	89249.3259204467	25824706	950307.575545747	25830509	1017059.11705723	25835486	54005	25841258	919952	25847061	2383137	25835486	0.83889	25841258	1.00314	25847061	1.06198	25835486	64376.7359248531	25841258	917072.392686963	25847061	2244050.73541875
217	25922378	66814	25928181	899758	25933984	1075739	25922378	0.83781	25928181	1.00255	25933984	1.06231	25922378	79748.3916401093	25928181	897469.452895117	25933984	1012641.31938888	25939023	74730	25944811	953596	25950614	1075691	25939023	0.83817	25944811	1.00303	25950614	1.0631	25939023	89158.523927127	25944811	950715.332542397	25950614	1011843.66475402	25955606	53589	25961378	920838	25967181	2375964	25955606	0.83858	25961378	1.00298	25967181	1.06218	25955606	63904.4575353574	25961378	918102.055873497	25967181	2236875.10591425
218	26042389	67366	26048176	899044	26053980	1071171	26042389	0.83829	26048176	1.00354	26053980	1.06251	26042389	80361.2115139152	26048176	895872.610957212	26053980	1008151.45269221	26058956	74816	26064728	951600	26070531	1069979	26058956	0.83851	26064728	1.00274	26070531	1.06155	26058956	89224.9347056088	26064728	948999.740710453	26070531	1007940.27601149	26075523	54000	26081311	919659	26087114	2370745	26075523	0.83873	26081311	1.00321	26087114	1.06235	26075523	64383.0553336592	26081311	916716.340546845	26087114	2231604.46180637
219	26162400	67531	26168187	898273	26173991	1065543	26162400	0.83877	26168187	1.00237	26173991	1.06192	26162400	80511.9401027695	26168187	896149.126570029	26173991	1003411.7447642	26178967	74640	26184755	952065	26190558	1067464	26178967	0.83824	26184755	1.00294	26190558	1.06285	26178967	89043.7106318	26184755	949274.134045905	26190558	1004341.15820671	26195519	53925	26201291	919543	26207094	2364474	26195519	0.83874	26201291	1.00389	26207094	1.06269	26195519	64292.8678732384	26201291	915979.838428513	26207094	2224989.41365779
220	26282411	66870	26288198	900679	26294002	1063502	26282411	0.83827	26288198	1.00343	26294002	1.0624	26282411	79771.4340248369	26288198	897600.23120696	26294002	1001037.27409639	26298978	75254	26304766	953446	26310585	1065853	26298978	0.83824	26304766	1.0028	26310585	1.06376	26298978	89776.1977476618	26304766	950783.805345034	26310585	1001967.54907122	26315561	54392	26321349	921205	26327152	2359761	26315561	0.83878	26321349	1.00417	26327152	1.06305	26315561	64846.5628651136	26321349	917379.527370864	26327152	2219802.45519966
221	26402422	67568	26408209	899021	26414013	1060515	26402422	0.8382	26408209	1.00312	26414013	1.0627	26402422	80610.832736817	26408209	896224.778690486	26414013	997943.916439258	26418989	75711	26424777	953012	26430580	1059182	26418989	0.83844	26424777	1.00314	26430580	1.0623	26418989	90299.8425647631	26424777	950028.909225033	26430580	997064.859267627	26435572	54566	26441360	921009	26447163	2353349	26435572	0.83861	26441360	1.00326	26447163	1.06263	26435572	65067.1945242723	26441360	918016.266969679	26447163	2214645.73746271
222	26522433	67434	26528220	901649	26534024	1057986	26522433	0.83894	26528220	1.00382	26534024	1.06272	26522433	80380.003337545	26528220	898217.807973541	26534024	995545.39295393	26538985	75718	26544772	954417	26550575	1054988	26538985	0.83807	26544772	1.003	26550575	1.06174	26538985	90348.0616177646	26544772	951562.313060818	26550575	993640.627648953	26555567	54707	26561339	922389	26567127	2344895	26555567	0.83803	26561339	1.00274	26567127	1.06123	26555567	65280.479219121	26561339	919868.560145202	26567127	2209601.12322494
223	26642444	67956	26648247	898689	26654050	1055047	26642444	0.83871	26648247	1.00241	26654050	1.06261	26642444	81024.4303752191	26648247	896528.366636406	26654050	992882.619211188	26659027	75818	26664814	953851	26670618	1052132	26659027	0.83841	26664814	1.00337	26670618	1.06097	26659027	90430.6961987572	26664814	950647.318536532	26670618	991669.886990207	26675594	54771	26681382	918479	26687185	2337964	26675594	0.83781	26681382	1.00298	26687185	1.06238	26675594	65374.0108139077	26681382	915750.064806876	26687185	2200685.25386397
224	26762455	67490	26768243	900805	26774046	1050898	26762455	0.83839	26768243	1.00363	26774046	1.0626	26762455	80499.5288588843	26768243	897546.904735809	26774046	988987.389422172	26779022	75366	26784810	953890	26790613	1050326	26779022	0.83886	26784810	1.00422	26790613	1.06312	26779022	89843.3588441456	26784810	949881.500069706	26790613	987965.610655429	26795589	54883	26801361	917817	26807165	2333538	26795589	0.83867	26801361	1.00267	26807165	1.0628	26795589	65440.5189168565	26801361	915372.954212253	26807165	2195651.11027475
225	26882466	67552	26888254	899990	26894057	1047809	26882466	0.83855	26888254	1.00489	26894057	1.06316	26882466	80558.1062548447	26888254	895610.464826996	26894057	985560.969186199	26899033	75470	26904821	953363	26910624	1048632	26899033	0.83857	26904821	1.00346	26910624	1.06348	26899033	89998.4497418224	26904821	950075.737946705	26910624	986038.289389551	26915600	55538	26921388	923002	26927207	2326108	26915600	0.83817	26921388	1.00329	26927207	1.06219	26915600	66261.0210339191	26921388	919975.281324443	26927207	2189917.05815344
226	27002477	67528	27008265	902088	27014083	1045646	27002477	0.83783	27008265	1.00304	27014083	1.06259	27002477	80598.6894716112	27008265	899353.963949593	27014083	984054.056597559	27019075	75950	27024847	953134	27030666	1046913	27019075	0.8388	27024847	1.00254	27030666	1.06197	27019075	90546.0181211254	27024847	950719.173299818	27030666	985821.633379474	27035643	55569	27041430	922470	27047233	2324764	27035643	0.83908	27041430	1.00389	27047233	1.06232	27035643	66226.1047814273	27041430	918895.496518543	27047233	2188383.91445139
227	27122488	67629	27128276	901334	27134079	1044316	27122488	0.83883	27128276	1.00332	27134079	1.063	27122488	80623.0106219377	27128276	898351.473109277	27134079	982423.330197554	27139055	76118	27144843	952352	27150646	1042224	27139055	0.83813	27144843	1.00331	27150646	1.06249	27139055	90818.8467182895	27144843	949210.114520936	27150646	980925.938126477	27155622	55613	27161426	921080	27167229	2318692	27155622	0.8382	27161426	1.00351	27167229	1.06226	27155622	66348.1269386781	27161426	917858.317306255	27167229	2182791.40700017
228	27242499	67421	27248287	902394	27254090	1040592	27242499	0.83844	27248287	1.00323	27254090	1.06256	27242499	80412.4326129479	27248287	899488.651655154	27254090	979325.402800783	27259066	76350	27264854	951242	27270657	1037893	27259066	0.83918	27264854	1.00256	27270657	1.06242	27259066	90981.6725851426	27264854	948813.03862113	27270657	976914.026467875	27275649	55567	27281437	917261	27287240	2307761	27275649	0.83763	27281437	1.00197	27287240	1.06193	27275649	66338.3594188365	27281437	915457.548629201	27287240	2173176.19805449
229	27362510	67755	27368298	898385	27374101	1035267	27362510	0.83862	27368298	1.0026	27374101	1.06121	27362510	80793.4463761895	27368298	896055.256333533	27374101	975553.377748042	27379077	75797	27384865	955949	27390668	1034370	27379077	0.83831	27384865	1.00225	27390668	1.06093	27379077	90416.4330617552	27384865	953802.943377401	27390668	974965.360579869	27395644	55544	27401448	918978	27407251	2301495	27395644	0.83853	27401448	1.00232	27407251	1.06255	27395644	66239.7290496464	27401448	916850.905898316	27407251	2166011.01124653
230	27482521	67642	27488309	899898	27494112	1032480	27482521	0.83814	27488309	1.00332	27494112	1.06242	27482521	80704.894170425	27488309	896920.224853487	27494112	971819.054611171	27499088	76321	27504876	953661	27510679	1034167	27499088	0.83734	27504876	1.00188	27510679	1.06065	27499088	91146.9653904029	27504876	951871.481614565	27510679	975031.348701268	27515655	56004	27521443	919782	27527262	2297510	27515655	0.83799	27521443	1.00246	27527262	1.06149	27515655	66831.346436115	27521443	917524.888773617	27527262	2164419.82496302
231	27602532	67876	27608304	901244	27614107	1029473	27602532	0.83881	27608304	1.00256	27614107	1.06131	27602532	80919.397718196	27608304	898942.706670923	27614107	970002.167133071	27619084	76023	27624871	953842	27630690	1031977	27619084	0.83843	27624871	1.00259	27630690	1.06223	27619084	90673.0436649452	27624871	951377.9311583	27630690	971519.350799733	27635666	56264	27641454	920261	27647273	2295041	27635666	0.83849	27641454	1.00273	27647273	1.06243	27635666	67101.5754511086	27641454	917755.52741017	27647273	2160180.90603616
232	27722543	67543	27728331	899671	27734134	1027903	27722543	0.83797	27728331	1.00303	27734134	1.06144	27722543	80603.1242168574	27728331	896953.231707925	27734134	968404.243292131	27739110	76400	27744898	954155	27750701	1030587	27739110	0.83844	27744898	1.00411	27750701	1.06315	27739110	91121.606793569	27744898	950249.474659151	27750701	969371.208202041	27755677	56542	27761465	918836	27767268	2288991	27755677	0.8392	27761465	1.0027	27767268	1.06179	27755677	67376.0724499523	27761465	916361.82307769	27767268	2155785.04223999
233	27842554	68075	27848342	899781	27854145	1024883	27842554	0.83849	27848342	1.00264	27854145	1.06238	27842554	81187.6110627438	27848342	897411.83276151	27854145	964704.71959186	27859137	76233	27864909	951988	27870728	1026030	27859137	0.83828	27864909	1.00329	27870728	1.06237	27859137	90939.7814572697	27864909	948866.230102961	27870728	965793.461788266	27875704	56005	27881492	919724	27887310	2277856	27875704	0.83786	27881492	1.00209	27887310	1.06229	27875704	66842.9093165923	27881492	917805.785907454	27887310	2144288.28286061
234	27962565	68502	27968353	899396	27974156	1022457	27962565	0.83776	27968353	1.00328	27974156	1.0612	27962565	81768.0481283423	27968353	896455.625548202	27974156	963491.330569167	27979132	77017	27984920	951390	27990723	1021474	27979132	0.83826	27984920	1.00213	27990723	1.06185	27979132	91877.221864338	27984920	949367.846486983	27990723	961975.796958139	27995699	56594	28001471	918795	28007275	2269300	27995699	0.83856	28001471	1.00301	28007275	1.06186	27995699	67489.5058195001	28001471	916037.726443405	28007275	2137099.05260581
235	28082576	68380	28088364	901880	28094167	1020353	28082576	0.83823	28088364	1.00352	28094167	1.0624	28082576	81576.6555718598	28088364	898716.517857143	28094167	960422.628012048	28099143	76967	28104931	954243	28110734	1020943	28099143	0.83899	28104931	1.00317	28110734	1.0619	28099143	91737.6845969559	28104931	951227.608481115	28110734	961430.454845089	28115710	56291	28121498	919557	28127317	2265271	28115710	0.83764	28121498	1.00344	28127317	1.0624	28115710	67201.9005778139	28121498	916404.568285099	28127317	2132220.44427711
236	28202587	68202	28208390	903205	28214193	1018439	28202587	0.83862	28208390	1.00333	28214193	1.06194	28202587	81326.4649066323	28208390	900207.309658836	28214193	959036.292069232	28219170	76816	28224942	957113	28230745	1019760	28219170	0.83765	28224942	1.00333	28230745	1.06138	28219170	91704.1723870352	28224942	953936.391815255	28230745	960786.900073489	28235737	56824	28241525	919357	28247328	2257395	28235737	0.83875	28241525	1.00306	28247328	1.06161	28235737	67748.435171386	28241525	916552.349809583	28247328	2126388.22166332
237	28322598	67794	28328386	899219	28334189	1014869	28322598	0.83757	28328386	1.00193	28334189	1.06088	28322598	80941.2944589706	28328386	897486.850378769	28334189	956629.402005882	28339165	76871	28344953	953766	28350756	1015759	28339165	0.83826	28344953	1.00317	28350756	1.06171	28339165	91703.0515591821	28344953	950752.115792936	28350756	956719.819913159	28355733	56377	28361520	921192	28367323	2248212	28355733	0.83862	28361520	1.00208	28367323	1.06158	28355733	67225.9187713148	28361520	919279.89781255	28367323	2117797.99920873
238	28442609	68354	28448397	900144	28454200	1014075	28442609	0.83837	28448397	1.00347	28454200	1.0625	28442609	81532.0204682897	28448397	897031.301384197	28454200	954423.529411765	28459176	77321	28464964	951236	28470767	1012649	28459176	0.83853	28464964	1.00268	28470767	1.06157	28459176	92210.1773341443	28464964	948693.501416205	28470767	953916.369151351	28475744	56763	28481531	918959	28487319	2243508	28475744	0.83792	28481531	1.00269	28487319	1.06227	28475744	67742.7439373687	28481531	916493.632129572	28487319	2111994.12578723
239	28562620	68341	28568408	898809	28574211	1009043	28562620	0.83713	28568408	1.00259	28574211	1.06186	28562620	81637.2606405218	28568408	896487.098415105	28574211	950259.921270224	28579187	76812	28584975	955172	28590778	1010335	28579187	0.83778	28584975	1.00313	28590778	1.06254	28579187	91685.1679438516	28584975	952191.64016628	28590778	950867.732038323	28595755	57115	28601527	918196	28607330	2236890	28595755	0.83788	28601527	1.00294	28607330	1.06188	28595755	68166.0858356805	28601527	915504.417013979	28607330	2106537.4618601
240	28682631	68328	28688419	898095	28694222	1007676	28682631	0.83764	28688419	1.00248	28694222	1.06177	28682631	81572.0357194021	28688419	895873.234378741	28694222	949052.996411652	28699198	77387	28704986	954513	28710805	1009782	28699198	0.83863	28704986	1.00311	28710805	1.06218	28699198	92277.8817833848	28704986	951553.668092233	28710805	950669.378071513	28715797	57237	28721584	919187	28727388	2229142	28715797	0.83776	28721584	1.00335	28727388	1.06202	28715797	68321.4763177999	28721584	916118.004684308	28727388	2098964.23796162
241	28802642	68864	28808414	902602	28814217	1007843	28802642	0.83865	28808414	1.00272	28814217	1.06252	28802642	82112.9195731235	28808414	900153.582256263	28814217	948540.262771524	28819209	77122	28824997	955945	28830800	1006258	28819209	0.83846	28824997	1.00297	28830800	1.06224	28819209	91980.5357441023	28824997	953114.250675494	28830800	947298.162373851	28835761	57839	28841549	918119	28847352	2224736	28835761	0.83822	28841549	1.00194	28847352	1.06215	28835761	69002.1712676863	28841549	916341.297882109	28847352	2094559.14889611
242	28922653	68162	28928441	900355	28934244	1002983	28922653	0.83787	28928441	1.00311	28934244	1.06209	28922653	81351.5223125306	28928441	897563.577274676	28934244	944348.407385438	28939236	78241	28945008	953483	28950811	1005242	28939236	0.83853	28945008	1.00304	28950811	1.06217	28939236	93307.3354560958	28945008	950593.196682087	28950811	946404.059613809	28955788	57162	28961575	919086	28967378	2216838	28955788	0.83795	28961575	1.00289	28967378	1.06258	28955788	68216.480696939	28961575	916437.495637607	28967378	2086278.68019349
243	29042664	68653	29048467	900283	29054271	1000060	29042664	0.83822	29048467	1.00204	29054271	1.06126	29042664	81903.318937749	29048467	898450.161670193	29054271	942332.698867384	29059247	77185	29065035	955086	29070838	1001246	29059247	0.83786	29065035	1.00349	29070838	1.06205	29059247	92121.5954932805	29065035	951764.342444867	29070838	942748.458170519	29075814	57433	29081617	916449	29087421	2207304	29075814	0.83763	29081617	1.00228	29087421	1.0628	29075814	68566.0733259315	29081617	914364.249511115	29087421	2076876.1761385
244	29162675	68625	29168463	900346	29174266	997190	29162675	0.83858	29168463	1.00346	29174266	1.06244	29162675	81834.7682987908	29168463	897241.544256871	29174266	938584.767139791	29179242	77863	29185030	954673	29190833	1002180	29179242	0.83854	29185030	1.00248	29190833	1.06316	29179242	92855.4392157798	29185030	952311.268055223	29190833	942642.687836262	29195825	57330	29201613	917495	29207416	2200120	29195825	0.83852	29201613	1.00289	29207416	1.06236	29195825	68370.4622429996	29201613	914851.080377708	29207416	2070974.0577582
245	29282686	69523	29288474	899839	29294277	997864	29282686	0.8396	29288474	1.00317	29294277	1.0631	29282686	82804.9070986184	29288474	896995.524188323	29294277	938636.064340137	29299269	78426	29305057	956965	29310844	1000451	29299269	0.83927	29305057	1.00461	29310844	1.0637	29299269	93445.4942986167	29305057	952573.63554016	29310844	940538.685719658	29315836	58055	29321624	920054	29327427	2193851	29315836	0.8397	29321624	1.00368	29327427	1.06328	29315836	69137.7873049899	29321624	916680.615335565	29327427	2063286.2463321
246	29402697	68566	29408485	903872	29414304	996014	29402697	0.83986	29408485	1.00429	29414304	1.0635	29402697	81639.797109042	29408485	900010.95301158	29414304	936543.48848143	29419280	78198	29425068	956902	29430871	999270	29419280	0.84	29425068	1.00471	29430871	1.06373	29419280	93092.8571428571	29425068	952416.120074449	29430871	939401.915899712	29435847	58304	29441650	922633	29447454	2188058	29435847	0.83975	29441650	1.00458	29447454	1.06381	29435847	69430.1875558202	29441650	918426.606143861	29447454	2056812.77671765
247	29522708	69633	29528496	902410	29534299	996781	29522708	0.83945	29528496	1.00518	29534299	1.06389	29522708	82950.7415569718	29528496	897759.605244832	29534299	936921.110265159	29539291	78603	29545063	956673	29550866	996815	29539291	0.83888	29545063	1.0051	29550866	1.06427	29539291	93699.9332443258	29545063	951818.724505025	29550866	936618.527253423	29555843	57946	29561630	922843	29567433	2182564	29555843	0.83957	29561630	1.00477	29567433	1.06427	29555843	69018.6643162571	29561630	918461.936562596	29567433	2050761.5548686
248	29642719	69072	29648507	903126	29654310	992983	29642719	0.83978	29648507	1.00496	29654310	1.06416	29642719	82250.113124866	29648507	898668.603725522	29654310	933114.381296046	29659302	78014	29665090	955819	29670908	996268	29659302	0.83952	29665090	1.00509	29670908	1.06444	29659302	92926.9106155899	29665090	950978.519336577	29670908	935955.056179775	29675885	58590	29681672	921875	29687476	2171310	29675885	0.83995	29681672	1.00494	29687476	1.06423	29675885	69754.1520328591	29681672	917343.323979541	29687476	2040263.8527386
249	29762730	69032	29768518	902733	29774321	990880	29762730	0.83927	29768518	1.00482	29774321	1.06519	29762730	82252.4336625877	29768518	898402.698990864	29774321	930237.797951539	29779297	78377	29785085	956899	29790888	992779	29779297	0.8398	29785085	1.00516	29790888	1.06395	29779297	93328.173374613	29785085	951986.748378368	29790888	933106.818929461	29795865	58809	29801652	921912	29807455	2168589	29795865	0.83957	29801652	1.00477	29807455	1.06544	29795865	70046.5714591993	29801652	917535.35635021	29807455	2035392.88932272
250	29882741	69423	29888529	901078	29894332	991596	29882741	0.83982	29888529	1.00549	29894332	1.06532	29882741	82664.1423162106	29888529	896158.092074511	29894332	930796.380430293	29899324	78755	29905112	956025	29910930	990900	29899324	0.83951	29905112	1.00504	29910930	1.06478	29899324	93810.6752748627	29905112	951230.796784208	29910930	930614.774883074	29915907	58584	29921694	922365	29927513	2161825	29915907	0.84023	29921694	1.00536	29927513	1.06542	29915907	69723.7661116599	29921694	917447.481499165	29927513	2029082.42758724
251	30002752	69534	30008540	905746	30014359	988380	30002752	0.8402	30008540	1.00605	30014359	1.06437	30002752	82758.8669364437	30008540	900299.189901098	30014359	928605.654048874	30019319	78800	30025107	958412	30030910	990681	30019319	0.84058	30025107	1.0057	30030910	1.06504	30019319	93744.7952604154	30025107	952980.013920652	30030910	930181.96499662	30035887	58635	30041674	922506	30047462	2156397	30035887	0.84048	30041674	1.00578	30047462	1.06519	30035887	69763.7064534552	30041674	917204.557656744	30047462	2024424.75051399
252	30122763	69438	30128551	903082	30134354	985078	30122763	0.84053	30128551	1.0055	30134354	1.06505	30122763	82612.1613743709	30128551	898142.217802089	30134354	924912.445425098	30139346	79062	30145118	957636	30150937	986673	30139346	0.84149	30145118	1.00612	30150937	1.06496	30139346	93954.7707043459	30145118	951810.917186817	30150937	926488.318810096	30155913	59158	30161685	923007	30167488	2146576	30155913	0.84024	30161685	1.00612	30167488	1.06482	30155913	70406.0744549177	30161685	917392.557547807	30167488	2015905.03559287
253	30242774	68940	30248546	903108	30254365	983681	30242774	0.84057	30248546	1.00587	30254365	1.06435	30242774	82015.7750098148	30248546	897837.692743595	30254365	924208.20218913	30259357	78705	30265145	958593	30270963	985676	30259357	0.84032	30265145	1.0057	30270963	1.06587	30259357	93660.7482863671	30265145	953159.988068012	30270963	924761.93156764	30275940	59108	30281712	921863	30287531	2137847	30275940	0.84078	30281712	1.00598	30287531	1.0658	30275940	70301.3868074883	30281712	916383.029483688	30287531	2005861.32482642
254	30362785	70068	30368573	901824	30374376	982128	30362785	0.84033	30368573	1.00582	30374376	1.06539	30362785	83381.5286851594	30368573	896605.754508759	30374376	921848.337228621	30379352	78823	30385140	958323	30390943	984724	30379352	0.84036	30385140	1.00603	30390943	1.06459	30379352	93796.7061735447	30385140	952578.948937904	30390943	924979.569599564	30395935	58955	30401707	922316	30407511	2129893	30395935	0.8409	30401707	1.00577	30407511	1.06553	30395935	70109.4065881793	30401707	917024.767093868	30407511	1998904.77039595
255	30482796	69853	30488584	902329	30494387	979065	30482796	0.8403	30488584	1.00602	30494387	1.06429	30482796	83128.6445317149	30488584	896929.48450329	30494387	919923.141249096	30499379	79336	30505151	959790	30510970	981581	30499379	0.84051	30505151	1.00628	30510970	1.06534	30499379	94390.3106447276	30505151	953800.13515125	30510970	921378.151576023	30515931	59198	30521718	922763	30527522	2120835	30515931	0.84039	30521718	1.00528	30527522	1.06556	30515931	70441.1047251871	30521718	917916.401400605	30527522	1990347.79834078
256	30602807	69528	30608595	902149	30614398	980526	30602807	0.84024	30608595	1.00557	30614398	1.06631	30602807	82747.7863467581	30608595	897151.864116869	30614398	919550.599731785	30619374	78957	30625162	956925	30630965	983455	30619374	0.8403	30625162	1.0055	30630965	1.06535	30619374	93962.8704034274	30625162	951690.70114371	30630965	923128.549303046	30635942	59158	30641729	922903	30647533	2117851	30635942	0.84078	30641729	1.00543	30647533	1.06551	30635942	70360.8553961797	30641729	917918.701451121	30647533	1987640.66034106
257	30722818	69653	30728606	905687	30734409	975357	30722818	0.84076	30728606	1.00695	30734409	1.06601	30722818	82845.2828393359	30728606	899435.920353543	30734409	914960.460033208	30739385	79961	30745173	959596	30750992	979962	30739385	0.84123	30745173	1.00569	30750992	1.06523	30739385	95052.4826741795	30745173	954166.790959441	30750992	919953.437285844	30755968	59817	30761740	924950	30767544	2109887	30755968	0.84115	30761740	1.00574	30767544	1.0661	30755968	71113.3567140225	30761740	919671.087955137	30767544	1979070.4436732
258	30842829	69731	30848617	906199	30854420	974074	30842829	0.84058	30848617	1.00676	30854420	1.06534	30842829	82955.8162221323	30848617	900114.227819937	30854420	914331.574896277	30859412	78828	30865200	961363	30871003	979052	30859412	0.84097	30865200	1.00634	30871003	1.06551	30859412	93734.6159791669	30865200	955306.357692231	30871003	918857.636249308	30875979	59673	30881767	926373	30887555	2101670	30875979	0.84116	30881767	1.00572	30887555	1.06618	30875979	70941.3191307242	30881767	921104.283498389	30887555	1971214.99184003
259	30962840	69207	30968628	906425	30974431	973212	30962840	0.84052	30968628	1.00643	30974431	1.06619	30962840	82338.3143768144	30968628	900633.923869519	30974431	912794.154887966	30979408	79570	30985195	960343	30990998	976700	30979408	0.84143	30985195	1.00611	30990998	1.06673	30979408	94565.2044733371	30985195	954510.938167795	30990998	915601.886138011	30995990	59618	31001762	925800	31007566	2093570	30995990	0.84133	31001762	1.00669	31007566	1.06602	30995990	70861.6119715213	31001762	919647.557838063	31007566	1963912.49695128
260	31082851	69682	31088639	905736	31094442	970272	31082851	0.84121	31088639	1.00689	31094442	1.06551	31082851	82835.4394265404	31088639	899538.181926526	31094442	910617.45079821	31099419	78973	31105206	959277	31111009	976073	31099419	0.84125	31105206	1.00582	31111009	1.06606	31099419	93875.7800891531	31105206	953726.31285916	31111009	915589.178845468	31115986	59787	31121773	922363	31127577	2088750	31115986	0.84138	31121773	1.0059	31127577	1.06632	31115986	71058.2614276546	31121773	916952.977433145	31127577	1958839.74791807
261	31202862	69351	31208650	905385	31214453	971693	31202862	0.84219	31208650	1.00684	31214453	1.06594	31202862	82346.0264310904	31208650	899234.237813357	31214453	911583.203557424	31219430	79663	31225217	961544	31231020	976233	31219430	0.84181	31225217	1.00792	31231020	1.06648	31219430	94632.9931932384	31225217	953988.411778712	31231020	915378.628760033	31236059	60025	31241847	925615	31247650	2079587	31236059	0.84244	31241847	1.00666	31247650	1.06676	31236059	71251.3650823798	31241847	919491.188683369	31247650	1949442.23630432
262	31322873	69203	31328661	902309	31334480	965628	31322873	0.84218	31328661	1.00664	31334480	1.06581	31322873	82171.2697998053	31328661	896357.188269888	31334480	906003.884369634	31339456	79940	31345259	958637	31351063	972621	31339456	0.84144	31345259	1.00775	31351063	1.06693	31339456	95003.8030043735	31345259	951264.698585959	31351063	911607.134488673	31356039	60315	31361827	921966	31367630	2073183	31356039	0.84152	31361827	1.00634	31367630	1.06727	31356039	71673.8758437114	31361827	916157.561062862	31367630	1942510.33009454
263	31442884	69538	31448672	904640	31454475	965139	31442884	0.84213	31448672	1.00719	31454475	1.0667	31442884	82573.9493902367	31448672	898182.070910156	31454475	904789.537826943	31459467	80112	31465239	960656	31471042	971843	31459467	0.84227	31465239	1.00696	31471042	1.06681	31459467	95114.3932468211	31465239	954016.048303805	31471042	910980.399508816	31476019	60109	31481806	920479	31487594	2055491	31476019	0.84289	31481806	1.00733	31487594	1.06636	31476019	71312.9827142332	31481806	913780.985377185	31487594	1927576.99088488
264	31562895	69706	31568667	906038	31574486	962888	31562895	0.84277	31568667	1.00708	31574486	1.0662	31562895	82710.5853317038	31568667	899668.348095484	31574486	903102.607390734	31579463	79803	31585250	962552	31591069	971078	31579463	0.84156	31585250	1.0071	31591069	1.06664	31579463	94827.4632824754	31585250	955766.060967134	31591069	910408.38520963	31596045	59952	31601833	924377	31607636	2053328	31596045	0.84151	31601833	1.00704	31607636	1.06724	31596045	71243.3601502062	31601833	917914.87925008	31607636	1923960.87103182
265	31682906	69910	31688694	905723	31694497	962659	31682906	0.84217	31688694	1.00811	31694497	1.06784	31682906	83011.7434722206	31688694	898436.678537064	31694497	901501.161222655	31699474	79790	31705261	960360	31711064	970047	31699474	0.84213	31705261	1.00743	31711064	1.06713	31699474	94747.8417821477	31705261	953277.150769781	31711064	909024.205110905	31716041	60129	31721828	923507	31727632	2042350	31716041	0.84168	31721828	1.00773	31727632	1.06631	31716041	71439.2643284859	31721828	916423.049824854	31727632	1915343.56800555
266	31802917	70105	31808705	902148	31814508	960464	31802917	0.84223	31808705	1.00671	31814508	1.06738	31802917	83237.3579663512	31808705	896134.934588909	31814508	899833.236523075	31819500	79301	31825272	958507	31831075	966089	31819500	0.84201	31825272	1.00778	31831075	1.06668	31819500	94180.5916794337	31825272	951107.384548215	31831075	905697.116286046	31836067	60102	31841839	920037	31847643	2037054	31836067	0.84106	31841839	1.00653	31847643	1.06712	31836067	71459.8245071695	31841839	914068.135077941	31847643	1908926.83109678
267	31922928	69827	31928716	904340	31934519	958319	31922928	0.84161	31928716	1.00667	31934519	1.06622	31922928	82968.358265705	31928716	898348.01871517	31934519	898800.435182233	31939480	79948	31945283	956888	31951086	965323	31939480	0.84158	31945283	1.00668	31951086	1.0675	31939480	94997.5046935526	31945283	950538.403464855	31951086	904283.840749415	31956063	60354	31961850	922163	31967654	2026451	31956063	0.84172	31961850	1.0073	31967654	1.0673	31956063	71703.1792044861	31961850	915479.996028989	31967654	1898670.47690434
268	32042939	69862	32048727	902520	32054530	954873	32042939	0.84127	32048727	1.00735	32054530	1.06637	32042939	83043.4937653785	32048727	895934.878641982	32054530	895442.482440429	32059507	79815	32065294	956221	32071097	963517	32059507	0.84201	32065294	1.00687	32071097	1.06643	32059507	94791.0357359176	32065294	949696.584464728	32071097	903497.651041325	32076074	60746	32081861	919798	32087665	2018156	32076074	0.84202	32081861	1.00775	32087665	1.06687	32076074	72143.1794969241	32081861	912724.386008435	32087665	1891660.65218818
269	32162950	69600	32168738	897604	32174557	954870	32162950	0.84123	32168738	1.00733	32174557	1.06637	32162950	82735.9937234763	32168738	891072.439021969	32174557	895439.669157985	32179533	79944	32185321	955288	32191124	962546	32179533	0.841	32185321	1.00744	32191124	1.06684	32179533	95058.2639714626	32185321	948233.145398237	32191124	902240.260957595	32196085	60768	32201872	920372	32207676	2012809	32196085	0.8418	32201872	1.007	32207676	1.06756	32196085	72188.1682109765	32201872	913974.180734856	32207676	1885429.39038555
270	32282961	70037	32288749	900294	32294552	953267	32282961	0.84176	32288749	1.00692	32294552	1.06643	32282961	83203.0507508078	32288749	894106.781074961	32294552	893886.143488086	32299529	80609	32305316	958622	32311135	960735	32299529	0.84092	32305316	1.00793	32311135	1.06624	32299529	95858.1077867098	32305316	951079.936106674	32311135	901049.482292917	32316111	60247	32321883	919259	32327687	2004018	32316111	0.84161	32321883	1.00713	32327687	1.06709	32316111	71585.4136714155	32321883	912751.084765621	32327687	1878021.53520322
271	32402972	69787	32408760	901319	32414563	952611	32402972	0.84211	32408760	1.00817	32414563	1.06677	32402972	82871.5963472705	32408760	894014.898281044	32414563	892986.304451756	32419540	80220	32425327	957214	32431130	961847	32419540	0.84185	32425327	1.00782	32431130	1.06748	32419540	95290.134822118	32425327	949786.668254252	32431130	901044.516056507	32436107	60938	32441894	921941	32447698	1995945	32436107	0.84166	32441894	1.00783	32447698	1.06641	32436107	72402.1576408526	32441894	914778.28602046	32447698	1871648.80299322
272	32522983	69661	32528771	901193	32534574	952727	32522983	0.84106	32528771	1.00793	32534574	1.06674	32522983	82825.2443345302	32528771	894102.765072971	32534574	893120.160488967	32539566	80273	32545338	956862	32551141	958982	32539566	0.84199	32545338	1.00798	32551141	1.06714	32539566	95337.2367842848	32545338	949286.692196274	32551141	898646.850460108	32556118	61073	32561905	919539	32567709	1985925	32556118	0.84211	32561905	1.00727	32567709	1.06645	32556118	72523.77955374	32561905	912902.200998739	32567709	1862182.94341038
273	32642994	69878	32648782	899825	32654585	950112	32642994	0.84154	32648782	1.00794	32654585	1.06755	32642994	83035.8628229199	32648782	892736.670833581	32654585	889992.974567936	32659562	80549	32665349	955659	32671152	958693	32659562	0.84215	32665349	1.00716	32671152	1.06802	32659562	95646.8562607612	32665349	948865.125699988	32671152	897635.812063445	32676129	61008	32681917	921980	32687720	1976586	32676129	0.84195	32681917	1.00794	32687720	1.06698	32676129	72460.3598788527	32681917	914717.145861857	32687720	1852505.20159703
274	32763005	70023	32768793	899532	32774596	948564	32763005	0.84224	32768793	1.00734	32774596	1.06699	32763005	83139.0102583587	32768793	892977.544821014	32774596	889009.269065315	32779573	80674	32785360	955165	32791179	954246	32779573	0.84241	32785360	1.00692	32791179	1.06686	32779573	95765.7197801546	32785360	948600.68327176	32791179	894443.507114336	32796156	60875	32801928	919268	32807731	1969618	32796156	0.84193	32801928	1.00666	32807731	1.06664	32796156	72304.1107930588	32801928	913186.180040927	32807731	1846563.03907598
275	32883016	69481	32888804	900109	32894607	946736	32883016	0.84239	32888804	1.00741	32894607	1.06657	32883016	82480.7986799463	32888804	893488.252052292	32894607	887645.44286826	32899568	80406	32905356	955944	32911159	955129	32899568	0.84169	32905356	1.00756	32911159	1.06688	32899568	95529.2328529506	32905356	948771.289054746	32911159	895254.386622675	32916151	61649	32921923	918973	32927726	1962379	32916151	0.84138	32921923	1.00725	32927726	1.06712	32916151	73271.29240058	32921923	912358.401588483	32927726	1838948.75927731
276	33003027	69886	33008815	899904	33014618	943806	33003027	0.84225	33008815	1.00797	33014618	1.06623	33003027	82975.3636093796	33008815	892788.475847495	33014618	885180.495765454	33019595	81170	33025398	954494	33031201	953737	33019595	0.84319	33025398	1.00842	33031201	1.06817	33019595	96265.3731661903	33025398	946524.26568295	33031201	892870.048775008	33036178	61105	33041950	920774	33047737	1954052	33036178	0.84241	33041950	1.00806	33047737	1.06711	33036178	72535.9385572346	33041950	913411.900085312	33047737	1831162.67301403
277	33123038	70210	33128826	900682	33134645	943361	33123038	0.84231	33128826	1.00808	33134645	1.06837	33123038	83354.10953212	33128826	893462.820411079	33134645	882990.911388377	33139621	80541	33145393	954616	33151197	952092	33139621	0.84193	33145393	1.00895	33151197	1.06769	33139621	95662.3472260164	33145393	946147.975618217	33151197	891730.745815733	33156189	61306	33161976	920361	33167795	1945768	33156189	0.842	33161976	1.00747	33167795	1.06827	33156189	72809.9762470309	33161976	913536.87951006	33167795	1821419.67854569
278	33243049	70308	33248853	897220	33254656	942370	33243049	0.84262	33248853	1.00808	33254656	1.06726	33243049	83439.7474543685	33248853	890028.569161178	33254656	882980.716976182	33259632	81081	33265436	953388	33271239	951565	33259632	0.84255	33265436	1.00817	33271239	1.06857	33259632	96232.8645184262	33265436	945661.941934396	33271239	890503.195859888	33276215	61827	33281987	920122	33287790	1937554	33276215	0.84238	33281987	1.00874	33287790	1.06773	33276215	73395.6171798951	33281987	912149.810654876	33287790	1814647.8978768
279	33363060	69872	33368864	899647	33374667	940082	33363060	0.84338	33368864	1.0085	33374667	1.06885	33363060	82847.5894614527	33368864	892064.452156668	33374667	879526.5940029	33379643	80619	33385447	954081	33391265	950399	33379643	0.84325	33385447	1.00753	33391265	1.06781	33379643	95605.0993181144	33385447	946950.463013508	33391265	890045.04546689	33396242	61316	33402014	918851	33407817	1930988	33396242	0.84268	33402014	1.0081	33407817	1.068	33396242	72763.0891916267	33402014	911468.108322587	33407817	1808041.19850187
280	33483072	69886	33488859	901818	33494678	938359	33483072	0.84262	33488859	1.00796	33494678	1.06663	33483072	82938.9285799055	33488859	894696.218103893	33494678	879741.8036245	33499639	81315	33505426	957076	33511230	950380	33499639	0.84257	33505426	1.00767	33511230	1.06776	33499639	96508.3019808443	33505426	949791.102245775	33511230	890068.929347419	33516222	61392	33522009	920354	33527812	1921112	33516222	0.84217	33522009	1.00755	33527812	1.06748	33516222	72897.3960126815	33522009	913457.396655253	33527812	1799670.25143328
281	33603083	70659	33608886	898778	33614689	938465	33603083	0.84191	33608886	1.00756	33614689	1.06722	33603083	83927.0230784763	33608886	892034.22128707	33614689	879354.772211915	33619665	80851	33625469	953319	33631272	946735	33619665	0.84303	33625469	1.00741	33631272	1.06746	33619665	95905.246551131	33625469	946306.866122036	33631272	886904.427332172	33636233	61881	33642020	921033	33647823	1914426	33636233	0.84284	33642020	1.00794	33647823	1.06792	33636233	73419.6288738076	33642020	913777.60580987	33647823	1792667.99011162
282	33723094	70810	33728881	899636	33734700	937590	33723094	0.84292	33728881	1.00823	33734700	1.0686	33723094	84005.599582404	33728881	892292.433274154	33734700	877400.336889388	33739661	80944	33745448	953877	33751267	948751	33739661	0.84259	33745448	1.00828	33751267	1.06871	33739661	96065.7021801825	33745448	946043.757686357	33751267	887753.459778612	33756244	62345	33762016	919834	33767819	1906152	33756244	0.84289	33762016	1.00806	33767819	1.06845	33756244	73965.760656788	33762016	912479.415907783	33767819	1784034.81679068
283	33843105	70480	33848892	901182	33854695	935163	33843105	0.84273	33848892	1.00907	33854695	1.06905	33843105	83632.9548016565	33848892	893081.748540736	33854695	874760.768906973	33859672	81366	33865459	955628	33871247	946024	33859672	0.84295	33865459	1.00846	33871247	1.06813	33859672	96525.2980603832	33865459	947611.209170418	33871247	885682.454382893	33876239	62082	33882027	922450	33887970	1896881	33876239	0.84319	33882027	1.00734	33887970	1.06782	33876239	73627.5335333673	33882027	915728.552425199	33887970	1776405.19937817
284	33963116	69795	33968903	899827	33974722	931422	33963116	0.84402	33968903	1.00832	33974722	1.06827	33963116	82693.5380678183	33968903	892402.21358299	33974722	871897.55398916	33979683	81414	33985470	956244	33991274	944065	33979683	0.84229	33985470	1.00807	33991274	1.06893	33979683	96657.9206686533	33985470	948588.887676451	33991274	883186.925243	33996266	62204	34002053	920818	34007856	1888984	33996266	0.84324	34002053	1.00889	34007856	1.06815	33996266	73767.8478250557	34002053	912704.060898611	34007856	1768463.23081964
285	34083127	70724	34088930	901328	34094733	931744	34083127	0.84318	34088930	1.00983	34094733	1.0671	34083127	83877.7010839916	34088930	892554.192289791	34094733	873155.280667229	34099709	81112	34105497	953838	34111300	943533	34099709	0.84275	34105497	1.00822	34111300	1.06841	34099709	96246.8110353011	34105497	946061.375493444	34111300	883118.840145637	34116277	62467	34122064	917145	34127852	1878646	34116277	0.843	34122064	1.00837	34127852	1.06855	34116277	74100.8303677343	34122064	909532.215357458	34127852	1758126.43301671
286	34203138	70265	34208925	899808	34214728	930152	34203138	0.84322	34208925	1.0093	34214728	1.0685	34203138	83329.3802329167	34208925	891516.892896067	34214728	870521.291530182	34219705	81585	34225492	954207	34231280	941459	34219705	0.84288	34225492	1.0087	34231280	1.0679	34219705	96793.1378132119	34225492	945977.000099138	34231280	881598.464275681	34236272	62445	34242060	918754	34247847	1876648	34236272	0.84308	34242060	1.00811	34247847	1.0679	34236272	74067.7041324667	34242060	911362.847308329	34247847	1757325.59228392
287	34323149	69999	34328936	898172	34334755	930148	34323149	0.84283	34328936	1.00853	34334755	1.06882	34323149	83052.3355836883	34328936	890575.391907033	34334755	870256.918845081	34339731	81171	34345535	952584	34351338	942257	34339731	0.8433	34345535	1.00931	34351338	1.0692	34339731	96254.0021344717	34345535	943797.247624615	34351338	881272.91432847	34356314	62287	34362102	918164	34367905	1866977	34356314	0.84294	34362102	1.00945	34367905	1.06964	34356314	73892.5664934634	34362102	909568.576947843	34367905	1745425.56374107
288	34443160	70735	34448947	896392	34454766	929668	34443160	0.84396	34448947	1.00977	34454766	1.06922	34443160	83813.2138963932	34448947	887718.985511552	34454766	869482.426441705	34459742	81598	34465530	954640	34471333	941717	34459742	0.84348	34465530	1.01012	34471333	1.06892	34459742	96739.6974439228	34465530	945075.832574348	34471333	880998.578003967	34476294	62000	34482097	918187	34487885	1860085	34476294	0.84372	34482097	1.00943	34487885	1.06939	34476294	73484.094249277	34482097	909609.383513468	34487885	1739388.81044334
289	34563171	70497	34568974	897429	34574777	926340	34563171	0.84414	34568974	1.00975	34574777	1.06928	34563171	83513.3982514749	34568974	888763.555335479	34574777	866321.262905881	34579753	81767	34585557	953105	34591360	940802	34579753	0.84316	34585557	1.00835	34591360	1.06826	34579753	96976.8489966317	34585557	945212.475826846	34591360	880686.349765038	34596336	62967	34602124	918784	34607927	1850514	34596336	0.8437	34602124	1.00935	34607927	1.06875	34596336	74631.9781913002	34602124	910272.947936791	34607927	1731475.0877193
290	34683182	70090	34688969	898690	34694772	927610	34683182	0.84289	34688969	1.00916	34694772	1.06885	34683182	83154.3855070057	34688969	890532.720282215	34694772	867857.97820087	34699749	81770	34705536	955184	34711340	940014	34699749	0.84321	34705536	1.00953	34711340	1.06897	34699749	96974.6563726711	34705536	946167.028221053	34711340	879364.247827348	34716316	62902	34722104	918503	34727907	1842026	34716316	0.84399	34722104	1.00896	34727907	1.06858	34716316	74529.3190677615	34722104	910346.297177292	34727907	1723807.2956634
291	34803193	70393	34808980	898571	34814783	926085	34803193	0.84358	34808980	1.009	34814783	1.06926	34803193	83445.5534744778	34808980	890555.996035679	34814783	866098.984344313	34819760	81545	34825547	952055	34831351	938138	34819760	0.84368	34825547	1.00887	34831351	1.06949	34819760	96653.944623554	34825547	943684.51832248	34831351	877182.582352336	34836327	62458	34842115	917810	34847902	1833449	34836327	0.84348	34842115	1.00944	34847902	1.06854	34836327	74047.9916536255	34842115	909226.898082105	34847902	1715844.98474554
292	34923204	70623	34928991	896975	34934810	923762	34923204	0.84356	34928991	1.00826	34934810	1.06804	34923204	83720.1858788942	34928991	889626.683593518	34934810	864913.299127373	34939786	81653	34945605	951817	34951408	936963	34939786	0.84363	34945605	1.00959	34951408	1.06941	34939786	96787.6912864644	34945605	942775.780267237	34951408	876149.465593178	34956369	62766	34962141	916390	34967945	1827071	34956369	0.84353	34962141	1.00865	34967945	1.06793	34956369	74408.7347219423	34962141	908531.205076092	34967945	1710852.77124905
293	35043215	70700	35049002	895194	35054821	922242	35043215	0.84296	35049002	1.00807	35054821	1.06849	35043215	83871.1208123754	35049002	888027.617129763	35054821	863126.468193432	35059797	81499	35065585	952837	35071388	936649	35059797	0.84325	35065585	1.00951	35071388	1.06954	35059797	96648.6806996739	35065585	943860.883002645	35071388	875749.387587187	35076365	62703	35082152	920399	35087956	1817831	35076365	0.84335	35082152	1.00983	35087956	1.06866	35076365	74349.9140333195	35082152	911439.549231059	35087956	1701037.74820804
294	35163226	71027	35169013	897154	35174832	920305	35163226	0.84389	35169013	1.00972	35174832	1.06953	35163226	84166.182796336	35169013	888517.608842055	35174832	860476.096977177	35179793	81992	35185581	952999	35191368	935821	35179793	0.8434	35185581	1.00873	35191368	1.06991	35179793	97216.0303533318	35185581	944751.32096795	35191368	874672.636016114	35196360	62490	35202148	917923	35207951	1808440	35196360	0.84392	35202148	1.00867	35207951	1.06857	35196360	74047.3030619016	35202148	910033.013770609	35207951	1692392.63688855
295	35283237	70788	35289024	897888	35294827	918487	35283237	0.8435	35289024	1.00957	35294827	1.06843	35283237	83921.7545939538	35289024	889376.665312955	35294827	859660.436341173	35299804	81711	35305592	951113	35311410	934840	35299804	0.84303	35305592	1.00942	35311410	1.06916	35299804	96925.3763211274	35305592	942237.126270532	35311410	874368.663249654	35316387	63228	35322174	917548	35327978	1803056	35316387	0.84343	35322174	1.0087	35327978	1.06894	35316387	74965.3201806908	35322174	909634.182611282	35327978	1686770.07128557
296	35403248	71026	35409035	898612	35414854	921083	35403248	0.84326	35409035	1.0097	35414854	1.06939	35403248	84227.8775229467	35409035	889979.201743092	35414854	861316.264412422	35419831	82310	35425618	953462	35431421	932995	35419831	0.84356	35425618	1.00969	35431421	1.06929	35419831	97574.5649390678	35425618	944311.62039834	35431421	872536.917019705	35436398	63000	35442185	920852	35447989	1797262	35436398	0.84322	35442185	1.00964	35447989	1.06978	35436398	74713.5978748132	35442185	912059.744067192	35447989	1680029.53878368
297	35523259	70840	35529062	896175	35534865	917012	35523259	0.84396	35529062	1.00969	35534865	1.0681	35523259	83937.627375705	35529062	887574.404024998	35534865	858545.080048685	35539842	82357	35545645	952328	35551448	932383	35539842	0.84239	35545645	1.00914	35551448	1.06898	35539842	97765.8804116858	35545645	943702.558614266	35551448	872217.440924994	35556424	63678	35562212	919333	35568015	1786706	35556424	0.84299	35562212	1.00826	35568015	1.0674	35556424	75538.2626128424	35562212	911801.519449348	35568015	1673886.07832115
298	35643270	70403	35649073	894818	35654876	914592	35643270	0.84403	35649073	1.00849	35654876	1.06839	35643270	83412.9118633224	35649073	887284.95076798	35654876	856046.949147783	35659868	82590	35665671	951974	35671475	933027	35659868	0.84313	35665671	1.00911	35671475	1.06862	35659868	97956.4242762089	35665671	943379.809931524	35671475	873113.922629185	35676451	62896	35682239	917327	35688042	1780561	35676451	0.84225	35682239	1.00864	35688042	1.06989	35676451	74676.1650341348	35682239	909469.186230964	35688042	1664246.79172625
299	35763281	69944	35769084	893833	35774887	915272	35763281	0.8441	35769084	1.00829	35774887	1.0699	35763281	82862.2201161	35769084	886484.047248312	35774887	855474.343396579	35779864	81768	35785651	951608	35791454	932008	35779864	0.84349	35785651	1.00811	35791454	1.0695	35779864	96940.0941327105	35785651	943952.544861176	35791454	871442.730247779	35796431	63445	35802218	916110	35808022	1772858	35796431	0.84302	35802218	1.00824	35808022	1.06948	35796431	75259.1872078954	35802218	908622.946917401	35808022	1657682.23809702
300	35883292	70831	35889079	894248	35894898	914373	35883292	0.84335	35889079	1.01026	35894898	1.06928	35883292	83987.6682279006	35889079	885166.194840932	35894898	855129.619931169	35899859	82387	35905647	952383	35911434	930589	35899859	0.84386	35905647	1.00939	35911434	1.06877	35899859	97631.1236461024	35905647	943523.316062176	35911434	870710.255714513	35916426	63254	35922198	917920	35928001	1763984	35916426	0.84413	35922198	1.00986	35928001	1.0702	35916426	74933.9556703351	35922198	908957.677301804	35928001	1648275.08876845
301	36003303	70637	36009090	896029	36014909	913275	36003303	0.84371	36009090	1.01052	36014909	1.0695	36003303	83721.8949639094	36009090	886700.906463999	36014909	853927.068723703	36019870	81735	36025673	949865	36031492	929320	36019870	0.84306	36025673	1.00969	36031492	1.0698	36019870	96950.3949896805	36025673	940749.140825402	36031492	868685.735651524	36036453	63046	36042240	917594	36048044	1758043	36036453	0.84395	36042240	1.00998	36048044	1.07012	36036453	74703.4776941762	36042240	908526.901522803	36048044	1642846.59664337