HJY Multigroup Import
Application Version:	3.5.1.20
SystemConfiguration::	FL3-11_1602C-0213-FL
Experiment Time Stamp:	9/24/2025 3:36 PM
Export Time Stamp:	9/24/2025 9:44 PM
Experiment Comment:	None

Integration Time:	1
Time Sequence Interval Points:	301
Time Sequence Experiment Duration:	10:00:00	36000000 (ms)
Repetition Time Sequence Enabled:	False
Repetition Time Sequence Count:	2
Repetition Time Sequence Delay:	0 seconds
Time Sequence Interval Total Points:	301
Time Sequence Experiment Duration Total:	10:00:00	36000000 (ms)

Mono Count:	2
Mono Description:	Excitation 1 (Mono1)	Emission 1 (Mono2)
Mono Slit Width:		5	5
Mono Grating Index:		0	0
Mono Grating Value:		1200	1200

Mono Wavelength Group Count:	3
Mono Wavelength Group Description:	Group 1:(Excitation 1:596 Emission 1:615)	Group 2:(Excitation 1:549 Emission 1:565)	Group 3:(Excitation 1:495 Emission 1:520)

Detector Count:	3
Detector Description:	S1 (SCD1)	R (SCD2)	S1/R (SCD1/SCD2)
Detector High Voltage:	950	None	None

Accessory Sequential Type:	Temperature Controller
Accessory Sequential Description:	Temperature Control (TC1)
Accessory Sequential Scan Position Count:	1
Accessory Sequential Scan Positions:		37

Accessory Interleave Type:	Sample Changer
Accessory Interleave Description:	Sample Changer - 4 Position (SCH1)
Accessory Interleave Scan Position Count:	3
Accessory Interleave Scan Positions:	1	2	3

Axis	X	Y	X	Y	X	Y	X	Y	X	Y	X	Y	X	Y	X	Y	X	Y	X	Y	X	Y	X	Y	X	Y	X	Y	X	Y	X	Y	X	Y	X	Y	X	Y	X	Y	X	Y	X	Y	X	Y	X	Y	X	Y	X	Y	X	Y
Sequential: Temperature Controller	Idx:0(Pos:37.00)	Idx:0(Pos:37.00)	Idx:0(Pos:37.00)	Idx:0(Pos:37.00)	Idx:0(Pos:37.00)	Idx:0(Pos:37.00)	Idx:0(Pos:37.00)	Idx:0(Pos:37.00)	Idx:0(Pos:37.00)	Idx:0(Pos:37.00)	Idx:0(Pos:37.00)	Idx:0(Pos:37.00)	Idx:0(Pos:37.00)	Idx:0(Pos:37.00)	Idx:0(Pos:37.00)	Idx:0(Pos:37.00)	Idx:0(Pos:37.00)	Idx:0(Pos:37.00)	Idx:0(Pos:37.00)	Idx:0(Pos:37.00)	Idx:0(Pos:37.00)	Idx:0(Pos:37.00)	Idx:0(Pos:37.00)	Idx:0(Pos:37.00)	Idx:0(Pos:37.00)	Idx:0(Pos:37.00)	Idx:0(Pos:37.00)	Idx:0(Pos:37.00)	Idx:0(Pos:37.00)	Idx:0(Pos:37.00)	Idx:0(Pos:37.00)	Idx:0(Pos:37.00)	Idx:0(Pos:37.00)	Idx:0(Pos:37.00)	Idx:0(Pos:37.00)	Idx:0(Pos:37.00)	Idx:0(Pos:37.00)	Idx:0(Pos:37.00)	Idx:0(Pos:37.00)	Idx:0(Pos:37.00)	Idx:0(Pos:37.00)	Idx:0(Pos:37.00)	Idx:0(Pos:37.00)	Idx:0(Pos:37.00)	Idx:0(Pos:37.00)	Idx:0(Pos:37.00)	Idx:0(Pos:37.00)	Idx:0(Pos:37.00)	Idx:0(Pos:37.00)	Idx:0(Pos:37.00)	Idx:0(Pos:37.00)	Idx:0(Pos:37.00)	Idx:0(Pos:37.00)	Idx:0(Pos:37.00)
Interleave: Sample Changer	Idx:0(Pos:1)	Idx:0(Pos:1)	Idx:0(Pos:1)	Idx:0(Pos:1)	Idx:0(Pos:1)	Idx:0(Pos:1)	Idx:0(Pos:1)	Idx:0(Pos:1)	Idx:0(Pos:1)	Idx:0(Pos:1)	Idx:0(Pos:1)	Idx:0(Pos:1)	Idx:0(Pos:1)	Idx:0(Pos:1)	Idx:0(Pos:1)	Idx:0(Pos:1)	Idx:0(Pos:1)	Idx:0(Pos:1)	Idx:1(Pos:2)	Idx:1(Pos:2)	Idx:1(Pos:2)	Idx:1(Pos:2)	Idx:1(Pos:2)	Idx:1(Pos:2)	Idx:1(Pos:2)	Idx:1(Pos:2)	Idx:1(Pos:2)	Idx:1(Pos:2)	Idx:1(Pos:2)	Idx:1(Pos:2)	Idx:1(Pos:2)	Idx:1(Pos:2)	Idx:1(Pos:2)	Idx:1(Pos:2)	Idx:1(Pos:2)	Idx:1(Pos:2)	Idx:2(Pos:3)	Idx:2(Pos:3)	Idx:2(Pos:3)	Idx:2(Pos:3)	Idx:2(Pos:3)	Idx:2(Pos:3)	Idx:2(Pos:3)	Idx:2(Pos:3)	Idx:2(Pos:3)	Idx:2(Pos:3)	Idx:2(Pos:3)	Idx:2(Pos:3)	Idx:2(Pos:3)	Idx:2(Pos:3)	Idx:2(Pos:3)	Idx:2(Pos:3)	Idx:2(Pos:3)	Idx:2(Pos:3)
Detector	S1 (SCD1)	S1 (SCD1)	S1 (SCD1)	S1 (SCD1)	S1 (SCD1)	S1 (SCD1)	R (SCD2)	R (SCD2)	R (SCD2)	R (SCD2)	R (SCD2)	R (SCD2)	S1/R (SCD1/SCD2)	S1/R (SCD1/SCD2)	S1/R (SCD1/SCD2)	S1/R (SCD1/SCD2)	S1/R (SCD1/SCD2)	S1/R (SCD1/SCD2)	S1 (SCD1)	S1 (SCD1)	S1 (SCD1)	S1 (SCD1)	S1 (SCD1)	S1 (SCD1)	R (SCD2)	R (SCD2)	R (SCD2)	R (SCD2)	R (SCD2)	R (SCD2)	S1/R (SCD1/SCD2)	S1/R (SCD1/SCD2)	S1/R (SCD1/SCD2)	S1/R (SCD1/SCD2)	S1/R (SCD1/SCD2)	S1/R (SCD1/SCD2)	S1 (SCD1)	S1 (SCD1)	S1 (SCD1)	S1 (SCD1)	S1 (SCD1)	S1 (SCD1)	R (SCD2)	R (SCD2)	R (SCD2)	R (SCD2)	R (SCD2)	R (SCD2)	S1/R (SCD1/SCD2)	S1/R (SCD1/SCD2)	S1/R (SCD1/SCD2)	S1/R (SCD1/SCD2)	S1/R (SCD1/SCD2)	S1/R (SCD1/SCD2)
WL Group	1	1	2	2	3	3	1	1	2	2	3	3	1	1	2	2	3	3	1	1	2	2	3	3	1	1	2	2	3	3	1	1	2	2	3	3	1	1	2	2	3	3	1	1	2	2	3	3	1	1	2	2	3	3
Units	(ms)	CPS	(ms)	CPS	(ms)	CPS	(ms)	MicroAmps	(ms)	MicroAmps	(ms)	MicroAmps	(ms)	CPS	(ms)	CPS	(ms)	CPS	(ms)	CPS	(ms)	CPS	(ms)	CPS	(ms)	MicroAmps	(ms)	MicroAmps	(ms)	MicroAmps	(ms)	CPS	(ms)	CPS	(ms)	CPS	(ms)	CPS	(ms)	CPS	(ms)	CPS	(ms)	MicroAmps	(ms)	MicroAmps	(ms)	MicroAmps	(ms)	CPS	(ms)	CPS	(ms)	CPS
1	0	96044	5787	1264265	11590	2688923	0	0.83768	5787	1.00437	11590	1.05628	0	114654.760767835	5787	1258764.20044406	11590	2545653.61457189	16567	93119	22339	1217329	28142	2616500	16567	0.83868	22339	1.00445	28142	1.05709	16567	111030.428769018	22339	1211935.88531037	28142	2475191.32713392	33118	86704	38906	1210455	44709	2689567	33118	0.83839	38906	1.00509	44709	1.05564	33118	103417.264041794	38906	1204324.98582217	44709	2547807.01754386
2	120011	95907	125798	1061639	131601	2551363	120011	0.83813	125798	1.0041	131601	1.05574	120011	114429.74240273	125798	1057304.05338114	131601	2416658.45757478	136562	92267	142350	1028593	148153	2491868	136562	0.83845	142350	1.00478	148153	1.05632	136562	110044.725386129	142350	1023699.71536058	148153	2359008.63374735	153129	86325	158917	1030277	164720	2565480	153129	0.83869	158917	1.00533	164720	1.05599	153129	102928.376396523	158917	1024814.73744939	164720	2429454.82438281
3	240022	96089	245809	1030951	251628	2504530	240022	0.83811	245809	1.00463	251628	1.05554	240022	114649.62833041	245809	1026199.69541025	251628	2372747.59838566	256604	93054	262392	996933	268195	2465989	256604	0.83753	262392	1.00472	268195	1.05597	256604	111105.273840937	262392	992249.581973087	268195	2335283.19933331	273172	87131	278959	996007	284762	2537104	273172	0.83782	278959	1.00409	284762	1.05507	273172	103997.278651739	278959	991949.924807537	284762	2404678.3625731
4	360033	95701	365820	1022209	371623	2470258	360033	0.83793	365820	1.00523	371623	1.05553	360033	114211.210960343	365820	1016890.66183858	371623	2340301.08097354	376584	93664	382372	990773	388175	2455014	376584	0.8386	382372	1.0049	388175	1.05659	376584	111690.91342714	382372	985941.884764653	388175	2323525.68167407	393151	87244	398939	986647	404742	2521655	393151	0.83876	398939	1.00467	404742	1.05585	393151	104015.451380609	398939	982060.776175262	404742	2388270.11412606
5	480044	96170	485831	1020576	491650	2449521	480044	0.83861	485831	1.00527	491650	1.0565	480044	114677.859791798	485831	1015225.76024352	491650	2318524.37292948	496611	93284	502398	988463	508233	2445085	496611	0.83841	502398	1.00437	508233	1.05542	496611	111262.985889958	502398	984162.21113733	508233	2316693.8280495	513194	87135	519028	984943	524831	2516568	513194	0.83797	519028	1.00485	524831	1.05601	513194	103983.436161199	519028	980189.082947704	524831	2383091.06921336
6	600055	96526	605842	1018911	611661	2424447	600055	0.83822	605842	1.00454	611661	1.0565	600055	115155.925651977	605842	1014306.05053059	611661	2294791.29200189	616622	93403	622394	992065	628213	2441298	616622	0.83807	622394	1.00479	628213	1.05536	616622	111450.117531948	622394	987335.662178167	628213	2313237.18920558	633189	87515	638977	982158	644764	2508853	633189	0.8375	638977	1.00385	644764	1.05567	633189	104495.52238806	638977	978391.193903472	644764	2376550.43716313
7	720066	96544	725853	1019198	731672	2405193	720066	0.83888	725853	1.00529	731672	1.05603	720066	115086.782376502	725853	1013834.81383481	731672	2277580.18238118	736633	93494	742405	991752	748208	2437687	736633	0.83824	742405	1.00517	748208	1.05659	736633	111536.075586944	742405	986651.014256295	748208	2307126.70004448	753184	87844	758972	982750	764775	2506176	753184	0.83811	758972	1.00427	764775	1.05597	753184	104812.017515601	758972	978571.499696297	764775	2373340.15170886
8	840077	96684	845864	1018684	851683	2389264	840077	0.83841	845864	1.00455	851683	1.05553	840077	115318.281031953	845864	1014069.98158379	851683	2263568.06533211	856644	93287	862416	989162	868219	2429567	856644	0.83809	862416	1.00529	868219	1.05647	856644	111309.047954277	862416	983956.868167395	868219	2299702.78379888	873195	87791	878967	982178	884771	2496863	873195	0.83812	878967	1.00497	884771	1.05497	873195	104747.530186608	878967	977320.716041275	884771	2366762.08802146
9	960088	96159	965875	1016264	971694	2378183	960088	0.83832	965875	1.0053	971694	1.0573	960088	114704.408817635	965875	1010906.19715508	971694	2249298.21242788	976655	94073	982442	990919	988246	2424504	976655	0.83899	982442	1.00524	988246	1.0567	976655	112126.485416989	982442	985753.650869444	988246	2294410.90186429	993238	88069	999010	981967	1004813	2492093	993238	0.83819	999010	1.00468	1004813	1.05574	993238	105070.449420776	999010	977392.8016881	1004813	2360517.7411105
10	1080099	97158	1085886	1016403	1091705	2362454	1080099	0.83848	1085886	1.00455	1091705	1.05624	1080099	115873.962408167	1085886	1011799.31312528	1091705	2236664.015754	1096681	94346	1102469	990261	1108288	2421023	1096681	0.83794	1102469	1.00467	1108288	1.05585	1096681	112592.78707306	1102469	985657.97724626	1108288	2292961.12137141	1113264	87975	1119052	982062	1124839	2491780	1113264	0.83822	1119052	1.00462	1124839	1.0563	1113264	104954.546539095	1119052	977545.738687265	1124839	2358969.98958629
11	1200110	86635	1205897	622077	1211700	2458647	1200110	0.83747	1205897	1.00445	1211700	1.05524	1200110	103448.481736659	1205897	619321.021454527	1211700	2329941.05606308	1216677	86917	1222464	634170	1228252	2493169	1216677	0.83747	1222464	1.00541	1228252	1.05563	1216677	103785.210216485	1222464	630757.601376553	1228252	2361783.0110929	1233228	82419	1239016	649591	1244819	2464918	1233228	0.83803	1239016	1.00495	1244819	1.05593	1233228	98348.5078099829	1239016	646391.362754366	1244819	2334357.39111494
12	1320121	85963	1325908	324900	1331727	2447949	1320121	0.83798	1325908	1.00431	1331727	1.05529	1320121	102583.593880522	1325908	323505.690474057	1331727	2319693.16491201	1336703	85959	1342475	327090	1348263	2486415	1336703	0.83832	1342475	1.00484	1348263	1.05587	1336703	102537.217291726	1342475	325514.5097727	1348263	2354849.55534299	1353255	81891	1359027	323261	1364830	2454847	1353255	0.838	1359027	1.00429	1364830	1.05535	1353255	97721.9570405728	1359027	321880.134224178	1364830	2326097.50319799
13	1440132	85697	1445919	180148	1451722	2444219	1440132	0.8382	1445919	1.00415	1451722	1.0555	1440132	102239.322357433	1445919	179403.475576358	1451722	2315697.77356703	1456699	85412	1462471	182002	1468274	2482708	1456699	0.83833	1462471	1.00435	1468274	1.05521	1456699	101883.506495056	1462471	181213.720316623	1468274	2352809.39339089	1473250	81766	1479038	176708	1484841	2451925	1473250	0.83806	1479038	1.0044	1484841	1.0571	1473250	97565.8067441472	1479038	175933.890880127	1484841	2319482.54658973
14	1560143	84929	1565946	106686	1571749	2437876	1560143	0.83759	1565946	1.00436	1571749	1.05523	1560143	101396.864814527	1565946	106222.868294237	1571749	2310279.27560816	1576725	85076	1582497	108321	1588301	2481496	1576725	0.83776	1582497	1.00407	1588301	1.05578	1576725	101551.757066463	1582497	107881.920583226	1588301	2350391.17998068	1593277	80888	1599065	105378	1604852	2448128	1593277	0.83803	1599065	1.00478	1604852	1.05461	1593277	96521.6042385118	1599065	104876.689424551	1604852	2321358.60649909
15	1680154	85444	1685941	68726	1691744	2438928	1680154	0.83833	1685941	1.00434	1691744	1.05673	1680154	101921.677620985	1685941	68429.0180616126	1691744	2307995.41983288	1696721	85245	1702493	69437	1708281	2478320	1696721	0.83823	1702493	1.00436	1708281	1.05617	1696721	101696.431766937	1702493	69135.5689195109	1708281	2346516.18584129	1713257	81754	1719045	68154	1724848	2447140	1713257	0.8386	1719045	1.00429	1724848	1.05553	1713257	97488.6715955164	1719045	67862.8682950144	1724848	2318399.2875617
16	1800165	84782	1805952	47159	1811755	2435820	1800165	0.83751	1805952	1.00423	1811755	1.05567	1800165	101231.030077253	1805952	46960.3576869841	1811755	2307368.78001648	1816732	85398	1822504	48795	1828307	2478658	1816732	0.83788	1822504	1.00395	1828307	1.05546	1816732	101921.516207571	1822504	48603.0180785896	1828307	2348414.90913914	1833284	81181	1839071	48046	1844874	2443830	1833284	0.83762	1839071	1.004	1844874	1.05493	1833284	96918.6504620234	1839071	47854.5816733068	1844874	2316580.24703061
17	1920176	84530	1925963	35843	1931782	2434776	1920176	0.83701	1925963	1.00452	1931782	1.05615	1920176	100990.430221861	1925963	35681.7186317843	1931782	2305331.62902997	1936743	84805	1942531	37113	1948334	2472707	1936743	0.83779	1942531	1.00441	1948334	1.0551	1936743	101224.650568758	1942531	36950.0502782728	1948334	2343575.96436357	1953310	81057	1959098	36846	1964885	2439625	1953310	0.83753	1959098	1.00487	1964885	1.05422	1953310	96781.0108294628	1959098	36667.4296177615	1964885	2314151.69509211
18	2040187	84686	2045974	29094	2051793	2429424	2040187	0.8381	2045974	1.00523	2051793	1.05589	2040187	101045.22133397	2045974	28942.6300448654	2051793	2300830.57894288	2056754	85631	2062526	30393	2068329	2473641	2056754	0.83756	2062526	1.00413	2068329	1.05546	2056754	102238.64558957	2062526	30267.993188133	2068329	2343661.53146495	2073306	81522	2079093	30355	2084881	2442533	2073306	0.83811	2079093	1.0044	2084881	1.05619	2073306	97268.8549235781	2079093	30222.0230983672	2084881	2312588.64408866
19	2160198	84864	2165985	25122	2171804	2425782	2160198	0.8381	2165985	1.00467	2171804	1.05562	2160198	101257.606490872	2165985	25005.2255964645	2171804	2297968.96610523	2176765	85814	2182553	25739	2188340	2469825	2176765	0.83759	2182553	1.00423	2188340	1.05512	2176765	102453.467687055	2182553	25630.582635452	2188340	2340800.09856699	2193317	81274	2199104	26265	2204907	2441417	2193317	0.8383	2199104	1.00437	2204907	1.05642	2193317	96950.9722056543	2199104	26150.7213477105	2204907	2311028.75750175
20	2280209	84755	2285996	22589	2291815	2430854	2280209	0.83786	2285996	1.00427	2291815	1.05589	2280209	101156.517795336	2285996	22492.9550818007	2291815	2302184.88668327	2296776	85915	2302564	23114	2308351	2470083	2296776	0.83726	2302564	1.00352	2308351	1.05386	2296776	102614.480567566	2302564	23032.9241071429	2308351	2343843.58453685	2313343	81140	2319131	23675	2324918	2441051	2313343	0.83774	2319131	1.00386	2324918	1.05524	2313343	96855.8263900494	2319131	23583.9658916582	2324918	2313266.17641484
21	2400220	85200	2406007	20913	2411826	2429136	2400220	0.83777	2406007	1.00488	2411826	1.05651	2400220	101698.556883154	2406007	20811.4401719608	2411826	2299207.76897521	2416787	85947	2422575	21341	2428378	2464920	2416787	0.83874	2422575	1.00403	2428378	1.05556	2416787	102471.564489592	2422575	21255.3409758673	2428378	2335177.53609459	2433354	81163	2439142	22083	2444945	2438233	2433354	0.83818	2439142	1.00477	2444945	1.05577	2433354	96832.422629984	2439142	21978.1641569712	2444945	2309435.76725991
22	2520231	85043	2526003	19620	2531806	2421858	2520231	0.83801	2526003	1.00414	2531806	1.05638	2520231	101482.082552714	2526003	19539.1080924971	2531806	2292601.14731441	2536782	85291	2542570	20197	2548358	2467855	2536782	0.83866	2542570	1.00514	2548358	1.05605	2536782	101699.139102855	2542570	20093.7182879997	2548358	2336873.25410729	2553334	81137	2559137	20580	2564940	2435912	2553334	0.83839	2559137	1.00503	2564940	1.05585	2553334	96777.1562160808	2559137	20477.0006865467	2564940	2307062.55623431
23	2640242	84814	2646014	18587	2651848	2421033	2640242	0.83869	2646014	1.00421	2651848	1.05594	2640242	101126.757204688	2646014	18509.0767867279	2651848	2292775.15767941	2656809	85818	2662597	18949	2668400	2465258	2656809	0.83773	2662597	1.00459	2668400	1.0556	2656809	102441.120647464	2662597	18862.4214853821	2668400	2335409.24592649	2673376	81306	2679164	19940	2684967	2435859	2673376	0.83847	2679164	1.00414	2684967	1.05695	2673376	96969.4801245125	2679164	19857.7887545561	2684967	2304611.38180614
24	2760253	84768	2766040	17839	2771844	2419109	2760253	0.83829	2766040	1.00516	2771844	1.05625	2760253	101120.13742261	2766040	17747.4232957937	2771844	2290280.71005917	2776820	85513	2782592	18402	2788411	2466371	2776820	0.83851	2782592	1.00474	2788411	1.05594	2776820	101982.087273855	2782592	18315.1860182734	2788411	2335711.3093547	2793403	81672	2799175	19154	2804962	2433493	2793403	0.83828	2799175	1.00463	2804962	1.05607	2793403	97428.0669943217	2799175	19065.725690055	2804962	2304291.38220004
25	2880264	84227	2886051	17250	2891855	2414447	2880264	0.83703	2886051	1.00315	2891855	1.05475	2880264	100626.02296214	2886051	17195.8331256542	2891855	2289117.80042664	2896831	85782	2902603	18057	2908406	2465833	2896831	0.83684	2902603	1.00372	2908406	1.05545	2896831	102507.050332202	2902603	17990.0769138804	2908406	2336285.94438391	2913398	81548	2919170	18357	2924973	2431386	2913398	0.83742	2919170	1.00392	2924973	1.05528	2913398	97380.0482434143	2919170	18285.3215395649	2924973	2304019.78621788
26	3000275	82651	3006062	16527	3011881	2365132	3000275	0.8387	3006062	1.00317	3011881	1.05552	3000275	98546.5601526172	3006062	16474.7749633661	3011881	2240726.84553585	3016858	80465	3022645	16332	3028433	2373661	3016858	0.83791	3022645	1.00345	3028433	1.05556	3016858	96030.5999451015	3022645	16275.8483232847	3028433	2248722.00538103	3033425	77446	3039197	17849	3045000	2354251	3033425	0.838	3039197	1.00369	3045000	1.05538	3033425	92417.661097852	3039197	17783.3793302713	3045000	2230714.05560083
27	3120286	81600	3126058	15921	3131877	2355342	3120286	0.83774	3126058	1.00327	3131877	1.05455	3120286	97404.9227684007	3126058	15869.1080167851	3131877	2233504.33834337	3136853	80557	3142641	15671	3148428	2360023	3136853	0.83739	3142641	1.0037	3148428	1.05467	3136853	96200.0979233093	3142641	15613.231045133	3148428	2237688.56609176	3153405	77567	3159192	17417	3164995	2343978	3153405	0.83775	3159192	1.00325	3164995	1.05513	3153405	92589.674723963	3159192	17360.5781211064	3164995	2221506.3546672
28	3240297	81809	3246069	15302	3251888	2348805	3240297	0.83737	3246069	1.00399	3251888	1.05503	3240297	97697.5530530112	3246069	15241.1876612317	3251888	2226292.14335137	3256864	80971	3262636	15275	3268439	2354744	3256864	0.83734	3262636	1.00458	3268439	1.05493	3256864	96700.2651252777	3262636	15205.359453702	3268439	2232132.93773047	3273431	77407	3279219	17142	3285006	2343188	3273431	0.83761	3279219	1.00397	3285006	1.05562	3273431	92414.1306813433	3279219	17074.215365001	3285006	2219726.79562721
29	3360308	82104	3366080	14969	3371883	2350242	3360308	0.83753	3366080	1.00447	3371883	1.05541	3360308	98031.1153033324	3366080	14902.3863330911	3371883	2226852.12381918	3376859	81220	3382647	15070	3388435	2358252	3376859	0.83757	3382647	1.0042	3388435	1.05525	3376859	96970.9994388529	3382647	15006.9707229636	3388435	2234780.38379531	3393427	77751	3399214	16629	3405017	2337808	3393427	0.8376	3399214	1.00419	3405017	1.0556	3393427	92825.9312320917	3399214	16559.6152122606	3405017	2214672.2243274
30	3480319	82161	3486106	14579	3491910	2346179	3480319	0.83748	3486106	1.00476	3491910	1.05578	3480319	98105.0293738358	3486106	14509.9327202516	3491910	2222223.37987081	3496886	81033	3502674	14816	3508461	2354822	3496886	0.83745	3502674	1.00297	3508461	1.05577	3496886	96761.5977073258	3502674	14772.1267834531	3508461	2230430.87036002	3513453	77406	3519241	16487	3525044	2336120	3513453	0.83796	3519241	1.00461	3525044	1.05626	3513453	92374.3376772161	3519241	16411.3437055176	3525044	2211690.30352375
31	3600330	78267	3606117	16479	3611905	2257114	3600330	0.83796	3606117	1.00431	3611905	1.05548	3600330	93401.833023056	3606117	16408.2803118559	3611905	2138471.5958616	3616881	76310	3622653	15855	3628457	2268445	3616881	0.83838	3622653	1.00451	3628457	1.05667	3616881	91020.7781674181	3622653	15783.8149943754	3628457	2146786.60319684	3633433	73732	3639221	17538	3645040	2256408	3633433	0.83822	3639221	1.00518	3645040	1.05626	3633433	87962.5873875594	3639221	17447.6213215544	3645040	2136224.03574877
32	3720341	76587	3726128	17284	3731916	2236309	3720341	0.83784	3726128	1.00436	3731916	1.05552	3720341	91410.054425666	3726128	17208.9688956151	3731916	2118679.89237532	3736892	76149	3742680	16920	3748483	2251047	3736892	0.83778	3742680	1.00551	3748483	1.05708	3736892	90893.7907326506	3742680	16827.2816779545	3748483	2129495.40242933	3753460	72418	3759247	19178	3765051	2236463	3753460	0.83792	3759247	1.0044	3765051	1.05608	3753460	86425.9117815543	3759247	19093.9864595779	3765051	2117702.25740474
33	3840352	75363	3846139	19422	3851943	2180571	3840352	0.83798	3846139	1.00455	3851943	1.0569	3840352	89934.127306141	3846139	19334.0301627594	3851943	2063176.27022424	3856919	73949	3862707	19218	3868510	2195124	3856919	0.83873	3862707	1.00445	3868510	1.05612	3856919	88167.8251642364	3862707	19132.858778436	3868510	2078479.71821384	3873486	66041	3879258	21567	3885062	2185516	3873486	0.83835	3879258	1.00397	3885062	1.05635	3873486	78774.9746525914	3879258	21481.7175812026	3885062	2068931.69877408
34	3960363	73912	3966150	21757	3971954	2081087	3960363	0.83751	3966150	1.00392	3971954	1.0559	3960363	88252.0805721723	3966150	21672.0455813212	3971954	1970912.96524292	3976930	70442	3982718	21548	3988521	2096459	3976930	0.83762	3982718	1.00383	3988521	1.05654	3976930	84097.8009121081	3982718	21465.7860394688	3988521	1984268.46120355	3993482	53555	3999269	24853	4005073	2093016	3993482	0.83806	3999269	1.00449	4005073	1.05669	3993482	63903.5391260769	3999269	24741.9088293562	4005073	1980728.50126338
35	4080374	71908	4086161	24164	4091980	1947931	4080374	0.83831	4086161	1.00446	4091980	1.05642	4080374	85777.3377390226	4086161	24056.7070863947	4091980	1843898.26016168	4096941	64861	4102713	25069	4108516	1964647	4096941	0.8381	4102713	1.00444	4108516	1.0563	4096941	77390.5261901921	4102713	24958.1856556887	4108516	1859932.7842469	4113493	42447	4119280	28074	4125084	1963988	4113493	0.83783	4119280	1.00403	4125084	1.05615	4113493	50663.0223314992	4119280	27961.3158969354	4125084	1859572.9773233
36	4200385	69991	4206172	28012	4211991	1790336	4200385	0.83809	4206172	1.00412	4211991	1.05616	4200385	83512.5105895548	4206172	27897.0640959248	4211991	1695137.10043933	4216952	58831	4222740	28410	4228527	1813062	4216952	0.83862	4222740	1.00426	4228527	1.05605	4216952	70152.1547303904	4222740	28289.4867862904	4228527	1716833.4832631	4233504	35116	4239291	32339	4245095	1814429	4233504	0.83823	4239291	1.00384	4245095	1.0558	4233504	41893.0365174236	4239291	32215.2932738285	4245095	1718534.76037128
37	4320396	67399	4326183	31736	4331987	1622411	4320396	0.83786	4326183	1.00449	4331987	1.05615	4320396	80441.8399255246	4326183	31594.1423010682	4331987	1536155.84907447	4336963	52394	4342735	32730	4348538	1651588	4336963	0.83791	4342735	1.00548	4348538	1.05652	4336963	62529.3885978208	4342735	32551.6171380833	4348538	1563234.01355393	4353515	30238	4359302	37467	4365106	1662534	4353515	0.83799	4359302	1.00421	4365106	1.05674	4353515	36083.9628157854	4359302	37309.9252148455	4365106	1573266.83952533
38	4440407	64692	4446179	35912	4451982	1462899	4440407	0.838	4446179	1.00454	4451982	1.05575	4440407	77198.0906921241	4446179	35749.6963784419	4451982	1385649.06464599	4456959	46847	4462731	38555	4468534	1497959	4456959	0.83803	4462731	1.00404	4468534	1.05632	4456959	55901.3400474923	4462731	38399.8645472292	4468534	1418092.05543775	4473526	26875	4479313	42815	4485117	1514872	4473526	0.83829	4479313	1.00466	4485117	1.05634	4473526	32059.311216882	4479313	42616.4075408596	4485117	1434076.14972452
39	4560418	62920	4566206	40060	4572009	1316036	4560418	0.83858	4566206	1.0044	4572009	1.05602	4560418	75031.6010398531	4566206	39884.5081640781	4572009	1246222.60942028	4576985	42119	4582773	43746	4588560	1362402	4576985	0.8377	4582773	1.00443	4588560	1.05487	4576985	50279.3362779038	4582773	43553.0599444461	4588560	1291535.44986586	4593537	24626	4599324	49281	4605128	1383022	4593537	0.83818	4599324	1.00428	4605128	1.05593	4593537	29380.3240354101	4599324	49070.9762217708	4605128	1309766.74590172
40	4680429	60102	4686201	44030	4692020	1192750	4680429	0.83777	4686201	1.00483	4692020	1.05599	4680429	71740.4538238419	4686201	43818.3573340764	4692020	1129508.80216669	4696996	39149	4702784	49030	4708587	1249656	4696996	0.83796	4702784	1.00456	4708587	1.05629	4696996	46719.4138145019	4702784	48807.4380823445	4708587	1183061.4698615	4713563	22801	4719351	55523	4725154	1274688	4713563	0.83893	4719351	1.00495	4725154	1.05635	4713563	27178.6680652736	4719351	55249.5149012389	4725154	1206690.96416907
41	4800440	58150	4806228	48208	4812031	1092587	4800440	0.83786	4806228	1.00469	4812031	1.05629	4800440	69403.0028883107	4806228	47982.9599179847	4812031	1034362.72235844	4817007	35696	4822795	54727	4828614	1159205	4817007	0.83812	4822795	1.004	4828614	1.0559	4817007	42590.5598243688	4822795	54508.9641434263	4828614	1097835.96931528	4833590	21652	4839362	62207	4845165	1188902	4833590	0.83768	4839362	1.00406	4845165	1.05542	4833590	25847.579027791	4839362	61955.4608290341	4845165	1126472.87335847
42	4920451	56283	4926239	52018	4932057	1013804	4920451	0.83774	4926239	1.00318	4932057	1.05489	4920451	67184.329266837	4926239	51853.1071193604	4932057	961051.863227446	4937034	33340	4942806	60059	4948593	1094741	4937034	0.83725	4942806	1.00455	4948593	1.05602	4937034	39820.8420424007	4942806	59786.9692897317	4948593	1036666.91918714	4953585	20672	4959357	68670	4965161	1125013	4953585	0.83801	4959357	1.00434	4965161	1.0561	4953585	24667.9633894584	4959357	68373.260051377	4965161	1065252.34352808
43	5040462	54265	5046234	54820	5052022	956819	5040462	0.83759	5046234	1.00379	5052022	1.05652	5040462	64787.0676584009	5046234	54613.0166668327	5052022	905632.643016696	5056998	31298	5062786	65322	5068589	1043192	5056998	0.83813	5062786	1.0041	5068589	1.05569	5056998	37342.6556739408	5062786	65055.2733791455	5068589	988161.297350548	5073565	20182	5079368	74946	5085172	1078428	5073565	0.83814	5079368	1.00448	5085172	1.05533	5073565	24079.5093898394	5079368	74611.7394074546	5085172	1021886.99269423
44	5160473	51825	5166261	57487	5172064	910764	5160473	0.83829	5166261	1.00463	5172064	1.0569	5160473	61822.2810721827	5166261	57222.0618536178	5172064	861731.47885325	5177040	29914	5182828	69327	5188631	1007307	5177040	0.83782	5182828	1.00452	5188631	1.05654	5177040	35704.5666133537	5182828	69015.0519651177	5188631	953401.669600773	5193607	19554	5199395	80316	5205183	1045418	5193607	0.83735	5199395	1.00408	5205183	1.05623	5193607	23352.2421926315	5199395	79989.6422595809	5205183	989763.593156794
45	5280484	50826	5286272	58846	5292090	876644	5280484	0.83907	5286272	1.00485	5292090	1.05628	5280484	60574.2071579249	5286272	58561.9744240434	5292090	829935.244442762	5297067	28173	5302854	73308	5308642	986370	5297067	0.83875	5302854	1.00477	5308642	1.05686	5297067	33589.2697466468	5302854	72959.9808911492	5308642	933302.424162141	5313634	19367	5319422	84894	5325209	1025369	5313634	0.83781	5319422	1.00416	5325209	1.05626	5313634	23116.2196679438	5319422	84542.3040152964	5325209	970754.359722038
46	5400495	52410	5406267	758471	5412070	845341	5400495	0.83847	5406267	1.0046	5412070	1.0559	5400495	62506.7086478944	5406267	754998.009157874	5412070	800588.123875367	5417047	28887	5422834	743533	5428622	967897	5417047	0.83797	5422834	1.00425	5428622	1.05598	5417047	34472.5944842894	5422834	740386.357978591	5428622	916586.488380462	5433598	19899	5439386	755243	5445205	1003192	5433598	0.83768	5439386	1.00395	5445205	1.05583	5433598	23754.8944704422	5439386	752271.527466507	5445205	950145.383252986
47	5520506	51121	5526278	776032	5532097	827099	5520506	0.83797	5526278	1.00406	5532097	1.05633	5520506	61005.7639294963	5526278	772894.050156365	5532097	782993.004080164	5537058	28252	5542845	761685	5548648	962070	5537058	0.8379	5542845	1.00391	5548648	1.05498	5537058	33717.6274018379	5542845	758718.41101294	5548648	911931.979753171	5553625	19315	5559412	771482	5565216	1001088	5553625	0.83794	5559412	1.00422	5565216	1.05568	5553625	23050.5764135857	5559412	768240.027085698	5565216	948287.359806002
48	5640517	50443	5646289	777296	5652108	811830	5640517	0.8377	5646289	1.00387	5652108	1.05639	5640517	60216.0678047034	5646289	774299.461085599	5652108	768494.590066169	5657084	27177	5662872	764210	5668675	959941	5657084	0.83828	5662872	1.004	5668675	1.0558	5657084	32419.9551462519	5662872	761165.338645418	5668675	909207.236218981	5673651	19575	5679439	775263	5685242	1006209	5673651	0.83768	5679439	1.0034	5685242	1.05633	5673651	23368.1119281826	5679439	772636.037472593	5685242	952551.759393372
49	5760528	50277	5766316	780066	5772119	799906	5760528	0.8386	5766316	1.00511	5772119	1.05639	5760528	59953.4939184355	5766316	776100.128344161	5772119	757207.092077737	5777095	26644	5782883	767278	5788686	971740	5777095	0.83817	5782883	1.00493	5788686	1.05659	5777095	31788.3007027214	5782883	763513.876588419	5788686	919694.488874587	5793662	19206	5799450	776835	5805253	1014001	5793662	0.83887	5799450	1.00523	5805253	1.05609	5793662	22895.0850548953	5799450	772793.291087612	5805253	960146.389038813
50	5880539	50228	5886327	780834	5892145	790262	5880539	0.83815	5886327	1.00422	5892145	1.0554	5880539	59927.2206645589	5886327	777552.727489992	5892145	748779.609626682	5897122	26505	5902909	768359	5908713	981129	5897122	0.83826	5902909	1.00515	5908713	1.05717	5897122	31619.0680695727	5902909	764422.225538477	5908713	928071.171145606	5913689	19018	5919477	778150	5925280	1029882	5913689	0.83884	5919477	1.00526	5925280	1.05616	5913689	22671.7848457394	5919477	774078.347890098	5925280	975119.300106045
51	6000550	50308	6006338	782860	6012141	783836	6000550	0.83846	6006338	1.00455	6012141	1.05608	6000550	60000.4770650955	6006338	779314.120750585	6012141	742212.711158245	6017117	25866	6022905	769561	6028708	993278	6017117	0.83803	6022905	1.0048	6028708	1.05649	6017117	30865.2434877033	6022905	765884.753184713	6028708	940167.914509366	6033684	19123	6039488	780023	6045291	1048512	6033684	0.83775	6039488	1.00484	6045291	1.05628	6033684	22826.6189197255	6039488	776265.873173839	6045291	992645.889347522
52	6120561	50368	6126349	786413	6132152	776394	6120561	0.83876	6126349	1.00501	6132152	1.05625	6120561	60050.5508131051	6126349	782492.711515308	6132152	735047.573964497	6137128	25549	6142916	771512	6148719	1006665	6137128	0.83862	6142916	1.0047	6148719	1.05654	6137128	30465.5266986239	6142916	767902.856574102	6148719	952794.025782271	6153696	19212	6159468	780646	6165271	1070602	6153696	0.83829	6159468	1.00431	6165271	1.05577	6153696	22918.0832408832	6159468	777295.85486553	6165271	1014048.51435445
53	6240572	50164	6246360	785941	6252163	769896	6240572	0.83772	6246360	1.00413	6252163	1.05546	6240572	59881.5833452705	6246360	782708.414249151	6252163	729441.19151839	6257139	25699	6262911	770274	6268715	1019581	6257139	0.83836	6262911	1.00423	6268715	1.05564	6257139	30653.8957011308	6262911	767029.465361521	6268715	965841.574779281	6273707	18795	6279479	781683	6285282	1088559	6273707	0.8378	6279479	1.00459	6285282	1.05494	6273707	22433.7550728097	6279479	778111.468360226	6285282	1031868.16311828
54	6360583	50434	6366371	785975	6372189	760628	6360583	0.83774	6366371	1.00503	6372189	1.05663	6360583	60202.4494473226	6366371	782041.332099539	6372189	719862.203420308	6377166	25344	6382969	772300	6388772	1037748	6377166	0.83818	6382969	1.00479	6388772	1.05625	6377166	30236.9419456441	6382969	768618.318255556	6388772	982483.313609468	6393749	19004	6399536	781743	6405340	1109767	6393749	0.83783	6399536	1.00437	6405340	1.05586	6393749	22682.4057386343	6399536	778341.647002599	6405340	1051055.06411835
55	6480594	51148	6486382	785821	6492169	753987	6480594	0.83734	6486382	1.00433	6492169	1.05551	6480594	61083.9085676069	6486382	782433.064829289	6492169	714334.30284886	6497146	25467	6502933	772652	6508721	1052774	6497146	0.83743	6502933	1.00367	6508721	1.05596	6497146	30410.9000155237	6502933	769826.735879323	6508721	996982.840259101	6513713	19169	6519501	781640	6525304	1130647	6513713	0.83803	6519501	1.00334	6525304	1.05494	6513713	22873.8827965586	6519501	779038.013036458	6525304	1071764.2709538
56	6600605	50885	6606393	788350	6612212	749635	6600605	0.83765	6606393	1.00441	6612212	1.0553	6600605	60747.3288366263	6606393	784888.641092781	6612212	710352.506396285	6617172	25631	6622960	773933	6628763	1069501	6617172	0.83756	6622960	1.00474	6628763	1.0561	6617172	30601.9867233392	6622960	770281.863964807	6628763	1012689.13928605	6633740	18697	6639527	783971	6645330	1152567	6633740	0.83749	6639527	1.00474	6645330	1.05579	6633740	22325.0426870769	6639527	780272.508310608	6645330	1091663.11482397
57	6720616	51394	6726388	787432	6732191	742544	6720616	0.83811	6726388	1.00412	6732191	1.05626	6720616	61321.3062724463	6726388	784201.091503008	6732191	702993.581125859	6737168	25458	6742955	770658	6748743	1081300	6737168	0.83858	6742955	1.00354	6748743	1.05529	6737168	30358.4631162203	6742955	767939.494190566	6748743	1024647.25336164	6753735	19169	6759523	783633	6765326	1172926	6753735	0.83819	6759523	1.00491	6765326	1.05711	6753735	22869.5164580823	6759523	779804.161566708	6765326	1109559.08089035
58	6840627	51361	6846415	788022	6852218	731496	6840627	0.83858	6846415	1.00294	6852218	1.05627	6840627	61247.5852035584	6846415	785712.006700301	6852218	692527.478769633	6857194	25942	6862966	774435	6868785	1094314	6857194	0.83786	6862966	1.00499	6868785	1.05576	6857194	30962.2132575848	6862966	770589.757112011	6868785	1036517.76918997	6873762	18748	6879549	783322	6885352	1187413	6873762	0.83749	6879549	1.00404	6885352	1.05547	6873762	22385.9389365843	6879549	780170.112744512	6885352	1125008.76386823
59	6960638	51189	6966426	791242	6972229	725661	6960638	0.83802	6966426	1.00364	6972229	1.05582	6960638	61083.2677024415	6966426	788372.324737954	6972229	687296.130022163	6977205	26214	6982993	773391	6988796	1105687	6977205	0.83847	6982993	1.00392	6988796	1.05606	6977205	31264.0881605782	6982993	770371.145111164	6988796	1046992.5951177	6993788	18842	6999560	785093	7005363	1206566	6993788	0.83822	6999560	1.00475	7005363	1.05644	6993788	22478.5855741929	6999560	781381.438168699	7005363	1142105.56207641
60	7080649	51484	7086437	791123	7092240	717889	7080649	0.83755	7086437	1.00478	7092240	1.05642	7080649	61469.7629992239	7086437	787359.421963017	7092240	679548.853675621	7097216	26341	7103004	777111	7108792	1117458	7097216	0.83808	7103004	1.00372	7108792	1.05668	7097216	31430.1737304315	7103004	774230.86119635	7108792	1057517.88620964	7113784	19096	7119571	786035	7125374	1223188	7113784	0.83818	7119571	1.00472	7125374	1.05662	7113784	22782.6958409888	7119571	782342.34413568	7125374	1157642.2933505
61	7200660	51653	7206432	790352	7212235	711560	7200660	0.83818	7206432	1.00496	7212235	1.05674	7200660	61625.1879071321	7206432	786451.202037892	7212235	673353.899729356	7217212	26473	7222999	777403	7228803	1125025	7217212	0.83813	7222999	1.00517	7228803	1.05638	7217212	31585.7921802107	7222999	773404.498741506	7228803	1064981.35140764	7233795	19049	7239582	788679	7245370	1235397	7233795	0.83888	7239582	1.00418	7245370	1.05595	7233795	22707.6578294869	7239582	785396.044533849	7245370	1169938.91756238
62	7320671	51666	7326459	790490	7332278	703456	7320671	0.83771	7326459	1.00428	7332278	1.05571	7320671	61675.2814219718	7326459	787121.121599554	7332278	666334.504740885	7337254	27000	7343026	777447	7348829	1128896	7337254	0.83856	7343026	1.00459	7348829	1.05632	7337254	32198.0538065255	7343026	773894.822763515	7348829	1068706.45259012	7353821	19153	7359593	789786	7365396	1246726	7353821	0.83786	7359593	1.00516	7365396	1.05645	7353821	22859.4275893347	7359593	785731.62481595	7365396	1180108.85512802
63	7440682	52203	7446470	791269	7452273	693862	7440682	0.83796	7446470	1.0041	7452273	1.05662	7440682	62297.7230416726	7446470	788038.04401952	7452273	656680.736688687	7457249	27240	7463021	775191	7468825	1135235	7457249	0.83776	7463021	1.00424	7468825	1.0564	7457249	32515.2788388083	7463021	771918.067394248	7468825	1074626.0886028	7473817	19243	7479589	789063	7485392	1256056	7473817	0.83829	7479589	1.00489	7485392	1.05606	7473817	22955.0632835892	7479589	785223.258267074	7485392	1189379.39132246
64	7560693	52763	7566481	791415	7572300	686865	7560693	0.83769	7566481	1.00482	7572300	1.05705	7560693	62986.3075839511	7566481	787618.677972174	7572300	649794.238683128	7577260	28031	7583048	776884	7588851	1136605	7577260	0.83801	7583048	1.00474	7588851	1.05633	7577260	33449.4815097672	7583048	773218.942213906	7588851	1075994.24422292	7593828	19169	7599600	790734	7605403	1271450	7593828	0.83868	7599600	1.00549	7605403	1.05722	7593828	22856.1549100968	7599600	786416.573014152	7605403	1202635.21310607
65	7680704	53153	7686492	794454	7692295	679492	7680704	0.83867	7686492	1.00564	7692295	1.0559	7680704	63377.7290233346	7686492	789998.40897339	7692295	643519.272658396	7697287	28305	7703059	778012	7708862	1137714	7697287	0.83839	7703059	1.00429	7708862	1.05632	7697287	33761.1374181467	7703059	774688.585966205	7708862	1077054.30172675	7713854	19183	7719626	790440	7725445	1277807	7713854	0.8383	7719626	1.00544	7725445	1.05526	7713854	22883.2160324466	7719626	786163.2718014	7725445	1210893.05005402
66	7800715	53487	7806503	793287	7812306	671052	7800715	0.83862	7806503	1.00478	7812306	1.05611	7800715	63779.7810688989	7806503	789513.127251737	7812306	635399.721619907	7817282	28651	7823070	777517	7828873	1131836	7817282	0.83802	7823070	1.00386	7828873	1.05667	7817282	34188.9215054533	7823070	774527.324527325	7828873	1071134.7913729	7833850	19236	7839637	790597	7845456	1286571	7833850	0.83801	7839637	1.00466	7845456	1.05673	7833850	22954.3800193315	7839637	786929.906635081	7845456	1217502.10555203
67	7920726	53768	7926514	794348	7932317	665566	7920726	0.83865	7926514	1.00535	7932317	1.05728	7920726	64112.5618553628	7926514	790120.853434127	7932317	629507.793583535	7937293	29072	7943081	777568	7948884	1131764	7937293	0.83755	7943081	1.00492	7948884	1.05668	7937293	34710.7635365053	7943081	773761.09541058	7948884	1071056.51663701	7953876	19363	7959648	790032	7965467	1294442	7953876	0.83785	7959648	1.00531	7965467	1.05622	7953876	23110.3419466492	7959648	785859.088241438	7965467	1225542.02722918
68	8040737	53617	8046525	791689	8052328	659921	8040737	0.83814	8046525	1.00438	8052328	1.05679	8040737	63971.4128904479	8046525	788236.524024771	8052328	624458.028558181	8057320	29530	8063092	775228	8068895	1122967	8057320	0.83795	8063092	1.00344	8068895	1.05568	8057320	35240.7661554985	8063092	772570.357968588	8068895	1063738.06456502	8073872	19390	8079659	790061	8085463	1297977	8073872	0.83835	8079659	1.00491	8085463	1.05606	8073872	23128.7648356892	8079659	786200.754296405	8085463	1229075.05255383
69	8160748	53710	8166536	793923	8172355	654099	8160748	0.83839	8166536	1.00518	8172355	1.05705	8160748	64063.2641133601	8166536	789831.671939354	8172355	618796.651057188	8177315	29869	8183103	777490	8188906	1117265	8177315	0.83791	8183103	1.00491	8188906	1.05667	8177315	35647.0265302956	8183103	773691.176324248	8188906	1057345.24496768	8193898	19614	8199702	788985	8205489	1305363	8193898	0.83828	8199702	1.00439	8205489	1.05605	8193898	23397.9100062032	8199702	785536.494787881	8205489	1236080.6779982
70	8280759	53763	8286531	792346	8292350	649174	8280759	0.83756	8286531	1.00358	8292350	1.05547	8280759	64190.0281770858	8286531	789519.520117978	8292350	615056.799340578	8297326	30736	8303098	776921	8308902	1107484	8297326	0.83762	8303098	1.00398	8308902	1.05613	8297326	36694.4437811896	8303098	773841.112372756	8308902	1048624.69582343	8313878	19501	8319650	789904	8325453	1308827	8313878	0.83802	8319650	1.00421	8325453	1.05614	8313878	23270.3276771437	8319650	786592.445803169	8325453	1239255.21237715
71	8400770	53706	8406558	791075	8412361	643362	8400770	0.8375	8406558	1.00326	8412361	1.05598	8400770	64126.5671641791	8406558	788504.475410163	8412361	609255.857118506	8417337	31049	8423125	779400	8428928	1099268	8417337	0.83723	8423125	1.00444	8428928	1.05655	8417337	37085.3887223344	8423125	775954.760861774	8428928	1040431.59339359	8433889	19665	8439677	790263	8445480	1309092	8433889	0.83741	8439677	1.00409	8445480	1.05583	8433889	23483.1205741513	8439677	787043.990080571	8445480	1239870.05483837
72	8520781	54130	8526569	794126	8532372	637321	8520781	0.83793	8526569	1.00436	8532372	1.05532	8520781	64599.6682300431	8526569	790678.641124696	8532372	603912.557328583	8537348	31542	8543136	777713	8548939	1087538	8537348	0.83728	8543136	1.00446	8548939	1.05467	8537348	37671.985476782	8543136	774259.801286263	8548939	1031164.25042904	8553916	19665	8559703	790242	8565507	1311699	8553916	0.83745	8559703	1.00475	8565507	1.05611	8553916	23481.998925309	8559703	786506.096043792	8565507	1242009.82852165
73	8640792	53955	8646580	790768	8652383	636158	8640792	0.83733	8646580	1.00323	8652383	1.05565	8640792	64436.9603382179	8646580	788222.04280175	8652383	602622.08118221	8657360	32069	8663147	777506	8668950	1075225	8657360	0.83734	8663147	1.00356	8668950	1.05614	8657360	38298.6600425156	8663147	774747.897484954	8668950	1018070.52095366	8673911	19502	8679699	789189	8685502	1313764	8673911	0.83736	8679699	1.00406	8685502	1.0546	8673911	23289.8633801471	8679699	785997.848734139	8685502	1245746.25450408
74	8760803	54244	8766591	791164	8772394	631907	8760803	0.83778	8766591	1.00344	8772394	1.05585	8760803	64747.3083625773	8766591	788451.726062346	8772394	598481.791921201	8777371	32421	8783158	775941	8788946	1064581	8777371	0.83718	8783158	1.00365	8788946	1.05532	8777371	38726.4387586899	8783158	773119.115229413	8788946	1008775.53727779	8793922	19518	8799694	791933	8805497	1315214	8793922	0.83689	8799694	1.00443	8805497	1.05527	8793922	23322.0614417665	8799694	788440.209870275	8805497	1246329.37542051
75	8880814	54772	8886602	791405	8892405	625759	8880814	0.83722	8886602	1.00281	8892405	1.05509	8880814	65421.275172595	8886602	789187.383452498	8892405	593085.897885488	8897382	33427	8903169	776406	8908957	1050993	8897382	0.83734	8903169	1.00353	8908957	1.05533	8897382	39920.4624167005	8903169	773674.927505904	8908957	995890.384998058	8913933	19802	8919721	788364	8925524	1312424	8913933	0.83754	8919721	1.00346	8925524	1.05534	8913933	23643.0498841846	8919721	785645.665995655	8925524	1243603.00945667
76	9000825	54431	9006613	789785	9012416	622567	9000825	0.8376	9006613	1.0039	9012416	1.05612	9000825	64984.4794651385	9006613	786716.804462596	9012416	589485.096390562	9017393	33112	9023180	777239	9028968	1039314	9017393	0.83749	9023180	1.00338	9028968	1.05555	9017393	39537.1885037433	9023180	774620.781757659	9028968	984618.445360239	9033944	19668	9039716	787858	9045519	1309469	9033944	0.83755	9039716	1.00315	9045519	1.05533	9033944	23482.777147633	9039716	785384.04027314	9045519	1240814.72146153
77	9120836	54893	9126624	789321	9132427	619421	9120836	0.83733	9126624	1.00292	9132427	1.0547	9120836	65557.1877276582	9126624	787022.893151996	9132427	587295.913529914	9137404	34229	9143191	776028	9148979	1026913	9137404	0.8375	9143191	1.00394	9148979	1.05473	9137404	40870.447761194	9143191	772982.449150348	9148979	973626.425720327	9153955	19861	9159743	788599	9165546	1307991	9153955	0.83714	9159743	1.00312	9165546	1.05462	9153955	23724.8249994027	9159743	786146.223781801	9165546	1240248.62035615
78	9240847	54698	9246635	790656	9252438	614782	9240847	0.83722	9246635	1.00342	9252438	1.05441	9240847	65332.8874131053	9246635	787961.172789061	9252438	583057.823806679	9257415	34722	9263202	776843	9269005	1014148	9257415	0.83743	9263202	1.00334	9269005	1.05523	9257415	41462.5700058512	9263202	774256.981681185	9269005	961068.203140548	9273982	20010	9279769	788928	9285573	1305932	9273982	0.83745	9279769	1.00341	9285573	1.05488	9273982	23893.9638187355	9279769	786246.898077556	9285573	1237991.05111482
79	9360858	54283	9366646	791087	9372449	611443	9360858	0.83688	9366646	1.00347	9372449	1.05538	9360858	64863.5407704808	9366646	788351.42057062	9372449	579358.145881105	9377426	34910	9383213	774818	9389016	999989	9377426	0.83722	9383213	1.00335	9389016	1.05406	9377426	41697.5227538759	9383213	772231.02606269	9389016	948702.161167296	9393977	20332	9399749	787633	9405552	1304984	9393977	0.8367	9399749	1.00206	9405552	1.055	9393977	24300.2270825864	9399749	786013.811548211	9405552	1236951.65876777
80	9480869	54819	9486657	791493	9492460	606612	9480869	0.8368	9486657	1.00257	9492460	1.05407	9480869	65510.2772466539	9486657	789464.077321284	9492460	575494.986101492	9497437	35122	9503209	774219	9509012	987396	9497437	0.83632	9503209	1.0027	9509012	1.05417	9497437	41995.886741917	9503209	772134.237558592	9509012	936657.275392015	9513988	19993	9519776	789665	9525563	1299100	9513988	0.83736	9519776	1.00288	9525563	1.05426	9513988	23876.2300563676	9519776	787397.29578813	9525563	1232238.72668981
81	9600880	55422	9606668	791727	9612471	603838	9600880	0.83727	9606668	1.00301	9612471	1.05439	9600880	66193.7009566807	9606668	789351.053329478	9612471	572689.422320014	9617432	35623	9623220	777272	9629023	973909	9617432	0.83699	9623220	1.0032	9629023	1.05437	9617432	42560.8430208246	9623220	774792.663476874	9629023	923688.079137305	9633999	20153	9639771	787065	9645590	1291924	9633999	0.83642	9639771	1.00195	9645590	1.05373	9633999	24094.3545108917	9639771	785533.210240032	9645590	1226048.41847532
82	9720891	55398	9726679	790672	9732482	602228	9720891	0.83715	9726679	1.00388	9732482	1.05548	9720891	66174.5206952159	9726679	787616.049727059	9732482	570572.63046197	9737459	36165	9743246	777787	9749034	962263	9737459	0.83635	9743246	1.00252	9749034	1.05443	9737459	43241.4658934657	9743246	775831.903602921	9749034	912590.688808171	9754010	20346	9759798	788895	9765585	1289961	9754010	0.83637	9759798	1.00289	9765585	1.05526	9754010	24326.5540370888	9759798	786621.663392795	9765585	1222410.59075488
83	9840902	55395	9846690	789674	9852493	599074	9840902	0.83751	9846690	1.00239	9852493	1.05469	9840902	66142.4938209693	9846690	787791.179081994	9852493	568009.557310679	9857470	36406	9863257	775133	9869060	950231	9857470	0.83737	9863257	1.00267	9869060	1.05428	9857470	43476.5993527353	9863257	773068.906020924	9869060	901308.001669386	9874037	20579	9879809	787037	9885612	1282643	9874037	0.83683	9879809	1.00311	9885612	1.05458	9874037	24591.613589379	9879809	784596.903629712	9885612	1216259.55356635
84	9960913	55436	9966701	789121	9972520	597404	9960913	0.83713	9966701	1.00279	9972520	1.05454	9960913	66221.4948693751	9966701	786925.477916613	9972520	566506.723310638	9977527	36534	9983315	773399	9989118	937361	9977527	0.83677	9983315	1.00276	9989118	1.05432	9977527	43660.7430954743	9983315	771270.293988592	9989118	889066.886713711	9994095	20327	9999882	789008	10005685	1280286	9994095	0.83669	9999882	1.00334	10005685	1.05501	9994095	24294.5415864896	9999882	786381.485837303	10005685	1213529.72957602
85	10080924	55161	10086712	789048	10092515	592816	10080924	0.83683	10086712	1.00199	10092515	1.05538	10080924	65916.6138881254	10086712	787480.912983163	10092515	561708.578900491	10097492	37131	10103264	774345	10109067	923759	10097492	0.8369	10103264	1.00283	10109067	1.05426	10097492	44367.3079220934	10103264	772159.787800525	10109067	876215.544552577	10114043	20628	10119815	787973	10125618	1272467	10114043	0.8368	10119815	1.00323	10125618	1.05496	10114043	24651.051625239	10119815	785436.041585678	10125618	1206175.58959581
86	10200935	55607	10206723	788457	10212526	590354	10200935	0.83674	10206723	1.00288	10212526	1.05511	10200935	66456.7249085738	10206723	786192.764837269	10212526	559518.912720001	10217503	37369	10223290	774633	10229093	912515	10217503	0.83659	10223290	1.00316	10229093	1.05481	10217503	44668.2365316344	10223290	772192.870529128	10229093	865098.927768982	10234054	20583	10239842	786862	10245629	1268483	10234054	0.83716	10239842	1.00288	10245629	1.05475	10234054	24586.6978833198	10239842	784602.345245692	10245629	1202638.53993837
87	10320946	55953	10326734	789423	10332537	590310	10320946	0.83792	10326734	1.00274	10332537	1.05613	10320946	66776.0645407676	10326734	787265.891457407	10332537	558936.873301582	10337529	37643	10343301	773715	10349104	901472	10337529	0.83707	10343301	1.00287	10349104	1.05548	10337529	44969.954723022	10343301	771500.79272488	10349104	854087.239928753	10354096	20975	10359884	785805	10365687	1261958	10354096	0.8375	10359884	1.0032	10365687	1.05537	10354096	25044.776119403	10359884	783298.444976077	10365687	1195749.35804505
88	10440957	56232	10446745	790295	10452548	587902	10440957	0.83754	10446745	1.00403	10452548	1.0554	10440957	67139.4799054373	10446745	787122.894734221	10452548	557041.879855979	10457525	38335	10463297	774884	10469100	890140	10457525	0.83766	10463297	1.00442	10469100	1.05493	10457525	45764.3912804718	10463297	771474.084546305	10469100	843790.583261449	10474076	20846	10479848	787413	10485652	1255839	10474076	0.83739	10479848	1.00325	10485652	1.0551	10474076	24894.0159304506	10479848	784862.197856965	10485652	1190255.8999147
89	10560968	56280	10566756	789707	10572559	585641	10560968	0.83698	10566756	1.00271	10572559	1.05495	10560968	67241.7501015556	10566756	787572.678042505	10572559	555136.262382103	10577536	38820	10583323	772610	10589126	875611	10577536	0.83744	10583323	1.00262	10589126	1.05418	10577536	46355.5598012992	10583323	770591.051445214	10589126	830608.624713047	10594087	21074	10599875	784458	10605663	1245136	10594087	0.83712	10599875	1.00346	10605663	1.0553	10594087	25174.4074923547	10599875	781753.134155821	10605663	1179888.18345494
90	10680979	56374	10686767	789341	10692570	581607	10680979	0.83698	10686767	1.00334	10692570	1.05475	10680979	67354.058639394	10686767	786713.377319752	10692570	551416.923441574	10697547	39251	10703334	774398	10709153	866842	10697547	0.83753	10703334	1.00324	10709153	1.05603	10697547	46865.1869186775	10703334	771897.053546509	10709153	820849.7864644	10714130	20983	10719917	786627	10725720	1237499	10714130	0.8379	10719917	1.00377	10725720	1.05514	10714130	25042.3678243227	10719917	783672.55446965	10725720	1172829.19802112
91	10800990	56396	10806778	789373	10812581	580564	10800990	0.83724	10806778	1.00251	10812581	1.05402	10800990	67359.419043524	10806778	787396.634447537	10812581	550809.282556308	10817558	39278	10823330	774947	10829133	855190	10817558	0.83657	10823330	1.00316	10829133	1.05465	10817558	46951.241378486	10823330	772505.88141473	10829133	810875.645948893	10834109	21166	10839881	786250	10845685	1231606	10834109	0.83658	10839881	1.00241	10845685	1.05472	10834109	25300.6287503885	10839881	784359.693139534	10845685	1167708.96541262
92	10921001	56747	10926805	790402	10932608	577725	10921001	0.83722	10926805	1.00288	10932608	1.05466	10921001	67780.2728076252	10926805	788132.179323548	10932608	547783.171827888	10937584	40108	10943356	774092	10949160	844943	10937584	0.83725	10943356	1.00331	10949160	1.05515	10937584	47904.4490892804	10943356	771538.208529767	10949160	800779.983888547	10954120	21508	10959908	786422	10965711	1225563	10954120	0.83753	10959908	1.00283	10965711	1.05488	10954120	25680.2741394338	10959908	784202.706341055	10965711	1161803.23828303
93	11041012	56660	11046785	789388	11052603	578864	11041012	0.83687	11046785	1.00282	11052603	1.0553	11041012	67704.6614169465	11046785	787168.18571628	11052603	548530.275750971	11057595	40524	11063383	772621	11069186	834514	11057595	0.83734	11063383	1.00318	11069186	1.05538	11057595	48396.1114959276	11063383	770171.853505852	11069186	790723.720366124	11074163	21754	11079966	787267	11085769	1218481	11074163	0.83694	11079966	1.00366	11085769	1.05579	11074163	25992.3053026501	11079966	784396.110236534	11085769	1154094.09068091
94	11161024	56746	11166811	788579	11172614	575810	11161024	0.83741	11166811	1.00318	11172614	1.05565	11161024	67763.6999796993	11166811	786079.267927989	11172614	545455.406621513	11177591	40627	11183363	773129	11189182	824632	11177591	0.83664	11183363	1.00357	11189182	1.0552	11177591	48559.7150506789	11183363	770378.747870104	11189182	781493.555724033	11194142	21890	11199930	786007	11205733	1205839	11194142	0.83734	11199930	1.00282	11205733	1.05453	11194142	26142.3077841737	11199930	783796.693324824	11205733	1143484.77520791
95	11281035	56952	11286822	786733	11292625	573292	11281035	0.83658	11286822	1.00188	11292625	1.05421	11281035	68077.1713404576	11286822	785256.717371342	11292625	543811.953975015	11297602	41012	11303389	772635	11309193	814074	11297602	0.83689	11303389	1.00251	11309193	1.05467	11297602	49005.2456117291	11303389	770700.541640482	11309193	771875.562972304	11314153	22134	11319941	785013	11325744	1199296	11314153	0.83685	11319941	1.00253	11325744	1.05557	11314153	26449.1844416562	11319941	783031.929219076	11325744	1136159.61044744
96	11401046	57215	11406833	790307	11412636	573106	11401046	0.83683	11406833	1.00295	11412636	1.0558	11401046	68371.1148022896	11406833	787982.451767287	11412636	542816.821367683	11417613	41377	11423400	774234	11429188	806791	11417613	0.83702	11423400	1.00333	11429188	1.05521	11417613	49433.7052878067	11423400	771664.357688896	11429188	764578.614683333	11434180	22022	11439968	789134	11445771	1189675	11434180	0.83688	11439968	1.00291	11445771	1.05516	11434180	26314.4058885384	11439968	786844.283136074	11445771	1127483.03574813
97	11521057	57043	11526844	788231	11532647	569470	11521057	0.83705	11526844	1.0028	11532647	1.05499	11521057	68147.6614300221	11526844	786030.115676107	11532647	539787.106986796	11537624	41724	11543396	772281	11549199	797918	11537624	0.83703	11543396	1.00216	11549199	1.05467	11537624	49847.675710548	11543396	770616.468428195	11549199	756557.027316602	11554175	22255	11559963	786712	11565766	1182292	11554175	0.83691	11559963	1.00319	11565766	1.05523	11554175	26591.8677038152	11559963	784210.368923135	11565766	1120411.66380789
98	11641068	56796	11646855	789842	11652674	569320	11641068	0.83694	11646855	1.00224	11652674	1.05462	11641068	67861.4954477024	11646855	788076.708173691	11652674	539834.253095902	11657650	41915	11663438	775344	11669226	788744	11657650	0.83648	11663438	1.00262	11669226	1.05438	11657650	50108.7892119357	11663438	773317.907083442	11669226	748064.265255411	11674218	22342	11680005	787138	11685808	1170439	11674218	0.83629	11680005	1.00215	11685808	1.0542	11674218	26715.6130050581	11680005	785449.284039315	11685808	1110262.75848985
99	11761079	57538	11766866	789434	11772669	566331	11761079	0.83699	11766866	1.00263	11772669	1.05446	11761079	68743.9515406397	11766866	787363.234692758	11772669	537081.539366121	11777646	42061	11783433	773902	11789237	780457	11777646	0.83646	11783433	1.00263	11789237	1.05436	11777646	50284.5324343065	11783433	771871.976701276	11789237	740218.71087674	11794213	22645	11800001	784670	11805804	1161941	11794213	0.83692	11800001	1.00154	11805804	1.05472	11794213	27057.5443292071	11800001	783463.466261957	11805804	1101658.26001214
100	11881090	57197	11886862	787896	11892665	564531	11881090	0.83657	11886862	1.002	11892665	1.05378	11881090	68370.8476278136	11886862	786323.353293413	11892665	535719.979502363	11897641	42319	11903429	773303	11909216	770164	11897641	0.8366	11903429	1.00292	11909216	1.05386	11897641	50584.5087257949	11903429	771051.529533762	11909216	730802.952953903	11914193	23020	11919996	784257	11925799	1150100	11914193	0.83646	11919996	1.00199	11925799	1.05412	11914193	27520.7421753581	11919996	782699.428138005	11925799	1091052.25211551
101	12001101	57115	12006888	788236	12012707	564793	12001101	0.83637	12006888	1.00173	12012707	1.05474	12001101	68289.1543216519	12006888	786874.70675731	12012707	535480.781993667	12017683	42786	12023471	772305	12029274	764262	12017683	0.83728	12023471	1.00213	12029274	1.05319	12017683	51101.1847888401	12023471	770663.486773173	12029274	725663.935282333	12034251	23217	12040038	784142	12045841	1139839	12034251	0.83739	12040038	1.00188	12045841	1.05419	12034251	27725.4325941318	12040038	782670.579310896	12045841	1081246.26490481
102	12121112	57394	12126899	788884	12132702	562874	12121112	0.83651	12126899	1.003	12132702	1.05482	12121112	68611.2539001327	12126899	786524.426719841	12132702	533620.902144442	12137679	42989	12143466	769393	12149270	757211	12137679	0.83681	12143466	1.0027	12149270	1.05489	12137679	51372.4740383122	12143466	767321.232671786	12149270	717810.387812947	12154262	23543	12160034	785140	12165837	1134438	12154262	0.83666	12160034	1.00245	12165837	1.05529	12154262	28139.2680419764	12160034	783221.108284702	12165837	1075001.18450852
103	12241123	58484	12246910	789264	12252713	561500	12241123	0.83655	12246910	1.00256	12252713	1.0539	12241123	69910.9437570976	12246910	787248.64347271	12252713	532782.99648923	12257690	43025	12263477	772648	12269265	747741	12257690	0.83645	12263477	1.00233	12269265	1.05416	12257690	51437.6232888995	12263477	770851.915037962	12269265	709324.011535251	12274257	23604	12280029	782932	12285832	1120986	12274257	0.83693	12280029	1.00337	12285832	1.05631	12274257	28203.0755260297	12280029	780302.380976111	12285832	1061228.23792258
104	12361134	57580	12366937	787556	12372740	559438	12361134	0.83758	12366937	1.00316	12372740	1.05624	12361134	68745.6720552067	12366937	785075.162486543	12372740	529650.45822919	12377716	43312	12383488	771724	12389292	742969	12377716	0.83701	12383488	1.00277	12389292	1.05504	12377716	51746.0962234621	12383488	769592.229524218	12389292	704209.31907795	12394268	23880	12400056	783553	12405874	1113085	12394268	0.83707	12400056	1.00303	12405874	1.05545	12394268	28528.0800888815	12400056	781186.006400606	12405874	1054607.03965133
105	12481145	58292	12486932	787814	12492735	558493	12481145	0.83721	12486932	1.00226	12492735	1.05517	12481145	69626.4975334743	12486932	786037.555125417	12492735	529291.962432594	12497712	44030	12503499	771203	12509287	737372	12497712	0.83644	12503499	1.00344	12509287	1.05567	12497712	52639.758978528	12503499	768559.156501635	12509287	698487.216649142	12514263	24195	12520051	784957	12525854	1101511	12514263	0.83731	12520051	1.00346	12525854	1.05532	12514263	28896.1077737039	12520051	782250.413569051	12525854	1043769.66228253
106	12601156	58079	12606943	788640	12612746	558946	12601156	0.83749	12606943	1.00288	12612746	1.05611	12601156	69348.8877479134	12606943	786375.239310785	12612746	529249.794055543	12617723	44167	12623510	771363	12629298	732410	12617723	0.83779	12623510	1.00299	12629298	1.05562	12617723	52718.4616670049	12623510	769063.500134598	12629298	693819.745741839	12634290	24653	12640078	783905	12645881	1092969	12634290	0.83741	12640078	1.00328	12645881	1.0553	12634290	29439.5815669744	12640078	781342.197591899	12645881	1035695.06301526
107	12721167	58114	12726954	786198	12732757	555752	12721167	0.83675	12726954	1.00277	12732757	1.05555	12721167	69452.0466089035	12726954	784026.247294993	12732757	526504.665814031	12737734	44359	12743506	770965	12749309	723647	12737734	0.83765	12743506	1.00386	12749309	1.05519	12737734	52956.485405599	12743506	768000.518000518	12749309	685797.818402373	12754301	24871	12760089	784112	12765892	1079844	12754301	0.83705	12760089	1.00274	12765892	1.05522	12754301	29712.6814407741	12760089	781969.403833496	12765892	1023335.41820663
108	12841178	58230	12846965	789482	12852768	555582	12841178	0.83725	12846965	1.00328	12852768	1.05517	12841178	69549.1191400418	12846965	786900.96483534	12852768	526533.165271947	12857745	44674	12863532	772123	12869320	717592	12857745	0.83737	12863532	1.00325	12869320	1.05507	12857745	53350.3708038263	12863532	769621.729379517	12869320	680136.86295696	12874297	25320	12880084	782754	12885903	1069010	12874297	0.83761	12880084	1.00283	12885903	1.05558	12874297	30228.8654624467	12880084	780545.057487311	12885903	1012722.86326001
109	12961189	58502	12966976	788201	12972779	554852	12961189	0.8373	12966976	1.00282	12972779	1.05549	12961189	69869.8196584259	12966976	785984.523643326	12972779	525681.910771301	12977756	45042	12983544	770634	12989347	713026	12977756	0.83697	12983544	1.0029	12989347	1.05477	12977756	53815.5489444066	12983544	768405.623691295	12989347	676001.403149502	12994323	25449	13000111	783851	13005914	1057553	12994323	0.83655	13000111	1.00239	13005914	1.0553	12994323	30421.3734982966	13000111	781982.062869741	13005914	1002134.93793234
110	13081200	59281	13086987	789180	13092806	555105	13081200	0.83658	13086987	1.00286	13092806	1.0551	13081200	70861.1250567788	13086987	786929.381967573	13092806	526116.007961331	13097767	45667	13103555	770950	13109373	708280	13097767	0.83733	13103555	1.00317	13109373	1.05516	13097767	54538.8317628653	13103555	768513.811218438	13109373	671253.648735737	13114334	25628	13120122	785246	13125925	1049442	13114334	0.83709	13120122	1.00256	13125925	1.05534	13114334	30615.5849430766	13120122	783240.903287584	13125925	994411.279777133
111	13201211	58530	13206983	788466	13212786	552651	13201211	0.83734	13206983	1.00297	13212786	1.05519	13201211	69899.9211789715	13206983	786131.190364617	13212786	523745.486594831	13217762	45317	13223534	771125	13229338	701977	13217762	0.83677	13223534	1.00274	13229338	1.05494	13217762	54157.0562998195	13223534	769017.890978718	13229338	665418.886382164	13234330	26549	13240102	783678	13245905	1036054	13234330	0.83705	13240102	1.00256	13245905	1.05417	13234330	31717.3406606535	13240102	781676.907117779	13245905	982814.916000266
112	13321222	58788	13327009	790950	13332813	552008	13321222	0.83785	13327009	1.00356	13332813	1.05439	13321222	70165.304052038	13327009	788144.206624417	13332813	523533.038059921	13337789	45402	13343577	770712	13349380	695855	13337789	0.83703	13343577	1.00221	13349380	1.05487	13337789	54241.7834486219	13343577	769012.482413866	13349380	659659.484107047	13354356	26458	13360144	783987	13365947	1022743	13354356	0.83672	13360144	1.00231	13365947	1.05492	13354356	31621.0918825892	13360144	782180.163821572	13365947	969498.16099799
113	13441233	58651	13447020	785633	13452824	550669	13441233	0.83682	13447020	1.00311	13452824	1.05517	13441233	70087.9520087952	13447020	783197.256532185	13452824	521877.043509577	13457800	45390	13463588	768963	13469391	690952	13457800	0.83675	13463588	1.00293	13469391	1.0543	13457800	54245.5930684195	13463588	766716.520594658	13469391	655365.645451959	13474367	26782	13480155	783351	13485942	1011930	13474367	0.83617	13480155	1.0023	13485942	1.05463	13474367	32029.3720176519	13480155	781553.427117629	13485942	959511.86672103
114	13561244	59063	13567031	788520	13572835	552119	13561244	0.83727	13567031	1.00228	13572835	1.05518	13561244	70542.3579012744	13567031	786726.264117812	13572835	523246.270778445	13577811	46152	13583583	769863	13589386	686263	13577811	0.83695	13583583	1.0038	13589386	1.05465	13577811	55143.0790369795	13583583	766948.595337717	13589386	650702.128668279	13594363	27392	13600150	783066	13605938	1002836	13594363	0.837	13600150	1.00275	13605938	1.05481	13594363	32726.403823178	13600150	780918.474195961	13605938	950726.671154047
115	13681255	58873	13687042	787239	13692846	549395	13681255	0.83599	13687042	1.00218	13692846	1.05405	13681255	70423.0911853013	13687042	785526.552116386	13692846	521222.902139367	13697822	46539	13703625	770837	13709413	683185	13697822	0.83605	13703625	1.00285	13709413	1.05506	13697822	55665.331020872	13703625	768646.357880042	13709413	647531.893920725	13714389	27809	13720161	781760	13725964	991698	13714389	0.83686	13720161	1.00207	13725964	1.05404	13714389	33230.1699208948	13720161	780145.099643738	13725964	940854.237030853
116	13801266	58498	13807053	789015	13812857	547800	13801266	0.83712	13807053	1.00286	13812857	1.05496	13801266	69880.0649847095	13807053	786764.852521788	13812857	519261.393796921	13817833	46597	13823621	769208	13829424	679671	13817833	0.83721	13823621	1.00349	13829424	1.05654	13817833	55657.4813965433	13823621	766532.800526164	13829424	643298.881253904	13834400	27853	13840188	781739	13845975	979734	13834400	0.83759	13840188	1.00315	13845975	1.05529	13834400	33253.7398966081	13840188	779284.254598016	13845975	928402.619185248
117	13921277	59347	13927064	787724	13932868	547329	13921277	0.83648	13927064	1.00259	13932868	1.05404	13921277	70948.4984697781	13927064	785689.065320819	13932868	519267.769724109	13937844	46856	13943616	769308	13949435	674802	13937844	0.83714	13943616	1.00326	13949435	1.05552	13937844	55971.5220871061	13943616	766808.205250882	13949435	639307.639836289	13954396	28789	13960183	781818	13965986	969209	13954396	0.83683	13960183	1.00286	13965986	1.05512	13954396	34402.4473309991	13960183	779588.377241091	13965986	918577.03389188
118	14041288	59025	14047075	788609	14052879	546223	14041288	0.83692	14047075	1.00341	14052879	1.05527	14041288	70526.4541413755	14047075	785928.982170798	14052879	517614.449382622	14057855	47298	14063643	772801	14069446	670096	14057855	0.83742	14063643	1.00377	14069446	1.05481	14057855	56480.6190442072	14063643	769898.482720145	14069446	635276.495292991	14074422	28986	14080210	781896	14086013	958366	14074422	0.83722	14080210	1.00286	14086013	1.05476	14074422	34621.7242779676	14080210	779666.15479728	14086013	908610.489590049
119	14161299	58848	14167086	789354	14172890	548074	14161299	0.83784	14167086	1.00329	14172890	1.05537	14161299	70237.7542251504	14167086	786765.541368896	14172890	519319.290864815	14177866	47467	14183654	768988	14189457	666568	14177866	0.83698	14183654	1.00362	14189457	1.05525	14177866	56712.2272933642	14183654	766214.304218728	14189457	631668.325041459	14194433	29598	14200221	782037	14206008	948599	14194433	0.83701	14200221	1.00288	14206008	1.05575	14194433	35361.584688355	14200221	779791.20134014	14206008	898507.222353777
120	14281310	59040	14287082	787230	14292901	546156	14281310	0.83755	14287082	1.00317	14292901	1.05489	14281310	70491.3139514059	14287082	784742.366697569	14292901	517737.394420271	14297861	47938	14303633	769598	14309437	662437	14297861	0.83733	14303633	1.00371	14309437	1.0556	14297861	57251.0240884717	14303633	766753.345089717	14309437	627545.47176961	14314429	29651	14320216	783051	14326004	934702	14314429	0.83747	14320216	1.00337	14326004	1.05645	14314429	35405.4473593084	14320216	780420.981293043	14326004	884757.442377775
121	14401321	59141	14407108	788257	14412912	544888	14401321	0.83737	14407108	1.00282	14412912	1.05436	14401321	70627.0824127924	14407108	786040.366167408	14412912	516795.022572935	14417888	47452	14423660	771541	14429463	658597	14417888	0.837	14423660	1.00332	14429463	1.05512	14417888	56692.9510155317	14423660	768987.95997289	14429463	624191.561149443	14434440	30387	14440227	780936	14446030	924533	14434440	0.83664	14440227	1.00302	14446030	1.05591	14434440	36320.281124498	14440227	778584.674283664	14446030	875579.358089231
122	14521332	59233	14527119	786170	14532923	542912	14521332	0.83683	14527119	1.00268	14532923	1.05479	14521332	70782.5962262347	14527119	784068.695895001	14532923	514710.985125001	14537899	47998	14543687	768443	14549474	656283	14537899	0.83677	14543687	1.00236	14549474	1.05471	14537899	57361.043058427	14543687	766633.744363303	14549474	622240.236652729	14554451	30463	14560238	781952	14566026	912545	14554451	0.83707	14560238	1.00333	14566026	1.05564	14554451	36392.4164048407	14560238	779356.742048977	14566026	864447.160016672
123	14641343	59205	14647130	787748	14652949	543595	14641343	0.83728	14647130	1.00359	14652949	1.05597	14641343	70711.1121727499	14647130	784930.100937634	14652949	514782.616930405	14657910	48109	14663698	771237	14669501	654456	14657910	0.83636	14663698	1.00331	14669501	1.05585	14657910	57521.8805299154	14663698	768692.627403295	14669501	619838.045176872	14674477	31171	14680265	779792	14686068	903059	14674477	0.83686	14680265	1.00254	14686068	1.05573	14674477	37247.5682909925	14680265	777816.346479941	14686068	855388.214789766
124	14761354	60146	14767141	787879	14772960	544537	14761354	0.83681	14767141	1.00358	14772960	1.05533	14761354	71875.3360978	14767141	785068.454931346	14772960	515987.416258422	14777921	48146	14783693	769532	14789496	650238	14777921	0.83696	14783693	1.00361	14789496	1.05558	14777921	57524.8518447716	14783693	766763.98202489	14789496	616000.682089467	14794473	31716	14800260	782675	14806064	892227	14794473	0.83728	14800260	1.00347	14806064	1.05538	14794473	37879.8012612268	14800260	779968.509272823	14806064	845408.288957532
125	14881365	59521	14887152	786544	14892956	541937	14881365	0.83699	14887152	1.00257	14892956	1.05488	14881365	71113.1554737811	14887152	784527.763647426	14892956	513742.795389049	14897916	48351	14903704	767691	14909507	646674	14897916	0.83726	14903704	1.00268	14909507	1.05492	14897916	57749.0863053293	14903704	765639.08724618	14909507	613007.621431009	14914484	31901	14920256	780865	14926059	881069	14914484	0.83695	14920256	1.00281	14926059	1.05561	14914484	38115.7775255392	14920256	778676.917860811	14926059	834653.896799007
126	15001376	60214	15007163	786912	15013013	542439	15001376	0.83737	15007163	1.00322	15013013	1.05495	15001376	71908.4753454268	15007163	784386.276190666	15013013	514184.558509882	15017990	49017	15023777	770813	15029581	643572	15017990	0.83682	15023777	1.00346	15029581	1.05583	15017990	58575.3208575321	15023777	768155.18306659	15029581	609541.308733414	15034542	32192	15040345	779034	15046148	869482	15034542	0.83718	15040345	1.00291	15046148	1.05602	15034542	38452.9014071048	15040345	776773.588856428	15046148	823357.51216833
127	15121387	60004	15127159	786680	15132978	540823	15121387	0.83717	15127159	1.00368	15132978	1.05598	15121387	71674.809178542	15127159	783795.632073968	15132978	512152.692285839	15137954	49010	15143742	769488	15149545	640157	15137954	0.83686	15143742	1.00284	15149545	1.05595	15137954	58564.1564897354	15143742	767308.842886203	15149545	606237.984753066	15154521	33043	15160309	781259	15166112	862224	15154521	0.83764	15160309	1.00327	15166112	1.05593	15154521	39447.7341101189	15160309	778712.609766065	15166112	816554.127641037
128	15241398	60062	15247201	788244	15253004	540268	15241398	0.83774	15247201	1.00312	15253004	1.05639	15241398	71695.2753837706	15247201	785792.327936837	15253004	511428.544382283	15257981	49137	15263768	768893	15269572	638955	15257981	0.83749	15263768	1.00333	15269572	1.05526	15257981	58671.7453342727	15263768	766341.084189648	15269572	605495.328165571	15274532	32830	15280336	779959	15286139	851461	15274532	0.83763	15280336	1.00307	15286139	1.05604	15274532	39193.9161682366	15280336	777571.854406971	15286139	806277.224347563
129	15361409	59977	15367196	788842	15373000	539401	15361409	0.83757	15367196	1.00296	15373000	1.05475	15361409	71608.3431832563	15367196	786513.918800351	15373000	511401.753970135	15377976	49490	15383764	768104	15389551	637229	15377976	0.83711	15383764	1.00307	15389551	1.05598	15377976	59120.0678524925	15383764	765753.137866749	15389551	603447.981969355	15394543	33546	15400331	780739	15406134	841693	15394543	0.83669	15400331	1.00276	15406134	1.05531	15394543	40093.7025660639	15400331	778590.09134788	15406134	797578.910462329
130	15481420	59781	15487208	786673	15493011	540350	15481420	0.83667	15487208	1.00266	15493011	1.05511	15481420	71451.1097565348	15487208	784586.00123671	15493011	512126.697690288	15497987	49760	15503775	768519	15509578	634375	15497987	0.83778	15503775	1.00303	15509578	1.05513	15497987	59395.0679175917	15503775	766197.42181191	15509578	601229.232416859	15514570	33682	15520358	779528	15526145	830966	15514570	0.83738	15520358	1.00247	15526145	1.05574	15514570	40223.0767393537	15520358	777607.309944437	15526145	787093.413150965
131	15601431	60537	15607219	786965	15613022	539381	15601431	0.83698	15607219	1.00284	15613022	1.05526	15601431	72327.893139621	15607219	784736.348769494	15613022	511135.644296192	15617998	50123	15623786	767535	15629605	629918	15617998	0.83762	15623786	1.00254	15629605	1.05457	15617998	59839.7841503307	15623786	765590.400383027	15629605	597322.13129522	15634581	34217	15640369	780698	15646172	822594	15634581	0.83692	15640369	1.00304	15646172	1.05492	15634581	40884.4333986522	15640369	778331.87111182	15646172	779769.082015698
132	15721442	60269	15727230	788447	15733033	539983	15721442	0.83795	15727230	1.00331	15733033	1.0557	15721442	71924.3391610478	15727230	785845.85023572	15733033	511492.848347068	15738025	50048	15743797	770124	15749616	630874	15738025	0.83713	15743797	1.00387	15749616	1.05563	15738025	59785.2185443121	15743797	767155.109725363	15749616	597627.956765154	15754592	34514	15760380	781005	15766183	814428	15754592	0.83728	15760380	1.00313	15766183	1.05539	15754592	41221.5746225874	15760380	778568.081903642	15766183	771684.401027108
133	15841453	60801	15847241	788530	15853044	538671	15841453	0.83783	15847241	1.00339	15853044	1.0555	15841453	72569.6143609085	15847241	785865.914549677	15853044	510346.755092373	15858020	50383	15863808	771536	15869611	627358	15858020	0.83735	15863808	1.00372	15869611	1.05635	15858020	60169.5826118111	15863808	768676.5233332	15869611	593892.175888673	15874587	34935	15880375	783416	15886178	806314	15874587	0.83828	15880375	1.00415	15886178	1.05606	15874587	41674.619458892	15880375	780178.260220087	15886178	763511.542904759
134	15961464	60276	15967252	790187	15973055	538876	15961464	0.83794	15967252	1.00411	15973055	1.05634	15961464	71933.5513282574	15967252	786952.624712432	15973055	510134.994414677	15978031	50488	15983819	770831	15989622	626012	15978031	0.83788	15983819	1.00458	15989622	1.05702	15978031	60256.8386881176	15983819	767316.689561807	15989622	592242.341677546	15994598	35222	16000386	780580	16006174	798797	15994598	0.83803	16000386	1.00364	16006174	1.05593	15994598	42029.5216161713	16000386	777748.993663067	16006174	756486.698928906
135	16081475	60615	16087263	788286	16093066	538835	16081475	0.8381	16087263	1.00497	16093066	1.05686	16081475	72324.3049755399	16087263	784387.593659512	16093066	509845.201824272	16098042	50786	16103830	769909	16109649	624743	16098042	0.83819	16103830	1.00469	16109649	1.0575	16098042	60590.081007886	16103830	766314.982730992	16109649	590773.522458629	16114625	35919	16120413	779842	16126216	789662	16114625	0.83815	16120413	1.00426	16126216	1.05656	16114625	42855.0975362405	16120413	776533.965307789	16126216	747389.641856591
136	16201486	60254	16207274	788418	16213077	539418	16201486	0.83875	16207274	1.00459	16213077	1.0562	16201486	71837.8539493294	16207274	784815.695955564	16213077	510715.773527741	16218053	51210	16223841	769998	16229644	623721	16218053	0.83836	16223841	1.00448	16229644	1.05742	16218053	61083.5440622167	16223841	766563.794201975	16229644	589851.71455051	16234636	35890	16240408	782317	16246227	781426	16234636	0.83826	16240408	1.0043	16246227	1.05554	16234636	42814.8784386706	16240408	778967.440007966	16246227	740309.225609641
137	16321497	60742	16327285	789741	16333088	538480	16321497	0.83822	16327285	1.00489	16333088	1.05617	16321497	72465.4625277374	16327285	785897.958980585	16333088	509842.165560469	16338064	50964	16343852	769808	16349655	621154	16338064	0.83835	16343852	1.00468	16349655	1.05646	16338064	60790.8391483271	16343852	766222.0806625	16349655	587957.897128145	16354631	36677	16360419	781811	16366222	774403	16354631	0.83863	16360419	1.0044	16366222	1.05687	16354631	43734.4240010493	16360419	778386.101154918	16366222	732732.502578368
138	16441508	61112	16447296	788761	16453099	538570	16441508	0.83822	16447296	1.00412	16453099	1.05645	16441508	72906.8740903343	16447296	785524.638489423	16453099	509792.228690426	16458091	51424	16463878	768792	16469682	618196	16458091	0.83792	16463878	1.00432	16469682	1.05723	16458091	61371.0139392782	16463878	765485.104349211	16469682	584731.799135477	16474720	36597	16480508	780958	16486327	766702	16474720	0.83824	16480508	1.00465	16486327	1.05683	16474720	43659.3338423363	16480508	777343.353406659	16486327	725473.349545338
139	16561519	61228	16567307	786972	16573110	538712	16561519	0.83886	16567307	1.00415	16573110	1.05681	16561519	72989.5334143957	16567307	783719.563810188	16573110	509752.935721653	16578102	51543	16583874	770415	16589677	616188	16578102	0.8386	16583874	1.00479	16589677	1.05645	16578102	61463.1528738374	16583874	766742.304362105	16589677	583262.814141701	16594669	36827	16600441	780930	16606244	759114	16594669	0.83861	16600441	1.00533	16606244	1.05747	16594669	43914.3344343616	16600441	776789.710841217	16606244	717858.662657097
140	16681530	60781	16687318	788526	16693121	536750	16681530	0.83855	16687318	1.00473	16693121	1.05682	16681530	72483.4535805855	16687318	784813.83058135	16693121	507891.599326281	16698097	51215	16703885	770410	16709688	615074	16698097	0.83846	16703885	1.00491	16709688	1.05711	16698097	61082.222169215	16703885	766645.76927287	16709688	581844.84112344	16714664	37340	16720452	780309	16726240	751982	16714664	0.83913	16720452	1.00489	16726240	1.05701	16714664	44498.4686520563	16720452	776511.857019176	16726240	711423.732982659
141	16801541	60659	16807329	788984	16813132	537487	16801541	0.83836	16807329	1.00501	16813132	1.05699	16801541	72354.3585094709	16807329	785050.89501597	16813132	508507.176037616	16818108	51899	16823896	768328	16829699	615115	16818108	0.83854	16823896	1.00481	16829699	1.05756	16818108	61892.0981706299	16823896	764650.033339637	16829699	581636.030107039	16834691	37536	16840463	782036	16846266	744459	16834691	0.83904	16840463	1.00505	16846266	1.05612	16834691	44736.8421052632	16840463	778106.561862594	16846266	704900.011362345
142	16921552	61120	16927340	791334	16933143	537862	16921552	0.83878	16927340	1.00505	16933143	1.05759	16921552	72867.7364744033	16927340	787357.842893388	16933143	508573.265632239	16938135	51861	16943907	770864	16949710	611923	16938135	0.83871	16943907	1.00451	16949710	1.05723	16938135	61834.2454483671	16943907	767403.012414013	16949710	578798.36932361	16954686	37938	16960458	783183	16966262	737631	16954686	0.83959	16960458	1.00488	16966262	1.05698	16954686	45186.3409521314	16960458	779379.627418199	16966262	697866.563227308
143	17041563	60989	17047351	790361	17053154	536382	17041563	0.83914	17047351	1.0051	17053154	1.0575	17041563	72680.3632290202	17047351	786350.611879415	17053154	507217.021276596	17058130	52173	17063902	770371	17069705	608924	17058130	0.83886	17063902	1.00476	17069705	1.05794	17058130	62195.1219512195	17063902	766721.406106931	17069705	575575.174395523	17074682	38526	17080470	780079	17086273	731321	17074682	0.83858	17080470	1.00557	17086273	1.0577	17074682	45941.9494860359	17080470	775758.027785236	17086273	691425.735085563
144	17161574	61533	17167362	788754	17173165	538532	17161574	0.8392	17167362	1.00545	17173165	1.05794	17161574	73323.4032411821	17167362	784478.591675369	17173165	509038.319753483	17178141	51970	17183929	768970	17189732	608303	17178141	0.83916	17183929	1.00544	17189732	1.05834	17178141	61930.9785976453	17183929	764809.436664545	17189732	574770.867585086	17194724	38627	17200496	781441	17206299	726439	17194724	0.83869	17200496	1.00526	17206299	1.05805	17194724	46056.3497835911	17200496	777352.127807732	17206299	686582.864703936
145	17281585	60902	17287373	787783	17293191	536261	17281585	0.83874	17287373	1.00521	17293191	1.05694	17281585	72611.2978992298	17287373	783699.923399091	17293191	507371.279353606	17298152	52618	17303924	770539	17309728	606934	17298152	0.83885	17303924	1.0059	17309728	1.05768	17298152	62726.351552721	17303924	766019.485038274	17309728	573835.186445806	17314720	39516	17320492	781426	17326295	719447	17314720	0.83852	17320492	1.00498	17326295	1.05762	17314720	47125.8884701617	17320492	777553.782164819	17326295	680250.940791589
146	17401596	61427	17407384	787696	17413202	537326	17401596	0.83923	17407384	1.00485	17413202	1.05791	17401596	73194.4758886122	17407384	783894.113549286	17413202	507912.771407776	17418179	52643	17423967	769882	17429770	605062	17418179	0.83841	17423967	1.00473	17429770	1.05729	17418179	62789.0888706003	17423967	766257.601544694	17429770	572276.291272971	17434762	39689	17440549	782078	17446353	711263	17434762	0.83965	17440549	1.00512	17446353	1.0575	17434762	47268.5047341154	17440549	778094.157911493	17446353	672589.125295508
147	17521607	61587	17527379	789378	17533182	535713	17521607	0.83949	17527379	1.00508	17533182	1.05764	17521607	73362.3985991495	17527379	785388.227802762	17533182	506517.34049393	17538159	53218	17543946	768623	17549734	603769	17538159	0.83896	17543946	1.00536	17549734	1.05777	17538159	63433.2983694097	17543946	764525.145221612	17549734	570794.218024712	17554726	39812	17560514	781484	17566317	706115	17554726	0.83891	17560514	1.0053	17566317	1.05748	17554726	47456.8189674697	17560514	777363.970953944	17566317	667733.668721867
148	17641618	61304	17647406	789974	17653193	535557	17641618	0.83811	17647406	1.00431	17653193	1.05617	17641618	73145.5298230543	17647406	786583.823719768	17653193	507074.618669343	17658185	53375	17663957	767963	17669761	602875	17658185	0.83831	17663957	1.00495	17669761	1.0569	17658185	63669.7641683864	17663957	764180.307477984	17669761	570418.204182042	17674753	39973	17680525	780496	17686328	701506	17674753	0.83865	17680525	1.0052	17686328	1.05753	17674753	47663.5068264473	17680525	776458.416235575	17686328	663343.829489471
149	17761629	61391	17767417	788571	17773236	534443	17761629	0.83936	17767417	1.00486	17773236	1.05733	17761629	73140.2497140679	17767417	784757.080588341	17773236	505464.708274616	17778212	53552	17783984	769094	17789787	603671	17778212	0.83897	17783984	1.00519	17789787	1.059	17778212	63830.6494868708	17783984	765123.011569952	17789787	570038.715769594	17794779	40533	17800551	780740	17806370	697816	17794779	0.83929	17800551	1.00597	17806370	1.05753	17794779	48294.3916882127	17800551	776106.643339265	17806370	659854.566773519
150	17881640	61687	17887428	790366	17893247	535107	17881640	0.83982	17887428	1.00633	17893247	1.05899	17881640	73452.6446143221	17887428	785394.453111802	17893247	505299.389040501	17898223	53738	17903995	770153	17909798	600764	17898223	0.83945	17903995	1.00551	17909798	1.05812	17898223	64015.7245815713	17903995	765932.710763692	17909798	567765.470835066	17914775	40524	17920562	781859	17926365	691954	17914775	0.83914	17920562	1.00562	17926365	1.05746	17914775	48292.2992587649	17920562	777489.508959647	17926365	654354.774648686
151	18001651	61642	18007439	789112	18013242	534490	18001651	0.83951	18007439	1.00551	18013242	1.05659	18001651	73426.1652630701	18007439	784787.819116667	18013242	505863.201431019	18018218	54338	18024022	770271	18029809	598609	18018218	0.8397	18024022	1.00576	18029809	1.05838	18018218	64711.2063832321	18024022	765859.648425072	18029809	565589.863754039	18034786	40898	18040573	781934	18046376	686556	18034786	0.83995	18040573	1.00561	18046376	1.05836	18034786	48690.9935115185	18040573	777571.822078142	18046376	648697.985562569
152	18121662	61731	18127450	787171	18133253	535510	18121662	0.83956	18127450	1.00562	18133253	1.05846	18121662	73527.8002763352	18127450	782771.822358346	18133253	505933.148158646	18138245	53428	18144017	768753	18149820	596984	18138245	0.83901	18144017	1.00511	18149820	1.05803	18138245	63679.8131130737	18144017	764844.643869825	18149820	564241.089572129	18154812	40994	18160600	780536	18166403	680143	18154812	0.83939	18160600	1.00523	18166403	1.05908	18154812	48837.8465314097	18160600	776475.035564	18166403	642201.7222495
153	18241673	61363	18247461	787898	18253264	534730	18241673	0.83952	18247461	1.0054	18253264	1.05769	18241673	73092.9578806937	18247461	783666.202506465	18253264	505564.012139663	18258256	53480	18264028	769822	18269831	596976	18258256	0.83965	18264028	1.00546	18269831	1.05732	18258256	63693.2055022926	18264028	765641.59688103	18269831	564612.41629781	18274808	41266	18280595	780323	18286414	675630	18274808	0.83881	18280595	1.00531	18286414	1.05749	18274808	49195.8846461058	18280595	776201.370721469	18286414	638899.658625614
154	18361684	61290	18367487	789656	18373275	534559	18361684	0.83958	18367487	1.00517	18373275	1.05767	18361684	73000.7861073394	18367487	785594.476556204	18373275	505411.895959988	18378267	53989	18384055	766610	18389858	596250	18378267	0.83961	18384055	1.00591	18389858	1.05861	18378267	64302.4737675826	18384055	762105.953812965	18389858	563238.586448267	18394834	41498	18400622	781332	18406425	670897	18394834	0.83959	18400622	1.00586	18406425	1.05767	18394834	49426.5057944949	18400622	776780.068796851	18406425	634315.996482835
155	18481695	62087	18487483	789757	18493286	535949	18481695	0.83898	18487483	1.00632	18493286	1.05816	18481695	74002.9559703449	18487483	784797.082438986	18493286	506491.456868527	18498262	53643	18504050	772332	18509853	596713	18498262	0.83965	18504050	1.00651	18509853	1.05841	18498262	63887.3340082177	18504050	767336.638483473	18509853	563782.466152058	18514830	42322	18520617	779679	18526420	667525	18514830	0.83952	18520617	1.00601	18526420	1.05778	18514830	50412.1402706308	18520617	775021.123050467	18526420	631062.224659192
156	18601706	61818	18607494	789638	18613297	536219	18601706	0.83893	18607494	1.00526	18613297	1.05804	18601706	73686.7199885569	18607494	785506.237192368	18613297	506804.090582587	18618273	54400	18624061	769343	18629849	593002	18618273	0.83922	18624061	1.00633	18629849	1.05782	18618273	64822.0967088487	18624061	764503.69163197	18629849	560588.75801176	18634841	42176	18640613	781568	18646416	663718	18634841	0.83934	18640613	1.00581	18646416	1.05798	18634841	50249.0051707294	18640613	777053.320209582	18646416	627344.56227906
157	18721717	61646	18727505	788720	18733308	534032	18721717	0.83928	18727505	1.00585	18733308	1.05755	18721717	73451.053283767	18727505	784132.822985535	18733308	504970.923360598	18738300	54414	18744088	769689	18749891	591890	18738300	0.84008	18744088	1.00616	18749891	1.05765	18738300	64772.4026283211	18744088	764976.743261509	18749891	559627.476008131	18754867	42256	18760655	780417	18766458	657806	18754867	0.83961	18760655	1.00603	18766458	1.05773	18754867	50328.1285358678	18760655	775739.292068825	18766458	621903.510347631
158	18841728	61812	18847516	789366	18853319	533876	18841728	0.8396	18847516	1.00705	18853319	1.05831	18841728	73620.7717960934	18847516	783839.928504047	18853319	504460.885751812	18858295	54405	18864083	770370	18869871	592004	18858295	0.83953	18864083	1.00636	18869871	1.05883	18858295	64804.1165890439	18864083	765501.411025875	18869871	559111.472096559	18874847	42859	18880635	780574	18886438	655313	18874847	0.83919	18880635	1.00686	18886438	1.05841	18874847	51071.8669192912	18880635	775255.745585285	18886438	619148.534121938
159	18961739	61887	18967527	790805	18973330	535407	18961739	0.84	18967527	1.00531	18973330	1.05888	18961739	73675	18967527	786628.0052919	18973330	505635.199456029	18978306	54570	18984078	771283	18989882	591635	18978306	0.84011	18984078	1.00662	18989882	1.05913	18978306	64955.7796002904	18984078	766210.685263555	18989882	558604.703860716	18994874	43076	19000661	781224	19006464	653164	18994874	0.8401	19000661	1.00649	19006464	1.05875	18994874	51274.8482323533	19000661	776186.549295075	19006464	616919.952774498
160	19081750	61996	19087538	791177	19093341	534738	19081750	0.83931	19087538	1.00651	19093341	1.05928	19081750	73865.4370852248	19087538	786059.751020854	19093341	504812.702968054	19098333	54765	19104105	770929	19109924	590226	19098333	0.83997	19104105	1.00642	19109924	1.05971	19098333	65198.7570984678	19104105	766011.208044355	19109924	556969.359541761	19114900	42949	19120688	784344	19126491	649003	19114900	0.8399	19120688	1.00683	19126491	1.05868	19114900	51135.8495058936	19120688	779023.271058669	19126491	613030.377451166
161	19201761	62102	19207549	788700	19213352	536332	19201761	0.84013	19207549	1.00689	19213352	1.05906	19201761	73919.5124564056	19207549	783303.042040342	19213352	506422.676713312	19218328	55039	19224116	769439	19229919	588906	19218328	0.84018	19224116	1.00647	19229919	1.05913	19218328	65508.5814944417	19224116	764492.732023806	19229919	556028.060766856	19234896	43608	19240668	780848	19246471	644283	19234896	0.84023	19240668	1.00729	19246471	1.05922	19234896	51900.0749794699	19240668	775196.815217068	19246471	608261.739770775
162	19321772	62405	19327575	789436	19333379	533511	19321772	0.83977	19327575	1.0068	19333379	1.05916	19321772	74312.0140038344	19327575	784104.092173222	19333379	503711.431700593	19338355	55084	19344143	770714	19349930	588501	19338355	0.83964	19344143	1.00662	19349930	1.05884	19338355	65604.3066075937	19344143	765645.427271463	19349930	555797.8542556	19354907	44072	19360694	779352	19366482	641476	19354907	0.84024	19360694	1.00668	19366482	1.05833	19354907	52451.680472246	19360694	774180.474430802	19366482	606120.964160517
163	19441783	61910	19447571	787842	19453390	533445	19441783	0.84036	19447571	1.00703	19453390	1.05934	19441783	73670.8077490599	19447571	782342.134792409	19453390	503563.539562369	19458366	55266	19464138	769659	19469941	586264	19458366	0.8399	19464138	1.00718	19469941	1.05926	19458366	65800.6905583998	19464138	764172.243293155	19469941	553465.626947114	19474918	44177	19480705	780741	19486509	636643	19474918	0.83989	19480705	1.00657	19486509	1.05816	19474918	52598.5545726226	19480705	775645.01226939	19486509	601650.979057988
164	19561794	62356	19567582	788958	19573401	535366	19561794	0.84011	19567582	1.00651	19573401	1.05871	19561794	74223.6135744129	19567582	783855.103277662	19573401	505677.664327342	19578361	55090	19584149	770157	19589952	586070	19578361	0.84013	19584149	1.00664	19589952	1.0594	19578361	65573.1851023056	19584149	765076.889454025	19589952	553209.363790825	19594944	44536	19600716	781872	19606504	634715	19594944	0.8401	19600716	1.00677	19606504	1.0591	19594944	53012.7365789787	19600716	776614.321046515	19606504	599296.572561609
165	19681805	62017	19687608	790844	19693412	535117	19681805	0.84022	19687608	1.00766	19693412	1.06065	19681805	73810.4306015091	19687608	784832.185459381	19693412	504517.984254938	19698388	55090	19704176	770578	19709979	585725	19698388	0.84092	19704176	1.00712	19709979	1.06099	19698388	65511.5825524426	19704176	765130.272460084	19709979	552055.156033516	19714955	44600	19720743	781714	19726531	630400	19714955	0.84117	19720743	1.00793	19726531	1.05999	19714955	53021.3868778012	19720743	775563.779230701	19726531	594722.591722563
166	19801816	62257	19807604	790592	19813407	535014	19801816	0.84101	19807604	1.00844	19813407	1.05994	19801816	74026.4681751703	19807604	783975.24889929	19813407	504758.759929807	19818368	55673	19824156	769180	19829959	585563	19818368	0.84085	19824156	1.00782	19829959	1.05989	19818368	66210.3823511923	19824156	763211.684626223	19829959	552475.256866279	19834935	44870	19840723	781059	19846526	630320	19834935	0.84141	19840723	1.00838	19846526	1.0602	19834935	53327.1532308863	19840723	774568.119161427	19846526	594529.334087908
167	19921827	62694	19927615	789975	19933418	533935	19921827	0.84079	19927615	1.0077	19933418	1.06016	19921827	74565.587126393	19927615	783938.672223876	19933418	503636.243585874	19938395	55767	19944182	769139	19949985	584165	19938395	0.8408	19944182	1.00742	19949985	1.06052	19938395	66326.1179828735	19944182	763474.022751186	19949985	550828.83868291	19954962	44601	19960749	781063	19966537	625424	19954962	0.84068	19960749	1.00774	19966537	1.05962	19954962	53053.480515773	19960749	775064.004604362	19966537	590234.234914403
168	20041838	62308	20047626	788724	20053429	534620	20041838	0.84023	20047626	1.00749	20053429	1.05996	20041838	74155.8858883877	20047626	782860.375785368	20053429	504377.523680139	20058406	55895	20064193	771387	20069996	584377	20058406	0.84096	20064193	1.00744	20069996	1.0601	20058406	66465.7058599696	20064193	765690.264432621	20069996	551247.05216489	20074988	45026	20080776	782987	20086595	625881	20074988	0.84088	20080776	1.00773	20086595	1.05995	20074988	53546.2848444487	20080776	776980.937354252	20086595	590481.626491816
169	20161849	62699	20167637	790302	20173440	534288	20161849	0.84076	20167637	1.00744	20173440	1.05954	20161849	74574.1947761549	20167637	784465.576113714	20173440	504264.114615777	20178417	56281	20184204	772212	20190007	584394	20178417	0.84053	20184204	1.00744	20190007	1.06002	20178417	66958.9425719487	20184204	766509.17176209	20190007	551304.692364295	20194984	45484	20200771	782307	20206575	623624	20194984	0.84113	20200771	1.00732	20206575	1.06058	20194984	54074.8754651481	20200771	776622.126037406	20206575	588002.79092572
170	20281860	62476	20287648	790042	20293451	536433	20281860	0.8409	20287648	1.00827	20293451	1.06088	20281860	74296.5869901296	20287648	783561.942733593	20293451	505649.083779504	20298428	55591	20304215	769634	20310018	583787	20298428	0.84053	20304215	1.00742	20310018	1.05999	20298428	66138.0319560278	20304215	763965.376903377	20310018	550747.648562722	20314995	45567	20320767	782920	20326570	617977	20314995	0.84091	20320767	1.00792	20326570	1.0596	20314995	54187.7252024592	20320767	776767.997460116	20326570	583217.25179313
171	20401871	62604	20407659	790452	20413462	535599	20401871	0.84144	20407659	1.008	20413462	1.05984	20401871	74401.0268111808	20407659	784178.571428571	20413462	505358.355978261	20418454	56075	20424226	769540	20430029	582673	20418454	0.84058	20424226	1.00763	20430029	1.0604	20418454	66709.8907896928	20424226	763712.870795828	20430029	549484.156921916	20435021	45807	20440793	781361	20446612	618058	20435021	0.84154	20440793	1.00845	20446612	1.0597	20435021	54432.3502150819	20440793	774813.823194011	20446612	583238.652448806
172	20521882	62725	20527670	791220	20533473	535726	20521882	0.84145	20527670	1.00819	20533473	1.06019	20521882	74543.9420048725	20527670	784792.549023498	20533473	505311.312123299	20538465	56593	20544253	771608	20550040	582143	20538465	0.84077	20544253	1.00723	20550040	1.06002	20538465	67310.9173733601	20544253	766069.318824896	20550040	549181.147525519	20555017	46477	20560804	781828	20566608	614953	20555017	0.84189	20560804	1.00755	20566608	1.06066	20555017	55205.5494185701	20560804	775969.430797479	20566608	579783.342447156
173	20641893	62585	20647681	789329	20653484	536242	20641893	0.8414	20647681	1.00772	20653484	1.06007	20641893	74381.9824102686	20647681	783282.062477672	20653484	505855.27370834	20658461	56703	20664233	773137	20670051	581963	20658461	0.84106	20664233	1.00788	20670051	1.06154	20658461	67418.4957077973	20664233	767092.312576894	20670051	548225.219963449	20675028	46309	20680800	783293	20686603	612537	20675028	0.84122	20680800	1.00797	20686603	1.06098	20675028	55049.8086113026	20680800	777099.5168507	20686603	577331.335180682
174	20761904	62627	20767708	789297	20773526	536086	20761904	0.84144	20767708	1.00736	20773526	1.0596	20761904	74428.360905115	20767708	783530.217598475	20773526	505932.427331068	20778503	56708	20784290	768813	20790094	580031	20778503	0.84091	20784290	1.00703	20790094	1.06034	20778503	67436.4676362512	20784290	763445.974797176	20790094	547023.596204991	20795086	46807	20800873	783194	20806676	610785	20795086	0.841	20800873	1.00769	20806676	1.06029	20795086	55656.3614744352	20800873	777217.199734045	20806676	576054.664289958
175	20881915	62855	20887703	792578	20893506	535493	20881915	0.84147	20887703	1.00861	20893506	1.06014	20881915	74696.661794241	20887703	785812.157325428	20893506	505115.362121984	20898483	56645	20904270	773016	20910073	579311	20898483	0.84115	20904270	1.00865	20910073	1.05964	20898483	67342.3289544077	20904270	766386.754572944	20910073	546705.484881658	20915050	46491	20920822	782834	20926625	607572	20915050	0.84089	20920822	1.00837	20926625	1.06007	20915050	55287.8497782112	20920822	776336.067118221	20926625	573143.282990746
176	21001926	62877	21007714	789943	21013517	537234	21001926	0.84093	21007714	1.0078	21013517	1.06036	21001926	74770.7894830723	21007714	783829.132764438	21013517	506652.457655891	21018478	56783	21024266	771159	21030069	578859	21018478	0.84072	21024266	1.00773	21030069	1.06117	21018478	67540.9173089733	21024266	765243.666458278	21030069	545491.297341614	21035045	47232	21040833	782228	21046636	606899	21035045	0.84059	21040833	1.00723	21046636	1.06025	21035045	56189.1052712975	21040833	776613.087378255	21046636	572411.223767979
177	21121937	62784	21127725	790440	21133544	537862	21121937	0.84154	21127725	1.00795	21133544	1.05998	21121937	74606.0793307508	21127725	784205.565752269	21133544	507426.555218023	21138520	56876	21144308	771894	21150127	580608	21138520	0.8411	21144308	1.00816	21150127	1.06006	21138520	67620.9725359648	21144308	765646.325980003	21150127	547712.393638096	21155103	47385	21160875	782916	21166678	605605	21155103	0.84105	21160875	1.00739	21166678	1.05999	21155103	56340.2889245586	21160875	777172.693792871	21166678	571330.861611902
178	21241948	62789	21247736	789930	21253555	538079	21241948	0.84118	21247736	1.00769	21253555	1.06007	21241948	74643.9525428565	21247736	783901.795194951	21253555	507588.17813918	21258516	57211	21264303	772234	21270106	578309	21258516	0.84154	21264303	1.00765	21270106	1.0593	21258516	67983.6965563134	21264303	766371.259862055	21270106	545935.05144907	21275083	47130	21280855	781659	21286658	603450	21275083	0.8414	21280855	1.00725	21286658	1.06002	21275083	56013.7865462325	21280855	776032.762472078	21286658	569281.711665818
179	21361959	63157	21367763	791464	21373550	538703	21361959	0.8414	21367763	1.0081	21373550	1.06056	21361959	75061.8017589732	21367763	785104.652316239	21373550	507942.03062533	21378527	57090	21384314	770071	21390102	579142	21378527	0.84135	21384314	1.00814	21390102	1.06038	21378527	67855.2326617935	21384314	763853.234669788	21390102	546164.582508157	21395078	47403	21400866	782453	21406669	602500	21395078	0.84077	21400866	1.00748	21406669	1.06038	21395078	56380.4607681054	21400866	776643.705085957	21406669	568192.534751693
180	21481970	63136	21487758	790304	21493577	537091	21481970	0.83988	21487758	1.0069	21493577	1.05934	21481970	75172.6437110063	21487758	784888.270930579	21493577	507005.305190024	21498553	56883	21504341	772713	21510144	578623	21498553	0.84061	21504341	1.00698	21510144	1.05869	21498553	67668.7167652062	21504341	767356.849192635	21510144	546546.203326753	21515120	47213	21520924	783621	21526711	598528	21515120	0.84037	21520924	1.00713	21526711	1.05985	21515120	56181.2058974023	21520924	778073.337106431	21526711	564728.971080813
181	21601981	62829	21607785	790878	21613588	536540	21601981	0.84038	21607785	1.00778	21613588	1.05893	21601981	74762.6073918942	21607785	784772.470181984	21613588	506681.272605366	21618564	57495	21624367	771839	21630186	580496	21618564	0.84116	21624367	1.00822	21630186	1.06049	21618564	68352.0376622759	21624367	765546.210152546	21630186	547384.699525691	21635147	47902	21640935	781788	21646738	597101	21635147	0.84113	21640935	1.00727	21646738	1.06	21635147	56949.5797320272	21640935	776145.422776416	21646738	563302.830188679
182	21721992	63199	21727796	791747	21733599	538173	21721992	0.84021	21727796	1.00669	21733599	1.05941	21721992	75218.1002368456	21727796	786485.412589774	21733599	507993.12825063	21738575	57673	21744363	772759	21750182	580214	21738575	0.84017	21744363	1.00717	21750182	1.06007	21738575	68644.4410059869	21744363	767257.761847553	21750182	547335.553312517	21755158	48196	21760961	782724	21766780	597392	21755158	0.83997	21760961	1.00642	21766780	1.05947	21755158	57378.2396990369	21760961	777730.967190636	21766780	563859.288134633
183	21842003	63403	21847791	789681	21853594	536742	21842003	0.84066	21847791	1.00767	21853594	1.05951	21842003	75420.5029381676	21847791	783670.249188722	21853594	506594.557861653	21858571	57617	21864343	771116	21870146	577238	21858571	0.84092	21864343	1.00686	21870146	1.05942	21858571	68516.6246491937	21864343	765862.1854081	21870146	544862.283136056	21875122	48506	21880910	783060	21886698	595502	21875122	0.84094	21880910	1.00656	21886698	1.05911	21875122	57680.6906556948	21880910	777956.604673343	21886698	562266.431248879
184	21962014	63058	21967802	790525	21973621	538601	21962014	0.83965	21967802	1.00821	21973621	1.05937	21962014	75100.3394271423	21967802	784087.640471727	21973621	508416.322908899	21978582	57618	21984385	770246	21990188	577222	21978582	0.84044	21984385	1.00753	21990188	1.05898	21978582	68556.9463614297	21984385	764489.394856729	21990188	545073.561351489	21995149	48250	22000937	783017	22006740	592935	21995149	0.83999	22000937	1.00703	22006740	1.0591	21995149	57441.1600138097	22000937	777550.817751209	22006740	559847.984137475
185																																																						
186																																																						
187																																																						
188																																																						
189																																																						
190																																																						
191																																																						
192																																																						
193																																																						
194																																																						
195																																																						
196																																																						
197																																																						
198																																																						
199																																																						
200																																																						
201																																																						
202																																																						
203																																																						
204																																																						
205																																																						
206																																																						
207																																																						
208																																																						
209																																																						
210																																																						
211																																																						
212																																																						
213																																																						
214																																																						
215																																																						
216																																																						
217																																																						
218																																																						
219																																																						
220																																																						
221																																																						
222																																																						
223																																																						
224																																																						
225																																																						
226																																																						
227																																																						
228																																																						
229																																																						
230																																																						
231																																																						
232																																																						
233																																																						
234																																																						
235																																																						
236																																																						
237																																																						
238																																																						
239																																																						
240																																																						
241																																																						
242																																																						
243																																																						
244																																																						
245																																																						
246																																																						
247																																																						
248																																																						
249																																																						
250																																																						
251																																																						
252																																																						
253																																																						
254																																																						
255																																																						
256																																																						
257																																																						
258																																																						
259																																																						
260																																																						
261																																																						
262																																																						
263																																																						
264																																																						
265																																																						
266																																																						
267																																																						
268																																																						
269																																																						
270																																																						
271																																																						
272																																																						
273																																																						
274																																																						
275																																																						
276																																																						
277																																																						
278																																																						
279																																																						
280																																																						
281																																																						
282																																																						
283																																																						
284																																																						
285																																																						
286																																																						
287																																																						
288																																																						
289																																																						
290																																																						
291																																																						
292																																																						
293																																																						
294																																																						
295																																																						
296																																																						
297																																																						
298																																																						
299																																																						
300																																																						
301																																																						