HJY Multigroup Import
Application Version:	3.5.1.20
SystemConfiguration::	FL3-11_1602C-0213-FL
Experiment Time Stamp:	9/22/2025 5:29 PM
Export Time Stamp:	9/23/2025 11:12 AM
Experiment Comment:	None

Integration Time:	1
Time Sequence Interval Points:	301
Time Sequence Experiment Duration:	10:00:00	36000000 (ms)
Repetition Time Sequence Enabled:	False
Repetition Time Sequence Count:	2
Repetition Time Sequence Delay:	0 seconds
Time Sequence Interval Total Points:	301
Time Sequence Experiment Duration Total:	10:00:00	36000000 (ms)

Mono Count:	2
Mono Description:	Excitation 1 (Mono1)	Emission 1 (Mono2)
Mono Slit Width:		5	5
Mono Grating Index:		0	0
Mono Grating Value:		1200	1200

Mono Wavelength Group Count:	3
Mono Wavelength Group Description:	Group 1:(Excitation 1:596 Emission 1:615)	Group 2:(Excitation 1:549 Emission 1:565)	Group 3:(Excitation 1:495 Emission 1:520)

Detector Count:	3
Detector Description:	S1 (SCD1)	R (SCD2)	S1/R (SCD1/SCD2)
Detector High Voltage:	950	None	None

Accessory Sequential Type:	Temperature Controller
Accessory Sequential Description:	Temperature Control (TC1)
Accessory Sequential Scan Position Count:	1
Accessory Sequential Scan Positions:		37

Accessory Interleave Type:	Sample Changer
Accessory Interleave Description:	Sample Changer - 4 Position (SCH1)
Accessory Interleave Scan Position Count:	3
Accessory Interleave Scan Positions:	1	2	3

Axis	X	Y	X	Y	X	Y	X	Y	X	Y	X	Y	X	Y	X	Y	X	Y	X	Y	X	Y	X	Y	X	Y	X	Y	X	Y	X	Y	X	Y	X	Y	X	Y	X	Y	X	Y	X	Y	X	Y	X	Y	X	Y	X	Y	X	Y
Sequential: Temperature Controller	Idx:0(Pos:37.00)	Idx:0(Pos:37.00)	Idx:0(Pos:37.00)	Idx:0(Pos:37.00)	Idx:0(Pos:37.00)	Idx:0(Pos:37.00)	Idx:0(Pos:37.00)	Idx:0(Pos:37.00)	Idx:0(Pos:37.00)	Idx:0(Pos:37.00)	Idx:0(Pos:37.00)	Idx:0(Pos:37.00)	Idx:0(Pos:37.00)	Idx:0(Pos:37.00)	Idx:0(Pos:37.00)	Idx:0(Pos:37.00)	Idx:0(Pos:37.00)	Idx:0(Pos:37.00)	Idx:0(Pos:37.00)	Idx:0(Pos:37.00)	Idx:0(Pos:37.00)	Idx:0(Pos:37.00)	Idx:0(Pos:37.00)	Idx:0(Pos:37.00)	Idx:0(Pos:37.00)	Idx:0(Pos:37.00)	Idx:0(Pos:37.00)	Idx:0(Pos:37.00)	Idx:0(Pos:37.00)	Idx:0(Pos:37.00)	Idx:0(Pos:37.00)	Idx:0(Pos:37.00)	Idx:0(Pos:37.00)	Idx:0(Pos:37.00)	Idx:0(Pos:37.00)	Idx:0(Pos:37.00)	Idx:0(Pos:37.00)	Idx:0(Pos:37.00)	Idx:0(Pos:37.00)	Idx:0(Pos:37.00)	Idx:0(Pos:37.00)	Idx:0(Pos:37.00)	Idx:0(Pos:37.00)	Idx:0(Pos:37.00)	Idx:0(Pos:37.00)	Idx:0(Pos:37.00)	Idx:0(Pos:37.00)	Idx:0(Pos:37.00)	Idx:0(Pos:37.00)	Idx:0(Pos:37.00)	Idx:0(Pos:37.00)	Idx:0(Pos:37.00)	Idx:0(Pos:37.00)	Idx:0(Pos:37.00)
Interleave: Sample Changer	Idx:0(Pos:1)	Idx:0(Pos:1)	Idx:0(Pos:1)	Idx:0(Pos:1)	Idx:0(Pos:1)	Idx:0(Pos:1)	Idx:0(Pos:1)	Idx:0(Pos:1)	Idx:0(Pos:1)	Idx:0(Pos:1)	Idx:0(Pos:1)	Idx:0(Pos:1)	Idx:0(Pos:1)	Idx:0(Pos:1)	Idx:0(Pos:1)	Idx:0(Pos:1)	Idx:0(Pos:1)	Idx:0(Pos:1)	Idx:1(Pos:2)	Idx:1(Pos:2)	Idx:1(Pos:2)	Idx:1(Pos:2)	Idx:1(Pos:2)	Idx:1(Pos:2)	Idx:1(Pos:2)	Idx:1(Pos:2)	Idx:1(Pos:2)	Idx:1(Pos:2)	Idx:1(Pos:2)	Idx:1(Pos:2)	Idx:1(Pos:2)	Idx:1(Pos:2)	Idx:1(Pos:2)	Idx:1(Pos:2)	Idx:1(Pos:2)	Idx:1(Pos:2)	Idx:2(Pos:3)	Idx:2(Pos:3)	Idx:2(Pos:3)	Idx:2(Pos:3)	Idx:2(Pos:3)	Idx:2(Pos:3)	Idx:2(Pos:3)	Idx:2(Pos:3)	Idx:2(Pos:3)	Idx:2(Pos:3)	Idx:2(Pos:3)	Idx:2(Pos:3)	Idx:2(Pos:3)	Idx:2(Pos:3)	Idx:2(Pos:3)	Idx:2(Pos:3)	Idx:2(Pos:3)	Idx:2(Pos:3)
Detector	S1 (SCD1)	S1 (SCD1)	S1 (SCD1)	S1 (SCD1)	S1 (SCD1)	S1 (SCD1)	R (SCD2)	R (SCD2)	R (SCD2)	R (SCD2)	R (SCD2)	R (SCD2)	S1/R (SCD1/SCD2)	S1/R (SCD1/SCD2)	S1/R (SCD1/SCD2)	S1/R (SCD1/SCD2)	S1/R (SCD1/SCD2)	S1/R (SCD1/SCD2)	S1 (SCD1)	S1 (SCD1)	S1 (SCD1)	S1 (SCD1)	S1 (SCD1)	S1 (SCD1)	R (SCD2)	R (SCD2)	R (SCD2)	R (SCD2)	R (SCD2)	R (SCD2)	S1/R (SCD1/SCD2)	S1/R (SCD1/SCD2)	S1/R (SCD1/SCD2)	S1/R (SCD1/SCD2)	S1/R (SCD1/SCD2)	S1/R (SCD1/SCD2)	S1 (SCD1)	S1 (SCD1)	S1 (SCD1)	S1 (SCD1)	S1 (SCD1)	S1 (SCD1)	R (SCD2)	R (SCD2)	R (SCD2)	R (SCD2)	R (SCD2)	R (SCD2)	S1/R (SCD1/SCD2)	S1/R (SCD1/SCD2)	S1/R (SCD1/SCD2)	S1/R (SCD1/SCD2)	S1/R (SCD1/SCD2)	S1/R (SCD1/SCD2)
WL Group	1	1	2	2	3	3	1	1	2	2	3	3	1	1	2	2	3	3	1	1	2	2	3	3	1	1	2	2	3	3	1	1	2	2	3	3	1	1	2	2	3	3	1	1	2	2	3	3	1	1	2	2	3	3
Units	(ms)	CPS	(ms)	CPS	(ms)	CPS	(ms)	MicroAmps	(ms)	MicroAmps	(ms)	MicroAmps	(ms)	CPS	(ms)	CPS	(ms)	CPS	(ms)	CPS	(ms)	CPS	(ms)	CPS	(ms)	MicroAmps	(ms)	MicroAmps	(ms)	MicroAmps	(ms)	CPS	(ms)	CPS	(ms)	CPS	(ms)	CPS	(ms)	CPS	(ms)	CPS	(ms)	MicroAmps	(ms)	MicroAmps	(ms)	MicroAmps	(ms)	CPS	(ms)	CPS	(ms)	CPS
1	0	129410	5787	1410563	11606	3724429	0	0.84439	5787	1.0142	11606	1.0628	0	153258.565354872	5787	1390813.44902386	11606	3504355.47610087	16582	123221	22354	1360670	28158	3562863	16582	0.84482	22354	1.01409	28158	1.06282	16582	145854.738287446	22354	1341764.53766431	28158	3352273.19771928	33134	110951	38922	1345319	44725	3547779	33134	0.84563	38922	1.01419	44725	1.06216	33134	131205.136998451	38922	1326496.02145555	44725	3340154.96723657
2	120011	129207	125814	1213523	131617	3604637	120011	0.84467	125814	1.01275	131617	1.06241	120011	152967.431067754	125814	1198245.37151321	131617	3392886.92689263	136593	122346	142365	1171666	148169	3447352	136593	0.84402	142365	1.01338	148169	1.06193	136593	144956.280656856	142365	1156196.09623241	148169	3246308.13707118	153145	110536	158933	1157651	164736	3436051	153145	0.84455	158933	1.01345	164736	1.0613	153145	130881.534545024	158933	1142287.23666683	164736	3237586.9216998
3	240022	129343	245809	1185711	251628	3580478	240022	0.8446	245809	1.01365	251628	1.06102	240022	153141.131896756	245809	1169743.99447541	251628	3374562.21371887	256589	123342	262376	1136768	268180	3427990	256589	0.84342	262376	1.01271	268180	1.06171	256589	146240.307320196	262376	1122501.01213575	268180	3228744.19568432	273156	111737	278928	1125692	284731	3412583	273156	0.84431	278928	1.01254	284731	1.06066	273156	132341.201691322	278928	1111750.64688802	284731	3217414.62862746
4	360033	129125	365836	1175315	371639	3569989	360033	0.84379	365836	1.01355	371639	1.0616	360033	153029.782291802	365836	1159602.38764738	371639	3362838.16880181	376615	123524	382387	1129318	388206	3424896	376615	0.8444	382387	1.01287	388206	1.06234	376615	146286.120322122	382387	1114968.35724229	388206	3223917.01338555	393183	111592	398970	1118065	404758	3409807	393183	0.84465	398970	1.01293	404758	1.06204	393183	132116.261173267	398970	1103792.95706515	404758	3210620.12730217
5	480044	128751	485847	1171316	491650	3566511	480044	0.84455	485847	1.01318	491650	1.06146	480044	152449.233319519	485847	1156078.8803569	491650	3360005.08733254	496626	124259	502398	1126586	508202	3409118	496626	0.84449	502398	1.01312	508202	1.06165	496626	147140.877926322	502398	1111996.60454833	508202	3211150.56751283	513178	111807	518966	1115904	524769	3397469	513178	0.84491	518966	1.01377	524769	1.06171	513178	132330.070658413	518966	1100746.71769731	524769	3199997.17436965
6	600055	129281	605842	1168872	611661	3557785	600055	0.8441	605842	1.01325	611661	1.06237	600055	153158.393555266	605842	1153586.97261288	611661	3348913.27880117	616622	123457	622409	1125504	628213	3405364	616622	0.84441	622409	1.01302	628213	1.06107	616622	146205.042574105	622409	1111038.28157391	628213	3209367.90221192	633189	112355	638992	1113895	644795	3393701	633189	0.84441	638992	1.01378	644795	1.06193	633189	133057.401025568	638992	1098754.16757087	644795	3195785.97459343
7	720066	128852	725869	1165734	731656	3549505	720066	0.84493	725869	1.01377	731656	1.06221	720066	152500.207117749	725869	1149899.8786707	731656	3341622.65465398	736633	124079	742420	1125700	748224	3405777	736633	0.84478	742420	1.01309	748224	1.06133	736633	146877.293496532	742420	1111154.98129485	748224	3208970.81963197	753200	112325	758988	1116282	764775	3390099	753200	0.84424	758988	1.01311	764775	1.06141	753200	133048.659149057	758988	1101836.91800496	764775	3193958.03695085
8	840077	128317	845864	1166412	851667	3547001	840077	0.84395	845864	1.01345	851667	1.06218	840077	152043.367498075	845864	1150931.96506981	851667	3339359.61889699	856644	124088	862416	1126150	868219	3398702	856644	0.8444	862416	1.01299	868219	1.06172	856644	146954.050213169	862416	1111708.90137119	868219	3201128.35775911	873211	112126	878983	1113961	884786	3391743	873211	0.84457	878983	1.0126	884786	1.06119	873211	132761.050001776	878983	1100099.74323524	884786	3196169.3947361
9	960088	128709	965875	1165349	971694	3540988	960088	0.84443	965875	1.01286	971694	1.06195	960088	152421.159835629	965875	1150552.8898367	971694	3334420.64127313	976670	124082	982442	1124173	988246	3393829	976670	0.8441	982442	1.01334	988246	1.06192	976670	146999.17071437	982442	1109373.95148716	988246	3195936.605394	993238	112385	999010	1114480	1004813	3386621	993238	0.84506	999010	1.01327	1004813	1.0619	993238	132990.556883535	999010	1099884.53225695	1004813	3189208.96506262
10	1080099	128674	1085902	1163272	1091705	3533100	1080099	0.84416	1085902	1.01335	1091705	1.0607	1080099	152428.449583017	1085902	1147946.90876795	1091705	3330913.54765721	1096681	124253	1102453	1122324	1108257	3391026	1096681	0.84478	1102453	1.01307	1108257	1.06236	1096681	147083.264281825	1102453	1107844.47274127	1108257	3191974.47193042	1113249	112772	1119036	1109545	1124824	3383705	1113249	0.84495	1119036	1.01292	1124824	1.06182	1113249	133465.885555358	1119036	1095392.52853137	1124824	3186703.01934415
11	1200110	116096	1205913	705327	1211716	3281964	1200110	0.84467	1205913	1.01364	1211716	1.0613	1200110	137445.392875324	1205913	695835.799692199	1211716	3092399.88693112	1216692	114675	1222480	703512	1228268	3206515	1216692	0.84437	1222480	1.01359	1228268	1.06234	1216692	135811.31494487	1222480	694079.460136742	1228268	3018350.99873863	1233260	106289	1239032	728254	1244835	3276547	1233260	0.84472	1239032	1.01419	1244835	1.06252	1233260	125827.493133819	1239032	718064.662439977	1244835	3083750.89410082
12	1320121	115600	1325908	385296	1331727	3279449	1320121	0.84472	1325908	1.01324	1331727	1.06219	1320121	136850.080500047	1325908	380261.33986025	1331727	3087441.04162156	1336688	113883	1342475	371059	1348279	3198066	1336688	0.8445	1342475	1.0123	1348279	1.06201	1336688	134852.575488455	1342475	366550.429714512	1348279	3011333.22661745	1353255	105407	1359043	377787	1364846	3265611	1353255	0.84444	1359043	1.01353	1364846	1.06178	1353255	124824.735919663	1359043	372743.776701232	1364846	3075600.40686395
13	1440132	114617	1445919	223006	1451738	3275238	1440132	0.84419	1445919	1.01276	1451738	1.06185	1440132	135771.56801194	1445919	220196.295272325	1451738	3084463.90733154	1456699	113486	1462486	211427	1468290	3191197	1456699	0.84442	1462486	1.01293	1468290	1.06183	1456699	134395.206177021	1462486	208728.145084063	1468290	3005374.68332972	1473282	105090	1479054	215193	1484857	3261079	1473282	0.84545	1479054	1.01353	1484857	1.06185	1473282	124300.668283163	1479054	212320.306256352	1484857	3071129.63224561
14	1560143	114687	1565930	137038	1571749	3271005	1560143	0.84476	1565930	1.01297	1571749	1.06207	1560143	135762.82020929	1565930	135283.374631035	1571749	3079839.37028633	1576710	112976	1582497	126947	1588301	3185846	1576710	0.84423	1582497	1.01272	1588301	1.06209	1576710	133821.352001232	1582497	125352.515996524	1588301	2999600.78712727	1593277	105001	1599065	131974	1604852	3254465	1593277	0.84472	1599065	1.01292	1604852	1.06198	1593277	124302.727531016	1599065	130290.644868302	1604852	3064525.69728243
15	1680154	114758	1685941	89236	1691744	3263455	1680154	0.84378	1685941	1.01389	1691744	1.06121	1680154	136004.645760743	1685941	88013.4925879533	1691744	3075220.73859085	1696721	113168	1702508	83207	1708312	3179967	1696721	0.84396	1702508	1.01366	1708312	1.06152	1696721	134091.663111996	1702508	82085.7092121619	1708312	2995673.18562062	1713288	104603	1719076	86766	1724863	3249687	1713288	0.84419	1719076	1.0135	1724863	1.06189	1713288	123909.30951563	1719076	85610.261470153	1724863	3060285.90531976
16	1800165	113958	1805937	62499	1811755	3258343	1800165	0.84514	1805937	1.01362	1811755	1.06209	1800165	134839.198239345	1805937	61659.2016732109	1811755	3067859.59758589	1816732	112904	1822504	58310	1828307	3182039	1816732	0.84456	1822504	1.0124	1828307	1.06216	1816732	133683.811688927	1822504	57595.8119320427	1828307	2995818.89734127	1833268	104960	1839040	61520	1844843	3252178	1833268	0.84459	1839040	1.01292	1844843	1.06251	1833268	124273.316046839	1839040	60735.2999249694	1844843	3060844.60381549
17	1920176	113841	1925948	46874	1931766	3260340	1920176	0.8444	1925948	1.01353	1931766	1.06284	1920176	134818.806252961	1925948	46248.2610282873	1931766	3067573.67054307	1936743	113643	1942515	44376	1948318	3175005	1936743	0.84511	1942515	1.01443	1948318	1.06212	1936743	134471.252263019	1942515	43744.7630689155	1948318	2989309.11761383	1953295	104749	1959082	46928	1964885	3251424	1953295	0.84431	1959082	1.01329	1964885	1.06403	1953295	124064.62081463	1959082	46312.5067848296	1964885	3055763.46531583
18	2040187	114472	2045974	38066	2051778	3256724	2040187	0.84505	2045974	1.01355	2051778	1.06203	2040187	135461.806993669	2045974	37557.1012776873	2051778	3066508.47904485	2056754	112930	2062542	35370	2068329	3171351	2056754	0.84456	2062542	1.01353	2068329	1.0622	2056754	133714.596949891	2062542	34897.8323285941	2068329	2985643.94652608	2073290	104680	2079078	38549	2084881	3248923	2073290	0.84467	2079078	1.01364	2084881	1.06255	2073290	123930.055524643	2079078	38030.2671559923	2084881	3057665.9921886
19	2160198	114236	2165985	31897	2171789	3257105	2160198	0.84459	2165985	1.01329	2171789	1.06199	2160198	135256.159793509	2165985	31478.6487580061	2171789	3066982.73995047	2176765	113181	2182537	30722	2188340	3174639	2176765	0.84491	2182537	1.01334	2188340	1.06317	2176765	133956.279367033	2182537	30317.5637002388	2188340	2986012.58500522	2193317	104830	2199104	32826	2204907	3236107	2193317	0.84486	2199104	1.01466	2204907	1.06266	2193317	124079.729185901	2199104	32351.7237301165	2204907	3045289.17998231
20	2280209	114272	2285996	27974	2291784	3246449	2280209	0.84485	2285996	1.01335	2291784	1.06244	2280209	135257.146238977	2285996	27605.4670153451	2291784	3055653.96634163	2296760	113516	2302548	26967	2308351	3172568	2296760	0.84505	2302548	1.01425	2308351	1.06327	2296760	134330.512987397	2302548	26588.1192999754	2308351	2983783.98713403	2313328	105241	2319115	29452	2324918	3238984	2313328	0.84476	2319115	1.01397	2324918	1.0634	2313328	124580.946067522	2319115	29046.2242472657	2324918	3045875.49369945
21	2400220	114489	2406007	25975	2411826	3248524	2400220	0.84452	2406007	1.01348	2411826	1.06225	2400220	135566.94927296	2406007	25629.5141492679	2411826	3058153.91856908	2416787	114399	2422575	25115	2428378	3164287	2416787	0.84535	2422575	1.01334	2428378	1.06065	2416787	135327.379192051	2422575	24784.3764185762	2428378	2983347.00419554	2433354	104809	2439142	26813	2444945	3234036	2433354	0.84406	2439142	1.01378	2444945	1.06213	2433354	124172.452195342	2439142	26448.5391307779	2444945	3044858.91557531
22	2520231	113363	2526018	23903	2531837	3243909	2520231	0.84479	2526018	1.0135	2531837	1.06243	2520231	134190.745629091	2526018	23584.6077947706	2531837	3053291.98158938	2536814	113953	2542601	23716	2548389	3165765	2536814	0.84484	2542601	1.01414	2548389	1.06286	2536814	134881.16092988	2542601	23385.3314138087	2548389	2978534.33189696	2553365	104731	2559153	25408	2564956	3239273	2553365	0.84552	2559153	1.01455	2564956	1.06307	2553365	123865.78673479	2559153	25043.6153959884	2564956	3047092.85371612
23	2640242	114198	2646014	22715	2651817	3244189	2640242	0.84545	2646014	1.01437	2651817	1.06338	2640242	135073.629428115	2646014	22393.209578359	2651817	3050827.54988809	2656793	113561	2662581	22196	2668369	3158042	2656793	0.84507	2662581	1.01424	2668369	1.06292	2656793	134380.583856959	2662581	21884.3666193406	2668369	2971100.36503218	2673361	105002	2679148	24211	2684951	3228997	2673361	0.84548	2679148	1.01471	2684951	1.06264	2673361	124192.174859252	2679148	23860.019118763	2684951	3038655.61243695
24	2760253	113344	2766040	21829	2771859	3234247	2760253	0.84529	2766040	1.01356	2771859	1.06211	2760253	134088.892569414	2766040	21536.9588381546	2771859	3045114.91276798	2776820	112874	2782623	21475	2788426	3159816	2776820	0.84514	2782623	1.01327	2788426	1.06292	2776820	133556.570509028	2782623	21193.7588204526	2788426	2972769.35235013	2793387	105280	2799175	23091	2804978	3228783	2793387	0.84476	2799175	1.01454	2804978	1.06224	2793387	124627.113026185	2799175	22760.0686025194	2804978	3039598.39584275
25	2880264	115118	2886051	21094	2891870	3234613	2880264	0.84598	2886051	1.0147	2891870	1.06261	2880264	136076.502990614	2886051	20788.4103675963	2891870	3044026.5007858	2896831	113929	2902619	20719	2908422	3162677	2896831	0.84599	2902619	1.01433	2908422	1.06335	2896831	134669.440537122	2902619	20426.2912464385	2908422	2974257.77025438	2913398	104498	2919186	22460	2924973	3224421	2913398	0.84497	2919186	1.01335	2924973	1.06274	2913398	123670.66286377	2919186	22164.1091429417	2924973	3034063.83499257
26	3000275	109234	3006062	20675	3011850	3121340	3000275	0.84439	3006062	1.01402	3011850	1.06247	3000275	129364.393230616	3006062	20389.1441983393	3011850	2937814.71476842	3016826	107384	3022614	19803	3028417	3054017	3016826	0.8451	3022614	1.01365	3028417	1.06232	3016826	127066.61933499	3022614	19536.3291076802	3028417	2874855.97560057	3033394	100303	3039181	21938	3044984	3120032	3033394	0.84454	3039181	1.01336	3044984	1.06227	3033394	118766.429061975	3039181	21648.7724007263	3044984	2937136.5095503
27	3120286	109275	3126073	19548	3131877	3117211	3120286	0.84421	3126073	1.01382	3131877	1.06237	3120286	129440.542045226	3126073	19281.5292655501	3131877	2934204.65562845	3136853	107902	3142641	19009	3148444	3043769	3136853	0.84506	3142641	1.01368	3148444	1.06216	3136853	127685.6081225	3142641	18752.4662615421	3148444	2865640.7697522	3153420	100255	3159208	21097	3165011	3112719	3153420	0.84453	3159208	1.01448	3165011	1.06224	3153420	118710.999017205	3159208	20795.8757195805	3165011	2930334.9525531
28	3240297	109325	3246084	18987	3251903	3109482	3240297	0.84484	3246084	1.01312	3251903	1.0619	3240297	129403.200606032	3246084	18741.1165508528	3251903	2928224.8799322	3256880	107965	3262652	18569	3268439	3040946	3256880	0.84506	3262652	1.01331	3268439	1.06301	3256880	127760.159041962	3262652	18325.0930120101	3268439	2860693.69055794	3273462	99942	3279234	20226	3285038	3100388	3273462	0.84452	3279234	1.01395	3285038	1.06213	3273462	118341.779946005	3279234	19947.7291779674	3285038	2919028.74412737
29	3360308	109420	3366080	18605	3371883	3103739	3360308	0.84497	3366080	1.01363	3371883	1.06216	3360308	129495.7217416	3366080	18354.8237522567	3371883	2922101.19002787	3376859	107874	3382647	17923	3388450	3036579	3376859	0.84394	3382647	1.01391	3388450	1.06271	3376859	127821.883072256	3382647	17677.1113806945	3388450	2857391.95076738	3393427	100850	3399214	19753	3405017	3105236	3393427	0.84453	3399214	1.01302	3405017	1.06365	3393427	119415.532899956	3399214	19499.121438866	3405017	2919415.22117238
30	3480319	109126	3486106	18451	3491894	3114003	3480319	0.84443	3486106	1.01381	3491894	1.06321	3480319	129230.368414197	3486106	18199.6626586836	3491894	2928869.17918379	3496870	108361	3502642	17660	3508446	3036576	3496870	0.84495	3502642	1.01339	3508446	1.06183	3496870	128245.458311143	3502642	17426.6570619406	3508446	2859757.21160638	3513438	100283	3519210	19224	3525013	3099693	3513438	0.84477	3519210	1.01358	3525013	1.06246	3513438	118710.418220344	3519210	18966.4358018114	3525013	2917467.95173465
31	3600330	102397	3606117	18311	3611921	2988462	3600330	0.84461	3606117	1.01355	3611921	1.06359	3600330	121235.836658339	3606117	18066.2029500271	3611921	2809787.60612642	3616897	101807	3622685	18981	3628488	2908948	3616897	0.84573	3622685	1.0136	3628488	1.06194	3616897	120377.661901553	3622685	18726.3220205209	3628488	2739277.17196828	3633480	94565	3639252	19507	3645055	2990602	3633480	0.84481	3639252	1.0144	3645055	1.06227	3633480	111936.41173755	3639252	19230.0867507886	3645055	2815293.66356953
32	3720341	101664	3726128	20102	3731932	2963596	3720341	0.84493	3726128	1.01392	3731932	1.06279	3720341	120322.393571065	3726128	19826.021776866	3731932	2788505.7254961	3736908	100094	3742696	19654	3748499	2886745	3736908	0.84514	3742696	1.01433	3748499	1.0628	3736908	118434.815533521	3742696	19376.3370895074	3748499	2716169.55212646	3753506	92516	3759294	20555	3765082	2960783	3753506	0.84532	3759294	1.01344	3765082	1.0615	3753506	109444.94392656	3759294	20282.4044837386	3765082	2789244.46537918
33	3840352	100365	3846139	22547	3851927	2890540	3840352	0.84493	3846139	1.01317	3851927	1.06237	3840352	118784.988105524	3846139	22253.9159272383	3851927	2720841.13820985	3856919	98815	3862691	21310	3868494	2821351	3856919	0.84493	3862691	1.0132	3868494	1.06155	3856919	116950.516610844	3862691	21032.3726806159	3868494	2657765.53153408	3873486	85687	3879258	22305	3885062	2905333	3873486	0.84447	3879258	1.01339	3885062	1.06232	3873486	101468.376614918	3879258	22010.2823197387	3885062	2734894.38210709
34	3960363	97810	3966150	25129	3971954	2766910	3960363	0.84493	3966150	1.01364	3971954	1.06154	3960363	115761.068964293	3966150	24790.8527682412	3971954	2606505.64274545	3976930	94148	3982718	23978	3988505	2708920	3976930	0.84484	3982718	1.01361	3988505	1.06254	3976930	111438.852327068	3982718	23656.0412782036	3988505	2549475.78444106	3993497	70138	3999285	25124	4005073	2794034	3993497	0.84446	3999285	1.01373	4005073	1.06219	3993497	83056.6279042228	3999285	24783.7195308415	4005073	2630446.53028178
35	4080374	93311	4086177	29331	4091965	2601509	4080374	0.84409	4086177	1.01288	4091965	1.06266	4080374	110546.26876281	4086177	28958.0206934681	4091965	2448110.40219826	4096941	87154	4102729	27208	4108516	2550149	4096941	0.84445	4102729	1.0132	4108516	1.06195	4096941	103208.005210492	4102729	26853.5333596526	4108516	2401383.3042987	4113493	54603	4119280	28656	4125084	2642840	4113493	0.84437	4119280	1.0138	4125084	1.06132	4113493	64667.1482880728	4119280	28265.9301637404	4125084	2490144.34854709
36	4200385	90129	4206172	886311	4211991	2402945	4200385	0.84438	4206172	1.01319	4211991	1.06174	4200385	106739.85646273	4206172	874772.74746099	4211991	2263214.15789176	4216968	81204	4222755	871719	4228543	2352913	4216968	0.84452	4222755	1.01342	4228543	1.06208	4216968	96154.0283237816	4222755	860175.445521107	4228543	2215382.08044592	4233519	47760	4239307	891751	4245095	2463033	4233519	0.84493	4239307	1.01325	4245095	1.06253	4233519	56525.3926360764	4239307	880089.810017271	4245095	2318083.25411988
37	4320396	84989	4326183	891426	4332002	2201573	4320396	0.84473	4326183	1.01312	4332002	1.06272	4320396	100610.846069158	4326183	879881.948831333	4332002	2071639.75459199	4336963	74495	4342751	879843	4348554	2166199	4336963	0.84479	4342751	1.01347	4348554	1.0624	4336963	88181.6782869115	4342751	868149.032531797	4348554	2038967.43222892	4353530	40795	4359302	898255	4365106	2275552	4353530	0.84449	4359302	1.01331	4365106	1.06285	4353530	48307.2623713721	4359302	886456.267085097	4365106	2140990.7324646
38	4440407	81745	4446195	890668	4452013	2010246	4440407	0.84422	4446195	1.01299	4452013	1.06286	4440407	96829.0256094383	4446195	879246.586836988	4452013	1891355.39958226	4456974	70515	4462762	882103	4468565	1984136	4456974	0.84519	4462762	1.01349	4468565	1.0632	4456974	83430.9445213502	4462762	870361.819060869	4468565	1866192.62603461	4473541	35976	4479329	899846	4485117	2111303	4473541	0.845	4479329	1.01346	4485117	1.06293	4473541	42575.1479289941	4479329	887894.934185858	4485117	1986304.83663082
39	4560418	80477	4566206	893689	4572024	1859290	4560418	0.84553	4566206	1.0132	4572024	1.06194	4560418	95179.3549607938	4566206	882045.992893802	4572024	1750842.79714485	4577001	67985	4582773	884337	4588560	1838559	4577001	0.8453	4582773	1.01295	4588560	1.06244	4577001	80427.0673133799	4582773	873031.245372427	4588560	1730506.19329092	4593537	33315	4599324	902976	4605128	1972055	4593537	0.84512	4599324	1.01366	4605128	1.06199	4593537	39420.4373343431	4599324	890807.56861275	4605128	1856943.09739263
40	4680429	79181	4686201	894327	4692020	1732199	4680429	0.84457	4686201	1.01289	4692020	1.06271	4680429	93753.0340883527	4686201	882945.828273554	4692020	1629982.7798741	4696996	66901	4702784	884343	4708587	1718877	4696996	0.84487	4702784	1.01378	4708587	1.06359	4696996	79184.9633671452	4702784	872322.39736432	4708587	1616108.65088991	4713563	31571	4719351	903425	4725154	1865172	4713563	0.84531	4719351	1.0139	4725154	1.06302	4713563	37348.4283872189	4719351	891039.550251504	4725154	1754597.27944912
41	4800440	77103	4806228	894107	4812015	1631778	4800440	0.84502	4806228	1.01378	4812015	1.06398	4800440	91243.9942249888	4806228	881953.678312849	4812015	1533654.76794677	4817007	66428	4822779	883956	4828582	1616966	4817007	0.84588	4822779	1.01384	4828582	1.06302	4817007	78531.2337447392	4822779	871889.055472264	4828582	1521105.90581551	4833574	30213	4839362	901651	4845165	1784950	4833574	0.84498	4839362	1.01413	4845165	1.0632	4833574	35755.875878719	4839362	889088.183960636	4845165	1678846.87735139
42	4920451	76545	4926239	895279	4932057	1547531	4920451	0.84516	4926239	1.0143	4932057	1.06351	4920451	90568.6497231294	4926239	882657.004830918	4932057	1455116.54803434	4937034	66220	4942821	886255	4948609	1537401	4937034	0.84556	4942821	1.01407	4948609	1.06363	4937034	78314.962864847	4942821	873958.405238297	4948609	1445428.39145191	4953601	29182	4959373	903232	4965176	1720613	4953601	0.84537	4959373	1.01397	4965176	1.06405	4953601	34519.7960656281	4959373	890787.695888439	4965176	1617041.49241107
43	5040462	76313	5046250	895107	5052068	1484112	5040462	0.84581	5046250	1.01346	5052068	1.06364	5040462	90224.75496861	5046250	883218.873956545	5052068	1395314.204054	5057045	65769	5062817	887563	5068620	1473185	5057045	0.8455	5062817	1.01481	5068620	1.06272	5057045	77787.1082199882	5062817	874610.025522019	5068620	1386240.0255947	5073596	28329	5079384	904062	5085187	1681215	5073596	0.84544	5079384	1.01436	5085187	1.06325	5073596	33507.9958364875	5079384	891263.456760913	5085187	1581203.85610158
44	5160473	76076	5166261	896685	5172064	1429137	5160473	0.84544	5166261	1.01419	5172064	1.06409	5160473	89983.9137017411	5166261	884139.066644317	5172064	1343060.26745858	5177040	65811	5182828	887027	5188678	1420946	5177040	0.84446	5182828	1.0142	5188678	1.06347	5177040	77932.6433460436	5182828	874607.572470913	5188678	1336141.12292777	5193654	27991	5199442	903032	5205229	1657533	5193654	0.84482	5199442	1.01411	5205229	1.06349	5193654	33132.5015979735	5199442	890467.503525259	5205229	1558578.83007833
45	5280484	75211	5286272	897233	5292090	1387551	5280484	0.84559	5286272	1.0138	5292090	1.06322	5280484	88944.9969843541	5286272	885019.727756954	5292090	1305045.99236282	5297051	65911	5302839	885654	5308642	1373921	5297051	0.84499	5302839	1.01424	5308642	1.06329	5297051	78002.1065338051	5302839	873219.356365357	5308642	1292141.37253242	5313618	27760	5319406	904631	5325194	1645284	5313618	0.84557	5319406	1.01509	5325194	1.06391	5313618	32829.925375782	5319406	891183.047808569	5325194	1546450.35764303
46	5400495	75296	5406283	897489	5412101	1357541	5400495	0.84554	5406283	1.01475	5412101	1.06344	5400495	89050.7841142938	5406283	884443.458980044	5412101	1276556.27021741	5417078	66413	5422850	886059	5428653	1337566	5417078	0.84547	5422850	1.01455	5428653	1.06371	5417078	78551.5748636853	5422850	873351.732295106	5428653	1257453.62927866	5433629	27627	5439417	905658	5445220	1641666	5433629	0.84532	5439417	1.01407	5445220	1.06377	5433629	32682.2978280415	5439417	893092.192846648	5445220	1543252.77080572
47	5520506	74842	5526294	896039	5532112	1326854	5520506	0.84515	5526294	1.01449	5532112	1.06248	5520506	88554.6944329409	5526294	883240.840225138	5532112	1248827.27204277	5537089	66342	5542861	886569	5548664	1304737	5537089	0.84452	5542861	1.01345	5548664	1.06188	5537089	78555.8660540899	5542861	874802.900981795	5548664	1228704.75006592	5553640	27437	5559428	904990	5565231	1647973	5553640	0.84484	5559428	1.01437	5565231	1.06245	5553640	32475.9717816391	5559428	892169.523940968	5565231	1551106.40500729
48	5640517	74148	5646305	897620	5652108	1308219	5640517	0.84485	5646305	1.01311	5652108	1.06353	5640517	87764.6919571522	5646305	886004.481250802	5652108	1230072.49442893	5657084	66595	5662872	887333	5668675	1281084	5657084	0.84515	5662872	1.01372	5668675	1.06265	5657084	78796.6633142046	5662872	875323.560746557	5668675	1205555.92151696	5673651	27770	5679439	906140	5685227	1664082	5673651	0.84512	5679439	1.01522	5685227	1.06299	5673651	32859.2389246498	5679439	892555.308209058	5685227	1565472.86427906
49	5760528	74885	5766316	898113	5772134	1292063	5760528	0.84517	5766316	1.01354	5772134	1.06341	5760528	88603.4762237183	5766316	886115.002861258	5772134	1215018.66636575	5777111	66416	5782898	886970	5788702	1254310	5777111	0.84508	5782898	1.01353	5788702	1.06248	5777111	78591.3759644057	5782898	875129.497893501	5788702	1180549.28092764	5793694	27512	5799466	905076	5805269	1689397	5793694	0.84461	5799466	1.01321	5805269	1.06282	5793694	32573.6138572832	5799466	893275.826334126	5805269	1589541.973241
50	5880539	74210	5886327	898952	5892145	1278919	5880539	0.84568	5886327	1.01432	5892145	1.06301	5880539	87751.8683189859	5886327	886260.746115624	5892145	1203110.97731912	5897122	66861	5902909	887341	5908713	1237588	5897122	0.84552	5902909	1.01412	5908713	1.06354	5897122	79076.7811524269	5902909	874986.194927622	5908713	1163649.69817778	5913689	27618	5919477	903557	5925280	1714834	5913689	0.84489	5919477	1.01351	5925280	1.06423	5913689	32688.2789475553	5919477	891512.663910568	5925280	1611337.77472915
51	6000550	74310	6006338	898269	6012141	1266742	6000550	0.84562	6006338	1.01487	6012141	1.06447	6000550	87876.3510796812	6006338	885107.452185994	6012141	1190021.32516652	6017117	66791	6022905	888126	6028708	1218139	6017117	0.8462	6022905	1.01526	6028708	1.06433	6017117	78930.5128811156	6022905	874776.904438272	6028708	1144512.5102177	6033684	27857	6039472	905502	6045260	1745446	6033684	0.84586	6039472	1.01488	6045260	1.06393	6033684	32933.3459437732	6039472	892225.681854012	6045260	1640564.69880537
52	6120561	73933	6126349	897277	6132152	1259086	6120561	0.84571	6126349	1.01484	6132152	1.06387	6120561	87421.2200399664	6126349	884156.123132711	6132152	1183496.10384727	6137128	67657	6142900	888435	6148703	1200214	6137128	0.84589	6142900	1.01518	6148703	1.06338	6137128	79983.2129473099	6142900	875150.219665478	6148703	1128678.36521281	6153680	27938	6159468	908167	6165271	1778670	6153680	0.84592	6159468	1.01426	6165271	1.06411	6153680	33026.7637601665	6159468	895398.615739554	6165271	1671509.52439128
53	6240572	73670	6246360	899869	6252178	1254517	6240572	0.84587	6246360	1.01484	6252178	1.06531	6240572	87093.7614527055	6246360	886710.220330298	6252178	1177607.45698435	6257155	67780	6262927	888500	6268730	1186626	6257155	0.8456	6262927	1.01418	6268730	1.06384	6257155	80156.1021759697	6262927	876077.224950206	6268730	1115417.73198977	6273707	28330	6279494	907040	6285297	1811609	6273707	0.84549	6279494	1.01471	6285297	1.06322	6273707	33507.1970100179	6279494	893890.865370402	6285297	1703889.12924889
54	6360583	74260	6366371	898510	6372174	1244956	6360583	0.84651	6366371	1.0149	6372174	1.06337	6360583	87724.8939764445	6366371	885318.750615824	6372174	1170764.64447934	6377150	68381	6382938	886739	6388741	1173726	6377150	0.84574	6382938	1.01449	6388741	1.06375	6377150	80853.4537801216	6382938	874073.672485683	6388741	1103385.19388954	6393718	28534	6399505	910156	6405308	1841219	6393718	0.84628	6399505	1.0148	6405308	1.06404	6393718	33716.9731058279	6399505	896882.14426488	6405308	1730403.932183
55	6480594	73780	6486382	899459	6492185	1238886	6480594	0.84573	6486382	1.01496	6492185	1.06379	6480594	87238.2438839819	6486382	886201.426657208	6492185	1164596.39590521	6497161	68358	6502949	887941	6508737	1158071	6497161	0.8458	6502949	1.01487	6508737	1.06393	6497161	80820.5249467959	6502949	874930.779311636	6508737	1088484.20478791	6513729	28705	6519501	908373	6525304	1871400	6513729	0.84597	6519501	1.01495	6525304	1.06478	6513729	33931.4632906604	6519501	894992.856790975	6525304	1757546.15977009
56	6600605	73859	6606393	896719	6612212	1234065	6600605	0.84572	6606393	1.01462	6612212	1.06479	6600605	87332.6869413045	6606393	883797.875066528	6612212	1158975.00915674	6617188	68832	6623022	887266	6628826	1145742	6617188	0.84578	6623022	1.01448	6628826	1.06464	6617188	81382.8655205846	6623022	874601.766422207	6628826	1076177.86293959	6633802	29162	6639605	906456	6645408	1905684	6633802	0.84595	6639605	1.01469	6645408	1.06427	6633802	34472.4865535788	6639605	893332.939124265	6645408	1790602.00888872
57	6720616	73844	6726404	899226	6732207	1231564	6720616	0.84579	6726404	1.01473	6732207	1.06401	6720616	87307.7241395618	6726404	886172.676475516	6732207	1157474.08389019	6737183	69088	6742971	890394	6748759	1135286	6737183	0.84589	6742971	1.01481	6748759	1.06404	6737183	81674.9222712173	6742971	877399.710290596	6748759	1066958.0090974	6753751	29674	6759523	907339	6765326	1928103	6753751	0.84558	6759523	1.01497	6765326	1.06441	6753751	35093.0722107902	6759523	893956.471619851	6765326	1811428.8666961
58	6840627	73903	6846430	897463	6852234	1226902	6840627	0.84613	6846430	1.01502	6852234	1.06436	6840627	87342.3705577157	6846430	884182.577683198	6852234	1152713.36765756	6857226	69201	6863013	889383	6868832	1122327	6857226	0.84597	6863013	1.01494	6868832	1.06448	6857226	81800.7730770595	6863013	876291.209332572	6868832	1054342.96557944	6873793	29919	6879580	907890	6885384	1950733	6873793	0.84632	6879580	1.01405	6885384	1.0638	6873793	35351.8763588241	6879580	895310.882106405	6885384	1833740.36473021
59	6960638	73309	6966426	898752	6972229	1222422	6960638	0.84584	6966426	1.01497	6972229	1.06483	6960638	86670.0558025159	6966426	885496.123038119	6972229	1147997.3329076	6977205	69167	6982977	886964	6988781	1112041	6977205	0.84604	6982977	1.01441	6988781	1.06471	6977205	81753.8177863931	6982977	874364.408868209	6988781	1044454.35846381	6993757	30687	6999545	906360	7005348	1969869	6993757	0.8464	6999545	1.0152	7005348	1.06558	6993757	36255.9073724008	6999545	892789.598108747	7005348	1848635.48490024
60	7080649	73649	7086437	896338	7092256	1218131	7080649	0.84611	7086437	1.01464	7092256	1.06297	7080649	87044.2377468651	7086437	883404.951509895	7092256	1145969.31239828	7097232	69256	7103020	886240	7108823	1102625	7097232	0.84564	7103020	1.01401	7108823	1.06465	7097232	81897.7342604418	7103020	873995.325489887	7108823	1035668.99920162	7113799	30549	7119587	906296	7125390	1984556	7113799	0.84577	7119587	1.01477	7125390	1.06364	7113799	36119.7488678955	7119587	893104.841491175	7125390	1865815.50148547
61	7200660	73129	7206448	895016	7212267	1214295	7200660	0.84535	7206448	1.01438	7212267	1.06363	7200660	86507.3638138049	7206448	882328.121611231	7212267	1141651.70218967	7217243	69578	7223031	884006	7228849	1092487	7217243	0.84509	7223031	1.01348	7228849	1.06369	7217243	82332.0593072927	7223031	872248.095670364	7228849	1027072.73735769	7233810	31151	7239582	907001	7245385	1994874	7233810	0.84498	7239582	1.01464	7245385	1.06282	7233810	36865.9613245284	7239582	893914.097610975	7245385	1876963.17344423
62	7320671	73628	7326474	895448	7332278	1213092	7320671	0.8451	7326474	1.01408	7332278	1.0634	7320671	87123.4173470595	7326474	883015.146733985	7332278	1140767.3500094	7337238	69917	7343026	886421	7348814	1081848	7337238	0.84505	7343026	1.01317	7348814	1.06267	7337238	82737.1161469736	7343026	874898.585627289	7348814	1018046.99483377	7353790	31710	7359578	903367	7365365	2007175	7353790	0.84527	7359578	1.01314	7365365	1.06219	7353790	37514.6402924509	7359578	891650.709674872	7365365	1889657.21763526
63	7440682	73219	7446470	895426	7452289	1207712	7440682	0.84505	7446470	1.01364	7452289	1.06358	7440682	86644.5772439501	7446470	883376.741249359	7452289	1135515.89913312	7457249	70550	7463021	884902	7468825	1071954	7457249	0.84589	7463021	1.01409	7468825	1.06388	7457249	83403.2793862086	7463021	872606.967823369	7468825	1007589.20178968	7473817	32139	7479589	904022	7485392	2017508	7473817	0.84493	7479589	1.01393	7485392	1.06361	7473817	38037.4705596913	7479589	891601.984357895	7485392	1896849.40908792
64	7560693	73938	7566481	895724	7572284	1204375	7560693	0.84614	7566481	1.01554	7572284	1.06353	7560693	87382.702626043	7566481	882017.44884495	7572284	1132431.6192303	7577245	70879	7583032	886957	7588820	1063377	7577245	0.84592	7583032	1.0151	7588820	1.06385	7577245	83789.2472101381	7583032	873763.176041769	7588820	999555.388447619	7593812	32484	7599600	903474	7605403	2020904	7593812	0.84642	7599600	1.01447	7605403	1.06358	7593812	38378.1101580776	7599600	890587.203170128	7605403	1900095.90251791
65	7680704	73699	7686492	895201	7692295	1201035	7680704	0.84565	7686492	1.01384	7692295	1.06435	7680704	87150.7124696979	7686492	882980.549199085	7692295	1128421.10208108	7697271	71227	7703043	884526	7708847	1054559	7697271	0.84596	7703043	1.01432	7708847	1.06391	7697271	84196.652323987	7703043	872038.409969241	7708847	991210.722711508	7713823	33397	7719611	904383	7725414	2025704	7713823	0.84564	7719611	1.01369	7725414	1.06326	7713823	39493.1649401637	7719611	892169.20360268	7725414	1905182.17557324
66	7800715	73563	7806518	897324	7812322	1200665	7800715	0.84576	7806518	1.01538	7812322	1.06413	7800715	86978.5754824064	7806518	883732.198782722	7812322	1128306.69185156	7817298	71019	7823070	884702	7828873	1046170	7817298	0.84559	7823070	1.01464	7828873	1.06388	7817298	83987.5116782365	7823070	871936.844595127	7828873	983353.385720194	7833850	33463	7839637	905521	7845440	2022086	7833850	0.84561	7839637	1.0143	7845440	1.06338	7833850	39572.6162178782	7839637	892754.609090013	7845440	1901564.82160658
67	7920726	73302	7926514	894837	7932317	1194141	7920726	0.84605	7926514	1.01406	7932317	1.06437	7920726	86640.2694876189	7926514	882430.033725815	7932317	1121922.82758815	7937293	71743	7943081	885993	7948869	1035634	7937293	0.84581	7943081	1.01512	7948869	1.06427	7937293	84821.6502524207	7943081	872796.319646938	7948869	973093.293994945	7953861	33954	7959648	906751	7965451	2023145	7953861	0.84573	7959648	1.01453	7965451	1.0647	7953861	40147.5648256536	7959648	893764.600356816	7965451	1900201.93481732
68	8040737	73787	8046540	894922	8052344	1189800	8040737	0.84579	8046540	1.01452	8052344	1.06404	8040737	87240.3315243737	8046540	882113.708946103	8052344	1118191.04544942	8057304	71798	8063154	885845	8068958	1026497	8057304	0.84597	8063154	1.01495	8068958	1.06428	8057304	84870.6218896651	8063154	872796.689492093	8068958	964499.004021498	8073918	34647	8079722	903666	8085525	2019521	8073918	0.84609	8079722	1.01444	8085525	1.06416	8073918	40949.5443747119	8079722	890802.807460274	8085525	1897760.67508645
69	8160748	73583	8166536	894181	8172355	1180899	8160748	0.8456	8166536	1.01493	8172355	1.06393	8160748	87018.6849574267	8166536	881027.262963948	8172355	1109940.50360456	8177331	71662	8183119	886320	8188937	1019373	8177331	0.84613	8183119	1.01462	8188937	1.06346	8177331	84693.8413718932	8183119	873548.717746546	8188937	958543.809828296	8193914	35100	8199702	903103	8205489	2009248	8193914	0.84559	8199702	1.01448	8205489	1.06347	8193914	41509.4785889143	8199702	890212.719817049	8205489	1889332.09211355
70	8280759	73775	8286547	895077	8292350	1176867	8280759	0.84543	8286547	1.01453	8292350	1.0641	8280759	87263.2861384148	8286547	882257.794249554	8292350	1105974.0625881	8297326	72943	8303114	884846	8308902	1010971	8297326	0.84625	8303114	1.01486	8308902	1.06416	8297326	86195.5686853767	8303114	871889.718778945	8308902	950017.854457976	8313878	35659	8319666	904330	8325469	1997841	8313878	0.84547	8319666	1.01474	8325469	1.06356	8313878	42176.5408589305	8319666	891193.803338786	8325469	1878446.91413743
71	8400770	74440	8406558	894008	8412377	1170447	8400770	0.84594	8406558	1.01485	8412377	1.06356	8400770	87996.7846419368	8406558	880926.24525792	8412377	1100499.26661401	8417337	73258	8423109	886475	8428913	1004749	8417337	0.84584	8423109	1.01418	8428913	1.06429	8417337	86609.7607112456	8423109	874080.537971563	8428913	944055.661520826	8433889	36134	8439677	904500	8445480	1991536	8433889	0.84506	8439677	1.01455	8445480	1.0646	8433889	42759.0940288264	8439677	891528.263762259	8445480	1870689.46083036
72	8520781	74211	8526584	894309	8532388	1164411	8520781	0.84605	8526584	1.01488	8532388	1.06427	8520781	87714.6740736363	8526584	881196.791738925	8532388	1094093.60406664	8537348	73176	8543136	884676	8548939	999367	8537348	0.84487	8543136	1.01438	8548939	1.06332	8537348	86612.1415128955	8543136	872134.702971273	8548939	939855.358687883	8553931	36583	8559703	904041	8565491	1977691	8553931	0.8452	8559703	1.01461	8565491	1.06393	8553931	43283.2465688594	8559703	891023.15175289	8565491	1858854.43591214
73	8640792	74008	8646580	892788	8652399	1160309	8640792	0.845	8646580	1.01372	8652399	1.06373	8640792	87583.4319526627	8646580	880704.731089453	8652399	1090792.77636242	8657360	73147	8663132	882085	8668935	994271	8657360	0.84462	8663132	1.01397	8668935	1.06359	8657360	86603.4429684355	8663132	869932.049271675	8668935	934825.449656353	8673911	37476	8679699	900548	8685502	1964808	8673911	0.84468	8679699	1.01369	8685502	1.0633	8673911	44367.0975990908	8679699	888385.995718612	8685502	1847839.74419261
74	8760803	73365	8766591	893052	8772410	1153366	8760803	0.84498	8766591	1.01413	8772410	1.06388	8760803	86824.5402258042	8766591	880608.994902034	8772410	1084112.86987254	8777386	73888	8783158	882179	8788961	995585	8777386	0.84651	8783158	1.01419	8788961	1.06435	8777386	87285.4425818951	8783158	869836.026779992	8788961	935392.493070888	8793938	37792	8799725	903053	8805513	1954414	8793938	0.84674	8799725	1.01506	8805513	1.06377	8793938	44632.3546779413	8799725	889654.79873111	8805513	1837252.41358564
75	8880814	74422	8886618	895080	8892421	1146649	8880814	0.84574	8886618	1.01478	8892421	1.06497	8880814	87996.3109229787	8886618	882043.398569148	8892421	1076696.05716593	8897382	73773	8903169	886406	8908957	992647	8897382	0.84572	8903169	1.0156	8908957	1.06336	8897382	87230.9984391997	8903169	872790.46868846	8908957	933500.413782727	8913933	37998	8919721	901891	8925524	1943195	8913933	0.84609	8919721	1.01477	8925524	1.06378	8913933	44910.1159451122	8919721	888763.956364496	8925524	1826688.78903533
76	9000825	74811	9006613	893694	9012416	1140616	9000825	0.84547	9006613	1.01414	9012416	1.06267	9000825	88484.5115734444	9006613	881233.360285562	9012416	1073349.20530362	9017393	73067	9023180	883118	9028983	990085	9017393	0.84563	9023180	1.01434	9028983	1.06382	9017393	86405.4018897154	9023180	870633.121044226	9028983	930688.462333853	9033960	38835	9039747	899621	9045535	1931137	9033960	0.84603	9039747	1.01422	9045535	1.06411	9033960	45902.6275663984	9039747	887007.749797874	9045535	1814790.76411273
77	9120836	75085	9126640	892794	9132443	1132007	9120836	0.84523	9126640	1.01353	9132443	1.06375	9120836	88833.8085491523	9126640	880875.751087782	9132443	1064166.39247944	9137419	73492	9143207	881352	9149010	987807	9137419	0.84558	9143207	1.01399	9149010	1.06272	9137419	86913.1247191277	9143207	869192.003865916	9149010	929508.242999097	9153971	39380	9159758	901373	9165562	1908624	9153971	0.84588	9159758	1.01431	9165562	1.06291	9153971	46555.0669125644	9159758	888656.327947077	9165562	1795659.08684649
78	9240847	74936	9246635	893986	9252454	1119230	9240847	0.84579	9246635	1.0145	9252454	1.06346	9240847	88598.8247673773	9246635	881208.477082307	9252454	1052442.02884923	9257415	73422	9263202	880932	9269005	984496	9257415	0.8452	9263202	1.01398	9269005	1.06272	9257415	86869.3800283957	9263202	868786.366595002	9269005	926392.652815417	9273982	39868	9279769	898337	9285557	1889263	9273982	0.84574	9279769	1.01393	9285557	1.06325	9273982	47139.7829120061	9279769	885995.088418333	9285557	1776875.61721138
79	9360858	74574	9366662	892683	9372465	1109719	9360858	0.84546	9366662	1.01403	9372465	1.06391	9360858	88205.2373855653	9366662	880331.942841928	9372465	1043057.2134861	9377441	73600	9383213	880215	9389016	981025	9377441	0.84518	9383213	1.01418	9389016	1.06353	9377441	87082.0416952602	9383213	867908.063657339	9389016	922423.438925089	9393993	40203	9399780	899825	9405568	1867429	9393993	0.84567	9399780	1.01392	9405568	1.06342	9393993	47539.8204973571	9399780	887471.39813792	9405568	1756059.6941942
80	9480869	75529	9486657	893616	9492460	1102491	9480869	0.84633	9486657	1.01396	9492460	1.0636	9480869	89242.9666914797	9486657	881312.872302655	9492460	1036565.43813464	9497437	72765	9503209	882465	9509012	978928	9497437	0.84596	9503209	1.01395	9509012	1.06388	9497437	86014.7051870065	9503209	870323.98047241	9509012	920148.888972441	9513988	40901	9519776	899850	9525579	1844672	9513988	0.84554	9519776	1.01413	9525579	1.06444	9513988	48372.6376043712	9519776	887312.277518661	9525579	1732997.63255796
81	9600880	75412	9606668	893129	9612487	1100256	9600880	0.84514	9606668	1.01452	9612487	1.06413	9600880	89230.1867146272	9606668	880346.370697473	9612487	1033948.85963181	9617463	73824	9623235	879549	9629038	974289	9617463	0.8451	9623235	1.01508	9629038	1.06347	9617463	87355.3425630103	9623235	866482.44473342	9629038	916141.49905498	9634015	41346	9639802	900044	9645606	1824017	9634015	0.84542	9639802	1.01468	9645606	1.0631	9634015	48905.8692720778	9639802	887022.509559664	9645606	1715752.98654877
82	9720891	75321	9726679	894611	9732482	1096023	9720891	0.84528	9726679	1.01435	9732482	1.06372	9720891	89107.7512776831	9726679	881954.946517474	9732482	1030367.95397285	9737459	73780	9743246	880546	9749049	972769	9737459	0.84544	9743246	1.0143	9749049	1.06474	9737459	87268.1680545042	9743246	868131.716454698	9749049	913621.165730601	9754026	41410	9759813	897860	9765601	1807406	9754026	0.84575	9759813	1.01423	9765601	1.06347	9754026	48962.4593556015	9759813	885262.711613737	9765601	1699536.42321833
83	9840902	74716	9846690	891379	9852509	1093245	9840902	0.84488	9846690	1.01447	9852509	1.06344	9840902	88433.8604298836	9846690	878664.721480182	9852509	1028026.96908147	9857485	73659	9863257	881224	9869060	970248	9857485	0.84555	9863257	1.01363	9869060	1.06343	9857485	87113.7129678907	9863257	869374.426565907	9869060	912375.990897379	9874037	42310	9879824	897202	9885612	1804039	9874037	0.84526	9879824	1.0142	9885612	1.06412	9874037	50055.6041927928	9879824	884640.110431868	9885612	1695334.17283765
84	9960913	75385	9966717	894789	9972520	1096484	9960913	0.84584	9966717	1.01523	9972520	1.06379	9960913	89124.4206942211	9966717	881365.798883012	9972520	1030733.50943325	9977481	74139	9983268	879821	9989071	966831	9977481	0.84563	9983268	1.01532	9989071	1.0642	9977481	87673.0957983988	9983268	866545.522593862	9989071	908504.980266867	9994048	42681	9999820	902164	10005623	1791007	9994048	0.8461	9999820	1.01503	10005623	1.06386	9994048	50444.3919158492	9999820	888805.256987478	10005623	1683498.76863497
85	10080924	75341	10086712	891907	10092531	1093662	10080924	0.84593	10086712	1.01538	10092531	1.06406	10080924	89062.9248282955	10086712	878397.250290532	10092531	1027819.85978234	10097507	74502	10103279	880073	10109082	965935	10097507	0.84639	10103279	1.01438	10109082	1.06428	10097507	88023.2516924822	10103279	867596.955775942	10109082	907594.805878152	10114059	43321	10119831	899263	10125634	1775525	10114059	0.84577	10119831	1.01439	10125634	1.06351	10114059	51220.7810634097	10119831	886506.176125553	10125634	1669495.3503023
86	10200935	75536	10206739	891999	10212542	1091262	10200935	0.84613	10206739	1.01443	10212542	1.0642	10200935	89272.3340385047	10206739	879310.548781089	10212542	1025429.43055817	10217518	74605	10223290	882040	10229093	959116	10217518	0.84602	10223290	1.01485	10229093	1.0637	10217518	88183.4944800359	10223290	869133.369463468	10229093	901679.044843471	10234070	43825	10239857	898399	10245661	1759992	10234070	0.84575	10239857	1.01496	10245661	1.06351	10234070	51817.9130948862	10239857	885157.050524159	10245661	1654889.93991594
87	10320946	75237	10326718	890492	10332537	1087524	10320946	0.84516	10326718	1.01494	10332537	1.06365	10320946	89021.0137725401	10326718	877383.884761661	10332537	1022445.3532647	10337514	74533	10343301	880594	10349089	957570	10337514	0.84533	10343301	1.01417	10349089	1.06317	10337514	88170.300356074	10343301	868290.326079454	10349089	900674.398261802	10354065	44171	10359853	898500	10365656	1742762	10354065	0.84544	10359853	1.01469	10365656	1.06356	10354065	52246.167676003	10359853	885492.120746238	10365656	1638611.83196059
88	10440957	74972	10446745	890232	10452564	1086192	10440957	0.84561	10446745	1.01527	10452564	1.06378	10440957	88660.2570925131	10446745	876842.613294986	10452564	1021068.26599485	10457540	74713	10463312	880227	10469115	954871	10457540	0.84582	10463312	1.0144	10469115	1.06372	10457540	88332.0328202218	10463312	867731.664037855	10469115	897671.379686384	10474092	44141	10479864	896978	10485667	1726904	10474092	0.84569	10479864	1.01491	10485667	1.06387	10474092	52195.2488500514	10479864	883800.534037501	10485667	1623228.40196641
89	10560968	75278	10566772	890011	10572575	1087482	10560968	0.84594	10566772	1.01445	10572575	1.06445	10560968	88987.3986334728	10566772	877333.530484499	10572575	1021637.4653577	10577536	74781	10583308	879714	10589111	953856	10577536	0.84575	10583308	1.01466	10589111	1.06386	10577536	88419.7457877624	10583308	867003.725385844	10589111	896599.176583385	10594087	44854	10599875	896983	10605678	1711618	10594087	0.84534	10599875	1.01481	10605678	1.06348	10594087	53060.3070953699	10599875	883892.551315025	10605678	1609450.10719525
90	10680979	74733	10686767	888277	10692586	1085988	10680979	0.84641	10686767	1.01415	10692586	1.06329	10680979	88294.089153011	10686767	875883.251984421	10692586	1021346.95144316	10697562	75452	10703334	877393	10709138	950656	10697562	0.84547	10703334	1.0138	10709138	1.06314	10697562	89242.6697576496	10703334	865449.792858552	10709138	894196.436969731	10714114	45659	10719902	897528	10725689	1693811	10714114	0.84629	10719902	1.01396	10725689	1.06261	10714114	53951.955003604	10719902	885171.012663221	10725689	1594010.03190258
91	10800990	75471	10806794	887746	10812597	1081298	10800990	0.84562	10806794	1.0155	10812597	1.06372	10800990	89249.3081999007	10806794	874195.96258001	10812597	1016525.02538262	10817558	75531	10823345	878496	10829133	949959	10817558	0.84625	10823345	1.0146	10829133	1.06409	10817558	89253.7666174299	10823345	865854.523950325	10829133	892743.095038954	10834109	45517	10839897	897255	10845700	1681887	10834109	0.84529	10839897	1.01415	10845700	1.06396	10834109	53847.791882076	10839897	884735.985800917	10845700	1580780.2924922
92	10921001	75235	10926805	886007	10932608	1075215	10921001	0.84521	10926805	1.01462	10932608	1.06302	10921001	89013.381289857	10926805	873240.227868562	10932608	1011472.03251115	10937569	75684	10943356	879355	10949160	944827	10937569	0.84534	10943356	1.01395	10949160	1.06307	10937569	89530.8396621478	10943356	867256.768085212	10949160	888772.141063147	10954136	46275	10959908	895321	10965711	1665786	10954136	0.84515	10959908	1.01382	10965711	1.06328	10954136	54753.5940365616	10959908	883116.332287783	10965711	1566648.4839365
93	11041012	75048	11046800	887460	11052619	1069189	11041012	0.84505	11046800	1.01407	11052619	1.06243	11041012	88808.9462162002	11046800	875146.686126204	11052619	1006361.83089709	11057595	75951	11063367	880849	11069171	947125	11057595	0.84489	11063367	1.01398	11069171	1.0642	11057595	89894.5424848205	11063367	868704.510937099	11069171	889987.784251081	11074147	46453	11079919	895903	11085722	1653026	11074147	0.8454	11079919	1.01383	11085722	1.06419	11074147	54947.9536314171	11079919	883681.68233333	11085722	1553318.48636052
94	11161024	75320	11166811	887019	11172614	1065669	11161024	0.84531	11166811	1.0143	11172614	1.06357	11161024	89103.4058511079	11166811	874513.457556936	11172614	1001973.54193894	11177591	76026	11183363	877668	11189166	942872	11177591	0.84563	11183363	1.01382	11189166	1.06364	11177591	89904.5681917624	11183363	865703.971119134	11189166	886457.824075815	11194142	46498	11199930	898076	11205733	1642092	11194142	0.84554	11199930	1.01374	11205733	1.0644	11194142	54992.0760697306	11199930	885903.683390219	11205733	1542739.57158963
95	11281035	74940	11286822	889915	11292625	1061522	11281035	0.84518	11286822	1.01369	11292625	1.06402	11281035	88667.5027804728	11286822	877896.595606152	11292625	997652.299768801	11297602	76534	11303389	880379	11309193	942570	11297602	0.84611	11303389	1.01439	11309193	1.06491	11297602	90453.9598870123	11303389	867890.062007709	11309193	885117.052145252	11314169	47096	11319957	894039	11325760	1622191	11314169	0.84571	11319957	1.014	11325760	1.06388	11314169	55688.1200411489	11319957	881695.266272189	11325760	1524787.57002669
96	11401046	74715	11406818	885684	11412621	1055728	11401046	0.84614	11406818	1.01439	11412621	1.06411	11401046	88300.9903798426	11406818	873119.805991778	11412621	992122.994803169	11417597	75803	11423385	880450	11429188	940161	11417597	0.84562	11423385	1.01506	11429188	1.06396	11417597	89641.9195383269	11423385	867387.149528107	11429188	883643.182074514	11434180	47866	11439952	895700	11445755	1611279	11434180	0.84587	11439952	1.01493	11445755	1.06438	11434180	56587.8917564165	11439952	882523.917905668	11445755	1513819.3126515
97	11521057	74881	11526844	890204	11532663	1051665	11521057	0.84594	11526844	1.01411	11532663	1.06367	11521057	88518.098210275	11526844	877817.988186686	11532663	988713.604783439	11537639	76204	11543411	879241	11549215	939315	11537639	0.84617	11543411	1.01405	11549215	1.06378	11537639	90057.5534467069	11543411	867058.823529412	11549215	882997.424279456	11554191	48133	11559979	893023	11565766	1597590	11554191	0.84613	11559979	1.01465	11565766	1.06446	11554191	56886.0576979897	11559979	880129.108559602	11565766	1500845.49912632
98	11641068	75167	11646855	887776	11652674	1050760	11641068	0.84589	11646855	1.01383	11652674	1.06369	11641068	88861.4358840984	11646855	875665.545505657	11652674	987844.202728238	11657635	75810	11663422	879256	11669226	937300	11657635	0.84503	11663422	1.01365	11669226	1.06326	11657635	89712.7912618487	11663422	867415.774675677	11669226	881534.149690574	11674202	47809	11679990	896271	11685793	1583089	11674202	0.84509	11679990	1.01463	11685793	1.06315	11674202	56572.6727330817	11679990	883347.624257118	11685793	1489055.16625123
99	11761079	75085	11766866	887795	11772685	1046105	11761079	0.84548	11766866	1.01375	11772685	1.06306	11761079	88807.5412783271	11766866	875753.390875462	11772685	984050.759129306	11777646	76424	11783433	876613	11789237	933991	11777646	0.84499	11783433	1.01317	11789237	1.06252	11777646	90443.6738896318	11783433	865218.077913874	11789237	879033.806422467	11794197	48360	11799985	893427	11805788	1566584	11794197	0.84456	11799985	1.0139	11805788	1.06326	11794197	57260.5853935777	11799985	881178.617220633	11805788	1473378.10131106
100	11881090	75246	11886877	884720	11892665	1041199	11881090	0.84509	11886877	1.01432	11892665	1.0631	11881090	89039.0372623034	11886877	872229.671109709	11892665	979398.927664378	11897641	76651	11903429	878565	11909232	934460	11897641	0.84529	11903429	1.01346	11909232	1.06245	11897641	90680.121615067	11903429	866896.572139009	11909232	879533.154501388	11914208	48522	11919996	892197	11925799	1555255	11914208	0.84497	11919996	1.01387	11925799	1.06268	11914208	57424.5239475958	11919996	879991.517650192	11925799	1463521.47400911
101	12001101	74724	12006888	885046	12012691	1038256	12001101	0.84409	12006888	1.01354	12012691	1.06312	12001101	88526.1050361928	12006888	873222.566450263	12012691	976612.235683648	12017668	77187	12023455	878866	12029243	931416	12017668	0.84519	12023455	1.01314	12029243	1.06228	12017668	91325.0275086075	12023455	867467.477347652	12029243	876808.374439884	12034235	48751	12040023	891980	12045810	1542078	12034235	0.84445	12040023	1.0135	12045810	1.06281	12034235	57731.0675587661	12040023	880098.66798224	12045810	1450944.19510543
102	12121112	75314	12126884	879145	12132702	1025706	12121112	0.8445	12126884	1.01284	12132702	1.06266	12121112	89181.7643576081	12126884	867999.881521267	12132702	965225.001411552	12137679	77210	12143466	876042	12149254	931971	12137679	0.84472	12143466	1.01271	12149254	1.06261	12137679	91403.0684723932	12143466	865047.249459371	12149254	877058.375132928	12154246	49274	12160034	892013	12165837	1530633	12154246	0.84496	12160034	1.01302	12165837	1.06284	12154246	58315.186517705	12160034	880548.261633532	12165837	1440134.92153099
103	12241123	75506	12246910	879309	12252729	1026049	12241123	0.84507	12246910	1.01389	12252729	1.06309	12241123	89348.8113410723	12246910	867262.720807977	12252729	965157.230337977	12257690	76959	12263477	879471	12269281	932549	12257690	0.84514	12263477	1.01392	12269281	1.06389	12257690	91060.6526729299	12263477	867396.836042292	12269281	876546.447471073	12274273	49944	12280045	893105	12285848	1517208	12274273	0.84451	12280045	1.01366	12285848	1.06257	12274273	59139.6194242815	12280045	881069.589408678	12285848	1427866.39939016
104	12361134	75036	12366921	879346	12372724	1022723	12361134	0.84534	12366921	1.014	12372724	1.06343	12361134	88764.2841933423	12366921	867205.128205128	12372724	961721.034764865	12377701	77083	12383488	878720	12389292	930786	12377701	0.84561	12383488	1.01423	12389292	1.06331	12377701	91156.6797932853	12383488	866391.252477249	12389292	875366.544093444	12394268	50020	12400056	892545	12405859	1506170	12394268	0.84564	12400056	1.01337	12405859	1.06365	12394268	59150.4659193037	12400056	880769.116906954	12405859	1416039.11060969
105	12481145	75026	12486917	877737	12492720	1019371	12481145	0.84535	12486917	1.01372	12492720	1.06329	12481145	88751.4047435973	12486917	865857.435978377	12492720	958695.181935314	12497696	76833	12503484	879199	12509287	929876	12497696	0.84509	12503484	1.01402	12509287	1.06281	12497696	90916.9437574696	12503484	867043.056349974	12509287	874922.140363753	12514263	50500	12520051	889257	12525854	1492511	12514263	0.84488	12520051	1.0137	12525854	1.0638	12514263	59771.8019126977	12520051	877238.828055638	12525854	1402999.62398947
106	12601156	75120	12606943	879300	12612746	1017700	12601156	0.84577	12606943	1.0138	12612746	1.06388	12601156	88818.473107346	12606943	867330.834484119	12612746	956592.848817536	12617723	77702	12623510	877379	12629298	927451	12617723	0.84541	12623510	1.01381	12629298	1.06397	12617723	91910.4339906081	12623510	865427.446957517	12629298	871689.051383028	12634290	50862	12640062	890649	12645865	1478562	12634290	0.84552	12640062	1.01419	12645865	1.06415	12634290	60154.6977008232	12640062	878187.519103916	12645865	1389430.06155147
107	12721167	75293	12726954	878349	12732773	1012700	12721167	0.84608	12726954	1.01387	12732773	1.06297	12721167	88990.4027987897	12726954	866332.961819563	12732773	952707.978588295	12737734	77952	12743521	879226	12749325	928805	12737734	0.84525	12743521	1.0148	12749325	1.06431	12737734	92223.6024844721	12743521	866403.232163973	12749325	872682.770997172	12754301	51322	12760073	890079	12765876	1470347	12754301	0.8463	12760073	1.01398	12765876	1.06391	12754301	60642.7980621529	12760073	877807.254580958	12765876	1382021.97554304
108	12841178	75408	12846965	878565	12852784	1014839	12841178	0.84595	12846965	1.01446	12852784	1.06398	12841178	89140.0200957503	12846965	866042.032214183	12852784	953813.981465817	12857745	77542	12863532	879812	12869336	929823	12857745	0.84533	12863532	1.01471	12869336	1.06409	12857745	91729.8569789313	12863532	867057.582954736	12869336	873819.883656458	12874312	51563	12880084	891924	12885887	1457190	12874312	0.84651	12880084	1.01471	12885887	1.06395	12874312	60912.4523041665	12880084	878993.998285225	12885887	1369603.83476667
109	12961189	74916	12966976	878713	12972795	1009189	12961189	0.84518	12966976	1.01466	12972795	1.06358	12961189	88639.1064625287	12966976	866017.188023575	12972795	948860.452434232	12977756	78319	12983544	878086	12989347	927551	12977756	0.84614	12983544	1.01477	12989347	1.06374	12977756	92560.3328054459	12983544	865305.438670832	12989347	871971.534397503	12994323	52206	13000111	890960	13005914	1447338	12994323	0.84641	13000111	1.015	13005914	1.06442	12994323	61679.3279852554	13000111	877793.103448276	13005914	1359743.33439808
110	13081200	75036	13087003	877886	13092806	1007667	13081200	0.84572	13087003	1.01502	13092806	1.06436	13081200	88724.4005108074	13087003	864895.272999547	13092806	946735.127212597	13097783	78088	13103570	877396	13109373	928838	13097783	0.84597	13103570	1.01498	13109373	1.06493	13097783	92305.873730747	13103570	864446.590080593	13109373	872205.684880696	13114350	51681	13120137	890605	13125941	1436236	13114350	0.84662	13120137	1.01509	13125941	1.06472	13114350	61043.915806383	13120137	877365.55379326	13125941	1348933.0528214
111	13201211	74897	13206998	876257	13212817	1004748	13201211	0.8462	13206998	1.01383	13212817	1.0644	13201211	88509.808555897	13206998	864303.68010416	13212817	943957.158962796	13217794	78487	13223566	878124	13229369	928081	13217794	0.84587	13223566	1.01502	13229369	1.0648	13217794	92788.4899570856	13223566	865129.751137909	13229369	871601.239669422	13234345	52248	13240133	888825	13245920	1425315	13234345	0.8453	13240133	1.01472	13245920	1.06453	13234345	61810.0082810836	13240133	875931.291390728	13245920	1338914.82626135
112	13321222	75154	13327009	876895	13332813	1000901	13321222	0.84694	13327009	1.01521	13332813	1.06471	13321222	88735.9198998748	13327009	863757.252194127	13332813	940069.126804482	13337789	78678	13343561	877198	13349364	927092	13337789	0.84547	13343561	1.01415	13349364	1.0644	13337789	93058.2989343206	13343561	864958.832519844	13349364	870999.624201428	13354356	52685	13360144	890678	13365947	1414630	13354356	0.84568	13360144	1.01538	13365947	1.06379	13354356	62298.9783369596	13360144	877186.866000906	13365947	1329801.93459235
113	13441233	75111	13447020	878170	13452839	999857	13441233	0.8466	13447020	1.01514	13452839	1.06482	13441233	88720.7654145996	13447020	865072.797840692	13452839	938991.566649763	13457800	78378	13463588	878846	13469375	926399	13457800	0.84665	13463588	1.01496	13469375	1.06449	13457800	92574.2632728991	13463588	865892.251911405	13469375	870274.967355259	13474352	52931	13480139	891395	13485942	1404286	13474352	0.84689	13480139	1.01568	13485942	1.0649	13474352	62500.4427965852	13480139	877633.70352867	13485942	1318702.22556109
114	13561244	75079	13567031	876019	13572850	998342	13561244	0.8463	13567031	1.01412	13572850	1.06458	13561244	88714.4038756942	13567031	863821.835680196	13572850	937780.157432978	13577811	79274	13583599	878189	13589402	927265	13577811	0.8459	13583599	1.01519	13589402	1.06393	13577811	93715.5692162194	13583599	865048.907101134	13589402	871547.000272574	13594378	53119	13600166	888889	13605969	1392247	13594378	0.8457	13600166	1.01512	13605969	1.06384	13594378	62810.6893697529	13600166	875649.184332887	13605969	1308699.61648368
115	13681255	75623	13687042	882844	13692846	1000759	13681255	0.84538	13687042	1.01484	13692846	1.06327	13681255	89454.4465210911	13687042	869934.17681605	13692846	941208.724030585	13697822	78753	13703610	875739	13709397	926535	13697822	0.84562	13703610	1.01404	13709397	1.06396	13697822	93130.4841418131	13703610	863613.861386139	13709397	870836.309635701	13714389	53493	13720177	890018	13725980	1383781	13714389	0.8457	13720177	1.0144	13725980	1.06406	13714389	63252.9265697056	13720177	877383.675078864	13725980	1300472.71770389
116	13801266	75990	13807053	881208	13812857	998438	13801266	0.84521	13807053	1.01425	13812857	1.06313	13801266	89906.6504182393	13807053	868827.212225783	13812857	939149.49253619	13817833	78900	13823621	876080	13829408	924119	13817833	0.84561	13823621	1.01418	13829408	1.06335	13817833	93305.4244864654	13823621	863830.878147863	13829408	869063.807777308	13834400	54013	13840172	888121	13845975	1371188	13834400	0.84568	13840172	1.01466	13845975	1.06356	13834400	63869.3122694163	13840172	875289.25945637	13845975	1289243.67219527
117	13921277	75960	13927064	881005	13932883	994750	13921277	0.84514	13927064	1.01429	13932883	1.06254	13921277	89878.5999952671	13927064	868592.80876278	13932883	936200.048939334	13937860	79238	13943647	875723	13949435	925480	13937860	0.84568	13943647	1.01412	13949435	1.06355	13937860	93697.3796234983	13943647	863529.95700706	13949435	870180.057355084	13954411	54016	13960199	887372	13966002	1365613	13954411	0.84556	13960199	1.01434	13966002	1.06443	13954411	63881.924405128	13960199	874826.981091153	13966002	1282952.37826818
118	14041288	76310	14047075	881012	14052879	995934	14041288	0.84524	14047075	1.01467	14052879	1.06403	14041288	90282.0500686196	14047075	868274.414341609	14052879	936001.804460401	14057855	78909	14063643	876616	14069430	927452	14057855	0.84613	14063643	1.01448	14069430	1.06405	14057855	93258.7191093567	14063643	864103.777304629	14069430	871624.453738076	14074407	54060	14080194	889329	14085997	1353883	14074407	0.84535	14080194	1.01448	14085997	1.06375	14074407	63949.8432601881	14080194	876635.320558316	14085997	1272745.47591069
119	14161299	76258	14167086	883913	14172890	992944	14161299	0.84577	14167086	1.0154	14172890	1.06378	14161299	90163.9925748135	14167086	870507.189285011	14172890	933411.043636842	14177866	79409	14183654	878619	14189457	926238	14177866	0.84575	14183654	1.01409	14189457	1.0643	14177866	93891.8120011824	14183654	866411.265272313	14189457	870279.056656958	14194433	54716	14200221	890129	14206024	1346423	14194433	0.84547	14200221	1.01432	14206024	1.06384	14194433	64716.6664695377	14200221	877562.307752977	14206024	1265625.46999549
120	14281310	75464	14287097	882245	14292901	992594	14281310	0.84637	14287097	1.01408	14292901	1.06418	14281310	89161.9504472039	14287097	869995.463868728	14292901	932731.304854442	14297877	79169	14303649	875812	14309452	924738	14297877	0.84533	14303649	1.01361	14309452	1.06403	14297877	93654.5491109981	14303649	864052.248892572	14309452	869090.157232409	14314429	54642	14320216	888309	14326019	1335789	14314429	0.84504	14320216	1.01431	14326019	1.06294	14314429	64662.027833002	14320216	875776.63633406	14326019	1256692.75782264
121	14401321	76223	14407108	881124	14412912	988730	14401321	0.84496	14407108	1.01368	14412912	1.06304	14401321	90209.0039765196	14407108	869232.894009944	14412912	930096.703792896	14417888	79530	14423660	876466	14429463	922979	14417888	0.84572	14423660	1.01427	14429463	1.06396	14417888	94038.2159580003	14423660	864134.796454593	14429463	867494.078724764	14434440	55196	14440227	887288	14446030	1323842	14434440	0.84566	14440227	1.01358	14446030	1.06353	14434440	65269.7301515976	14440227	875400.067088932	14446030	1244762.25400318
122	14521332	75827	14527119	880847	14532938	987069	14521332	0.84506	14527119	1.01435	14532938	1.06354	14521332	89729.7233332545	14527119	868385.665697245	14532938	928097.673806345	14537915	79967	14543687	875741	14549490	925101	14537915	0.84532	14543687	1.01395	14549490	1.06434	14537915	94599.6782283632	14543687	863692.48976774	14549490	869178.082191781	14554466	55201	14560254	888465	14566041	1317083	14554466	0.84563	14560254	1.01443	14566041	1.06346	14554466	65277.9584451829	14560254	875826.819001804	14566041	1238488.51860907
123	14641343	75608	14647115	881202	14652934	986071	14641343	0.84594	14647115	1.01433	14652934	1.06387	14641343	89377.4972220252	14647115	868752.77276626	14652934	926871.704249579	14657910	79857	14663698	878268	14669485	928028	14657910	0.84648	14663698	1.01463	14669485	1.06467	14657910	94340.0907286646	14663698	865604.210401821	14669485	871657.884602741	14674477	55441	14680265	888394	14686068	1310244	14674477	0.84583	14680265	1.01476	14686068	1.06437	14674477	65546.2681626332	14680265	875472.032795932	14686068	1231004.25603878
124	14761354	76547	14767141	882746	14772945	987023	14761354	0.84592	14767141	1.01481	14772945	1.0633	14761354	90489.644410819	14767141	869863.324169056	14772945	928263.895419919	14777937	79378	14783709	878045	14789512	927903	14777937	0.84622	14783709	1.01481	14789512	1.06449	14777937	93803.0299449316	14783709	865230.92992777	14789512	871687.850519967	14794488	55688	14800276	888286	14806079	1303839	14794488	0.8459	14800276	1.0147	14806079	1.06436	14794488	65832.8407613193	14800276	875417.364738346	14806079	1224998.12093653
125	14881365	76446	14887137	882057	14892971	985010	14881365	0.84556	14887137	1.01457	14892971	1.06437	14881365	90408.7232130186	14887137	869389.987876637	14892971	925439.461841277	14897948	80291	14903735	877580	14909554	926141	14897948	0.84606	14903735	1.01474	14909554	1.06446	14897948	94899.8888967685	14903735	864832.370853618	14909554	870057.1181632	14914530	55912	14920318	888880	14926121	1293348	14914530	0.84626	14920318	1.01463	14926121	1.06448	14914530	66069.5294590315	14920318	876063.195450558	14926121	1215004.50924395
126	15001376	76105	15007163	882803	15012967	982169	15001376	0.84546	15007163	1.01468	15012967	1.06482	15001376	90016.0859177253	15007163	870030.945716876	15012967	922380.308408933	15017943	80328	15023731	877777	15029518	927324	15017943	0.84565	15023731	1.01432	15029518	1.06436	15017943	94989.6529296991	15023731	865384.691221705	15029518	871250.328836108	15034495	55886	15040282	887981	15046086	1286781	15034495	0.84634	15040282	1.01468	15046086	1.0643	15034495	66032.563745067	15040282	875134.032404305	15046086	1209039.74443296
127	15121387	76553	15127174	881250	15132978	978978	15121387	0.84584	15127174	1.01402	15132978	1.06429	15121387	90505.2965099783	15127174	869065.698901403	15132978	919841.396611826	15137954	80142	15143742	877281	15149529	927294	15137954	0.84576	15143742	1.01425	15149529	1.06458	15137954	94757.3779795687	15143742	864955.38575302	15149529	871042.101110297	15154506	56461	15160293	886425	15166097	1278864	15154506	0.84572	15160293	1.01421	15166097	1.06435	15154506	66760.8664806319	15160293	874005.383500458	15166097	1201544.60468831
128	15241398	76591	15247185	881233	15252989	976734	15241398	0.84465	15247185	1.01421	15252989	1.06361	15241398	90677.7955366128	15247185	868886.128119423	15252989	918319.684846889	15257965	80452	15263753	877088	15269540	926923	15257965	0.84599	15263753	1.01416	15269540	1.06347	15257965	95098.050804383	15263753	864841.839551945	15269540	871602.395930304	15274532	56716	15280320	889264	15286123	1269002	15274532	0.8457	15280320	1.01535	15286123	1.06282	15274532	67063.9706751803	15280320	875820.160535776	15286123	1193995.22026307
129	15361409	76241	15367196	882073	15373000	975399	15361409	0.84553	15367196	1.01412	15373000	1.06321	15361409	90169.4794980663	15367196	869791.543407092	15373000	917409.542799635	15377976	80996	15383764	876851	15389551	930396	15377976	0.84546	15383764	1.01514	15389551	1.06414	15377976	95801.1023584794	15383764	863773.469669208	15389551	874317.289078505	15394528	56996	15400315	887858	15406119	1264852	15394528	0.84574	15400315	1.0142	15406119	1.06351	15394528	67391.8698417954	15400315	875426.937487675	15406119	1189318.38910777
130	15481420	76633	15487208	881706	15493026	975270	15481420	0.84545	15487208	1.01456	15493026	1.06432	15481420	90641.670116506	15487208	869052.59422804	15493026	916331.554419723	15498003	80483	15503775	877295	15509578	929032	15498003	0.84593	15503775	1.01472	15509578	1.06427	15498003	95141.441963283	15503775	864568.550930306	15509578	872928.862036889	15514554	57159	15520342	887421	15526145	1258467	15514554	0.84623	15520342	1.01474	15526145	1.06484	15514554	67545.4663625728	15520342	874530.421585825	15526145	1181836.70786221
131	15601431	76216	15607219	880508	15613022	973735	15601431	0.84558	15607219	1.0147	15613022	1.0645	15601431	90134.5821802786	15607219	867752.044939391	15613022	914734.61719117	15617998	80578	15623786	877474	15629573	927225	15617998	0.84606	15623786	1.01462	15629573	1.06422	15617998	95239.1083374702	15623786	864830.182728509	15629573	871271.917460675	15634550	57870	15640337	886713	15646141	1248431	15634550	0.84616	15640337	1.01427	15646141	1.06457	15634550	68391.3207903943	15640337	874237.629033689	15646141	1172709.16896024
132	15721442	76359	15727230	878278	15733033	971463	15721442	0.84565	15727230	1.01395	15733033	1.06299	15721442	90296.2218411873	15727230	866194.585531831	15733033	913896.650015522	15738025	81049	15743797	878049	15749600	928162	15738025	0.84576	15743797	1.01509	15749600	1.06508	15738025	95829.7862277715	15743797	864996.207232856	15749600	871448.154129267	15754561	57819	15760348	887966	15766152	1245066	15754561	0.84602	15760348	1.01486	15766152	1.06443	15754561	68342.355972672	15760348	874964.034448101	15766152	1169702.09407852
133	15841453	76190	15847241	881740	15853044	969708	15841453	0.84546	15847241	1.0145	15853044	1.06438	15841453	90116.6229035082	15847241	869137.50616067	15853044	911054.322704297	15858020	80813	15863808	875918	15869611	931093	15858020	0.84635	15863808	1.01457	15869611	1.064	15858020	95484.1377680629	15863808	863339.148604828	15869611	875087.406015038	15874572	57797	15880359	889694	15886163	1240274	15874572	0.84586	15880359	1.01519	15886163	1.06455	15874572	68329.2743480009	15880359	876381.761049656	15886163	1165068.8084167
134	15961464	76657	15967252	880996	15973055	970545	15961464	0.84577	15967252	1.0148	15973055	1.06361	15961464	90635.7520366057	15967252	868147.418210485	15973055	912500.822669964	15978031	80856	15983819	878579	15989606	931436	15978031	0.84577	15983819	1.01429	15989606	1.06396	15978031	95600.4587535618	15983819	866200.98788315	15989606	875442.685815256	15994598	58447	16000386	888015	16006189	1230823	15994598	0.84593	16000386	1.01497	16006189	1.06492	15994598	69092.0052486612	16000386	874917.485245869	16006189	1155789.16726139
135	16081475	76477	16087263	880510	16093081	967739	16081475	0.84532	16087263	1.01396	16093081	1.0635	16081475	90471.0642123693	16087263	868387.313108998	16093081	909956.746591444	16098042	81019	16103830	878729	16109633	932157	16098042	0.84521	16103830	1.01459	16109633	1.06379	16098042	95856.6510098082	16103830	866092.707399048	16109633	876260.35213717	16114594	58280	16120397	885701	16126185	1224987	16114594	0.84572	16120397	1.01404	16126185	1.06392	16114594	68911.6965425909	16120397	873437.931442547	16126185	1151390.14211595
136	16201486	76747	16207274	881881	16213077	965711	16201486	0.84568	16207274	1.01465	16213077	1.06443	16201486	90751.8210197711	16207274	869147.98206278	16213077	907256.465901938	16218053	81550	16223841	875654	16229628	932379	16218053	0.84637	16223841	1.01462	16229628	1.06549	16218053	96352.6590025639	16223841	863036.407719146	16229628	875070.624782964	16234620	59010	16240408	886762	16246211	1218501	16234620	0.84562	16240408	1.01461	16246211	1.06436	16234620	69783.1177124477	16240408	873992.962813298	16246211	1144820.36153181
137	16321497	76683	16327269	880843	16333088	964848	16321497	0.84603	16327269	1.01521	16333088	1.06519	16321497	90638.6298358214	16327269	867646.102776765	16333088	905798.965442785	16338064	81061	16343852	879000	16349655	933549	16338064	0.84652	16343852	1.01569	16349655	1.06445	16338064	95757.926569957	16343852	865421.536098613	16349655	877024.754568087	16354631	58716	16360419	887022	16366222	1212500	16354631	0.84654	16360419	1.01517	16366222	1.06457	16354631	69359.9829895811	16360419	873766.955288277	16366222	1138957.5133622
138	16441508	76781	16447296	879169	16453099	963910	16441508	0.84629	16447296	1.01442	16453099	1.06373	16441508	90726.5830861761	16447296	866671.59559157	16453099	906160.397845318	16458060	80980	16463832	877569	16469650	933705	16458060	0.84588	16463832	1.01504	16469650	1.06431	16458060	95734.6195677874	16463832	864565.928436318	16469650	877286.692786876	16474627	58869	16480414	886852	16486218	1205827	16474627	0.84614	16480414	1.01396	16486218	1.06355	16474627	69573.5930224313	16480414	874641.997711941	16486218	1133775.56297306
139	16561519	76687	16567291	878937	16573094	960604	16561519	0.84586	16567291	1.01489	16573094	1.0644	16561519	90661.57520157	16567291	866041.639980688	16573094	902484.028560692	16578071	81660	16583858	876844	16589661	935774	16578071	0.84647	16583858	1.01476	16589661	1.06502	16578071	96471.2275686085	16583858	864090.031140368	16589661	878644.532497042	16594638	59150	16600425	887302	16606244	1202477	16594638	0.84603	16600425	1.01504	16606244	1.06422	16594638	69914.7784357529	16600425	874154.713114754	16606244	1129913.92757137
140	16681530	76877	16687318	879898	16693136	962237	16681530	0.84584	16687318	1.01461	16693136	1.06434	16681530	90888.3476780479	16687318	867227.801815476	16693136	904069.188417235	16698113	81761	16703885	876920	16709688	938319	16698113	0.84612	16703885	1.01463	16709688	1.06446	16698113	96630.5015836997	16703885	864275.647280289	16709688	881497.660785751	16714664	59660	16720452	886891	16726255	1195094	16714664	0.84605	16720452	1.0144	16726255	1.06449	16714664	70515.9269546717	16720452	874301.06466877	16726255	1122691.61758213
141	16801541	77030	16807313	879571	16813132	960648	16801541	0.84587	16807313	1.01517	16813132	1.06473	16801541	91066.0030501141	16807313	866427.297890994	16813132	902245.639739652	16818108	81574	16823896	877811	16829683	937244	16818108	0.84594	16823896	1.01538	16829683	1.06426	16818108	96430.0068562782	16823896	864514.762945892	16829683	880653.223836281	16834675	59493	16840447	887793	16846251	1187633	16834675	0.84613	16840447	1.01509	16846251	1.0641	16834675	70311.8906078262	16840447	874595.356076801	16846251	1116091.53275068
142	16921552	77152	16927340	878598	16933158	956145	16921552	0.84562	16927340	1.01527	16933158	1.06433	16921552	91237.1987417516	16927340	865383.592541886	16933158	898353.893999042	16938135	82015	16943907	878218	16949710	935654	16938135	0.84634	16943907	1.01429	16949710	1.06417	16938135	96905.4989720443	16943907	865845.073894054	16949710	879233.581100764	16954686	59850	16960474	889937	16966293	1186508	16954686	0.84646	16960474	1.01523	16966293	1.06478	16954686	70706.2353802897	16960474	876586.586290791	16966293	1114322.20740435
143	17041563	77084	17047351	880955	17053169	959026	17041563	0.84627	17047351	1.0152	17053169	1.06452	17041563	91086.7689980739	17047351	867764.972419228	17053169	900899.936121445	17058146	82212	17063918	878431	17069705	940602	17058146	0.8461	17063918	1.015	17069705	1.06475	17058146	97165.8196430682	17063918	865449.261083744	17069705	883401.737497065	17074682	59739	17080485	889460	17086288	1181432	17074682	0.84613	17080485	1.01509	17086288	1.06407	17074682	70602.6260740076	17080485	876237.57499335	17086288	1110295.37530426
144	17161574	77002	17167362	881897	17173165	953585	17161574	0.84611	17167362	1.01554	17173165	1.06453	17161574	91007.0794577537	17167362	868402.032416252	17173165	895780.297408246	17178141	82159	17183929	878195	17189732	939871	17178141	0.8459	17183929	1.01474	17189732	1.0648	17178141	97126.1378413524	17183929	865438.437432249	17189732	882673.741547709	17194709	60129	17200481	889777	17206284	1177826	17194709	0.8465	17200481	1.01488	17206284	1.06462	17194709	71032.4867099823	17200481	876731.23916128	17206284	1106334.65461855
145	17281585	76553	17287373	880782	17293176	955684	17281585	0.84575	17287373	1.01497	17293176	1.06381	17281585	90514.9275790718	17287373	867791.166241367	17293176	898359.669489853	17298137	81784	17303924	875280	17309728	941148	17298137	0.84674	17303924	1.01509	17309728	1.06456	17298137	96586.9097952146	17303924	862268.370292289	17309728	884072.292778237	17314688	60575	17320476	887476	17326279	1169936	17314688	0.84632	17320476	1.01468	17326279	1.06479	17314688	71574.5817184989	17320476	874636.338550085	17326279	1098748.10995595
146	17401596	77621	17407384	881084	17413171	955698	17401596	0.84649	17407384	1.01528	17413171	1.06575	17401596	91697.4801828728	17407384	867823.654558348	17413171	896737.508796622	17418148	82459	17423935	877607	17429739	942794	17418148	0.84622	17423935	1.01553	17429739	1.0658	17418148	97443.9271111531	17423935	864186.188492708	17429739	884588.102833552	17434715	60709	17440503	887392	17446306	1165822	17434715	0.84608	17440503	1.01546	17446306	1.06469	17434715	71753.2621028744	17440503	873881.787564257	17446306	1094987.27329082
147	17521607	77295	17527395	880551	17533213	952309	17521607	0.84589	17527395	1.015	17533213	1.06417	17521607	91377.12941399	17527395	867537.931034483	17533213	894884.276008533	17538174	82216	17543962	877291	17549750	942140	17538174	0.84587	17543962	1.01484	17549750	1.06434	17538174	97196.9688013525	17543962	864462.37830594	17549750	885187.064283969	17554742	60418	17560529	888128	17566332	1163522	17554742	0.84662	17560529	1.01524	17566332	1.06446	17554742	71363.7759561551	17560529	874796.107324377	17566332	1093063.1493903
148	17641618	76983	17647406	879865	17653209	951707	17641618	0.84574	17647406	1.01468	17653209	1.06407	17641618	91024.4283113014	17647406	867135.451570939	17653209	894402.623887526	17658185	82647	17663957	877663	17669761	943758	17658185	0.84596	17663957	1.01518	17669761	1.06495	17658185	97696.1085630526	17663957	864539.293524301	17669761	886199.352082258	17674721	61295	17680509	889321	17686328	1156704	17674721	0.84615	17680509	1.01518	17686328	1.06444	17674721	72439.8747267033	17680509	876022.971295731	17686328	1086678.4412461
149	17761629	77325	17767401	879602	17773220	949735	17761629	0.84536	17767401	1.01496	17773220	1.06351	17761629	91469.9063121037	17767401	866637.10885158	17773220	893019.341614089	17778196	82950	17783984	879806	17789772	946441	17778196	0.8456	17783984	1.01528	17789772	1.06527	17778196	98096.0264900662	17783984	866564.888503664	17789772	888451.754015414	17794748	61739	17800536	886866	17806339	1154455	17794748	0.84542	17800536	1.01486	17806339	1.06477	17794748	73027.6075796645	17800536	873880.141103206	17806339	1084229.45800502
150	17881640	77013	17887428	878528	17893231	951454	17881640	0.84614	17887428	1.01445	17893231	1.06437	17881640	91016.8530030491	17887428	866014.096308345	17893231	893912.831064385	17898192	83007	17903979	879405	17909767	946912	17898192	0.8459	17903979	1.01398	17909767	1.06567	17898192	98128.6204043031	17903979	867280.419732145	17909767	888560.248482175	17914743	61845	17920547	887916	17926350	1148501	17914743	0.84607	17920547	1.01511	17926350	1.06422	17914743	73096.7886817876	17920547	874699.293672607	17926350	1079195.09124053
151	18001651	77178	18007439	879708	18013258	949490	18001651	0.846	18007439	1.01493	18013258	1.06423	18001651	91226.9503546099	18007439	866767.166208507	18013258	892184.960018041	18018234	82026	18024022	878381	18029809	949723	18018234	0.84593	18024022	1.01519	18029809	1.06455	18018234	96965.4699561429	18024022	865238.034259597	18029809	892135.644168898	18034801	61718	18040589	887831	18046392	1142977	18034801	0.84587	18040589	1.01454	18046392	1.06356	18034801	72963.9306276378	18040589	875106.945019418	18046392	1074670.91654444
152	18121662	76970	18127450	878596	18133253	945552	18121662	0.84598	18127450	1.01456	18133253	1.06326	18121662	90983.2383744297	18127450	865987.225989592	18133253	889295.186501891	18138245	82768	18144017	878124	18149820	947177	18138245	0.84587	18144017	1.01497	18149820	1.06444	18138245	97849.5513494981	18144017	865172.369626689	18149820	889835.970087558	18154797	62040	18160584	885570	18166387	1139680	18154797	0.84612	18160584	1.01403	18166387	1.06311	18154797	73322.9329173167	18160584	873317.357474631	18166387	1072024.53179821
153	18241673	77201	18247461	878779	18253264	946713	18241673	0.84607	18247461	1.0145	18253264	1.06344	18241673	91246.5871618188	18247461	866218.827008379	18253264	890236.402617919	18258240	82742	18264028	877871	18269816	950498	18258240	0.84536	18264028	1.01459	18269816	1.06401	18258240	97877.8271978802	18264028	865247.045604629	18269816	893316.792135412	18274792	62237	18280580	889228	18286398	1136562	18274792	0.84566	18280580	1.01499	18286398	1.06451	18274792	73595.771350188	18280580	876095.330988483	18286398	1067685.60182619
154	18361684	77285	18367472	878421	18373275	946849	18361684	0.84552	18367472	1.01406	18373275	1.06326	18361684	91405.2890528905	18367472	866241.642506361	18373275	890515.019844629	18378251	82663	18384039	877662	18389842	949878	18378251	0.84505	18384039	1.01347	18389842	1.06341	18378251	97820.2473226436	18384039	865997.020138731	18389842	893237.791632578	18394803	62332	18400591	889983	18406394	1136278	18394803	0.84548	18400591	1.01426	18406394	1.06415	18394803	73723.8018640299	18400591	877470.273894268	18406394	1067779.91824461
155	18481695	77173	18487483	879732	18493302	944103	18481695	0.84606	18487483	1.0147	18493302	1.06446	18481695	91214.5710706096	18487483	866987.286882822	18493302	886931.401837552	18498278	83351	18504050	876615	18509853	951658	18498278	0.84624	18504050	1.01485	18509853	1.06494	18498278	98495.6986197769	18504050	863787.751884515	18509853	893625.931977388	18514830	62705	18520617	888159	18526420	1132884	18514830	0.84635	18520617	1.01501	18526420	1.0646	18514830	74088.7339753057	18520617	875024.876602201	18526420	1064140.52226188
156	18601706	77068	18607494	878978	18613297	941821	18601706	0.84643	18607494	1.01491	18613297	1.06483	18601706	91050.648015784	18607494	866064.971278241	18613297	884480.151761314	18618273	82278	18624061	877956	18629864	952547	18618273	0.84569	18624061	1.01516	18629864	1.06409	18618273	97290.9695041918	18624061	864844.950549667	18629864	895175.220141154	18634841	62751	18640628	887895	18646431	1126336	18634841	0.84615	18640628	1.01428	18646431	1.06466	18634841	74160.6098209537	18640628	875394.368418977	18646431	1057930.23124753
157	18721717	77329	18727505	878453	18733308	943419	18721717	0.84674	18727505	1.0151	18733308	1.0642	18721717	91325.5544795333	18727505	865385.67628805	18733308	886505.356136065	18738284	82891	18744056	879526	18749860	955600	18738284	0.84591	18744056	1.01536	18749860	1.065	18738284	97990.3299405374	18744056	866220.847778128	18749860	897276.995305164	18754820	62693	18760608	888780	18766411	1123758	18754820	0.84604	18760608	1.01471	18766411	1.0644	18754820	74101.6973192757	18760608	875895.576075923	18766411	1055766.62908681
158	18841728	77032	18847516	878778	18853319	942621	18841728	0.84594	18847516	1.01512	18853319	1.06499	18841728	91060.8317374755	18847516	865688.785562298	18853319	885098.451628654	18858295	83363	18864083	878941	18869871	956112	18858295	0.8455	18864083	1.01449	18869871	1.06466	18858295	98596.0969840331	18864083	866387.051621997	18869871	898044.446114253	18874863	63062	18880650	888034	18886453	1121314	18874863	0.84581	18880650	1.01413	18886453	1.06415	18874863	74558.1158889112	18880650	875660.911323006	18886453	1053717.99088474
159	18961739	77317	18967527	878950	18973330	940524	18961739	0.84542	18967527	1.01382	18973330	1.06447	18961739	91453.9518819049	18967527	866968.49539366	18973330	883560.833090646	18978306	83513	18984094	879504	18989897	956306	18978306	0.84606	18984094	1.01468	18989897	1.06461	18978306	98708.1294470841	18984094	866779.6743801	18989897	898268.849625685	18994858	63462	19000646	888345	19006433	1117943	18994858	0.84612	19000646	1.0145	19006433	1.06407	18994858	75003.5455963693	19000646	875648.102513553	19006433	1050629.18792937
160	19081750	77787	19087538	879862	19093341	940817	19081750	0.84594	19087538	1.01463	19093341	1.06427	19081750	91953.3300234059	19087538	867175.226437223	19093341	884002.179897958	19098317	83572	19104105	879405	19109908	959732	19098317	0.84578	19104105	1.01443	19109908	1.06402	19098317	98810.5653952564	19104105	866895.695119427	19109908	901986.804759309	19114869	63505	19120657	888077	19126444	1117105	19114869	0.84568	19120657	1.01482	19126444	1.06412	19114869	75093.4159492952	19120657	875107.900908536	19126444	1049792.31665602
161	19201761	77464	19207549	879507	19213352	941577	19201761	0.84607	19207549	1.01492	19213352	1.06468	19201761	91557.4361459454	19207549	866577.661293501	19213352	884375.587030845	19218328	83225	19224116	876658	19229919	962783	19218328	0.84625	19224116	1.01383	19229919	1.06444	19218328	98345.6425406204	19224116	864699.209926714	19229919	904497.200405847	19234896	63695	19240683	888380	19246487	1114346	19234896	0.84603	19240683	1.015	19246487	1.06424	19234896	75286.9283595144	19240683	875251.231527093	19246487	1047081.48537924
162	19321772	77875	19327560	879097	19333363	936836	19321772	0.84618	19327560	1.01471	19333363	1.06378	19321772	92031.2463069324	19327560	866352.948132964	19333363	880667.055218184	19338339	83451	19344111	878012	19349915	961908	19338339	0.84603	19344111	1.01456	19349915	1.06473	19338339	98638.3461579377	19344111	865411.60700205	19349915	903429.03834775	19354891	63748	19360663	888520	19366466	1107590	19354891	0.8463	19360663	1.01467	19366466	1.06391	19354891	75325.5346803734	19360663	875673.864409118	19366466	1041056.10436973
163	19441783	77455	19447571	879769	19453374	939267	19441783	0.84542	19447571	1.0141	19453374	1.06348	19441783	91617.1843580705	19447571	867536.732077704	19453374	883201.37661263	19458350	83623	19464122	881347	19469926	964814	19458350	0.84528	19464122	1.0153	19469926	1.06457	19458350	98929.3488548173	19464122	868065.596375456	19469926	906294.560244982	19474902	63920	19480690	890235	19486493	1106564	19474902	0.84571	19480690	1.01537	19486493	1.0646	19474902	75581.4640952572	19480690	876759.210928036	19486493	1039417.62164193
164	19561794	77690	19567582	880665	19573385	935434	19561794	0.84487	19567582	1.01449	19573385	1.06375	19561794	91954.9753216471	19567582	868086.427663161	19573385	879373.913043478	19578361	83531	19584149	878925	19589952	962727	19578361	0.84597	19584149	1.0143	19589952	1.06435	19578361	98739.9080345639	19584149	866533.569949719	19589952	904521.069197163	19594929	63671	19600716	892208	19606520	1104668	19594929	0.8456	19600716	1.01463	19606520	1.06413	19594929	75296.8306527909	19600716	879343.208854459	19606520	1038094.96959958
165	19681805	78026	19687593	881316	19693396	939146	19681805	0.84596	19687593	1.01419	19693396	1.06507	19681805	92233.6753510804	19687593	868985.101410978	19693396	881769.273381092	19698372	84349	19704160	878796	19709948	965893	19698372	0.84651	19704160	1.01464	19709948	1.06497	19698372	99643.2410721669	19704160	866116.06086888	19709948	906967.33241312	19714924	64411	19720696	889170	19726499	1099767	19714924	0.84585	19720696	1.01478	19726499	1.06425	19714924	76149.4354791039	19720696	876219.476142612	19726499	1033372.79774489
166	19801816	77756	19807619	878576	19813423	935627	19801816	0.84649	19807619	1.01499	19813423	1.06438	19801816	91856.9622795308	19807619	865600.646311786	19813423	879034.743230801	19818399	84546	19824171	879022	19829974	965882	19818399	0.84635	19824171	1.01456	19829974	1.06411	19818399	99894.8425592249	19824171	866407.112442832	19829974	907689.99445546	19834951	64755	19840738	887584	19846557	1100597	19834951	0.84604	19840738	1.01492	19846557	1.06517	19834951	76538.9343293461	19840738	874535.924013715	19846557	1033259.47970746
167	19921827	77323	19927615	879114	19933418	934648	19921827	0.84625	19927615	1.01537	19933418	1.06493	19921827	91371.3441654357	19927615	865806.553276146	19933418	877661.442536129	19938395	84257	19944182	879496	19949985	968133	19938395	0.84643	19944182	1.01561	19949985	1.06513	19938395	99543.9670144017	19944182	865978.082137829	19949985	908934.120717659	19954962	64553	19960749	888359	19966537	1096301	19954962	0.84632	19960749	1.01453	19966537	1.06564	19954962	76274.9314680026	19960749	875636.008792249	19966537	1028772.38091663
168	20041838	78208	20047626	882027	20053445	937161	20041838	0.84635	20047626	1.01466	20053445	1.06489	20041838	92406.2149229042	20047626	869283.306723435	20053445	880054.277906638	20058421	84707	20064193	878560	20069996	971222	20058421	0.84564	20064193	1.01493	20069996	1.06466	20058421	100169.102691453	20064193	865636.05371799	20069996	912236.770424361	20074973	65264	20080760	890554	20086564	1095181	20074973	0.84591	20080760	1.01521	20086564	1.06507	20074973	77152.4157416274	20080760	877211.611390747	20086564	1028271.38122377
169	20161849	77938	20167637	882095	20173440	935141	20161849	0.84725	20167637	1.01508	20173440	1.06543	20161849	91989.3773974624	20167637	868990.621428853	20173440	877712.285180631	20178417	84753	20184204	879607	20190007	973722	20178417	0.84618	20184204	1.01567	20190007	1.06572	20178417	100159.540523293	20184204	866036.212549352	20190007	913675.261794843	20194984	65526	20200771	890875	20206575	1092445	20194984	0.84643	20200771	1.01566	20206575	1.06543	20194984	77414.5528868306	20200771	877139.003209736	20206575	1025355.95956562
170	20281860	77934	20287648	879794	20293467	935255	20281860	0.84604	20287648	1.0142	20293467	1.06508	20281860	92116.2119994327	20287648	867475.843028988	20293467	878107.747774815	20298443	84535	20304231	880117	20310018	971084	20298443	0.8465	20304231	1.01536	20310018	1.06421	20298443	99864.1464855287	20304231	866802.907343208	20310018	912492.835060749	20315010	65331	20320782	889408	20326601	1089351	20315010	0.84628	20320782	1.01438	20326601	1.06436	20315010	77197.8541381103	20320782	876799.621443641	20326601	1023479.83764892
171	20401871	77693	20407659	877949	20413462	933620	20401871	0.84585	20407659	1.01475	20413462	1.06422	20401871	91851.9832121535	20407659	865187.484602119	20413462	877281.013324313	20418439	84211	20424226	880726	20430014	974353	20418439	0.84566	20424226	1.0149	20430014	1.06445	20418439	99580.2095404773	20424226	867795.841954872	20430014	915358.166189112	20434990	65598	20440762	889695	20446565	1087336	20434990	0.84559	20440762	1.01505	20446565	1.06474	20434990	77576.6033183931	20440762	876503.620511305	20446565	1021222.08238631
172	20521882	78185	20527670	878824	20533473	932881	20521882	0.84559	20527670	1.01505	20533473	1.06363	20521882	92462.0679052496	20527670	865793.803260923	20533473	877072.854282034	20538450	84333	20544222	877035	20550025	973554	20538450	0.8459	20544222	1.01426	20550025	1.06408	20538450	99696.1815817473	20544222	864704.316447459	20550025	914925.569506052	20555001	65387	20560789	888209	20566592	1084521	20555001	0.84619	20560789	1.01476	20566592	1.06481	20555001	77272.2438223094	20560789	875289.723678505	20566592	1018511.2837032
173	20641893	77996	20647681	877922	20653500	932042	20641893	0.84598	20647681	1.01422	20653500	1.06435	20641893	92196.0330031443	20647681	865612.983376388	20653500	875691.266970452	20658461	85325	20664248	881127	20670051	976649	20658461	0.84654	20664248	1.01451	20670051	1.06467	20658461	100792.638268717	20664248	868524.706508561	20670051	917325.556275654	20675028	65971	20680831	890078	20686634	1087132	20675028	0.84653	20680831	1.01495	20686634	1.06508	20675028	77931.0833638501	20680831	876967.338292527	20686634	1020704.54801517
174	20761904	78152	20767692	878658	20773495	932797	20761904	0.84702	20767692	1.01496	20773495	1.06507	20761904	92267.0066822507	20767692	865707.022936864	20773495	875808.162843757	20778472	84973	20784259	879525	20790062	978528	20778472	0.84529	20784259	1.01492	20790062	1.06497	20778472	100525.263519029	20784259	866595.396681512	20790062	918831.516380743	20795039	65820	20800826	892044	20806630	1080224	20795039	0.84628	20800826	1.01432	20806630	1.06402	20795039	77775.6770808716	20800826	879450.272103478	20806630	1015229.03704818
175	20881915	77900	20887703	881426	20893506	931762	20881915	0.84556	20887703	1.01455	20893506	1.06432	20881915	92128.2936751975	20887703	868785.175693657	20893506	875452.871316897	20898483	84577	20904270	878606	20910073	977960	20898483	0.84692	20904270	1.01501	20910073	1.06382	20898483	99864.2138572711	20904270	865613.146668506	20910073	919290.857475889	20915050	66041	20920837	888997	20926672	1078536	20915050	0.84605	20920837	1.01484	20926672	1.06461	20915050	78058.0343951303	20920837	875997.201529305	20926672	1013080.84650717
176	21001926	78225	21007714	879416	21013517	932192	21001926	0.84636	21007714	1.01518	21013517	1.06491	21001926	92425.2091308663	21007714	866266.080892059	21013517	875371.627649285	21018494	85036	21024281	879255	21030069	980435	21018494	0.84591	21024281	1.01482	21030069	1.06489	21018494	100526.060692036	21024281	866414.733647347	21030069	920691.339011541	21035045	66634	21040817	889809	21046620	1078439	21035045	0.84593	21040817	1.01414	21046620	1.06511	21035045	78770.1110020924	21040817	877402.528250537	21046620	1012514.20041123
177	21121937	78254	21127725	881751	21133528	930655	21121937	0.84608	21127725	1.01551	21133528	1.0648	21121937	92490.071860817	21127725	868283.916455771	21133528	874018.595041322	21138505	84740	21144292	880322	21150095	984251	21138505	0.84629	21144292	1.01505	21150095	1.06451	21138505	100131.160713231	21144292	867269.592630905	21150095	924604.747724305	21155072	66684	21160859	889841	21166663	1074946	21155072	0.84602	21160859	1.01487	21166663	1.06467	21155072	78820.831658826	21160859	876802.940278065	21166663	1009651.81699494
178	21241948	78521	21247736	881495	21253539	931500	21241948	0.84546	21247736	1.0142	21253539	1.0646	21241948	92873.7018900953	21247736	869153.027016368	21253539	874976.517001691	21258516	84394	21264303	877689	21270106	985399	21258516	0.84619	21264303	1.01425	21270106	1.06417	21258516	99734.1022701757	21264303	865357.653438501	21270106	925978.931937566	21275067	66863	21280855	891819	21286658	1076334	21275067	0.84581	21280855	1.0141	21286658	1.06453	21275067	79052.0329624857	21280855	879419.18942905	21286658	1011088.46157459
179	21361959	77919	21367731	881566	21373535	930622	21361959	0.84629	21367731	1.01515	21373535	1.0648	21361959	92071.2758038025	21367731	868409.594641186	21373535	873987.603305785	21378511	85249	21384283	881200	21390102	987885	21378511	0.84571	21384283	1.01512	21390102	1.06611	21378511	100801.693251824	21384283	868074.710379069	21390102	926625.770323888	21395078	66857	21400897	890112	21406700	1073079	21395078	0.84649	21400897	1.01475	21406700	1.06528	21395078	78981.4410093445	21400897	877173.688100517	21406700	1007321.07990388
180	21481970	78028	21487758	882553	21493561	929899	21481970	0.84639	21487758	1.01498	21493561	1.06412	21481970	92189.1799288744	21487758	869527.478373958	21493561	873866.66917265	21498553	85108	21504325	881231	21510128	987015	21498553	0.84584	21504325	1.01558	21510128	1.06486	21498553	100619.502506384	21504325	867712.04631836	21510128	926896.493435757	21515105	66576	21520877	890310	21526680	1070110	21515105	0.84604	21520877	1.01484	21526680	1.064	21515105	78691.3148314501	21520877	877291.001537188	21526680	1005742.48120301
181	21601981	77985	21607769	880622	21613588	928481	21601981	0.84576	21607769	1.0145	21613588	1.06392	21601981	92207.0090805902	21607769	868035.485460818	21613588	872698.135198135	21618564	84851	21624336	879727	21630139	986824	21618564	0.84509	21624336	1.01424	21630139	1.06429	21618564	100404.690624667	21624336	867375.57185676	21630139	927213.447462628	21635116	67061	21640904	889901	21646691	1069088	21635116	0.84574	21640904	1.01515	21646691	1.0644	21635116	79292.6904249533	21640904	876620.203910752	21646691	1004404.35926344
182	21721992	78109	21727780	881605	21733583	929297	21721992	0.8466	21727780	1.01538	21733583	1.06531	21721992	92261.9891330026	21727780	868251.295081644	21733583	872325.426401705	21738560	85182	21744347	880585	21750151	988609	21738560	0.84643	21744347	1.01571	21750151	1.0647	21738560	100636.79217419	21744347	866964.98016166	21750151	928532.920071382	21755127	67106	21760915	892639	21766718	1067588	21755127	0.84612	21760915	1.01539	21766718	1.06498	21755127	79310.2633196237	21760915	879109.504722323	21766718	1002448.87227929
183	21842003	78768	21847791	881304	21853610	930106	21842003	0.84546	21847791	1.01425	21853610	1.06368	21842003	93165.8505428997	21847791	868921.863445896	21853610	874422.758724428	21858586	85199	21864358	880614	21870162	992453	21858586	0.84557	21864358	1.01381	21870162	1.06408	21858586	100759.251156025	21864358	868618.380169854	21870162	932686.452146455	21875138	67276	21880910	893715	21886713	1067978	21875138	0.84533	21880910	1.01371	21886713	1.06414	21875138	79585.4873244768	21880910	881627.881741327	21886713	1003606.66829553
184	21962014	78664	21967802	881482	21973605	927733	21962014	0.84608	21967802	1.01415	21973605	1.0639	21962014	92974.6596066566	21967802	869183.059705172	21973605	872011.467243162	21978582	85577	21984369	880855	21990173	992623	21978582	0.84597	21984369	1.01428	21990173	1.06464	21978582	101158.433514191	21984369	868453.484244982	21990173	932355.538022242	21995165	67512	22000952	892268	22006755	1065267	21995165	0.84683	22000952	1.01433	22006755	1.06391	21995165	79723.2030041449	22000952	879662.437273866	22006755	1001275.48382852
185	22082025	78400	22087797	880400	22093616	929023	22082025	0.84626	22087797	1.01432	22093616	1.06487	22082025	92642.9229787536	22087797	867970.660146699	22093616	872428.559354663	22098593	85752	22104380	882464	22110184	993652	22098593	0.8464	22104380	1.01457	22110184	1.0639	22098593	101313.799621928	22104380	869791.143045822	22110184	933971.237898299	22115160	67665	22120948	892509	22126751	1064823	22115160	0.84567	22120948	1.01411	22126751	1.06419	22115160	80013.4804356309	22120948	880090.917158888	22126751	1000594.81859442
186	22202036	78410	22207824	882963	22213627	926275	22202036	0.84611	22207824	1.01479	22213627	1.06446	22202036	92671.1656876765	22207824	870094.305225712	22213627	870183.003588674	22218604	85738	22224391	879738	22230195	995663	22218604	0.84556	22224391	1.0143	22230195	1.06421	22218604	101397.890155637	22224391	867335.107956226	22230195	935588.840548388	22235155	67909	22240943	891762	22246746	1061957	22235155	0.84612	22240943	1.01454	22246746	1.0643	22235155	80259.3012811422	22240943	878981.607427997	22246746	997798.553039556
187	22322048	78583	22327835	879995	22333638	926032	22322048	0.84529	22327835	1.01437	22333638	1.06373	22322048	92965.7277384093	22327835	867528.613819415	22333638	870551.737753001	22338615	85401	22344402	879262	22350206	996377	22338615	0.84517	22344402	1.01415	22350206	1.06361	22338615	101045.943419667	22344402	866994.034413055	22350206	936787.920384352	22355198	67582	22360985	889612	22366788	1059696	22355198	0.84578	22360985	1.01461	22366788	1.06356	22355198	79904.9398188654	22360985	876801.923891939	22366788	996366.91865057
188	22442059	78022	22447846	879745	22453649	927473	22442059	0.84555	22447846	1.01346	22453649	1.0641	22442059	92273.6680267282	22447846	868060.900282202	22453649	871603.232778874	22458626	85673	22464413	881247	22470217	1000239	22458626	0.8456	22464413	1.0137	22470217	1.06369	22458626	101316.225165563	22464413	869337.081976916	22470217	940348.221756339	22475193	68583	22480965	890868	22486768	1062267	22475193	0.84608	22480965	1.01442	22486768	1.06374	22475193	81059.7106656581	22480965	878204.294079376	22486768	998615.263128208
189	22562070	78906	22567857	879586	22573660	926554	22562070	0.84556	22567857	1.01331	22573660	1.06288	22562070	93318.0377501301	22567857	868032.487590175	22573660	871739.04862261	22578637	85354	22584424	880014	22590228	999139	22578637	0.84452	22584424	1.01414	22590228	1.06348	22578637	101068.062331265	22584424	867744.098447946	22590228	939499.56745778	22595204	68090	22601007	892168	22606810	1059467	22595204	0.84517	22601007	1.01378	22606810	1.06342	22595204	80563.6735804631	22601007	880041.034543984	22606810	996282.748114574
190	22682081	78608	22687868	879003	22693671	924431	22682081	0.84486	22687868	1.01306	22693671	1.06311	22682081	93042.634282603	22687868	867671.213945867	22693671	869553.47988449	22698648	85377	22704435	878110	22710239	998385	22698648	0.84534	22704435	1.01389	22710239	1.06328	22698648	100997.231883029	22704435	866080.146761483	22710239	938967.158227372	22715215	68300	22721018	889892	22726821	1055779	22715215	0.84486	22721018	1.01379	22726821	1.06415	22715215	80841.7962739389	22721018	877787.312954359	22726821	992133.627778039
191	22802092	78576	22807879	880463	22813682	924120	22802092	0.84606	22807879	1.01453	22813682	1.06391	22802092	92872.8458974541	22807879	867853.094536386	22813682	868607.307009052	22818659	86173	22824446	880510	22830250	1000462	22818659	0.84576	22824446	1.01474	22830250	1.06361	22818659	101888.242527431	22824446	867719.810000591	22830250	940628.613871626	22835226	68283	22841014	892227	22846817	1056776	22835226	0.84601	22841014	1.015	22846817	1.06499	22835226	80711.8119171168	22841014	879041.379310345	22846817	992287.251523489
192	22922103	78203	22927890	880482	22933693	922675	22922103	0.84538	22927890	1.01377	22933693	1.06384	22922103	92506.3285149874	22927890	868522.445919686	22933693	867306.173860731	22938670	86395	22944457	879160	22950261	1002879	22938670	0.84556	22944457	1.01388	22950261	1.064	22938670	102174.890013719	22944457	867124.314514538	22950261	942555.45112782	22955237	68955	22961025	890913	22966812	1055891	22955237	0.84575	22961025	1.01413	22966812	1.06453	22955237	81531.185338457	22961025	878499.797856291	22966812	991884.681502635
193	23042114	78907	23047901	882380	23053704	923922	23042114	0.84546	23047901	1.01437	23053704	1.06431	23042114	93330.2580843565	23047901	869879.826887625	23053704	868094.821997351	23058681	85802	23064453	882510	23070256	1006356	23058681	0.84588	23064453	1.01482	23070256	1.06458	23058681	101435.191752967	23064453	869622.199010662	23070256	945308.0087922	23075232	68158	23081020	893661	23086823	1055589	23075232	0.84628	23081020	1.01419	23086823	1.06465	23075232	80538.3560996361	23081020	881157.376822883	23086823	991489.221809985
194	23162125	78618	23167912	881692	23173715	923731	23162125	0.84563	23167912	1.01412	23173715	1.06366	23162125	92969.7385381313	23167912	869415.84822309	23173715	868445.743940733	23178692	86268	23184479	878041	23190283	1006349	23178692	0.84651	23184479	1.01425	23190283	1.06434	23178692	101910.195981146	23184479	865704.707912251	23190283	945514.591202059	23195259	69389	23201047	893109	23206834	1054745	23195259	0.84572	23201047	1.01545	23206834	1.06458	23195259	82047.2496807454	23201047	879520.409670589	23206834	990761.614909166
195	23282136	78385	23287923	881095	23293742	924356	23282136	0.84521	23287923	1.01489	23293742	1.06406	23282136	92740.2657327765	23287923	868167.978795732	23293742	868706.651880533	23298718	86315	23304506	881217	23310294	1006224	23298718	0.84587	23304506	1.01473	23310294	1.0644	23298718	102042.867107239	23304506	868425.098302011	23310294	945343.855693349	23315270	68984	23321058	890842	23326876	1053637	23315270	0.84705	23321058	1.01516	23326876	1.0656	23315270	81440.2927808276	23321058	877538.516095985	23326876	988773.460960961
196	23402147	78224	23407934	881574	23413737	925191	23402147	0.84631	23407934	1.01407	23413737	1.06542	23402147	92429.4880126668	23407934	869342.353091996	23413737	868381.483358676	23418714	86423	23424517	880612	23430320	1008867	23418714	0.84564	23424517	1.01522	23430320	1.06481	23418714	102198.334988884	23424517	867410.019503162	23430320	947461.988523774	23435297	69208	23441100	891158	23446903	1051595	23435297	0.84599	23441100	1.01521	23446903	1.06503	23435297	81807.1135592619	23441100	877806.562189104	23446903	987385.331868586
197	23522158	78219	23527945	879073	23533748	922303	23522158	0.8467	23527945	1.01352	23533748	1.06397	23522158	92381.0086217078	23527945	867346.475649223	23533748	866850.569094993	23538725	85548	23544512	878929	23550316	1013273	23538725	0.84637	23544512	1.01401	23550316	1.06489	23538725	101076.361402224	23544512	866785.337422708	23550316	951528.326869442	23555276	68880	23561064	892624	23566852	1053007	23555276	0.84592	23561064	1.01458	23566852	1.06408	23555276	81426.1395876679	23561064	879796.566066747	23566852	989593.827531765
198	23642169	79155	23647956	881588	23653759	926042	23642169	0.8469	23647956	1.01542	23653759	1.06525	23642169	93464.3995749203	23647956	868200.350593843	23653759	869318.939216147	23658751	86889	23664523	882626	23670327	1015188	23658751	0.84614	23664523	1.01551	23670327	1.06514	23658751	102688.680360224	23664523	869145.55248102	23670327	953102.878494846	23675303	69411	23681091	893787	23686894	1052654	23675303	0.84621	23681091	1.01466	23686894	1.06476	23675303	82025.7382919134	23681091	880873.396014429	23686894	988630.301664225
199	23762180	78271	23767952	882106	23773755	925377	23762180	0.84568	23767952	1.01516	23773755	1.06517	23762180	92553.9211049097	23767952	868932.976082588	23773755	868759.916257499	23778731	86289	23784519	880344	23790322	1011729	23778731	0.84638	23784519	1.01482	23790322	1.06425	23778731	101950.660459841	23784519	867487.830354152	23790322	950649.753347428	23795298	69266	23801086	891854	23806874	1050897	23795298	0.84613	23801086	1.01515	23806874	1.06521	23795298	81862.1252053467	23801086	878544.057528444	23806874	986563.2128876
200	23882191	78753	23887978	879213	23893781	923629	23882191	0.84619	23887978	1.01472	23893781	1.06462	23882191	93067.7507415592	23887978	866458.727530747	23893781	867566.831357668	23898758	87024	23904545	877585	23910349	1014990	23898758	0.84569	23904545	1.01418	23910349	1.06477	23898758	102902.954983505	23904545	865314.835630756	23910349	953248.119312152	23915341	69737	23921128	892341	23926932	1048356	23915341	0.84601	23921128	1.01509	23926932	1.06507	23915341	82430.4677249678	23921128	879075.7469781	23926932	984307.134742317
201	24002202	78136	24007989	878882	24013792	921772	24002202	0.84636	24007989	1.01502	24013792	1.06426	24002202	92320.0529325583	24007989	865876.534452523	24013792	866115.42292297	24018784	86075	24024572	879605	24030375	1016665	24018784	0.84627	24024572	1.01512	24030375	1.06476	24018784	101711.037848441	24024572	866503.467570337	24030375	954830.196476201	24035352	69722	24041139	891385	24046943	1047469	24035352	0.84576	24041139	1.01368	24046943	1.06414	24035352	82437.097994703	24041139	879355.417883356	24046943	984333.828255681
202	24122213	78692	24128000	880878	24133803	924221	24122213	0.84607	24128000	1.01494	24133803	1.0648	24122213	93008.8526954035	24128000	867911.403629771	24133803	867976.145755071	24138780	86288	24144568	879210	24150371	1017801	24138780	0.84608	24144568	1.01524	24150371	1.06488	24138780	101985.627836611	24144568	866011.977463457	24150371	955789.384719405	24155347	70233	24161135	891612	24166922	1045388	24155347	0.8462	24161135	1.01487	24166922	1.06483	24155347	82998.109194044	24161135	878547.991368353	24166922	981741.686466384
203	24242224	78423	24248011	880568	24253814	923785	24242224	0.84624	24248011	1.01471	24253814	1.06535	24242224	92672.2915484969	24248011	867802.623409644	24253814	867118.787253016	24258791	86335	24264579	883855	24270382	1019752	24258791	0.84672	24264579	1.01604	24270382	1.06476	24258791	101964.049508692	24264579	869901.775520649	24270382	957729.44137646	24275358	70100	24281146	894000	24286949	1049911	24275358	0.84635	24281146	1.01511	24286949	1.0656	24275358	82826.2539138654	24281146	880692.732807282	24286949	985276.839339339
204	24362235	78956	24368022	881983	24373826	923346	24362235	0.84691	24368022	1.01539	24373826	1.06522	24362235	93228.3241430613	24368022	868615.014920375	24373826	866812.489438801	24378786	86475	24384574	879016	24390393	1022224	24378786	0.84664	24384574	1.01543	24390393	1.0651	24378786	102139.043749409	24384574	865658.883428695	24390393	959744.624917848	24395369	70979	24401157	890453	24406944	1044625	24395369	0.84624	24401157	1.01486	24406944	1.06479	24395369	83875.7326526754	24401157	877414.61876515	24406944	981061.993444717
205	24482246	79036	24488033	879586	24493837	920658	24482246	0.84694	24488033	1.01528	24493837	1.06485	24482246	93319.4795381019	24488033	866348.199511465	24493837	864589.378785745	24498813	86847	24504601	879559	24510404	1022046	24498813	0.84654	24504601	1.01483	24510404	1.06474	24498813	102590.545042172	24504601	866705.753673029	24510404	959901.947893382	24515380	70656	24521152	892273	24526955	1047949	24515380	0.84652	24521152	1.01575	24526955	1.06572	24515380	83466.4272551151	24521152	878437.607679055	24526955	983324.8883384
206	24602257	78621	24608044	879884	24613848	922008	24602257	0.84611	24608044	1.015	24613848	1.06444	24602257	92920.54224628	24608044	866880.78817734	24613848	866190.67302995	24618824	86159	24624612	879894	24630415	1025393	24618824	0.84563	24624612	1.01534	24630415	1.06486	24618824	101887.35025957	24624612	866600.350621467	24630415	962936.911894521	24635391	70143	24641179	892813	24646982	1046235	24635391	0.8459	24641179	1.01431	24646982	1.06468	24635391	82921.1490719943	24641179	880217.093393538	24646982	982675.545703874
207	24722268	79049	24728040	881389	24733859	921720	24722268	0.84635	24728040	1.01514	24733859	1.06417	24722268	93399.893661015	24728040	868243.789034025	24733859	866139.808489245	24738835	86958	24744623	880296	24750426	1026801	24738835	0.84634	24744623	1.01483	24750426	1.06505	24738835	102745.941347449	24744623	867431.983681996	24750426	964087.132059528	24755402	70625	24761190	891525	24767009	1045519	24755402	0.84581	24761190	1.01506	24767009	1.06468	24755402	83499.8403896856	24761190	878297.834610762	24767009	982003.0431679
208	24842279	78674	24848066	882207	24853870	921203	24842279	0.84581	24848066	1.01506	24853870	1.06485	24842279	93016.1620222036	24848066	869118.081689752	24853870	865101.187960746	24858846	87177	24864634	879185	24870437	1028463	24858846	0.84649	24864634	1.01468	24870437	1.06545	24858846	102986.449928528	24864634	866465.289549415	24870437	965285.090806701	24875413	71049	24881201	894149	24887004	1046615	24875413	0.84634	24881201	1.01533	24887004	1.0657	24875413	83948.5313231089	24881201	880648.656101957	24887004	982091.582997091
209	24962290	79257	24968077	881134	24973881	924458	24962290	0.84603	24968077	1.01571	24973881	1.06529	24962290	93681.0751391795	24968077	867505.488771401	24973881	867799.378572971	24978857	86684	24984645	879651	24990448	1026947	24978857	0.8469	24984645	1.0154	24990448	1.06466	24978857	102354.46924076	24984645	866309.82863896	24990448	964577.423778484	24995424	70928	25001212	892508	25007015	1043298	24995424	0.84637	25001212	1.01509	25007015	1.06522	24995424	83802.5922468897	25001212	879240.264410052	25007015	979420.213664783
210	25082301	79052	25088088	882853	25093892	922466	25082301	0.84686	25088088	1.01622	25093892	1.06683	25082301	93347.188437286	25088088	868761.68546181	25093892	864679.47095601	25098868	86862	25104656	880570	25110459	1030595	25098868	0.84679	25104656	1.01534	25110459	1.06499	25098868	102577.970925495	25104656	867266.137451494	25110459	967703.922102555	25115435	70448	25121207	890844	25127010	1044420	25115435	0.84635	25121207	1.01547	25127010	1.06581	25115435	83237.4313227388	25121207	877272.592986499	25127010	979930.756889127
211	25202312	78685	25208099	880549	25213903	922283	25202312	0.84676	25208099	1.01603	25213903	1.06569	25202312	92924.7956918135	25208099	866656.496363297	25213903	865432.724338222	25218863	86490	25224651	880631	25230470	1031576	25218863	0.84615	25224651	1.01545	25230470	1.06544	25218863	102215.919163269	25224651	867232.261558915	25230470	968215.948340592	25235446	71095	25241218	892097	25247021	1043989	25235446	0.84685	25241218	1.01549	25247021	1.06528	25235446	83952.2937946508	25241218	878489.202257038	25247021	980013.705316912
212	25322323	79070	25328126	882628	25333929	923652	25322323	0.84694	25328126	1.01552	25333929	1.06513	25322323	93359.6240583749	25328126	869138.963289743	25333929	867173.021133571	25338906	86806	25344693	884103	25350496	1035309	25338906	0.8467	25344693	1.01617	25350496	1.06552	25338906	102522.735325381	25344693	870034.541464519	25350496	971646.707710789	25355473	70855	25361245	893606	25367048	1045289	25355473	0.84686	25361245	1.01622	25367048	1.06565	25355473	83667.902604917	25361245	879343.055637559	25367048	980893.351475625
213	25442334	79291	25448121	881909	25453925	922315	25442334	0.84631	25448121	1.015	25453925	1.0648	25442334	93690.2553437866	25448121	868875.862068965	25453925	866186.138241923	25458901	86932	25464689	880264	25470492	1036012	25458901	0.84631	25464689	1.01436	25470492	1.06504	25458901	102718.861882762	25464689	867802.358137151	25470492	972744.68564561	25475468	71613	25481256	895155	25487059	1044560	25475468	0.8454	25481256	1.01519	25487059	1.06557	25475468	84709.013484741	25481256	881761.049655729	25487059	980282.853308558
214	25562345	78500	25568132	881755	25573936	922278	25562345	0.84618	25568132	1.01424	25573936	1.06427	25562345	92769.8598406958	25568132	869375.098595993	25573936	866582.728067126	25578896	87109	25584684	880509	25590518	1033513	25578896	0.84572	25584684	1.01496	25590518	1.06395	25578896	102999.810812089	25584684	867530.74012769	25590518	971392.45265285	25595495	71226	25601267	889946	25607070	1042408	25595495	0.84609	25601267	1.01469	25607070	1.06441	25595495	84182.5337730029	25601267	877061.959810386	25607070	979329.393748649
215	25682356	78530	25688143	879103	25693947	920630	25682356	0.84587	25688143	1.01484	25693947	1.06376	25682356	92839.3251918144	25688143	866247.881439439	25693947	865448.973452659	25698939	87333	25704773	879322	25710576	1035796	25698939	0.84641	25704773	1.01507	25710576	1.06383	25698939	103180.491723869	25704773	866267.351020127	25710576	973648.045270391	25715553	71632	25721340	892786	25727143	1041033	25715553	0.84579	25721340	1.01451	25727143	1.0643	25715553	84692.417739628	25721340	880016.953997496	25727143	978138.682702246
216	25802367	78891	25808154	879371	25813958	921674	25802367	0.84596	25808154	1.0146	25813958	1.06556	25802367	93256.1823254055	25808154	866716.932781392	25813958	864966.778032209	25818918	87616	25824706	881393	25830509	1039277	25818918	0.84625	25824706	1.01494	25830509	1.06465	25818918	103534.416543575	25824706	868418.822787554	25830509	976167.754661156	25835486	71535	25841273	891352	25847076	1041366	25835486	0.84603	25841273	1.01453	25847076	1.06436	25835486	84553.7392291054	25841273	878586.143337309	25847076	978396.407230636
217	25922378	78995	25928165	881478	25933984	922192	25922378	0.84625	25928165	1.01529	25933984	1.06539	25922378	93347.1196454948	25928165	868203.173477529	25933984	865591.004233192	25938961	87424	25944748	880404	25950551	1041485	25938961	0.84577	25944748	1.01415	25950551	1.06486	25938961	103366.16337775	25944748	868120.100576838	25950551	978048.757583157	25955528	72320	25961300	893695	25967103	1043005	25955528	0.84567	25961300	1.01458	25967103	1.06491	25955528	85517.9916515899	25961300	880852.175284354	25967103	979430.186588538
218	26042389	79249	26048176	880954	26053980	921270	26042389	0.84622	26048176	1.0149	26053980	1.06457	26042389	93650.5873177188	26048176	868020.494630013	26053980	865391.660482636	26058956	87731	26064744	880664	26070547	1043085	26058956	0.84535	26064744	1.01412	26070547	1.0638	26058956	103780.682557521	26064744	868402.161479904	26070547	980527.354765934	26075523	72114	26081311	892866	26087114	1042024	26075523	0.84588	26081311	1.01412	26087114	1.06451	26075523	85253.227408143	26081311	880434.268133949	26087114	978876.666259594
219	26162400	78917	26168187	882346	26173991	919474	26162400	0.84653	26168187	1.01486	26173991	1.06419	26162400	93224.1031032568	26168187	869426.324813275	26173991	864013.005196441	26178967	87524	26184755	880085	26190558	1044230	26178967	0.84568	26184755	1.01397	26190558	1.06536	26178967	103495.411976161	26184755	867959.604327544	26190558	980166.328752722	26195550	71674	26201322	891434	26207125	1042771	26195550	0.84647	26201322	1.01487	26207125	1.06555	26195550	84673.9990785261	26201322	878372.599446235	26207125	978622.307728403
220	26282411	79809	26288198	881229	26294002	921524	26282411	0.84584	26288198	1.01463	26294002	1.06521	26282411	94354.7242977395	26288198	868522.515596819	26294002	865110.16607054	26298978	87160	26304766	880968	26310569	1043607	26298978	0.84626	26304766	1.01467	26310569	1.06505	26298978	102994.351617706	26304766	868231.050489322	26310569	979866.672926154	26315545	72116	26321333	893779	26327121	1042921	26315545	0.84602	26321333	1.01438	26327121	1.06494	26315545	85241.4836528687	26321333	881108.657505077	26327121	979323.717768137
221	26402422	79184	26408209	882534	26414013	922595	26402422	0.84608	26408209	1.0146	26414013	1.06438	26402422	93589.258698941	26408209	869834.417504435	26414013	866790.995697026	26418989	87090	26424761	880899	26430564	1046100	26418989	0.84597	26424761	1.01458	26430564	1.06468	26418989	102946.9130111	26424761	868240.059926275	26430564	982548.747041365	26435541	72223	26441328	893430	26447116	1043102	26435541	0.84624	26441328	1.01434	26447116	1.06432	26435541	85345.7647948573	26441328	880799.337500246	26447116	980064.266386049
222	26522433	79201	26528220	880295	26534024	921323	26522433	0.84563	26528220	1.01501	26534024	1.06479	26522433	93659.1653560068	26528220	867277.169683058	26534024	865262.6339466	26539000	87352	26544788	881279	26550591	1047353	26539000	0.84618	26544788	1.01443	26550591	1.06349	26539000	103230.991042095	26544788	868743.037962205	26550591	984826.37354371	26555567	72806	26561355	894701	26567143	1044124	26555567	0.8463	26561355	1.01441	26567143	1.06416	26555567	86028.5950608531	26561355	881991.5024497	26567143	981172.004209893
223	26642444	79616	26648232	882029	26654035	920046	26642444	0.84558	26648232	1.01437	26654035	1.06379	26642444	94155.4909056506	26648232	869533.799304002	26654035	864875.586346929	26659011	87415	26664799	881291	26670602	1048021	26659011	0.84561	26664799	1.01471	26670602	1.06388	26659011	103375.07834581	26664799	868515.142257394	26670602	985093.243598902	26675578	72903	26681366	891904	26687169	1040980	26675578	0.84603	26681366	1.0143	26687169	1.06449	26675578	86170.7031665544	26681366	879329.586907227	26687169	977914.30638146
224	26762455	79499	26768243	882410	26774046	921494	26762455	0.84608	26768243	1.01506	26774046	1.06472	26762455	93961.5639183056	26768243	869318.069867791	26774046	865480.12623037	26779022	87418	26784794	878295	26790597	1049391	26779022	0.84548	26784794	1.01427	26790597	1.06345	26779022	103394.521455268	26784794	865938.063829158	26790597	986779.820395882	26795589	73061	26801361	893867	26807165	1040508	26795589	0.8454	26801361	1.01444	26807165	1.06393	26795589	86421.8121599243	26801361	881143.290879697	26807165	977985.393775907
225	26882466	79148	26888254	880684	26894057	919978	26882466	0.84602	26888254	1.01434	26894057	1.06416	26882466	93553.3438925794	26888254	868233.531163121	26894057	864510.975793114	26899018	87320	26904805	877242	26910593	1050922	26899018	0.84536	26904805	1.01372	26910593	1.06397	26899018	103293.271505631	26904805	865369.135461469	26910593	987736.496329784	26915569	72860	26921357	894119	26927176	1041906	26915569	0.84548	26921357	1.01434	26927176	1.06388	26915569	86175.9000804277	26921357	881478.596920165	26927176	979345.414896417
226	27002477	79509	27008265	882063	27014068	921197	27002477	0.84592	27008265	1.01469	27014068	1.06486	27002477	93991.1575562701	27008265	869293.084587411	27014068	865087.429333434	27019044	88044	27024832	882414	27030635	1055175	27019044	0.84569	27024832	1.01389	27030635	1.06494	27019044	104109.070699665	27024832	870325.183205279	27030635	990830.469322215	27035611	72748	27041383	892602	27047187	1041215	27035611	0.84587	27041383	1.01399	27047187	1.06422	27035611	86003.7594429404	27041383	880286.787838144	27047187	978383.229031591
227	27122488	79396	27128276	883605	27134079	924483	27122488	0.8468	27128276	1.01495	27134079	1.0647	27122488	93760.0377893245	27128276	870589.684220898	27134079	868303.747534517	27139086	87578	27144874	881736	27150677	1057611	27139086	0.84596	27144874	1.01423	27150677	1.06516	27139086	103524.989361199	27144874	869364.936947241	27150677	992912.801832589	27155654	73079	27161441	894331	27167244	1042132	27155654	0.84611	27161441	1.01436	27167244	1.06468	27155654	86370.5664748082	27161441	881670.215702512	27167244	978821.805612954
228	27242499	79929	27248287	882173	27254090	920716	27242499	0.84635	27248287	1.0154	27254090	1.0652	27242499	94439.6526259822	27248287	868793.578885169	27254090	864359.744648892	27259082	87462	27264869	880776	27270657	1058913	27259082	0.84666	27264869	1.01508	27270657	1.06498	27259082	103302.388207781	27264869	867691.216455846	27270657	994303.17940243	27275633	73408	27281421	891781	27287224	1042843	27275633	0.84642	27281421	1.01483	27287224	1.06444	27275633	86727.6293093263	27281421	878749.150103958	27287224	979710.458081245
229	27362510	79232	27368298	879067	27374101	920640	27362510	0.84631	27368298	1.01441	27374101	1.06525	27362510	93620.5409365363	27368298	866579.588134975	27374101	864247.829148087	27379077	87631	27384865	880136	27390668	1060126	27379077	0.84621	27384865	1.01468	27390668	1.06504	27379077	103557.036669385	27384865	867402.530847164	27390668	995386.088785398	27395644	73112	27401432	893756	27407235	1041272	27395644	0.84535	27401432	1.01469	27407235	1.06474	27395644	86487.2538002011	27401432	880816.801190512	27407235	977958.938332363
230	27482521	78867	27488309	880851	27494112	921354	27482521	0.84585	27488309	1.0147	27494112	1.0654	27482521	93239.9361588934	27488309	868090.075884498	27494112	864796.320630749	27499088	87760	27504876	881020	27510679	1059908	27499088	0.84591	27504876	1.01483	27510679	1.06465	27499088	103746.26142261	27504876	868145.403663668	27510679	995545.954069413	27515655	73088	27521443	895639	27527231	1043173	27515655	0.84599	27521443	1.01463	27527231	1.06497	27515655	86393.4561874254	27521443	882724.737096281	27527231	979532.756791271
231	27602532	79326	27608320	882824	27614123	923155	27602532	0.8456	27608320	1.0151	27614123	1.06493	27602532	93810.312204352	27608320	869691.655994483	27614123	866869.183890021	27619146	87676	27624934	882838	27630737	1062118	27619146	0.84628	27624934	1.01537	27630737	1.06449	27619146	103601.644845678	27624934	869474.181825345	27630737	997771.702881192	27635713	73465	27641485	893163	27647288	1043044	27635713	0.84586	27641485	1.01493	27647288	1.06536	27635713	86852.4342089708	27641485	880024.238124797	27647288	979053.090035293
232	27722543	79262	27728331	883619	27734134	923085	27722543	0.84576	27728331	1.01474	27734134	1.06453	27722543	93716.8936814226	27728331	870783.64901354	27734134	867129.155589791	27739110	87528	27744882	881269	27750701	1063978	27739110	0.84597	27744882	1.0153	27750701	1.06573	27739110	103464.661867442	27744882	867988.771791589	27750701	998356.056412037	27755677	73836	27761449	896080	27767253	1043537	27755677	0.84589	27761449	1.01513	27767253	1.06467	27755677	87287.945241107	27761449	882724.380128654	27767253	980150.657011093
233	27842554	79024	27848342	882335	27854145	922110	27842554	0.84618	27848342	1.01432	27854145	1.06469	27842554	93389.1134274032	27848342	869878.342140547	27854145	866083.085217293	27859121	87828	27864893	880778	27870696	1065186	27859121	0.84607	27864893	1.01492	27870696	1.06523	27859121	103807.013604075	27864893	867829.976746936	27870696	999958.694366475	27875673	73635	27881460	893703	27887264	1041175	27875673	0.84604	27881460	1.01451	27887264	1.06482	27875673	87034.8919672829	27881460	880920.838631458	27887264	977794.369001334
234	27962565	79113	27968353	881283	27974156	921405	27962565	0.84602	27968353	1.01442	27974156	1.06494	27962565	93511.9737122054	27968353	868755.545040516	27974156	865217.758746972	27979148	87619	27984935	881290	27990739	1064158	27979148	0.84562	27984935	1.01487	27990739	1.064	27979148	103615.09898063	27984935	868377.230581257	27990739	1000148.4962406	27995715	74249	28001503	891965	28007306	1043439	27995715	0.84538	28001503	1.01464	28007306	1.06446	27995715	87829.1419243417	28001503	879095.048490105	28007306	980251.958739643
235	28082576	79550	28088364	881784	28094167	924248	28082576	0.84566	28088364	1.0153	28094167	1.0651	28082576	94068.5381831942	28088364	868496.011031222	28094167	867757.018120364	28099174	88019	28104978	882330	28110781	1065431	28099174	0.84614	28104978	1.01492	28110781	1.06417	28099174	104024.156758929	28104978	869359.161313207	28110781	1001184.96104946	28115757	74080	28121529	892601	28127333	1042169	28115757	0.84597	28121529	1.01432	28127333	1.06456	28115757	87568.1170727094	28121529	879999.4084707	28127333	978966.897121816
236	28202587	79229	28208375	884186	28214193	924596	28202587	0.84533	28208375	1.01575	28214193	1.06469	28202587	93725.5273088616	28208375	870476.002953483	28214193	868418.03717514	28219170	88039	28224942	882737	28230745	1070154	28219170	0.84593	28224942	1.01481	28230745	1.06484	28219170	104073.623113024	28224942	869854.45551384	28230745	1004990.42109613	28235721	73863	28241525	894964	28247328	1042022	28235721	0.84615	28241525	1.01424	28247328	1.06475	28235721	87293.0331501507	28241525	882398.643319136	28247328	978654.144165297
237	28322598	79680	28328386	880971	28334189	924644	28322598	0.84637	28328386	1.01523	28334189	1.06537	28322598	94143.2234129282	28328386	867755.089979611	28334189	867908.80163699	28339150	87813	28344937	880775	28350725	1070770	28339150	0.84672	28344937	1.01472	28350725	1.06511	28339150	103709.608843537	28344937	867998.068432671	28350725	1005314.00512623	28355717	74181	28361489	894080	28367292	1044444	28355717	0.84672	28361489	1.0142	28367292	1.06503	28355717	87609.835600907	28361489	881561.822125813	28367292	980670.967015014
238	28442609	79492	28448397	882819	28454215	923606	28442609	0.84628	28448397	1.0151	28454215	1.06534	28442609	93931.0866379922	28448397	869686.730371392	28454215	866958.905138266	28459192	88252	28464979	881165	28470798	1071672	28459192	0.84648	28464979	1.01564	28470798	1.06522	28459192	104257.631603818	28464979	867595.801662006	28470798	1006056.96475845	28475775	74271	28481562	895693	28487350	1045505	28475775	0.84638	28481562	1.01547	28487350	1.06562	28475775	87751.3646352702	28481562	882047.721744611	28487350	981123.665096376
239	28562620	79276	28568423	882127	28574226	922959	28562620	0.84644	28568423	1.01589	28574226	1.06519	28562620	93658.144700156	28568423	868329.248245381	28574226	866473.586871826	28579203	88244	28584975	879994	28590778	1074860	28579203	0.84644	28584975	1.0155	28590778	1.06539	28579203	104253.107131043	28584975	866562.284588873	28590778	1008888.7637391	28595755	74297	28601542	894768	28607345	1043940	28595755	0.84606	28601542	1.01563	28607345	1.06591	28595755	87815.2849679692	28601542	880998.001240609	28607345	979388.503719826
240	28682631	79161	28688419	885435	28694222	924626	28682631	0.84604	28688419	1.01623	28694222	1.06554	28682631	93566.4980379178	28688419	871293.900002952	28694222	867753.439570547	28699198	88924	28704970	883100	28710774	1077794	28699198	0.84731	28704970	1.01589	28710774	1.06708	28699198	104948.602046477	28704970	869287.029107482	28710774	1010040.48431233	28715766	74201	28721553	893765	28727341	1045587	28715766	0.8463	28721553	1.01502	28727341	1.06611	28715766	87676.9467092048	28721553	880539.299718232	28727341	980749.641219011
241	28802642	79783	28808445	882485	28814233	925171	28802642	0.84696	28808445	1.01566	28814233	1.06635	28802642	94199.2538018324	28808445	868878.364807121	28814233	867605.382848033	28819209	87977	28824981	881361	28830800	1076225	28819209	0.84624	28824981	1.01429	28830800	1.06502	28819209	103962.232936283	28824981	868943.79319524	28830800	1010520.92918443	28835777	74050	28841580	895699	28847367	1046447	28835777	0.84647	28841580	1.01525	28847367	1.06571	28835777	87480.950299479	28841580	882244.767298695	28847367	981924.726238846
242	28922653	79747	28928456	882192	28934260	924108	28922653	0.84731	28928456	1.01547	28934260	1.06671	28922653	94117.8553303986	28928456	868752.400366333	28934260	866316.055910229	28939236	88521	28945008	882450	28950811	1078560	28939236	0.84712	28945008	1.01557	28950811	1.06575	28939236	104496.41137029	28945008	868920.901562669	28950811	1012019.7044335	28955788	74869	28961575	894278	28967378	1043754	28955788	0.84714	28961575	1.01614	28967378	1.0658	28955788	88378.5442783956	28961575	880073.611903872	28967378	979315.068493151
243	29042664	79539	29048452	882751	29054271	925208	29042664	0.84627	29048452	1.0155	29054271	1.06574	29042664	93987.7344110036	29048452	869277.203348104	29054271	868136.693752698	29059231	88617	29065003	880987	29070807	1079040	29059231	0.84724	29065003	1.01497	29070807	1.06546	29059231	104594.91997545	29065003	867993.142654463	29070807	1012745.66853753	29075799	74372	29081571	895191	29087374	1045295	29075799	0.8465	29081571	1.01604	29087374	1.06582	29075799	87858.2398109864	29081571	881058.816582024	29087374	980742.526880712
244	29162675	79066	29168478	882285	29174282	926726	29162675	0.84628	29168478	1.01526	29174282	1.06687	29162675	93427.7071418443	29168478	869023.698362981	29174282	868640.040492281	29179242	88087	29185030	882813	29190833	1081661	29179242	0.84695	29185030	1.01552	29190833	1.06674	29179242	104004.958970423	29185030	869321.13596975	29190833	1013987.47586103	29195810	74706	29201597	895351	29207416	1047910	29195810	0.84593	29201597	1.01556	29207416	1.06563	29195810	88312.2717009682	29201597	881632.793729568	29207416	983371.33902011
245	29282686	79447	29288474	883626	29294277	925971	29282686	0.84603	29288474	1.01553	29294277	1.06542	29282686	93905.6534638252	29288474	870113.142890904	29294277	869113.589007152	29299269	88590	29305041	882803	29310875	1085109	29299269	0.84648	29305041	1.01527	29310875	1.0658	29299269	104656.932237029	29305041	869525.347937002	29310875	1018116.90748733	29315836	74403	29321608	894076	29327427	1046179	29315836	0.84596	29321608	1.01543	29327427	1.06524	29315836	87950.9669487919	29321608	880490.038702816	29327427	982106.37978296
246	29402697	79618	29408485	883519	29414304	925129	29402697	0.84658	29408485	1.01545	29414304	1.06545	29402697	94046.63469489	29408485	870076.320842976	29414304	868298.840865362	29419264	88448	29425036	880004	29430840	1082402	29419264	0.84627	29425036	1.01485	29430840	1.06572	29419264	104515.107471611	29425036	867127.161649505	29430840	1015653.26727471	29435832	74931	29441604	895232	29447407	1047390	29435832	0.84611	29441604	1.01512	29447407	1.06534	29435832	88559.4071692806	29441604	881897.706675073	29447407	983150.918955451
247	29522708	80001	29528496	882231	29534299	924446	29522708	0.84604	29528496	1.01551	29534299	1.06487	29522708	94559.3588955605	29528496	868756.58536105	29534299	868130.382112371	29539291	88360	29545079	882086	29550882	1083404	29539291	0.84635	29545079	1.0148	29550882	1.06483	29539291	104401.252436935	29545079	869221.521482066	29550882	1017443.15994102	29555858	74701	29561646	895316	29567449	1044257	29555858	0.84627	29561646	1.01475	29567449	1.06438	29555858	88270.8828151772	29561646	882302.04483863	29567449	981094.15810143
248	29642719	79553	29648522	880965	29654326	925513	29642719	0.84659	29648522	1.01409	29654326	1.06588	29642719	93968.7452013371	29648522	868724.669408041	29654326	868308.815251248	29659302	88682	29665090	880843	29670908	1086333	29659302	0.84617	29665090	1.01486	29670908	1.06459	29659302	104803.999196379	29665090	867945.332361114	29670908	1020423.82513456	29675869	74666	29681657	895052	29687460	1046770	29675869	0.84651	29681657	1.01434	29687460	1.0647	29675869	88204.5102833989	29681657	882398.406845831	29687460	983159.575467268
249	29762730	79613	29768518	882764	29774321	924496	29762730	0.84618	29768518	1.01555	29774321	1.06579	29762730	94085.1828216219	29768518	869247.205947516	29774321	867427.917319547	29779297	88833	29785085	881833	29790873	1089005	29779297	0.84597	29785085	1.01522	29790873	1.06592	29779297	105007.269761339	29785085	868612.71448553	29790873	1021657.34764335	29795865	75174	29801637	894675	29807440	1048818	29795865	0.84656	29801637	1.01523	29807440	1.06571	29795865	88799.3762993763	29801637	881253.509057061	29807440	984149.534113408
250	29882741	79755	29888529	883426	29894348	925916	29882741	0.84652	29888529	1.01496	29894348	1.06545	29882741	94215.1396304872	29888529	870404.745014582	29894348	869037.495893754	29899308	88024	29905096	881604	29910884	1090085	29899308	0.84609	29905096	1.01448	29910884	1.06577	29899308	104036.213641575	29905096	869020.581973031	29910884	1022814.49093144	29915860	75392	29921648	897076	29927451	1048230	29915860	0.84647	29921648	1.01564	29927451	1.06609	29915860	89066.3579335358	29921648	883261.785672089	29927451	983247.193013723
251	30002752	79114	30008555	882468	30014359	926539	30002752	0.84585	30008555	1.01486	30014359	1.06514	30002752	93531.9501093575	30008555	869546.538438799	30014359	869875.321553974	30019335	88244	30025123	881808	30030941	1090227	30019335	0.84565	30025123	1.01472	30030941	1.06585	30019335	104350.49961568	30025123	869016.083254494	30030941	1022870.94806962	30035918	75329	30041690	894365	30047493	1047891	30035918	0.84624	30041690	1.01512	30047493	1.06483	30035918	89016.118358858	30041690	881043.620458665	30047493	984092.296422903
252	30122763	79778	30128566	883772	30134370	928587	30122763	0.84605	30128566	1.01469	30134370	1.06498	30122763	94294.6634359672	30128566	870977.342833772	30134370	871929.050310804	30139346	88361	30145134	882926	30150937	1093239	30139346	0.84596	30145134	1.01506	30150937	1.06463	30139346	104450.565038536	30145134	869826.414202116	30150937	1026872.24669604	30155913	75493	30161685	894609	30167488	1048011	30155913	0.8459	30161685	1.01448	30167488	1.06525	30155913	89245.7737321196	30161685	881839.957416608	30167488	983816.944379254
253	30242774	78881	30248562	879741	30254365	923846	30242774	0.84577	30248562	1.01453	30254365	1.06398	30242774	93265.3085354174	30248562	867141.434950174	30254365	868292.637079644	30259341	88338	30265129	879734	30270932	1092822	30259341	0.84547	30265129	1.01436	30270932	1.06464	30259341	104483.896530924	30265129	867279.861193265	30270932	1026470.91974752	30275909	75705	30281696	897586	30287499	1047914	30275909	0.84551	30281696	1.01525	30287499	1.06504	30275909	89537.6754858015	30281696	884103.422802266	30287499	983919.852775483
254	30362785	80190	30368573	882575	30374392	925950	30362785	0.84577	30368573	1.01403	30374392	1.06435	30362785	94813.0106293673	30368573	870363.795942921	30374392	869967.585850519	30379368	88954	30385140	882630	30390943	1096506	30379368	0.84567	30385140	1.0142	30390943	1.06467	30379368	105187.602729197	30385140	870272.135673437	30390943	1029902.2232241	30395920	75406	30401707	894760	30407511	1049934	30395920	0.84537	30401707	1.01414	30407511	1.0645	30395920	89198.8123543537	30401707	882284.497209458	30407511	986316.580554251
255	30482796	79553	30488599	882062	30494403	928160	30482796	0.84596	30488599	1.01426	30494403	1.06469	30482796	94038.7252352357	30488599	869660.639283813	30494403	871765.490424443	30499379	88625	30505167	881247	30510970	1096998	30499379	0.84598	30505167	1.01403	30510970	1.06481	30499379	104760.159814653	30505167	869054.169994971	30510970	1030228.86712183	30515946	75534	30521734	897704	30527537	1048773	30515946	0.84596	30521734	1.01435	30527537	1.06486	30515946	89287.9095938342	30521734	885004.18987529	30527537	984892.849764288
256	30602807	79817	30608595	884130	30614398	930143	30602807	0.84572	30608595	1.01404	30614398	1.06505	30602807	94377.5717731637	30608595	871888.682892194	30614398	873332.70738463	30619374	89003	30625162	881874	30630950	1096205	30619374	0.8458	30625162	1.01423	30630950	1.06489	30619374	105229.36864507	30625162	869501.000759197	30630950	1029406.79318991	30635942	75726	30641729	896839	30647533	1047828	30635942	0.84571	30641729	1.0152	30647533	1.06542	30635942	89541.3321351291	30641729	883411.150512214	30647533	983488.201835896
257	30722818	79795	30728606	881380	30734409	927781	30722818	0.8467	30728606	1.0148	30734409	1.06573	30722818	94242.352663281	30728606	868525.817895152	30734409	870559.14725118	30739385	89128	30745158	883430	30750961	1099182	30739385	0.84603	30745158	1.0144	30750961	1.06518	30739385	105348.510100115	30745158	870889.195583596	30750961	1031921.36540303	30755937	75999	30761725	895425	30767528	1048623	30755937	0.84548	30761725	1.01453	30767528	1.06509	30755937	89888.5839996215	30761725	882600.810227396	30767528	984539.33470411
258	30842829	79969	30848617	880683	30854420	928472	30842829	0.84607	30848617	1.01409	30854420	1.0646	30842829	94518.1840746038	30848617	868446.587580984	30854420	872132.256246478	30859412	89513	30865200	883031	30871003	1100779	30859412	0.8459	30865200	1.01435	30871003	1.06521	30859412	105819.836860149	30865200	870538.768669592	30871003	1033391.53781883	30875979	75775	30881767	894861	30887570	1050180	30875979	0.84626	30881767	1.01479	30887570	1.06509	30875979	89541.0393968757	30881767	881818.898491313	30887570	986001.18299862
259	30962840	80012	30968628	882710	30974431	929210	30962840	0.84696	30968628	1.01442	30974431	1.06566	30962840	94469.6325682441	30968628	870162.260207804	30974431	871957.284687424	30979408	89413	30985180	882319	30990983	1102000	30979408	0.84595	30985180	1.01509	30990983	1.06424	30979408	105695.372066907	30985180	869202.730792344	30990983	1035480.71863489	30995975	76142	31001762	896937	31007550	1051155	30995975	0.84564	31001762	1.01411	31007550	1.06483	30995975	90040.6792488529	31001762	884457.307392689	31007550	987157.574448504
260	31082851	79393	31088655	884115	31094458	927575	31082851	0.84595	31088655	1.01411	31094458	1.06388	31082851	93850.7003960045	31088655	871813.708572049	31094458	871879.347294808	31099419	88758	31105206	879720	31111009	1101547	31099419	0.84559	31105206	1.01393	31111009	1.06461	31099419	104965.763549711	31105206	867633.860325663	31111009	1034695.33444172	31115986	75956	31121789	896792	31127592	1052210	31115986	0.84554	31121789	1.01405	31127592	1.06456	31115986	89831.3503796391	31121789	884366.648587348	31127592	988398.96295183
261	31202862	79782	31208650	884019	31214453	928332	31202862	0.84594	31208650	1.01415	31214453	1.06498	31202862	94311.6533087453	31208650	871684.662032244	31214453	871689.609194539	31219430	88307	31225217	883653	31231005	1103772	31219430	0.84535	31225217	1.0141	31231005	1.06445	31219430	104462.057136097	31225217	871366.729119416	31231005	1036941.14331345	31235981	75981	31241769	895245	31247556	1052247	31235981	0.84642	31241769	1.01441	31247556	1.06437	31235981	89767.4913163678	31241769	882527.774765627	31247556	988610.163758843
262	31322873	79516	31328661	883210	31334480	927576	31322873	0.84598	31328661	1.015	31334480	1.06565	31322873	93992.7657864252	31328661	870157.63546798	31334480	870432.130624502	31339441	88839	31345228	882697	31351031	1106500	31339441	0.84603	31345228	1.0148	31351031	1.06537	31339441	105006.914648417	31345228	869823.610563658	31351031	1038606.30579048	31356008	75992	31361795	896127	31367599	1054110	31356008	0.84594	31361795	1.01417	31367599	1.06521	31356008	89831.430125068	31361795	883606.298746758	31367599	989579.51953136
263	31442884	79596	31448672	885338	31454491	929513	31442884	0.8464	31448672	1.01556	31454491	1.06555	31442884	94040.6427221172	31448672	871773.208869983	31454491	872331.659706255	31459452	89485	31465239	884578	31471027	1108246	31459452	0.84654	31465239	1.01433	31471027	1.06492	31459452	105706.759278947	31465239	872081.078150109	31471027	1040684.74627202	31476003	75732	31481791	895311	31487594	1052561	31476003	0.84608	31481791	1.01516	31487594	1.06534	31476003	89509.2662632375	31481791	881940.777808424	31487594	988004.768430736
264	31562895	79923	31568683	884073	31574502	926913	31562895	0.84588	31568683	1.0159	31574502	1.06494	31562895	94485.0333380621	31568683	870236.243724776	31574502	870389.881120063	31579463	88819	31585250	882041	31591053	1109042	31579463	0.8463	31585250	1.01521	31591053	1.06478	31579463	104949.781401394	31585250	868826.154194699	31591053	1041569.15043483	31596030	76336	31601817	894224	31607621	1053842	31596030	0.84628	31601817	1.01507	31607621	1.06464	31596030	90201.824455263	31601817	880948.11195287	31607621	989857.604448452
265	31682906	80385	31688710	885972	31694513	929116	31682906	0.84608	31688710	1.01536	31694513	1.06512	31682906	95008.7462178517	31688710	872569.335014182	31694513	872311.10109659	31699489	89046	31705277	882186	31711064	1108551	31699489	0.84619	31705277	1.0151	31711064	1.06524	31699489	105231.685555254	31705277	869063.146488031	31711064	1040658.44316774	31716056	76179	31721844	892224	31727647	1055181	31716056	0.84625	31721844	1.0145	31727647	1.06546	31716056	90019.4977843427	31721844	879471.660916708	31727647	990352.52379254
266	31802917	79643	31808705	879710	31814524	928582	31802917	0.84533	31808705	1.01467	31814524	1.06472	31802917	94215.2768741202	31808705	866991.238530754	31814524	872137.275527838	31819500	89304	31825272	881724	31831075	1111806	31819500	0.84612	31825272	1.01441	31831075	1.06534	31819500	105545.3127216	31825272	869198.844648613	31831075	1043616.12255242	31836052	75999	31841839	897746	31847643	1057611	31836052	0.84705	31841839	1.01531	31847643	1.06593	31836052	89721.9762705862	31841839	884208.763825827	31847643	992195.547550027
267	31922928	80017	31928716	883412	31934535	928174	31922928	0.84643	31928716	1.01551	31934535	1.06532	31922928	94534.692768451	31928716	869919.547813414	31934535	871263.094657005	31939496	89183	31945283	881082	31951086	1113166	31939496	0.84663	31945283	1.01441	31951086	1.06556	31939496	105338.813885641	31945283	868565.964452243	31951086	1044676.97736402	31956063	76317	31961866	896782	31967654	1053725	31956063	0.84612	31961866	1.015	31967654	1.06472	31956063	90196.4260388597	31961866	883529.064039409	31967654	989673.34134796
268	32042939	80114	32048727	882208	32054546	931874	32042939	0.84612	32048727	1.01475	32054546	1.0655	32042939	94683.9691769489	32048727	869384.577482139	32054546	874588.456123885	32059522	89194	32065310	883162	32071129	1115477	32059522	0.8463	32065310	1.01536	32071129	1.06497	32059522	105392.886683209	32065310	869801.843681059	32071129	1047425.74908213	32076105	76495	32081893	898365	32087696	1057907	32076105	0.84649	32081893	1.01568	32087696	1.06598	32076105	90367.281361859	32081893	884496.101134216	32087696	992426.687179872
269	32162950	79970	32168738	883615	32174557	931785	32162950	0.84606	32168738	1.01514	32174557	1.06587	32162950	94520.4831808619	32168738	870436.590026991	32174557	874201.356638239	32179518	89095	32185305	880687	32191108	1113775	32179518	0.8461	32185305	1.01481	32191108	1.06501	32179518	105300.791868573	32185305	867834.372936806	32191108	1045788.30245725	32196100	76042	32201888	894850	32207676	1056691	32196100	0.84628	32201888	1.01489	32207676	1.06531	32196100	89854.4217044004	32201888	881721.171752604	32207676	991909.397264646
270	32282961	79125	32288749	881812	32294568	931480	32282961	0.84624	32288749	1.01527	32294568	1.06517	32282961	93501.843448667	32288749	868549.252908094	32294568	874489.518105091	32299544	89361	32305332	881396	32311135	1115387	32299544	0.84627	32305332	1.01516	32311135	1.06584	32299544	105593.959374668	32305332	868233.578943221	32311135	1046486.33941305	32316127	76519	32321899	893825	32327718	1057076	32316127	0.84659	32321899	1.01506	32327718	1.06546	32316127	90384.9561180737	32321899	880563.710519575	32327718	992131.098304957
271	32402972	79568	32408760	880861	32414579	931508	32402972	0.84632	32408760	1.0146	32414579	1.06524	32402972	94016.4476793648	32408760	868185.491819436	32414579	874458.338027111	32419555	89495	32425327	881145	32431146	1118998	32419555	0.84604	32425327	1.01446	32431146	1.06479	32419555	105781.050541346	32425327	868585.257181161	32431146	1050909.569023	32436122	76682	32441941	897599	32447729	1059476	32436122	0.84586	32441941	1.01505	32447729	1.06538	32436122	90655.6640578819	32441941	884290.429042904	32447729	994458.315342882
272	32522983	80486	32528771	883849	32534574	934228	32522983	0.84618	32528771	1.01505	32534574	1.06565	32522983	95116.8782055828	32528771	870744.298310428	32534574	876674.330220992	32539551	89598	32545354	882072	32551141	1120357	32539551	0.84628	32545354	1.01462	32551141	1.06546	32539551	105872.760788392	32545354	869361.928603812	32551141	1051524.22427872	32556118	77181	32561905	896951	32567709	1060687	32556118	0.84594	32561905	1.01508	32567709	1.06584	32556118	91236.9671607915	32561905	883625.921109666	32567709	995165.315619605
273	32642994	80528	32648798	884194	32654601	931281	32642994	0.84608	32648798	1.01518	32654601	1.0649	32642994	95177.76096823	32648798	870972.635394708	32654601	874524.368485304	32659577	89211	32665380	883161	32671199	1122316	32659577	0.84673	32665380	1.0151	32671199	1.06552	32659577	105359.441616572	32665380	870023.642990838	32671199	1053303.55131767	32676160	76611	32681948	897223	32687751	1059598	32676160	0.84649	32681948	1.01465	32687751	1.06475	32676160	90504.3178300984	32681948	884268.46695905	32687751	995161.305470768
274	32763005	80050	32768793	882824	32774596	931882	32763005	0.84652	32768793	1.01599	32774596	1.06538	32763005	94563.6251949156	32768793	868929.812301302	32774596	874694.475210723	32779573	89331	32785345	882911	32791148	1121359	32779573	0.84656	32785345	1.01588	32791148	1.06535	32779573	105522.349272349	32785345	869109.540496909	32791148	1052573.33270756	32796124	76838	32801912	894505	32807715	1059721	32796124	0.84651	32801912	1.01463	32807715	1.06552	32796124	90770.3393935098	32801912	881607.088298197	32807715	994557.586905924
275	32883016	79901	32888804	879912	32894623	931629	32883016	0.84594	32888804	1.01435	32894623	1.06476	32883016	94452.3252240112	32888804	867463.893133534	32894623	874966.189563845	32899599	88598	32905371	881037	32911175	1124419	32899599	0.8458	32905371	1.01524	32911175	1.06464	32899599	104750.532040672	32905371	867811.551948308	32911175	1056149.49654343	32916167	76733	32921954	896314	32927757	1058064	32916167	0.84622	32921954	1.0147	32927757	1.06517	32916167	90677.3652241734	32921954	883329.062777175	32927757	993328.76442258
276	33003027	80202	33008831	882714	33014634	930829	33003027	0.84618	33008831	1.01508	33014634	1.06547	33003027	94781.2522158406	33008831	869600.42558222	33014634	873632.293729528	33019610	88908	33025414	881315	33031232	1127062	33019610	0.84679	33025414	1.01491	33031232	1.06643	33019610	104994.154394832	33025414	868367.638509819	33031232	1056855.11472858	33036193	76560	33041981	897182	33047784	1059980	33036193	0.84677	33041981	1.01514	33047784	1.06436	33036193	90414.1620510883	33041981	883801.249088796	33047784	995884.850990266
277	33123038	79623	33128826	883968	33134645	932624	33123038	0.84572	33128826	1.01498	33134645	1.06477	33123038	94148.1814312066	33128826	870921.594514178	33134645	875892.446255999	33139621	89437	33145393	881411	33151197	1129643	33139621	0.84628	33145393	1.01495	33151197	1.06559	33139621	105682.516424824	33145393	868428.001379378	33151197	1060110.36139603	33156189	76596	33161961	898334	33167764	1060055	33156189	0.84618	33161961	1.01523	33167764	1.06474	33156189	90519.7475714387	33161961	884857.618470691	33167764	995599.864755715
278	33243049	80009	33248853	881396	33254656	933343	33243049	0.84638	33248853	1.01408	33254656	1.06463	33243049	94530.8253975756	33248853	869158.251814452	33254656	876682.979063149	33259617	89430	33265404	881698	33271208	1125476	33259617	0.84591	33265404	1.01502	33271208	1.06513	33259617	105720.466716317	33265404	868650.864022384	33271208	1056655.99504286	33276184	77175	33281972	894848	33287759	1059751	33276184	0.84702	33281972	1.015	33287759	1.06552	33276184	91113.5510377559	33281972	881623.645320197	33287759	994585.742172836
279	33363060	79708	33368864	883833	33374667	934114	33363060	0.84642	33368864	1.01515	33374667	1.06568	33363060	94170.7426573096	33368864	870642.762153377	33374667	876542.676976203	33379643	88973	33385415	882829	33391219	1130594	33379643	0.84646	33385415	1.01598	33391219	1.066	33379643	105111.877702431	33385415	868943.286285163	33391219	1060594.7467167	33396211	77125	33401983	894623	33407786	1057989	33396211	0.84665	33401983	1.0152	33407786	1.06541	33396211	91094.3128801748	33401983	881228.329393223	33407786	993034.60639566
280	33483072	79753	33488859	881898	33494678	933564	33483072	0.84633	33488859	1.01533	33494678	1.06513	33483072	94233.9276641499	33488859	868582.628308038	33494678	876478.927454865	33499654	89466	33505426	880071	33511230	1130866	33499654	0.84685	33505426	1.01534	33511230	1.06583	33499654	105645.627915215	33505426	866774.676463057	33511230	1061019.11186587	33516206	76628	33521994	895651	33527797	1063720	33516206	0.84655	33521994	1.01503	33527797	1.06551	33516206	90517.9847616798	33521994	882388.697870999	33527797	998320.053307806
281	33603083	79857	33608870	881040	33614689	935804	33603083	0.84637	33608870	1.01427	33614689	1.06604	33603083	94352.3518083108	33608870	868644.443787157	33614689	877831.976286068	33619665	88977	33625437	879904	33631241	1133403	33619665	0.84666	33625437	1.01467	33631241	1.06566	33619665	105091.77237616	33625437	867182.433697655	33631241	1063569.05579641	33636217	77133	33642020	896412	33647808	1061862	33636217	0.84632	33642020	1.01488	33647808	1.06542	33636217	91139.2853766897	33642020	883268.957906353	33647808	996660.471926564
282	33723094	79936	33728881	880979	33734700	937059	33723094	0.84609	33728881	1.01404	33734700	1.06558	33723094	94476.9468969022	33728881	868781.310401957	33734700	879388.68972766	33739676	89148	33745480	881303	33751283	1132771	33739676	0.84675	33745480	1.0149	33751283	1.06539	33739676	105282.550930027	33745480	868364.370873978	33751283	1063245.38431936	33756259	77242	33762047	895225	33767850	1064268	33756259	0.84615	33762047	1.01538	33767850	1.06515	33756259	91286.4149382497	33762047	881664.992416632	33767850	999171.947613012
283	33843105	79775	33848892	881393	33854711	933108	33843105	0.84578	33848892	1.01433	33854711	1.06483	33843105	94321.2182837145	33848892	868941.074403794	33854711	876297.624973	33859672	89416	33865459	881812	33871263	1135090	33859672	0.84601	33865459	1.01498	33871263	1.06497	33859672	105691.422087209	33865459	868797.414727384	33871263	1065842.23029757	33876239	77226	33882027	895796	33887830	1062133	33876239	0.84587	33882027	1.0147	33887830	1.06515	33876239	91297.7171432963	33882027	882818.567064157	33887830	997167.535088955
284	33963116	79766	33968903	880375	33974722	932829	33963116	0.8458	33968903	1.0146	33974722	1.06444	33963116	94308.3471269804	33968903	867706.48531441	33974722	876356.581864642	33979698	89384	33985470	880946	33991274	1135855	33979698	0.846	33985470	1.01477	33991274	1.06482	33979698	105654.846335697	33985470	868123.811306996	33991274	1066710.80558216	33996250	77171	34002038	896368	34007841	1063545	33996250	0.84561	34002038	1.01499	34007841	1.0648	33996250	91260.7466799116	34002038	883129.883053035	34007841	998821.374906086
285	34083127	79451	34088930	881741	34094733	937403	34083127	0.84571	34088930	1.01448	34094733	1.06502	34083127	93945.9152664625	34088930	869155.626527876	34094733	880174.081237911	34099694	89469	34105481	882120	34111269	1134586	34099694	0.84624	34105481	1.0144	34111269	1.06499	34099694	105725.32614861	34105481	869597.791798107	34111269	1065348.97041287	34116245	77279	34122033	893111	34127836	1064584	34116245	0.84544	34122033	1.01456	34127836	1.06505	34116245	91406.8414080242	34122033	880293.920517269	34127836	999562.461856251
286	34203138	79779	34208925	882274	34214744	936120	34203138	0.84564	34208925	1.01356	34214744	1.06443	34203138	94341.5637860082	34208925	870470.421090019	34214744	879456.610580311	34219705	89634	34225508	882098	34231342	1137326	34219705	0.84618	34225508	1.01441	34231342	1.0645	34219705	105927.816776572	34225508	869567.531865814	34231342	1068413.33959605	34236319	76857	34242091	893411	34247894	1064962	34236319	0.84498	34242091	1.01385	34247894	1.06511	34236319	90957.1824185188	34242091	881206.292844109	34247894	999861.04721578
287	34323149	79848	34328936	881225	34334755	936954	34323149	0.84568	34328936	1.01482	34334755	1.06399	34323149	94418.692649702	34328936	868355.964604561	34334755	880604.141016363	34339731	88837	34345503	880301	34351307	1136531	34339731	0.84558	34345503	1.01423	34351307	1.06498	34339731	105060.431892902	34345503	867950.07049683	34351307	1067185.29925445	34356283	77183	34362055	895625	34367858	1064365	34356283	0.84554	34362055	1.01381	34367858	1.06467	34356283	91282.4940274854	34362055	883424.902101972	34367858	999713.526256962
288	34443160	79939	34448947	881265	34454750	936177	34443160	0.84591	34448947	1.01422	34454750	1.06561	34443160	94500.5969902236	34448947	868909.112421368	34454750	878536.237460234	34459727	89205	34465499	881521	34471318	1139091	34459727	0.84648	34465499	1.01458	34471318	1.06462	34459727	105383.47037142	34465499	868853.121488695	34471318	1069950.7805602	34476310	76975	34482097	895699	34487900	1066786	34476310	0.84587	34482097	1.0139	34487900	1.06583	34476310	91000.9812382517	34482097	883419.469375678	34487900	1000896.95354794
289	34563171	79835	34568974	881377	34574777	937164	34563171	0.84614	34568974	1.01506	34574777	1.06644	34563171	94351.998487248	34568974	868300.396035702	34574777	878777.990322944	34579753	90067	34585557	881268	34591375	1143097	34579753	0.84641	34585557	1.01488	34591375	1.06531	34579753	106410.604789641	34585557	868346.996689264	34591375	1073018.18250087	34596352	77175	34602124	896542	34607927	1064729	34596352	0.8463	34602124	1.01423	34607927	1.06462	34596352	91191.0669975186	34602124	883963.203612593	34607927	1000102.3839492
290	34683182	80183	34688969	881845	34694788	939111	34683182	0.84568	34688969	1.01499	34694788	1.06454	34683182	94814.8235739287	34688969	868821.367698204	34694788	882175.399703158	34699764	89624	34705536	881289	34711340	1145370	34699764	0.8459	34705536	1.01428	34711340	1.06467	34699764	105951.058044686	34705536	868881.373979572	34711340	1075798.13463327	34716300	78355	34722088	894368	34727891	1064137	34716300	0.84581	34722088	1.01415	34727891	1.06455	34716300	92639.0087608328	34722088	881889.266873737	34727891	999612.042647128
291	34803193	80121	34808980	883137	34814783	939282	34803193	0.84687	34808980	1.01534	34814783	1.06556	34803193	94608.3814516986	34808980	869794.35460043	34814783	881491.422350689	34819760	89476	34825547	883202	34831351	1143046	34819760	0.84661	34825547	1.01531	34831351	1.06509	34819760	105687.388526004	34825547	869884.074814589	34831351	1073191.93683163	34836327	77567	34842115	896402	34847918	1069484	34836327	0.84629	34842115	1.01468	34847918	1.0645	34836327	91655.3427312151	34842115	883433.200614972	34847918	1004682.01033349
292	34923204	79767	34928976	883905	34934779	938495	34923204	0.84694	34928976	1.0157	34934779	1.06497	34923204	94182.586723971	34928976	870242.197499262	34934779	881240.786125431	34939771	89129	34945543	880744	34951346	1146074	34939771	0.8467	34945543	1.01485	34951346	1.06532	34939771	105266.328097319	34945543	867856.333448293	34951346	1075802.57575189	34956322	78128	34962110	891491	34967913	1066108	34956322	0.84624	34962110	1.0143	34967913	1.06546	34956322	92323.6906787672	34962110	878922.409543528	34967913	1000608.18801269
293	35043215	79956	35049002	880633	35054805	939338	35043215	0.84609	35049002	1.01517	35054805	1.06504	35043215	94500.5850441442	35049002	867473.428095787	35054805	881974.385938556	35059782	89727	35065569	880344	35071373	1145258	35059782	0.84665	35065569	1.01445	35071373	1.06491	35059782	105978.857851533	35065569	867804.228892503	35071373	1075450.50755463	35076365	77727	35082168	895753	35087956	1068527	35076365	0.84683	35082168	1.01467	35087956	1.06523	35076365	91785.836590579	35082168	882802.290399835	35087956	1003095.10622119
294	35163226	79642	35169013	883261	35174816	941276	35163226	0.8468	35169013	1.01526	35174816	1.06545	35163226	94050.5432215399	35169013	869985.028465615	35174816	883453.939649913	35179793	89980	35185581	880542	35191384	1149622	35179793	0.84678	35185581	1.01528	35191384	1.06533	35179793	106261.366588724	35185581	867289.811677567	35191384	1079122.90088517	35196360	77968	35202148	895361	35207935	1070741	35196360	0.84603	35202148	1.01479	35207935	1.06527	35196360	92157.4885051358	35202148	882311.611269327	35207935	1005135.78717133
295	35283237	80182	35289024	884085	35294843	939790	35283237	0.84681	35289024	1.01611	35294843	1.06569	35283237	94687.1198970253	35289024	870068.201277421	35294843	881860.578592274	35299820	89707	35305607	882719	35311426	1150991	35299820	0.84704	35305607	1.01564	35311426	1.06577	35299820	105906.450698904	35305607	869125.871371746	35311426	1079961.90547679	35316387	77983	35322174	896737	35327993	1071655	35316387	0.8467	35322174	1.0152	35327993	1.06556	35316387	92102.2794378174	35322174	883310.677698976	35327993	1005719.99699688
296	35403248	79443	35409035	883565	35414854	940627	35403248	0.84597	35409035	1.01523	35414854	1.06568	35403248	93907.5853753679	35409035	870310.176019227	35414854	882654.267697621	35419815	89251	35425603	881495	35431406	1150628	35419815	0.84672	35425603	1.01451	35431406	1.06483	35419815	105407.927059713	35425603	868887.44319918	35431406	1080574.36398298	35436398	78481	35442170	895922	35447957	1071734	35436398	0.84565	35442170	1.01458	35447957	1.0646	35436398	92805.5342044581	35442170	883047.172228903	35447957	1006701.10839752
297	35523259	79641	35529046	883301	35534850	941534	35523259	0.84619	35529046	1.01458	35534850	1.06478	35523259	94117.160448599	35529046	870607.542037099	35534850	884252.145983208	35539826	89038	35545614	882197	35551401	1151656	35539826	0.84535	35545614	1.01461	35551401	1.06484	35539826	105326.787721062	35545614	869493.69708558	35551401	1081529.61947335	35556393	77807	35562181	894638	35567984	1071092	35556393	0.84585	35562181	1.01461	35567984	1.0649	35556393	91986.7588815984	35562181	881755.551394132	35567984	1005814.63048174
298	35643270	80047	35649057	883182	35654861	940204	35643270	0.84576	35649057	1.01443	35654861	1.06381	35643270	94645.0529701097	35649057	870618.96828761	35654861	883808.198832498	35659837	89539	35665625	881963	35671412	1153721	35659837	0.84543	35665625	1.01412	35671412	1.06513	35659837	105909.418875602	35665625	869683.074981265	35671412	1083173.8848779	35676404	78142	35682207	895101	35687995	1071850	35676404	0.84589	35682207	1.01474	35687995	1.06429	35676404	92378.4416413482	35682207	882098.862762875	35687995	1007103.3271007
299	35763281	80159	35769068	882909	35774872	942230	35763281	0.8453	35769068	1.01483	35774872	1.06484	35763281	94829.0547734532	35769068	870006.799168334	35774872	884855.940798618	35779848	89146	35785636	883505	35791423	1156252	35779848	0.84571	35785636	1.01413	35791423	1.06429	35779848	105409.655792175	35785636	871195.01444588	35791423	1086406.9003749	35796415	78549	35802187	896418	35807990	1072865	35796415	0.84572	35802187	1.01441	35807990	1.0648	35796415	92878.2575793407	35802187	883684.111946846	35807990	1007574.19233659
300	35883292	80146	35889079	884161	35894898	942080	35883292	0.846	35889079	1.01495	35894898	1.06405	35883292	94735.2245862884	35889079	871137.494457855	35894898	885371.928010902	35899875	89982	35905647	882408	35911450	1154957	35899875	0.84614	35905647	1.01477	35911450	1.06497	35899875	106344.103812608	35905647	869564.531864363	35911450	1084497.21588402	35916426	78365	35922214	897194	35928001	1074353	35916426	0.84603	35922214	1.0145	35928001	1.0645	35916426	92626.739004527	35922214	884370.625924101	35928001	1009255.9887271
301	36003303	80310	36009090	881837	36014894	943751	36003303	0.84685	36009090	1.01476	36014894	1.0651	36003303	94833.7958316113	36009090	869010.406401514	36014894	886067.974838043	36019870	89669	36025658	881705	36031445	1157481	36019870	0.84582	36025658	1.01489	36031445	1.06508	36019870	106014.281998534	36025658	868769.029155869	36031445	1086754.98554099	36036422	78073	36042209	894651	36048012	1071549	36036422	0.84562	36042209	1.01477	36048012	1.06499	36036422	92326.3404366027	36042209	881629.334726095	36048012	1006158.74327458