HJY Multigroup Import
Application Version:	3.5.1.20
SystemConfiguration::	FL3-11_1602C-0213-FL
Experiment Time Stamp:	10/6/2025 4:13 PM
Export Time Stamp:	10/7/2025 10:21 AM
Experiment Comment:	None

Integration Time:	1
Time Sequence Interval Points:	301
Time Sequence Experiment Duration:	10:00:00	36000000 (ms)
Repetition Time Sequence Enabled:	False
Repetition Time Sequence Count:	2
Repetition Time Sequence Delay:	0 seconds
Time Sequence Interval Total Points:	301
Time Sequence Experiment Duration Total:	10:00:00	36000000 (ms)

Mono Count:	2
Mono Description:	Excitation 1 (Mono1)	Emission 1 (Mono2)
Mono Slit Width:		5	5
Mono Grating Index:		0	0
Mono Grating Value:		1200	1200

Mono Wavelength Group Count:	3
Mono Wavelength Group Description:	Group 1:(Excitation 1:596 Emission 1:615)	Group 2:(Excitation 1:549 Emission 1:565)	Group 3:(Excitation 1:495 Emission 1:520)

Detector Count:	3
Detector Description:	S1 (SCD1)	R (SCD2)	S1/R (SCD1/SCD2)
Detector High Voltage:	950	None	None

Accessory Sequential Type:	Temperature Controller
Accessory Sequential Description:	Temperature Control (TC1)
Accessory Sequential Scan Position Count:	1
Accessory Sequential Scan Positions:		37

Accessory Interleave Type:	Sample Changer
Accessory Interleave Description:	Sample Changer - 4 Position (SCH1)
Accessory Interleave Scan Position Count:	3
Accessory Interleave Scan Positions:	1	2	3

Axis	X	Y	X	Y	X	Y	X	Y	X	Y	X	Y	X	Y	X	Y	X	Y	X	Y	X	Y	X	Y	X	Y	X	Y	X	Y	X	Y	X	Y	X	Y	X	Y	X	Y	X	Y	X	Y	X	Y	X	Y	X	Y	X	Y	X	Y
Sequential: Temperature Controller	Idx:0(Pos:37.00)	Idx:0(Pos:37.00)	Idx:0(Pos:37.00)	Idx:0(Pos:37.00)	Idx:0(Pos:37.00)	Idx:0(Pos:37.00)	Idx:0(Pos:37.00)	Idx:0(Pos:37.00)	Idx:0(Pos:37.00)	Idx:0(Pos:37.00)	Idx:0(Pos:37.00)	Idx:0(Pos:37.00)	Idx:0(Pos:37.00)	Idx:0(Pos:37.00)	Idx:0(Pos:37.00)	Idx:0(Pos:37.00)	Idx:0(Pos:37.00)	Idx:0(Pos:37.00)	Idx:0(Pos:37.00)	Idx:0(Pos:37.00)	Idx:0(Pos:37.00)	Idx:0(Pos:37.00)	Idx:0(Pos:37.00)	Idx:0(Pos:37.00)	Idx:0(Pos:37.00)	Idx:0(Pos:37.00)	Idx:0(Pos:37.00)	Idx:0(Pos:37.00)	Idx:0(Pos:37.00)	Idx:0(Pos:37.00)	Idx:0(Pos:37.00)	Idx:0(Pos:37.00)	Idx:0(Pos:37.00)	Idx:0(Pos:37.00)	Idx:0(Pos:37.00)	Idx:0(Pos:37.00)	Idx:0(Pos:37.00)	Idx:0(Pos:37.00)	Idx:0(Pos:37.00)	Idx:0(Pos:37.00)	Idx:0(Pos:37.00)	Idx:0(Pos:37.00)	Idx:0(Pos:37.00)	Idx:0(Pos:37.00)	Idx:0(Pos:37.00)	Idx:0(Pos:37.00)	Idx:0(Pos:37.00)	Idx:0(Pos:37.00)	Idx:0(Pos:37.00)	Idx:0(Pos:37.00)	Idx:0(Pos:37.00)	Idx:0(Pos:37.00)	Idx:0(Pos:37.00)	Idx:0(Pos:37.00)
Interleave: Sample Changer	Idx:0(Pos:1)	Idx:0(Pos:1)	Idx:0(Pos:1)	Idx:0(Pos:1)	Idx:0(Pos:1)	Idx:0(Pos:1)	Idx:0(Pos:1)	Idx:0(Pos:1)	Idx:0(Pos:1)	Idx:0(Pos:1)	Idx:0(Pos:1)	Idx:0(Pos:1)	Idx:0(Pos:1)	Idx:0(Pos:1)	Idx:0(Pos:1)	Idx:0(Pos:1)	Idx:0(Pos:1)	Idx:0(Pos:1)	Idx:1(Pos:2)	Idx:1(Pos:2)	Idx:1(Pos:2)	Idx:1(Pos:2)	Idx:1(Pos:2)	Idx:1(Pos:2)	Idx:1(Pos:2)	Idx:1(Pos:2)	Idx:1(Pos:2)	Idx:1(Pos:2)	Idx:1(Pos:2)	Idx:1(Pos:2)	Idx:1(Pos:2)	Idx:1(Pos:2)	Idx:1(Pos:2)	Idx:1(Pos:2)	Idx:1(Pos:2)	Idx:1(Pos:2)	Idx:2(Pos:3)	Idx:2(Pos:3)	Idx:2(Pos:3)	Idx:2(Pos:3)	Idx:2(Pos:3)	Idx:2(Pos:3)	Idx:2(Pos:3)	Idx:2(Pos:3)	Idx:2(Pos:3)	Idx:2(Pos:3)	Idx:2(Pos:3)	Idx:2(Pos:3)	Idx:2(Pos:3)	Idx:2(Pos:3)	Idx:2(Pos:3)	Idx:2(Pos:3)	Idx:2(Pos:3)	Idx:2(Pos:3)
Detector	S1 (SCD1)	S1 (SCD1)	S1 (SCD1)	S1 (SCD1)	S1 (SCD1)	S1 (SCD1)	R (SCD2)	R (SCD2)	R (SCD2)	R (SCD2)	R (SCD2)	R (SCD2)	S1/R (SCD1/SCD2)	S1/R (SCD1/SCD2)	S1/R (SCD1/SCD2)	S1/R (SCD1/SCD2)	S1/R (SCD1/SCD2)	S1/R (SCD1/SCD2)	S1 (SCD1)	S1 (SCD1)	S1 (SCD1)	S1 (SCD1)	S1 (SCD1)	S1 (SCD1)	R (SCD2)	R (SCD2)	R (SCD2)	R (SCD2)	R (SCD2)	R (SCD2)	S1/R (SCD1/SCD2)	S1/R (SCD1/SCD2)	S1/R (SCD1/SCD2)	S1/R (SCD1/SCD2)	S1/R (SCD1/SCD2)	S1/R (SCD1/SCD2)	S1 (SCD1)	S1 (SCD1)	S1 (SCD1)	S1 (SCD1)	S1 (SCD1)	S1 (SCD1)	R (SCD2)	R (SCD2)	R (SCD2)	R (SCD2)	R (SCD2)	R (SCD2)	S1/R (SCD1/SCD2)	S1/R (SCD1/SCD2)	S1/R (SCD1/SCD2)	S1/R (SCD1/SCD2)	S1/R (SCD1/SCD2)	S1/R (SCD1/SCD2)
WL Group	1	1	2	2	3	3	1	1	2	2	3	3	1	1	2	2	3	3	1	1	2	2	3	3	1	1	2	2	3	3	1	1	2	2	3	3	1	1	2	2	3	3	1	1	2	2	3	3	1	1	2	2	3	3
Units	(ms)	CPS	(ms)	CPS	(ms)	CPS	(ms)	MicroAmps	(ms)	MicroAmps	(ms)	MicroAmps	(ms)	CPS	(ms)	CPS	(ms)	CPS	(ms)	CPS	(ms)	CPS	(ms)	CPS	(ms)	MicroAmps	(ms)	MicroAmps	(ms)	MicroAmps	(ms)	CPS	(ms)	CPS	(ms)	CPS	(ms)	CPS	(ms)	CPS	(ms)	CPS	(ms)	MicroAmps	(ms)	MicroAmps	(ms)	MicroAmps	(ms)	CPS	(ms)	CPS	(ms)	CPS
1	0	120303	5772	1287321	11590	3379001	0	0.83761	5772	1.00033	11590	1.07036	0	143626.508757059	5772	1286896.32421301	11590	3156882.73104376	16567	115972	22339	1221653	28142	3256600	16567	0.83839	22339	1.00043	28142	1.06991	16567	138327.031572419	22339	1221127.91499655	28142	3043807.42305428	33118	110384	38906	1199446	44709	3226968	33118	0.83816	38906	1.00093	44709	1.07074	33118	131698.005154147	38906	1198331.55165696	44709	3013773.65186693
2	120011	120328	125798	1071346	131601	3246460	120011	0.83867	125798	1.00048	131601	1.07021	120011	143474.787461099	125798	1070832.00063969	131601	3033479.41058297	136578	114737	142365	1030537	148153	3140692	136578	0.83867	142365	1.00072	148153	1.0709	136578	136808.279776312	142365	1029795.54720601	148153	2932759.3612849	153145	110200	158917	1026826	164720	3123277	153145	0.83807	158917	1.00006	164720	1.0708	153145	131492.596083859	158917	1026764.39413635	164720	2916769.70489354
3	240022	119293	245809	1036248	251628	3217836	240022	0.83895	245809	1.00033	251628	1.0706	240022	142193.217712617	245809	1035906.15097018	251628	3005637.96002242	256589	115547	262376	999507	268164	3114041	256589	0.83866	262376	1.00069	268164	1.07054	256589	137775.73748599	262376	998817.815707162	268164	2908850.67349188	273140	110914	278944	997085	284731	3100634	273140	0.83853	278944	1.00154	284731	1.07158	273140	132271.952106663	278944	995551.850150768	284731	2893516.11638888
4	360033	120462	365820	1027166	371639	3212328	360033	0.83858	365820	1.00034	371639	1.07058	360033	143649.979727635	365820	1026816.88226003	371639	3000549.23499412	376600	115576	382387	992020	388191	3106853	376600	0.83898	382387	1.00092	388191	1.07073	376600	137757.753462538	382387	991108.180473964	388191	2901621.32376976	393151	111077	398939	989667	404742	3086043	393151	0.8392	398939	1.00114	404742	1.0701	393151	132360.581506196	398939	988540.064326668	404742	2883882.81469022
5	480044	120525	485816	1026561	491619	3212527	480044	0.83909	485816	1.00021	491619	1.07125	480044	143637.750420098	485816	1026345.46745184	491619	2998858.34305718	496595	116468	502383	989567	508186	3104733	496595	0.83845	502383	1.00081	508186	1.07065	496595	138908.700578448	502383	988766.099459438	508186	2899858.03016859	513162	111666	518950	987212	524753	3082095	513162	0.83851	518950	1.00085	524753	1.07059	513162	133171.935933978	518950	986373.582454913	524753	2878875.19965626
6	600055	120060	605858	1024389	611661	3206820	600055	0.83829	605858	1.00027	611661	1.07152	600055	143220.126686469	605858	1024112.4896278	611661	2992776.6163954	616637	116162	622409	989432	628213	3097422	616637	0.83891	622409	1.00098	628213	1.07092	616637	138467.773658676	622409	988463.305960159	628213	2892300.07843723	633189	110881	638977	985390	644764	3079717	633189	0.839	638977	0.99999	644764	1.07106	633189	132158.52205006	638977	985399.85399854	644764	2875391.66806715
7	720066	119712	725853	1023697	731672	3199279	720066	0.83876	725853	1.00036	731672	1.06999	720066	142724.974963041	725853	1023328.60170339	731672	2990008.31783475	736648	116369	742436	989224	748239	3087875	736648	0.83902	742436	1.00097	748239	1.07048	736648	138696.336201759	742436	988265.382578899	748239	2884570.47305882	753216	111080	759003	986706	764806	3073655	753216	0.83831	759003	1.00055	764806	1.07062	753216	132504.682038864	759003	986163.610014492	764806	2870911.24768826
8	840077	120068	845849	1022075	851652	3195299	840077	0.83831	845849	1.00021	851652	1.0707	840077	143226.25281817	845849	1021860.40931404	851652	2984308.3963762	856628	116446	862400	988138	868203	3084453	856628	0.839	862400	1.00066	868203	1.06984	856628	138791.418355185	862400	987486.259069014	868203	2883097.47251926	873180	111819	878967	984960	884771	3069350	873180	0.83935	878967	1.00132	884771	1.07145	873180	133220.944778698	878967	983661.566731914	884771	2864669.3732792
9	960088	119988	965891	1021972	971694	3193151	960088	0.83866	965891	0.99965	971694	1.07049	960088	143071.089595307	965891	1022329.8154354	971694	2982887.27592037	976670	116534	982458	991475	988246	3085064	976670	0.83865	982458	1.00094	988246	1.07025	976670	138954.271746259	982458	990543.88874458	988246	2882563.8869423	993238	111577	999025	983219	1004813	3066372	993238	0.83884	999025	1.00001	1004813	1.0706	993238	133013.44714129	999025	983209.167908321	1004813	2864162.15206426
10	1080099	120528	1085886	1024897	1091689	3186113	1080099	0.8384	1085886	1.00102	1091689	1.0709	1080099	143759.541984733	1085886	1023852.67027632	1091689	2975173.21878794	1096666	117124	1102453	987917	1108257	3082245	1096666	0.83833	1102453	1.00145	1108257	1.07068	1096666	139711.092290625	1102453	986486.594438065	1108257	2878773.30294766	1113233	112202	1119021	983754	1124824	3060441	1113233	0.8384	1119021	0.99992	1124824	1.06998	1113233	133828.721374046	1119021	983832.70661653	1124824	2860278.69679807
11	1200110	110734	1205897	659147	1211700	2978560	1200110	0.84205	1205897	1.00067	1211700	1.07141	1200110	131505.255032362	1205897	658705.667202974	1211700	2780037.52065036	1216677	106854	1222464	672452	1228268	2916221	1216677	0.83853	1222464	1	1228268	1.07122	1216677	127430.145611964	1222464	672452	1228268	2722336.21478314	1233244	105846	1239032	708177	1244819	2944692	1233244	0.83911	1239032	1.00114	1244819	1.07077	1233244	126140.79202965	1239032	707370.597518829	1244819	2750069.57609944
12	1320121	107912	1325908	353943	1331711	2966275	1320121	0.83928	1325908	1.00079	1331711	1.07064	1320121	128576.875417024	1325908	353663.605751456	1331711	2770562.46730927	1336735	105531	1342538	361640	1348325	2902950	1336735	0.83915	1342538	1.0003	1348325	1.0701	1336735	125759.399392242	1342538	361531.540537839	1348325	2712783.85197645	1353302	104513	1359089	373743	1364877	2943832	1353302	0.83906	1359089	1.00126	1364877	1.07109	1353302	124559.626248421	1359089	373272.676427701	1364877	2748445.04196659
13	1440132	106463	1445919	202462	1451722	2957916	1440132	0.83805	1445919	1.00049	1451722	1.07041	1440132	127036.572996838	1445919	202362.842207318	1451722	2763348.62342467	1456699	104455	1462486	210088	1468290	2897436	1456699	0.83817	1462486	1.00032	1468290	1.07083	1456699	124622.689907775	1462486	210020.793346129	1468290	2705785.23201629	1473266	103962	1479054	215765	1484857	2927018	1473266	0.83896	1479054	1.00025	1484857	1.06976	1473266	123917.707638028	1479054	215711.072231942	1484857	2736144.55578821
14	1560143	106730	1565946	122410	1571749	2952506	1560143	0.83813	1565946	1.00104	1571749	1.06998	1560143	127343.01361364	1565946	122282.825861104	1571749	2759402.97949494	1576710	104747	1582497	128310	1588301	2890082	1576710	0.83821	1582497	1.00102	1588301	1.06955	1576710	124965.104210162	1582497	128179.257157699	1588301	2702147.63218176	1593277	103858	1599065	133585	1604868	2923322	1593277	0.83823	1599065	1.00116	1604868	1.06927	1593277	123901.554465958	1599065	133430.220943705	1604868	2733941.84817679
15	1680154	105939	1685957	79177	1691760	2952190	1680154	0.83897	1685957	0.99949	1691760	1.07043	1680154	126272.691514595	1685957	79217.400874446	1691760	2757947.7406276	1696736	104841	1702524	83680	1708327	2886711	1696736	0.83838	1702524	1.0001	1708327	1.06974	1696736	125051.885779718	1702524	83671.6328367164	1708327	2698516.46194402	1713304	103612	1719091	87185	1724895	2926471	1713304	0.83928	1719091	1.00081	1724895	1.07016	1713304	123453.436278715	1719091	87114.4373057823	1724895	2734610.71241683
16	1800165	105618	1805952	55774	1811755	2948465	1800165	0.83838	1805952	1.00033	1811755	1.06984	1800165	125978.673155371	1805952	55755.6006517849	1811755	2755986.87654229	1816732	104012	1822504	58711	1828307	2886271	1816732	0.83813	1822504	1.00049	1828307	1.06976	1816732	124100.079939866	1822504	58682.2456996072	1828307	2698054.70385881	1833284	103441	1839071	61571	1844874	2922697	1833284	0.83878	1839071	1.00115	1844874	1.07116	1833284	123323.159827368	1839071	61500.2746841133	1844874	2728534.48597782
17	1920176	106222	1925979	41811	1931782	2944924	1920176	0.83829	1925979	1.00015	1931782	1.07045	1920176	126712.712784359	1925979	41804.7292906064	1931782	2751108.41234995	1936759	105023	1942546	44151	1948365	2886018	1936759	0.83865	1942546	1.00081	1948365	1.07058	1936759	125228.641268706	1942546	44115.2666340264	1948365	2695751.83545368	1953341	103535	1959129	46924	1964932	2922448	1953341	0.83835	1959129	1.00142	1964932	1.07076	1953341	123498.538796445	1959129	46857.4624033872	1964932	2729321.22978072
18	2040187	105302	2045990	33645	2051793	2942884	2040187	0.83837	2045990	1.00069	2051793	1.071	2040187	125603.253933228	2045990	33621.8009573394	2051793	2747790.8496732	2056770	105419	2062542	35663	2068345	2877660	2056770	0.83886	2062542	1.00064	2068345	1.06946	2056770	125669.36079918	2062542	35640.1902782219	2068345	2690759.82271427	2073321	102910	2079109	37866	2084912	2918541	2073321	0.83871	2079109	1.00069	2084912	1.07093	2073321	122700.337422947	2079109	37839.8904755719	2084912	2725239.74489462
19	2160198	105383	2165985	28575	2171804	2939680	2160198	0.83887	2165985	1.00042	2171804	1.07049	2160198	125624.947846508	2165985	28563.0035385138	2171804	2746106.92299788	2176781	105442	2182553	30203	2188356	2879361	2176781	0.83836	2182553	0.99975	2188356	1.07016	2176781	125771.744835154	2182553	30210.5526381595	2188356	2690589.25768109	2193332	102761	2199104	32618	2204907	2910719	2193332	0.83914	2199104	1.00145	2204907	1.07011	2193332	122459.899420836	2199104	32570.7723800489	2204907	2720018.50277074
20	2280209	104917	2285981	25621	2291784	2935621	2280209	0.83955	2285981	1.00047	2291784	1.07093	2280209	124968.137692812	2285981	25608.9637870201	2291784	2741188.4997152	2296792	105076	2302564	27127	2308367	2881556	2296792	0.83969	2302564	1.00137	2308367	1.07162	2296792	125136.65757601	2302564	27089.8868550086	2308367	2688971.83703178	2313343	102965	2319115	28982	2324918	2908769	2313343	0.83831	2319115	1.00212	2324918	1.071	2313343	122824.492132982	2319115	28920.6881411408	2324918	2715937.44164332
21	2400220	105554	2406007	23729	2411811	2932527	2400220	0.83875	2406007	1.00021	2411811	1.07063	2400220	125846.795827124	2406007	23724.0179562292	2411811	2739066.71772695	2416787	105362	2422575	24915	2428362	2876727	2416787	0.83864	2422575	1.00149	2428362	1.07063	2416787	125634.360393017	2422575	24877.9318814966	2428362	2686947.87181379	2433339	103111	2439126	26970	2444914	2910390	2433339	0.83879	2439126	1.0008	2444914	1.07163	2433339	122928.265716091	2439126	26948.4412470024	2444914	2715853.41955712
22	2520231	105606	2526018	22176	2531822	2931573	2520231	0.83848	2526018	1.00039	2531822	1.07103	2520231	125949.336895334	2526018	22167.3547316547	2531822	2737153.02092378	2536798	105147	2542586	23388	2548389	2875592	2536798	0.83816	2542586	1.00079	2548389	1.07112	2536798	125449.794788585	2542586	23369.5380649287	2548389	2684659.04847263	2553381	102900	2559153	25159	2564956	2903443	2553381	0.83819	2559153	1.00076	2564956	1.0695	2553381	122764.528328899	2559153	25139.8936808026	2564956	2714766.71341748
23	2640242	104762	2646045	21492	2651833	2926280	2640242	0.83873	2646045	1.00062	2651833	1.07001	2640242	124905.511904904	2646045	21478.6832164058	2651833	2734815.56247138	2656809	105591	2662581	22148	2668384	2878138	2656809	0.83871	2662581	1.00089	2668384	1.07098	2656809	125896.913116572	2662581	22128.305807831	2668384	2687387.2527965	2673361	103445	2679148	23880	2684951	2906665	2673361	0.83855	2679148	1.001	2684951	1.07048	2673361	123361.755411126	2679148	23856.1438561439	2684951	2715291.27120544
24	2760253	104746	2766040	20228	2771844	2924898	2760253	0.83812	2766040	1.00121	2771844	1.07116	2760253	124977.330215244	2766040	20203.553700023	2771844	2730589.26770977	2776820	105786	2782654	21562	2788458	2872496	2776820	0.8397	2782654	1.00079	2788458	1.07169	2776820	125980.707395498	2782654	21544.9794662217	2788458	2680342.26315446	2793434	103076	2799206	23171	2805009	2904446	2793434	0.83926	2799206	1.00089	2805009	1.07069	2793434	122817.720372709	2799206	23150.3961474288	2805009	2712686.21169526
25	2880264	105179	2886067	19597	2891855	2920154	2880264	0.83856	2886067	1.00005	2891855	1.06985	2880264	125428.114863576	2886067	19596.0201989901	2891855	2729498.527831	2896831	105416	2902619	20503	2908406	2866169	2896831	0.83784	2902619	0.99969	2908406	1.06958	2896831	125818.772080588	2902619	20509.3579009493	2908406	2679714.46736102	2913398	103725	2919170	22112	2924973	2895540	2913398	0.83867	2919170	1.0005	2924973	1.07026	2913398	123677.966303791	2919170	22100.9495252374	2924973	2705454.74931325
26	3000275	100733	3006078	19398	3011881	2820247	3000275	0.83947	3006078	1.00004	3011881	1.06953	3000275	119995.949825485	3006078	19397.2241110356	3011881	2636903.12567202	3016858	99541	3022645	20368	3028448	2769296	3016858	0.83839	3022645	1.00024	3028448	1.07016	3016858	118728.753921206	3022645	20363.1128529153	3028448	2587740.15100546	3033425	99436	3039212	23116	3045000	2809168	3033425	0.83867	3039212	1.00066	3045000	1.0709	3033425	118563.916677597	3039212	23100.7535026882	3045000	2623184.2375572
27	3120286	100608	3126089	18310	3131892	2815391	3120286	0.83804	3126089	1.00035	3131892	1.07005	3120286	120051.548852083	3126089	18303.5937421902	3131892	2631083.59422457	3136853	99876	3142641	19179	3148444	2763771	3136853	0.83837	3142641	1.00089	3148444	1.07009	3136853	119131.17120126	3142641	19161.9458681773	3148444	2582746.31105795	3153420	98758	3159192	21416	3164980	2799294	3153420	0.83894	3159192	1.00002	3164980	1.07004	3153420	117717.596014018	3159192	21415.5716885662	3164980	2616064.82000673
28	3240297	101158	3246084	18077	3251888	2814569	3240297	0.83871	3246084	1.00011	3251888	1.07089	3240297	120611.415149456	3246084	18075.0117487076	3251888	2628252.20143992	3256864	99538	3262636	18633	3268439	2756224	3256864	0.83882	3262636	1.00046	3268439	1.06931	3256864	118664.3141556	3262636	18624.43276093	3268439	2577572.45326425	3273416	98541	3279203	20675	3285006	2795142	3273416	0.83909	3279203	1.00047	3285006	1.06988	3273416	117437.938719327	3279203	20665.287314962	3285006	2612575.24208322
29	3360308	100778	3366111	17202	3371914	2812411	3360308	0.83909	3366111	0.99985	3371914	1.07041	3360308	120103.922106091	3366111	17204.5806871031	3371914	2627414.72893564	3376891	100242	3382694	18126	3388497	2752702	3376891	0.83861	3382694	1.00037	3388497	1.06992	3376891	119533.513790677	3382694	18119.2958605316	3388497	2572811.05129355	3393473	98718	3399261	20211	3405064	2796386	3393473	0.83786	3399261	1.00007	3405064	1.06988	3393473	117821.593106247	3399261	20209.585329027	3405064	2613737.98930721
30	3480319	100254	3486106	17159	3491910	2807540	3480319	0.83856	3486106	1.00131	3491910	1.07102	3480319	119554.951345163	3486106	17136.5511180354	3491910	2621370.28253441	3496886	99664	3502674	17437	3508477	2750400	3496886	0.83858	3502674	1.00039	3508477	1.07021	3496886	118848.529657278	3502674	17430.2022211338	3508477	2569962.90447669	3513453	98374	3519241	19786	3525028	2785147	3513453	0.83856	3519241	1.00101	3525028	1.07018	3513453	117313.01278382	3519241	19766.0363033336	3525028	2602503.31719898
31	3600330	97855	3606117	18388	3611936	2710368	3600330	0.84312	3606117	1.00045	3611936	1.06992	3600330	116062.956637252	3606117	18379.7291218952	3611936	2533243.60699865	3616897	94448	3622669	18345	3628472	2650183	3616897	0.83825	3622669	1.00058	3628472	1.07107	3616897	112672.830301223	3622669	18334.3660676807	3628472	2474332.20984623	3633449	92440	3639236	19354	3645024	2683250	3633449	0.83893	3639236	1.00079	3645024	1.07113	3633449	110187.977542822	3639236	19338.7224092967	3645024	2505064.74470886
32	3720341	93971	3726144	20502	3731932	2680471	3720341	0.83835	3726144	1.00035	3731932	1.07115	3720341	112090.415697501	3726144	20494.8268106163	3731932	2502423.56345983	3736908	92619	3742696	20510	3748499	2629881	3736908	0.83902	3742696	1.00122	3748499	1.07076	3736908	110389.502038092	3742696	20485.0082898863	3748499	2456088.1990362	3753475	89206	3759263	21341	3765051	2663303	3753475	0.83929	3759263	1.00141	3765051	1.07035	3753475	106287.457255537	3759263	21310.9515583028	3765051	2488254.30933807
33	3840352	92415	3846139	22671	3851958	2609517	3840352	0.8391	3846139	1.00124	3851958	1.07148	3840352	110135.859849839	3846139	22642.9227757581	3851958	2435432.29924964	3856919	88862	3862707	22568	3868494	2560965	3856919	0.83842	3862707	1.00023	3868494	1.07126	3856919	105987.452589394	3862707	22562.8105535727	3868494	2390610.1226593	3873486	77375	3879258	24158	3885062	2592340	3873486	0.83945	3879258	1.00058	3885062	1.07141	3873486	92173.4468997558	3879258	24143.9964820404	3885062	2419559.27236072
34	3960363	88782	3966150	26138	3971969	2470679	3960363	0.83911	3966150	1.00048	3971969	1.06997	3960363	105804.960017161	3966150	26125.4597793059	3971969	2309110.53580942	3976930	82262	3982702	26471	3988505	2427651	3976930	0.83882	3982702	1.00077	3988505	1.07062	3976930	98068.7155766434	3982702	26450.6330125803	3988505	2267518.82087015	3993482	60496	3999269	28317	4005073	2472741	3993482	0.83906	3999269	1.00045	4005073	1.07245	3993482	72099.7306509666	3999269	28304.2630816133	4005073	2305693.50552473
35	4080374	84086	4086161	30459	4091965	2294527	4080374	0.83869	4086161	0.99965	4091965	1.07028	4080374	100258.736839595	4086161	30469.6643825339	4091965	2143856.74776694	4096941	72333	4102729	31550	4108532	2263765	4096941	0.83834	4102729	1.00127	4108532	1.07073	4096941	86281.2224157263	4102729	31509.9823224505	4108532	2114225.80856051	4113524	48409	4119296	33487	4125084	2308739	4113524	0.83854	4119296	1.00112	4125084	1.07049	4113524	57730.1023207003	4119296	33449.5365190986	4125084	2156712.34668236
36	4200385	78680	4206172	36240	4211991	2096406	4200385	0.83848	4206172	1.00064	4211991	1.07016	4200385	93836.46598607	4206172	36216.82123441	4211991	1958965.01457726	4216968	63856	4222740	37461	4228543	2072235	4216968	0.83898	4222740	0.99987	4228543	1.0706	4216968	76111.468688169	4222740	37465.8705631732	4228543	1935582.8507379	4233519	40363	4239307	39800	4245110	2121589	4233519	0.83912	4239307	1.00094	4245110	1.07146	4233519	48101.5826103537	4239307	39762.6231342538	4245110	1980091.65064491
37	4320396	72754	4326183	43026	4331987	1895238	4320396	0.83928	4326183	1.00077	4331987	1.07192	4320396	86686.2072252407	4326183	42992.8954704877	4331987	1768077.84162997	4336963	55978	4342751	45030	4348538	1885927	4336963	0.83926	4342751	1.00115	4348538	1.07116	4336963	66699.2350403927	4342751	44978.2749837687	4348538	1760639.86706001	4353515	35618	4359302	47650	4365106	1940318	4353515	0.83979	4359302	1.00157	4365106	1.07095	4353515	42412.9841984306	4359302	47575.3067683737	4365106	1811772.72515057
38	4440407	66823	4446195	50988	4451998	1711714	4440407	0.83904	4446195	1.00202	4451998	1.07141	4440407	79642.2101449275	4446195	50885.2118720185	4451998	1597627.42554204	4456974	50473	4462762	53805	4468565	1717490	4456974	0.83897	4462762	1.00074	4468565	1.07028	4456974	60160.6732064317	4462762	53765.2137418311	4468565	1604710.91676944	4473541	32333	4479329	56003	4485132	1782805	4473541	0.83986	4479329	1.00212	4485132	1.07192	4473541	38498.0830138356	4479329	55884.5248074083	4485132	1663188.48421524
39	4560418	62947	4566206	59369	4572009	1560240	4560418	0.83886	4566206	1.00232	4572009	1.07087	4560418	75038.7430560523	4566206	59231.5827280709	4572009	1456983.5741033	4576985	45924	4582773	62910	4588560	1583591	4576985	0.83951	4582773	1.00218	4588560	1.07195	4576985	54703.3388524258	4582773	62773.1545231396	4588560	1477299.31433369	4593552	29718	4599340	65593	4605128	1650311	4593552	0.83917	4599340	1.00134	4605128	1.07196	4593552	35413.5634019329	4599340	65505.2230011784	4605128	1539526.66144259
40	4680429	58565	4686201	68170	4692020	1436620	4680429	0.83893	4686201	1.00098	4692020	1.071	4680429	69809.1616702228	4686201	68103.2588063698	4692020	1341381.88608777	4696981	42684	4702768	71939	4708556	1471413	4696981	0.83801	4702768	1.00135	4708556	1.07173	4696981	50934.9530435198	4702768	71842.0132820692	4708556	1372932.54830974	4713532	28296	4719335	75453	4725139	1545086	4713532	0.83879	4719335	1.00168	4725139	1.07156	4713532	33734.3077528344	4719335	75326.4515613769	4725139	1441903.39318377
41	4800440	55668	4806228	76931	4812031	1343524	4800440	0.83895	4806228	1.00112	4812031	1.07075	4800440	66354.3715358484	4806228	76844.9336742848	4812031	1254750.40859211	4817007	39656	4822795	79977	4828582	1385127	4817007	0.83831	4822795	1.00061	4828582	1.07062	4817007	47304.6963533776	4822795	79928.2437712995	4828582	1293761.55872298	4833574	27182	4839362	85590	4845165	1462543	4833574	0.83941	4839362	1.001	4845165	1.07002	4833574	32382.2684981118	4839362	85504.4955044955	4845165	1366837.06846601
42	4920451	52170	4926239	85528	4932057	1272716	4920451	0.83975	4926239	1.00139	4932057	1.07204	4920451	62125.6326287586	4926239	85409.281099272	4932057	1187190.77646356	4937034	37434	4942821	89195	4948609	1336355	4937034	0.84007	4942821	1.00308	4948609	1.07283	4937034	44560.5723332579	4942821	88921.1229413407	4948609	1245635.37559539	4953601	26327	4959373	94806	4965176	1411915	4953601	0.83933	4959373	1.0016	4965176	1.07188	4953601	31366.6853323484	4959373	94654.552715655	4965176	1317232.33944098
43	5040462	49106	5046234	93186	5052053	1227954	5040462	0.83964	5046234	1.00127	5052053	1.07232	5040462	58484.5886332238	5046234	93067.8038890609	5052053	1145137.64547896	5057014	35866	5062801	96743	5068604	1297571	5057014	0.83886	5062801	1.00178	5068604	1.07078	5057014	42755.6445652433	5062801	96571.1034358841	5068604	1211799.80948467	5073581	25172	5079353	103308	5085172	1386887	5073581	0.83958	5079353	1.00302	5085172	1.07111	5073581	29981.6574954144	5079353	102996.949213376	5085172	1294812.85768969
44	5160473	47272	5166261	101192	5172064	1195497	5160473	0.83853	5166261	1.00193	5172064	1.0706	5160473	56374.8464574911	5166261	100997.075644007	5172064	1116660.75098076	5177040	33997	5182828	104087	5188615	1280687	5177040	0.83827	5182828	1.001	5188615	1.07038	5177040	40556.1453946819	5182828	103983.016983017	5188615	1196478.82060577	5193607	24645	5199379	111487	5205183	1371461	5193607	0.83909	5199379	1.00123	5205183	1.07072	5193607	29371.1044107307	5199379	111350.039451475	5205183	1280877.35355649
45	5280484	45605	5286272	107216	5292075	1181966	5280484	0.83833	5286272	1.00055	5292075	1.07152	5280484	54399.8186871518	5286272	107157.063615012	5292075	1103074.13767359	5297036	32748	5302823	109851	5308626	1276654	5297036	0.83914	5302823	1.00087	5308626	1.07114	5297036	39025.6691374503	5302823	109755.512703948	5308626	1191864.74223724	5313603	24080	5319390	118450	5325194	1375039	5313603	0.8385	5319390	1.00138	5325194	1.07149	5313603	28717.9487179487	5319390	118286.764265314	5325194	1283296.15768696
46	5400495	43921	5406283	111731	5412086	1173466	5400495	0.83892	5406283	1.00216	5412086	1.07125	5400495	52354.2173270395	5406283	111490.181208589	5412086	1095417.50291715	5417047	31077	5422834	113974	5428637	1282555	5417047	0.83838	5422834	1.00114	5428637	1.07071	5417047	37067.9166964861	5422834	113844.217591945	5428637	1197854.69454848	5433614	24139	5439401	123975	5445205	1389043	5433614	0.83876	5439401	1.00077	5445205	1.07165	5433614	28779.3886212981	5439401	123879.612698222	5445205	1296172.2577334
47	5520506	42661	5526294	116042	5532097	1177005	5520506	0.8399	5526294	1.00246	5532097	1.07236	5520506	50792.9515418502	5526294	115757.237196497	5532097	1097583.83378716	5537073	30863	5542861	118075	5548664	1300443	5537073	0.83999	5542861	1.00192	5548664	1.07211	5537073	36742.1040726675	5542861	117848.73043756	5548664	1212975.34767888	5553640	23364	5559428	129522	5565231	1412144	5553640	0.83917	5559428	1.00241	5565231	1.07323	5553640	27841.796060393	5559428	129210.6024481	5565231	1315788.78711926
48	5640517	41025	5646305	119481	5652108	1182394	5640517	0.83979	5646305	1.00183	5652108	1.0716	5640517	48851.498588933	5646305	119262.749169021	5652108	1103391.19074281	5657084	29658	5662872	121434	5668675	1323947	5657084	0.83975	5662872	1.00193	5668675	1.07167	5657084	35317.6540637094	5662872	121200.083838192	5668675	1235405.4886299	5673651	23293	5679439	133803	5685242	1442037	5673651	0.83923	5679439	1.00186	5685242	1.0712	5673651	27755.2041752559	5679439	133554.588465454	5685242	1346188.38685586
49	5760528	39360	5766316	121806	5772119	1196373	5760528	0.83945	5766316	1.00187	5772119	1.07207	5760528	46887.8432306868	5766316	121578.647928374	5772119	1115946.71989702	5777111	29169	5782883	123966	5788686	1353730	5777111	0.83928	5782883	1.00144	5788686	1.07211	5777111	34754.7898198456	5782883	123787.745646269	5788686	1262678.26995364	5793662	23445	5799450	137020	5805253	1482312	5793662	0.83938	5799450	1.00081	5805253	1.07207	5793662	27931.3302675785	5799450	136909.103626063	5805253	1382663.44548397
50	5880539	38362	5886327	123955	5892145	1220075	5880539	0.83952	5886327	1.00181	5892145	1.07213	5880539	45695.1591385554	5886327	123731.046805282	5892145	1137991.66145897	5897122	28409	5902894	126524	5908697	1388760	5897122	0.83948	5902894	1.00113	5908697	1.07107	5897122	33841.1874017249	5902894	126381.189256141	5908697	1296609.93212395	5913673	23095	5919461	139645	5925264	1524268	5913673	0.83942	5919461	1.00189	5925264	1.07156	5913673	27513.0447213552	5919461	139381.568834902	5925264	1422475.64298779
51	6000550	37522	6006338	125113	6012156	1239755	6000550	0.83922	6006338	1.00178	6012156	1.07137	6000550	44710.5645718644	6006338	124890.694563677	6012156	1157167.92517991	6017133	27995	6022920	126992	6028724	1430936	6017133	0.83934	6022920	1.00155	6028724	1.0712	6017133	33353.5873424357	6022920	126795.46702611	6028724	1335825.24271845	6033700	22761	6039488	142215	6045291	1570115	6033700	0.8396	6039488	1.00094	6045291	1.07079	6033700	27109.3377798952	6039488	142081.443443163	6045291	1466314.5901624
52	6120561	36393	6126349	125349	6132152	1266144	6120561	0.83875	6126349	1.0004	6132152	1.07062	6120561	43389.5678092399	6126349	125298.880447821	6132152	1182626.8890923	6137144	27310	6142916	127087	6148703	1467903	6137144	0.83909	6142916	1.00069	6148703	1.07121	6137144	32547.164189777	6142916	126999.3704344	6148703	1370322.34575853	6153696	23056	6159483	142920	6165286	1620079	6153696	0.83918	6159483	1.00024	6165286	1.0706	6153696	27474.4393336352	6159483	142885.707430217	6165286	1513243.97534093
53	6240572	35442	6246375	125089	6252163	1295016	6240572	0.83944	6246375	1.00099	6252163	1.07208	6240572	42221.0044791766	6246375	124965.284368475	6252163	1207947.16812178	6257139	26988	6262927	127984	6268730	1509801	6257139	0.83962	6262927	1.00203	6268730	1.07161	6257139	32143.1123603535	6262927	127724.718820794	6268730	1408909.02473848	6273691	22788	6279479	143415	6285282	1671110	6273691	0.83885	6279479	1.00175	6285282	1.07241	6273691	27165.7626512487	6279479	143164.462191165	6285282	1558275.28650423
54	6360583	35214	6366371	124583	6372158	1326529	6360583	0.83909	6366371	1.00027	6372158	1.07191	6360583	41966.8927051925	6366371	124549.371669649	6372158	1237537.66640856	6377135	26750	6382922	126775	6388726	1556565	6377135	0.83906	6382922	1.00057	6388726	1.07248	6377135	31880.9143565418	6382922	126702.779415733	6388726	1451369.72251231	6393702	23270	6399490	144430	6405293	1716862	6393702	0.8389	6399490	1.00138	6405293	1.07209	6393702	27738.70544761	6399490	144230.961273443	6405293	1601415.92590174
55	6480594	34527	6486382	123110	6492185	1360731	6480594	0.83943	6486382	1.00119	6492185	1.07189	6480594	41131.4820771238	6486382	122963.673228858	6492185	1269468.88206812	6497177	26770	6502965	126325	6508768	1602226	6497177	0.83872	6502965	1.00101	6508768	1.07256	6497177	31917.684090042	6502965	126197.540484111	6508768	1493833.44521519	6513744	22728	6519516	143897	6525335	1768399	6513744	0.83959	6519516	1.00123	6525335	1.07135	6513744	27070.3557688872	6519516	143720.224124327	6525335	1650626.77929715
56	6600605	33552	6606393	122841	6612196	1396536	6600605	0.83891	6606393	1.00141	6612196	1.07223	6600605	39994.7550988783	6606393	122668.038066326	6612196	1302459.36039842	6617188	26530	6622960	125500	6628841	1645623	6617188	0.83998	6622960	1.0007	6628841	1.07161	6617188	31584.0853353651	6622960	125412.211451984	6628841	1535654.76246022	6633818	22640	6639605	143886	6645408	1819332	6633818	0.83956	6639605	1.00121	6645408	1.07237	6633818	26966.5062651865	6639605	143712.108348898	6645408	1696552.49587363
57	6720616	33059	6726388	121852	6732207	1430419	6720616	0.8385	6726388	1.00105	6732207	1.07183	6720616	39426.3565891473	6726388	121724.189600919	6732207	1334557.71904127	6737168	26293	6742955	124442	6748759	1683075	6737168	0.83881	6742955	1.00208	6748759	1.07149	6737168	31345.5967382363	6742955	124183.697908351	6748759	1570779.94194999	6753719	22990	6759507	144218	6765326	1862346	6753719	0.83923	6759507	1.0011	6765326	1.07068	6753719	27394.1589314014	6759507	144059.534512037	6765326	1739404.86419845
58	6840627	32836	6846415	119552	6852218	1464660	6840627	0.83873	6846415	1.00131	6852218	1.07101	6840627	39149.6667580747	6846415	119395.591774775	6852218	1367550.25630013	6857194	25942	6862982	122277	6868785	1720905	6857194	0.83922	6862982	1.00132	6868785	1.07137	6857194	30912.0373680322	6862982	122115.807134582	6868785	1606265.80919757	6873762	22775	6879565	141828	6885352	1902952	6873762	0.8394	6879565	1.00156	6885352	1.07165	6873762	27132.4755777937	6879565	141607.092935021	6885352	1775721.55087948
59	6960638	32446	6966426	118588	6972229	1500643	6960638	0.83894	6966426	1.00165	6972229	1.07167	6960638	38674.9946360884	6966426	118392.652123995	6972229	1400284.60253623	6977205	25657	6982993	120813	6988796	1761286	6977205	0.8384	6982993	1.0014	6988796	1.07174	6977205	30602.3377862595	6982993	120644.098262433	6988796	1643389.25485659	6993788	22519	6999560	140596	7005363	1939012	6993788	0.83944	6999560	1.00108	7005363	1.07179	6993788	26826.2174783189	6999560	140444.320134255	7005363	1809134.25204564
60	7080649	31661	7086452	116147	7092256	1533193	7080649	0.83887	7086452	1.0017	7092256	1.07067	7080649	37742.4392337311	7086452	115949.885195168	7092256	1431993.98507477	7097216	25817	7103004	119344	7108807	1800116	7097216	0.83918	7103004	1.0015	7108807	1.07155	7097216	30764.5558759742	7103004	119165.252121817	7108807	1679917.87597406	7113784	22631	7119571	139875	7125374	1978909	7113784	0.83938	7119571	1.00152	7125374	1.07103	7113784	26961.5668707856	7119571	139662.712676731	7125374	1847669.06622597
61	7200660	33932	7206432	753282	7212251	1514493	7200660	0.83951	7206432	1.00109	7212251	1.07153	7200660	40418.8157377518	7206432	752461.816619884	7212251	1413392.99879611	7217227	27649	7223015	741508	7228803	1759047	7217227	0.83858	7223015	1.00137	7228803	1.07031	7217227	32971.2132414319	7223015	740493.523872295	7228803	1643493.00669899	7233795	25286	7239582	751500	7245385	1999694	7233795	0.83863	7239582	1.00123	7245385	1.07131	7233795	30151.5567055793	7239582	750576.790547626	7245385	1866587.63569835
62	7320671	33886	7326459	763198	7332262	1554240	7320671	0.83866	7326459	1.00096	7332262	1.07028	7320671	40404.9316767224	7326459	762466.032608696	7332262	1452180.73775087	7337238	27334	7343026	752316	7348829	1781863	7337238	0.83899	7343026	1.00145	7348829	1.07015	7337238	32579.6493402782	7343026	751226.721254181	7348829	1665059.10386394	7353806	24745	7359593	762008	7365396	2032556	7353806	0.83887	7359593	1.00031	7365396	1.07119	7353806	29498.0151870969	7359593	761771.850726275	7365396	1897474.77104902
63	7440682	33454	7446485	768792	7452289	1591178	7440682	0.83857	7446485	1.00063	7452289	1.07071	7440682	39894.1054414062	7446485	768307.965981432	7452289	1486096.14181244	7457249	27468	7463053	754655	7468856	1809247	7457249	0.83888	7463053	1.00074	7468856	1.07116	7457249	32743.6582109479	7463053	754096.9682435	7468856	1689053.92284999	7473832	24942	7479620	765069	7485423	2059432	7473832	0.83945	7479620	1.00084	7485423	1.07134	7473832	29712.3116326166	7479620	764426.881419608	7485423	1922295.44308996
64	7560693	33492	7566481	768778	7572284	1620352	7560693	0.83867	7566481	1.00007	7572284	1.07028	7560693	39934.6584473035	7566481	768724.189306749	7572284	1513951.48932989	7577260	27258	7583048	756574	7588836	1847096	7577260	0.83923	7583048	1.00066	7588836	1.07223	7577260	32479.7731253649	7583048	756074.990506266	7588836	1722667.71121868	7593812	24881	7599600	765104	7605403	2081849	7593812	0.83923	7599600	1.00028	7605403	1.07076	7593812	29647.4148922226	7599600	764889.830847363	7605403	1944272.29257724
65	7680704	33446	7686492	770619	7692295	1653205	7680704	0.83883	7686492	1.00085	7692295	1.07094	7680704	39872.2029493461	7686492	769964.530149373	7692295	1543695.25837115	7697287	27302	7703059	760659	7708862	1872239	7697287	0.83919	7703059	1.00096	7708862	1.07104	7697287	32533.752785424	7703059	759929.467710998	7708862	1748057.0286824	7713839	24643	7719642	769215	7725445	2107672	7713839	0.8395	7719642	1.00083	7725445	1.0711	7713839	29354.3776057177	7719642	768577.081022751	7725445	1967763.98095416
66	7800715	33479	7806503	773593	7812322	1683759	7800715	0.83914	7806503	1.00086	7812322	1.07127	7800715	39896.7991038444	7806503	772928.281677757	7812322	1571741.01767062	7817298	27371	7823070	762036	7828889	1896370	7817298	0.83874	7823070	1.00112	7828889	1.07149	7817298	32633.4740205546	7823070	761183.474508551	7828889	1769843.86228523	7833865	24964	7839653	770164	7845456	2132842	7833865	0.83949	7839653	1.00006	7845456	1.07124	7833865	29737.1022882941	7839653	770117.792932424	7845456	1991002.94985251
67	7920726	33599	7926514	775001	7932317	1713360	7920726	0.83849	7926514	1.00029	7932317	1.07082	7920726	40070.8416319813	7926514	774776.314868688	7932317	1600044.82546086	7937293	27360	7943081	762217	7948884	1922167	7937293	0.83901	7943081	1.0017	7948884	1.07094	7937293	32609.8616226267	7943081	760923.430168713	7948884	1794840.98082059	7953845	25073	7959633	771479	7965436	2147395	7953845	0.83945	7959633	1.00089	7965436	1.07028	7953845	29868.3661921496	7959633	770792.994235131	7965436	2006386.17931756
68	8040737	33795	8046525	775888	8052328	1737928	8040737	0.83914	8046525	1.00085	8052328	1.07069	8040737	40273.3751221489	8046525	775229.055302992	8052328	1623185.0488937	8057304	27476	8063108	763703	8068911	1943850	8057304	0.83877	8063108	1.00164	8068911	1.07161	8057304	32757.4901343634	8063108	762452.577772453	8068911	1813952.83731955	8073887	25008	8079675	774741	8085478	2167630	8073887	0.84002	8079675	1.00125	8085478	1.07109	8073887	29770.719744768	8079675	773773.782771536	8085478	2023760.84175933
69	8160748	33876	8166536	776791	8172355	1763026	8160748	0.83837	8166536	1.00037	8172355	1.07029	8160748	40406.9802116011	8166536	776503.693633356	8172355	1647241.40186305	8177331	27479	8183119	764380	8188906	1957828	8177331	0.83897	8183119	1.0013	8188906	1.07122	8177331	32753.2569698559	8183119	763387.596125038	8188906	1827661.91818674	8193898	25135	8199670	775755	8205474	2178544	8193898	0.83853	8199670	1.00113	8205474	1.07084	8193898	29975.0754296209	8199670	774879.386293488	8205474	2034425.31097083
70	8280759	34194	8286531	778330	8292350	1783079	8280759	0.83835	8286531	1.00069	8292350	1.07191	8280759	40787.2606906423	8286531	777793.322607401	8292350	1663459.61881128	8297342	27567	8303130	764359	8308917	1976159	8297342	0.83868	8303130	1.00028	8308917	1.07081	8297342	32869.5092287881	8303130	764145.039388971	8308917	1845480.52408924	8313909	25087	8319697	773170	8325485	2186200	8313909	0.83857	8319697	1.00056	8325485	1.07135	8313909	29916.405309038	8319697	772737.267130407	8325485	2040602.97755169
71	8400770	34394	8406558	775716	8412361	1799858	8400770	0.83915	8406558	1.00091	8412361	1.07141	8400770	40986.7127450396	8406558	775010.740226394	8412361	1679896.58487414	8417337	27839	8423125	765124	8428913	1985660	8417337	0.83907	8423125	1.00066	8428913	1.07107	8417337	33178.399895122	8423125	764619.351228189	8428913	1853903.10623955	8433905	25285	8439692	775480	8445496	2197968	8433905	0.83953	8439692	1.00117	8445496	1.07173	8433905	30118.0422379188	8439692	774573.748714005	8445496	2050859.8247693
72	8520781	34551	8526569	778164	8532388	1809152	8520781	0.83936	8526569	1.0007	8532388	1.07168	8520781	41163.5055280214	8526569	777619.666233637	8532388	1688145.71513885	8537364	27880	8543152	766212	8548955	2000218	8537364	0.84	8543152	1.00111	8548955	1.07197	8537364	33190.4761904762	8543152	765362.447683072	8548955	1865927.21811245	8553931	25828	8559719	778391	8565507	2208741	8553931	0.83934	8559719	1.00261	8565507	1.07187	8553931	30771.7968880311	8559719	776364.688163892	8565507	2060642.61524252
73	8640792	35356	8646580	780978	8652399	1827191	8640792	0.83971	8646580	1.00178	8652399	1.07251	8640792	42105.0124447726	8646580	779590.329213999	8652399	1703658.70714492	8657375	27857	8663147	768581	8668950	2005813	8657375	0.83934	8663147	1.00115	8668950	1.07168	8657375	33189.1724450163	8663147	767698.1471308	8668950	1871652.91878173	8673927	25282	8679714	776660	8685518	2214283	8673927	0.8397	8679714	1.00136	8685518	1.07196	8673927	30108.3720376325	8679714	775605.176959335	8685518	2065639.57610359
74	8760803	35375	8766591	781962	8772394	1832010	8760803	0.83922	8766591	1.00213	8772394	1.07282	8760803	42152.236600653	8766591	780299.961082893	8772394	1707658.32106038	8777386	27890	8783174	768127	8788977	2015733	8777386	0.83977	8783174	1.00154	8788977	1.07265	8777386	33211.4745704181	8783174	766945.903308904	8788977	1879208.50230737	8793953	25571	8799757	778422	8805560	2218617	8793953	0.83961	8799757	1.00238	8805560	1.0728	8793953	30455.8068627101	8799757	776573.754464375	8805560	2068062.08053691
75	8880814	35880	8886602	782437	8892405	1836216	8880814	0.83979	8886602	1.00241	8892405	1.0724	8880814	42724.9669560247	8886602	780555.860376493	8892405	1712249.16076091	8897382	27841	8903169	768285	8908972	2021174	8897382	0.8391	8903169	1.00157	8908972	1.07259	8897382	33179.5971874628	8903169	767080.683327176	8908972	1884386.39181794	8913949	25704	8919752	779235	8925555	2219351	8913949	0.83998	8919752	1.00223	8925555	1.07238	8913949	30600.7285887759	8919752	777501.17238558	8925555	2069556.50049423
76	9000825	35854	9006613	782935	9012416	1834549	9000825	0.83949	9006613	1.0023	9012416	1.07253	9000825	42709.2639578792	9006613	781138.381722039	9012416	1710487.35233513	9017393	28229	9023180	767755	9028968	2022972	9017393	0.83972	9023180	1.00233	9028968	1.07293	9017393	33617.1581003192	9023180	765970.289226103	9028968	1885465.03499762	9033944	25239	9039732	777590	9045535	2220379	9033944	0.83963	9039732	1.00183	9045535	1.07245	9033944	30059.6691399783	9039732	776169.609614406	9045535	2070379.97109422
77	9120836	36344	9126608	782606	9132412	1836310	9120836	0.83996	9126608	1.00236	9132412	1.07272	9120836	43268.727082242	9126608	780763.398379824	9132412	1711826.01237974	9137388	28252	9143176	768959	9148979	2020823	9137388	0.84024	9143176	1.00211	9148979	1.07182	9137388	33623.7265543178	9143176	767339.912784026	9148979	1885412.66257394	9153955	25800	9159743	779791	9165546	2221999	9153955	0.84011	9159743	1.00156	9165546	1.07328	9153955	30710.2641320779	9159743	778576.420783578	9165546	2070288.2751938
78	9240847	37101	9246635	784551	9252438	1831296	9240847	0.84061	9246635	1.0022	9252438	1.07194	9240847	44135.8061407787	9246635	782828.776691279	9252438	1708394.12653693	9257415	28605	9263202	770235	9269005	2023836	9257415	0.83994	9263202	1.00209	9269005	1.07183	9257415	34056.0040002857	9263202	768628.566296441	9269005	1888206.15209501	9273966	25898	9279754	780797	9285573	2223019	9273966	0.83953	9279754	1.00173	9285573	1.0724	9273966	30848.2126904339	9279754	779448.554001577	9285573	2072938.2693025
79	9360858	37676	9366630	784729	9372449	1830467	9360858	0.8404	9366630	1.00219	9372449	1.07235	9360858	44831.032841504	9366630	783014.198904399	9372449	1706967.87429477	9377410	28992	9383198	772333	9388985	2024773	9377410	0.83893	9383198	1.00141	9388985	1.07284	9377410	34558.3064141228	9383198	771245.543783266	9388985	1887301.92759405	9393977	25686	9399765	780800	9405568	2223001	9393977	0.83987	9399765	1.00187	9405568	1.07309	9393977	30583.3045590389	9399765	779342.62928324	9405568	2071588.58995984
80	9480869	38079	9486657	783479	9492460	1820499	9480869	0.83972	9486657	1.00184	9492460	1.07261	9480869	45347.2586100129	9486657	782040.046314781	9492460	1697260.88699527	9497468	28923	9503255	767787	9509059	2019938	9497468	0.83968	9503255	1.00146	9509059	1.07282	9497468	34445.2648628049	9503255	766667.665208795	9509059	1882830.29772003	9514035	25854	9519838	780695	9525626	2221311	9514035	0.84048	9519838	1.00218	9525626	1.07265	9514035	30760.9937178755	9519838	778996.787004331	9525626	2070862.81638932
81	9600880	38507	9606668	785731	9612471	1808868	9600880	0.83937	9606668	1.00266	9612471	1.07181	9600880	45876.0737219581	9606668	783646.500309178	9612471	1687675.9873485	9617448	29464	9623235	771609	9629038	2013698	9617448	0.83918	9623235	1.00211	9629038	1.07296	9617448	35110.4649777163	9623235	769984.333057249	9629038	1876768.93826424	9634030	25768	9639802	779134	9645606	2219792	9634030	0.83998	9639802	1.0012	9645606	1.07328	9634030	30676.9208790686	9639802	778200.15980823	9645606	2068231.96183661
82	9720891	38681	9726679	785934	9732482	1797743	9720891	0.83946	9726679	1.00207	9732482	1.07238	9720891	46078.431372549	9726679	784310.477311964	9732482	1676404.81918723	9737459	29264	9743246	772575	9749049	2008080	9737459	0.83942	9743246	1.00234	9749049	1.07224	9737459	34862.1667341736	9743246	770771.39493585	9749049	1872789.67395359	9754026	25775	9759798	781100	9765617	2212029	9754026	0.83918	9759798	1.00238	9765617	1.07312	9754026	30714.5070187564	9759798	779245.395957621	9765617	2061306.2844789
83	9840902	39386	9846674	783483	9852493	1785556	9840902	0.83913	9846674	1.00098	9852493	1.07238	9840902	46936.7082573618	9846674	782715.938380387	9852493	1665040.37747813	9857470	29343	9863257	771458	9869060	2003524	9857470	0.83916	9863257	1.00055	9869060	1.07211	9857470	34967.10996711	9863257	771033.931337764	9869060	1868767.19739579	9874037	25882	9879824	781415	9885643	2210831	9874037	0.83948	9879824	1.00186	9885643	1.07175	9874037	30830.9906132368	9879824	779964.266464376	9885643	2062823.41964077
84	9960913	39662	9966701	784148	9972504	1773951	9960913	0.83966	9966701	1.00089	9972504	1.07254	9960913	47235.7859133459	9966701	783450.728851322	9972504	1653971.87983665	9977481	29726	9983268	771766	9989056	2002348	9977481	0.8395	9983268	1.00177	9989056	1.07322	9977481	35409.1721262656	9983268	770402.387773641	9989056	1865738.61836343	9994032	26048	9999820	782410	10005607	2208951	9994032	0.84004	9999820	1.00175	10005607	1.07325	9994032	31008.0472358459	9999820	781043.174444722	10005607	2058188.67924528
85	10080924	40391	10086712	786818	10092515	1756860	10080924	0.83979	10086712	1.00157	10092515	1.07304	10080924	48096.5479465104	10086712	785584.63212756	10092515	1637273.54059495	10097507	30248	10103295	771720	10109082	1995198	10097507	0.84019	10103295	1.00107	10109082	1.07253	10097507	36001.3806400933	10103295	770895.142197849	10109082	1860272.43993175	10114059	25973	10119846	784775	10125650	2207417	10114059	0.83997	10119846	1.00215	10125650	1.07305	10114059	30921.3424288963	10119846	783091.353589782	10125650	2057142.724011
86	10200935	41036	10206723	786298	10212526	1741807	10200935	0.83928	10206723	1.00133	10212526	1.07099	10200935	48894.2903441045	10206723	785253.612695116	10212526	1626352.25352244	10217503	30331	10223290	771127	10229093	1981895	10217503	0.83831	10223290	1.00137	10229093	1.07214	10217503	36181.1263136549	10223290	770072.001358139	10229093	1848541.23528644	10234085	25890	10239873	780585	10245676	2194684	10234085	0.83906	10239873	1.00082	10245676	1.07069	10234085	30855.9578576026	10239873	779945.444735317	10245676	2049784.71826579
87	10320946	41259	10326734	785696	10332537	1722336	10320946	0.83959	10326734	1.00153	10332537	1.07198	10320946	49141.8430424374	10326734	784495.721546035	10332537	1606686.69191589	10337529	30747	10343317	771781	10349120	1971882	10337529	0.83946	10343317	1.00119	10349120	1.07185	10337529	36627.1174326353	10343317	770863.672230046	10349120	1839699.58482997	10354112	26220	10359900	780962	10365687	2185607	10354112	0.83945	10359900	1.0012	10365687	1.07049	10354112	31234.7370301983	10359900	780025.968837395	10365687	2041688.38569253
88	10440957	41659	10446745	785076	10452548	1702314	10440957	0.83866	10446745	1.00088	10452548	1.07152	10440957	49673.2883409248	10446745	784385.740548317	10452548	1588690.83171569	10457525	30755	10463312	770859	10469100	1963456	10457525	0.83897	10463312	1.00204	10469100	1.07264	10457525	36658.04498373	10463312	769289.649115804	10469100	1830489.2601432	10474092	25969	10479864	779773	10485667	2192242	10474092	0.83926	10479864	1.00077	10485667	1.07203	10474092	30942.7352667826	10479864	779173.036761694	10485667	2044944.63774335
89	10560968	42509	10566756	784314	10572575	1685602	10560968	0.83825	10566756	1.00049	10572575	1.07053	10560968	50711.60155085	10566756	783929.874361563	10572575	1574549.05514091	10577551	31520	10583339	771205	10589142	1951238	10577551	0.83891	10583339	1.00142	10589142	1.07107	10577551	37572.5643990416	10583339	770111.441752711	10589142	1821765.15073711	10594119	25984	10599906	783417	10605709	2185484	10594119	0.83909	10599906	1.00112	10605709	1.0721	10594119	30966.8807875198	10599906	782540.554578872	10605709	2038507.60190281
90	10680979	42723	10686751	786157	10692555	1666452	10680979	0.83879	10686751	1.00077	10692555	1.07002	10680979	50934.0836204533	10686751	785552.124863855	10692555	1557402.66537074	10697531	31748	10703319	773667	10709122	1941935	10697531	0.839	10703319	1.00125	10709122	1.07125	10697531	37840.2860548272	10703319	772701.123595506	10709122	1812774.7957993	10714114	26130	10719886	783867	10725689	2180463	10714114	0.83853	10719886	1.00172	10725689	1.07109	10714114	31161.675789775	10719886	782521.063770315	10725689	2035742.09450186
91	10800990	42997	10806778	786885	10812581	1645256	10800990	0.83852	10806778	1.00111	10812581	1.07046	10800990	51277.2503935505	10806778	786012.526096033	10812581	1536961.68002541	10817558	31883	10823345	772771	10829149	1929404	10817558	0.83914	10823345	1.00073	10829149	1.07183	10817558	37994.8518721548	10823345	772207.288679264	10829149	1800102.6282153	10834141	26490	10839928	784505	10845731	2176141	10834141	0.83895	10839928	0.99987	10845731	1.07167	10834141	31575.1832647953	10839928	784606.998909858	10845731	2030607.369806
92	10921001	43472	10926789	786652	10932608	1628332	10921001	0.83874	10926789	1.00115	10932608	1.07194	10921001	51830.1261415933	10926789	785748.389352245	10932608	1519051.43944624	10937584	32026	10943372	771506	10949175	1916564	10937584	0.83948	10943372	1.00063	10949175	1.07138	10937584	38149.8070233954	10943372	771020.25723794	10949175	1788874.16229536	10954152	26250	10959939	782094	10965742	2169465	10954152	0.83839	10959939	1.00123	10965742	1.07121	10954152	31310.0108541371	10959939	781133.206156428	10965742	2025247.15041869
93	11041012	43842	11046800	782468	11052603	1608289	11041012	0.83834	11046800	1.00041	11052603	1.07154	11041012	52296.2044039411	11046800	782147.319598965	11052603	1500913.63831495	11057580	32236	11063367	771979	11069171	1906469	11057580	0.83828	11063367	1.00032	11069171	1.07193	11057580	38454.9315264589	11063367	771732.045745362	11069171	1778538.71055013	11074147	26118	11079935	781160	11085738	2166254	11074147	0.83899	11079935	1.00043	11085738	1.07214	11074147	31130.2876077188	11079935	780824.245574403	11085738	2020495.45768277
94	11161024	44344	11166811	785969	11172614	1586111	11161024	0.83894	11166811	1.00017	11172614	1.07126	11161024	52857.1769137245	11166811	785835.407980643	11172614	1480603.21490581	11177591	33064	11183378	772725	11189182	1892351	11177591	0.83819	11183378	1.00025	11189182	1.07108	11177591	39446.9034467126	11183378	772531.867033242	11189182	1766769.05553273	11194174	26162	11199961	782444	11205764	2159686	11194174	0.83858	11199961	1.00023	11205764	1.07085	11194174	31197.9775334494	11199961	782264.07926177	11205764	2016796.00317505
95	11281035	45215	11286822	786537	11292625	1571479	11281035	0.83872	11286822	1.00126	11292625	1.07202	11281035	53909.5288057993	11286822	785547.210514752	11292625	1465904.55401951	11297617	33213	11303389	774250	11309193	1879426	11297617	0.83846	11303389	1.00123	11309193	1.07154	11297617	39611.9075447845	11303389	773298.842423819	11309193	1753948.52268697	11314169	26369	11319957	782944	11325760	2154428	11314169	0.8387	11319957	1.00052	11325760	1.07122	11314169	31440.3243114344	11319957	782537.080718027	11325760	2011190.97851048
96	11401046	45383	11406833	787067	11412636	1545716	11401046	0.83858	11406833	1.00049	11412636	1.07103	11401046	54118.8676095304	11406833	786681.526052234	11412636	1443205.13897837	11417613	33568	11423447	774030	11429250	1864744	11417613	0.83882	11423447	1.00015	11429250	1.07171	11417613	40018.120693355	11423447	773913.912913063	11429250	1739970.7010292	11434227	26652	11440014	782194	11445818	2152478	11434227	0.83883	11440014	1.0008	11445818	1.07126	11434227	31772.8264368227	11440014	781568.745003997	11445818	2009295.59584041
97	11521057	45590	11526844	785481	11532647	1526899	11521057	0.83894	11526844	1.00072	11532647	1.07223	11521057	54342.3844375045	11526844	784915.860580382	11532647	1424040.55100118	11537639	34109	11543411	772303	11549215	1849364	11537639	0.83894	11543411	1.00028	11549215	1.07227	11537639	40657.2579683887	11543411	772086.815691606	11549215	1724718.58766915	11554191	26486	11559979	783296	11565782	2146626	11554191	0.84012	11559979	1.00059	11565782	1.07256	11554191	31526.4486025806	11559979	782834.12786456	11565782	2001404.11725218
98	11641068	45875	11646855	788153	11652658	1507967	11641068	0.83936	11646855	1.00097	11652658	1.07192	11641068	54654.7369424323	11646855	787389.232444529	11652658	1406790.61870289	11657635	34784	11663422	771507	11669226	1836425	11657635	0.8385	11663422	1.00016	11669226	1.07195	11657635	41483.6016696482	11663422	771383.57862742	11669226	1713162.92737534	11674202	26273	11679990	780040	11685793	2138731	11674202	0.83907	11679990	1.00004	11685793	1.07215	11674202	31312.0478625145	11679990	780008.799648014	11685793	1994805.76411883
99	11761079	46329	11766866	784572	11772669	1482902	11761079	0.83903	11766866	1.00023	11772669	1.07116	11761079	55217.3343027067	11766866	784391.589934315	11772669	1384388.88681429	11777661	35145	11783433	772957	11789252	1817855	11777661	0.83915	11783433	1.00104	11789252	1.07228	11777661	41881.6659715188	11783433	772153.959881723	11789252	1695317.45439624	11794229	26610	11800016	784244	11805819	2132050	11794229	0.83824	11800016	1.00122	11805819	1.0714	11794229	31745.084939874	11800016	783288.388166437	11805819	1989966.39910398
100	11881090	46617	11886877	785481	11892680	1465894	11881090	0.83957	11886877	1.00085	11892680	1.07189	11881090	55524.8520075753	11886877	784813.908178049	11892680	1367578.76274618	11897641	35746	11903429	773847	11909216	1801709	11897641	0.83937	11903429	1.00176	11909216	1.07154	11897641	42586.7019312103	11903429	772487.422137039	11909216	1681420.19896597	11914208	26731	11919980	783587	11925784	2128159	11914208	0.83797	11919980	1.00051	11925784	1.07191	11914208	31899.710013485	11919980	783187.574337088	11925784	1985389.6315922
101	12001101	47104	12006888	785372	12012691	1447250	12001101	0.83911	12006888	1.00066	12012691	1.07162	12001101	56135.6675525259	12006888	784853.996362401	12012691	1350525.37280006	12017668	36347	12023455	774612	12029259	1786827	12017668	0.83899	12023455	1.00189	12029259	1.07072	12017668	43322.3280372829	12023455	773150.745091776	12029259	1668808.83891213	12034235	26459	12040023	781706	12045826	2126250	12034235	0.83877	12040023	1.00116	12045826	1.07142	12034235	31545.0004172777	12040023	780800.271684846	12045826	1984515.87612701
102	12121112	48022	12126899	788117	12132702	1428281	12121112	0.83863	12126899	1.00107	12132702	1.07219	12121112	57262.4399317935	12126899	787274.616160708	12132702	1332115.57653028	12137679	36556	12143466	771143	12149270	1765374	12137679	0.83898	12143466	1.00038	12149270	1.07064	12137679	43571.9564232759	12143466	770850.076970751	12149270	1648895.98744676	12154262	26680	12160034	782954	12165837	2117871	12154262	0.83907	12160034	1.00058	12165837	1.07187	12154262	31797.1087036838	12160034	782500.149913051	12165837	1975865.54339612
103	12241123	47924	12246910	786412	12252713	1408193	12241123	0.83831	12246910	1.00067	12252713	1.07168	12241123	57167.3963092412	12246910	785885.456743982	12252713	1314005.11346671	12257690	37111	12263477	773160	12269281	1747762	12257690	0.83957	12263477	1.00204	12269281	1.07146	12257690	44202.3893183415	12263477	771585.964632151	12269281	1631196.68489724	12274273	26373	12280045	782680	12285848	2111552	12274273	0.83963	12280045	1.00188	12285848	1.07212	12274273	31410.2640448769	12280045	781211.322713299	12285848	1969510.87564825
104	12361134	48297	12366921	786758	12372724	1386892	12361134	0.83922	12366921	1.00136	12372724	1.07172	12361134	57549.8677343247	12366921	785689.462331229	12372724	1294080.54342552	12377701	37203	12383488	772247	12389292	1730653	12377701	0.83922	12383488	1.00019	12389292	1.07168	12377701	44330.4497032959	12383488	772100.300942821	12389292	1614897.17079725	12394268	26553	12400056	780946	12405843	2106898	12394268	0.8391	12400056	1.00096	12405843	1.07226	12394268	31644.6192348945	12400056	780197.010869565	12405843	1964913.36056553
105	12481145	48698	12486948	785366	12492751	1368432	12481145	0.83915	12486948	1.00129	12492751	1.07224	12481145	58032.5329202169	12486948	784354.183103796	12492751	1276236.66343356	12497727	38428	12503515	771301	12509334	1716668	12497727	0.83934	12503515	0.9999	12509334	1.07209	12497727	45783.5918698025	12503515	771378.137813781	12509334	1601234.9709446	12514326	26809	12520098	781233	12525901	2096930	12514326	0.83972	12520098	1.00138	12525901	1.07051	12514326	31926.1182298862	12520098	780156.384189818	12525901	1958814.02322258
106	12601156	48915	12606943	786398	12612746	1348874	12601156	0.83932	12606943	1.00124	12612746	1.07143	12601156	58279.3213553829	12606943	785424.074148056	12612746	1258947.38807015	12617723	38649	12623510	772478	12629314	1692992	12617723	0.8393	12623510	1.0014	12629314	1.07174	12617723	46049.0885261528	12623510	771398.042740164	12629314	1579666.71020957	12634306	26713	12640078	782065	12645881	2095504	12634306	0.83984	12640078	1.00098	12645881	1.0726	12634306	31807.2489998095	12640078	781299.326659873	12645881	1953667.7232892
107	12721167	49415	12726954	787599	12732757	1328605	12721167	0.8391	12726954	1.0015	12732757	1.07126	12721167	58890.4778929806	12726954	786419.370943585	12732757	1240226.46229673	12737718	39203	12743506	770939	12749309	1676157	12737718	0.8391	12743506	1.00091	12749309	1.07226	12737718	46720.2955547611	12743506	770238.083344157	12749309	1563200.15667842	12754286	26908	12760073	782826	12765876	2093202	12754286	0.83917	12760073	1.00003	12765876	1.07206	12754286	32065.0166235685	12760073	782802.515924522	12765876	1952504.52400052
108	12841178	49817	12846950	787692	12852768	1312073	12841178	0.83878	12846950	1.00106	12852768	1.07112	12841178	59392.2124991058	12846950	786857.930593571	12852768	1224954.25349167	12857745	39913	12863532	773110	12869351	1656981	12857745	0.83846	12863532	1.00108	12869351	1.07261	12857745	47602.7478949503	12863532	772275.941982659	12869351	1544812.18709503	12874328	26848	12880100	783438	12885919	2086714	12874328	0.8391	12880100	1.0015	12885919	1.07245	12874328	31996.18639018	12880100	782264.603095357	12885919	1945744.7899669
109	12961189	49972	12966976	787230	12972779	1295196	12961189	0.83951	12966976	1.00165	12972779	1.07228	12961189	59525.1992233565	12966976	785933.210203165	12972779	1207889.73029433	12977756	39848	12983544	773285	12989347	1636978	12977756	0.83897	12983544	1.00134	12989347	1.07158	12977756	47496.3347914705	12983544	772250.184752432	12989347	1527630.22826107	12994323	26553	13000111	780764	13005898	2073897	12994323	0.8387	13000111	1.00078	13005898	1.07191	12994323	31659.7114582091	13000111	780155.478726593	13005898	1934767.84431529
110	13081200	49868	13086987	787009	13092790	1274564	13081200	0.83867	13086987	1.00074	13092790	1.07174	13081200	59460.8129538436	13086987	786427.043987449	13092790	1189247.39209137	13097751	40738	13103539	773936	13109358	1617220	13097751	0.83949	13103539	1.00071	13109358	1.07176	13097751	48527.081918784	13103539	773386.895304334	13109358	1508938.56833619	13114350	26952	13120137	783076	13125925	2072467	13114350	0.83919	13120137	1.00156	13125925	1.07197	13114350	32116.6839452329	13120137	781856.304165502	13125925	1933325.55948394
111	13201211	50448	13206998	786400	13212802	1257376	13201211	0.83962	13206998	1.00099	13212802	1.07156	13201211	60084.3238607942	13206998	785622.233988352	13212802	1173406.99540856	13217778	41016	13223566	772932	13229369	1597422	13217778	0.83893	13223566	1.00108	13229369	1.07184	13217778	48890.8490577283	13223566	772098.134015264	13229369	1490354.90371697	13234330	27017	13240117	780378	13245920	2063701	13234330	0.83908	13240117	1.00254	13245920	1.07203	13234330	32198.3601086905	13240117	778400.861811	13245920	1925040.34402022
112	13321222	50820	13327009	786192	13332813	1242481	13321222	0.83896	13327009	1.00089	13332813	1.07106	13321222	60574.9976160961	13327009	785492.911308935	13332813	1160047.98984184	13337805	41485	13343592	771992	13349395	1577346	13337805	0.83898	13343592	0.99993	13349395	1.07121	13337805	49446.9474838494	13343592	772046.043223026	13349395	1472489.98795754	13354372	26846	13360159	780762	13365963	2058923	13354372	0.83896	13360159	1.00123	13365963	1.07114	13354372	31999.1417946028	13360159	779802.84250372	13365963	1922179.17359075
113	13441233	51207	13447020	786498	13452824	1226191	13441233	0.83913	13447020	1.00057	13452824	1.07165	13441233	61023.9176289729	13447020	786049.951527629	13452824	1144208.46358419	13457800	42185	13463588	772533	13469391	1556077	13457800	0.8384	13463588	1.00051	13469391	1.07115	13457800	50316.0782442748	13463588	772139.209003408	13469391	1452716.23955562	13474367	26860	13480155	782028	13485942	2054584	13474367	0.83829	13480155	1.00048	13485942	1.07183	13474367	32041.4176478307	13480155	781652.806652807	13485942	1916893.53722139
114	13561244	50936	13567031	786615	13572835	1209118	13561244	0.83865	13567031	1.00129	13572835	1.0714	13561244	60735.7061944792	13567031	785601.573969579	13572835	1128540.22773941	13577811	42509	13583599	771451	13589402	1536046	13577811	0.8395	13583599	1.00092	13589402	1.07209	13577811	50636.0929124479	13583599	770741.917435959	13589402	1432758.44378737	13594394	26801	13600166	781578	13605969	2048021	13594394	0.83828	13600166	1.0009	13605969	1.07182	13594394	31971.4176647421	13600166	780875.212308922	13605969	1910788.19204717
115	13681255	51699	13687042	786002	13692846	1192373	13681255	0.83955	13687042	1.00138	13692846	1.07195	13681255	61579.4175451135	13687042	784918.812039386	13692846	1112340.12780447	13697806	43351	13703594	771573	13709413	1517226	13697806	0.83948	13703594	1.00158	13709413	1.07176	13697806	51640.3011388002	13703594	770355.837776314	13709413	1415639.69545421	13714405	27197	13720192	782204	13725996	2039861	13714405	0.83948	13720192	1.00136	13725996	1.07234	13714405	32397.4365083147	13720192	781141.647359591	13725996	1902252.08422702
116	13801266	52028	13807038	786019	13812857	1177120	13801266	0.83876	13807038	1.00147	13812857	1.07189	13801266	62029.6628356145	13807038	784865.248085315	13812857	1098172.38709196	13817833	43669	13823605	774450	13829408	1499036	13817833	0.83915	13823605	1.00193	13829408	1.07136	13817833	52039.5638443663	13823605	772958.190691965	13829408	1399189.81481482	13834385	27057	13840172	779365	13845975	2035452	13834385	0.83958	13840172	1.00004	13845975	1.0711	13834385	32226.8276995641	13840172	779333.826646934	13845975	1900337.9703109
117	13921277	52100	13927064	784999	13932868	1162638	13921277	0.83964	13927064	1.00157	13932868	1.07166	13921277	62050.4025534753	13927064	783768.483480935	13932868	1084894.46279604	13937844	44105	13943616	772323	13949419	1480223	13937844	0.83895	13943616	1.00241	13949419	1.07291	13937844	52571.6669646582	13943616	770466.1765146	13949419	1379633.89287079	13954380	27594	13960168	780278	13965971	2028848	13954380	0.83971	13960168	1.0003	13965971	1.07135	13954380	32861.3449881507	13960168	780043.986803959	13965971	1893730.34022495
118	14041288	52322	14047075	786439	14052879	1147242	14041288	0.83898	14047075	1.00096	14052879	1.07165	14041288	62363.8227371332	14047075	785684.742647059	14052879	1070537.9554892	14057855	44588	14063627	771282	14069430	1457235	14057855	0.83901	14063627	1.00085	14069430	1.0718	14057855	53143.5858928976	14063627	770626.967077984	14069430	1359614.66691547	14074407	27092	14080194	779739	14085997	2024489	14074407	0.83889	14080194	1.00164	14085997	1.07203	14074407	32295.056562839	14080194	778462.321792261	14085997	1888463.00943071
119	14161299	52934	14167086	785176	14172905	1136387	14161299	0.83895	14167086	1.00143	14172905	1.07301	14161299	63095.5360867751	14167086	784054.801633664	14172905	1059064.68718838	14177882	45058	14183654	771486	14189457	1437928	14177882	0.839	14183654	1.00141	14189457	1.07157	14177882	53704.410011919	14183654	770399.736371716	14189457	1341889.00398481	14194433	27398	14200221	781370	14206024	2018280	14194433	0.83922	14200221	1.00082	14206024	1.07187	14194433	32646.981721122	14200221	780729.801562719	14206024	1882952.22368384
120	14281310	53115	14287097	785591	14292901	1118925	14281310	0.83988	14287097	1.001	14292901	1.07236	14281310	63241.1773110444	14287097	784806.193806194	14292901	1043422.9176769	14297877	45559	14303665	772989	14309452	1418078	14297877	0.83993	14303665	1.0008	14309452	1.0713	14297877	54241.4248806448	14303665	772371.103117506	14309452	1323698.31046392	14314429	27150	14320216	780109	14326004	2013416	14314429	0.83893	14320216	1.00118	14326004	1.07232	14314429	32362.6524263049	14320216	779189.556323538	14326004	1877626.08176664
121	14401321	53278	14407108	785087	14412912	1105131	14401321	0.83904	14407108	1.00099	14412912	1.07214	14401321	63498.760488177	14407108	784310.532572753	14412912	1030771.16794448	14417888	45736	14423660	770687	14429448	1397078	14417888	0.83889	14423660	1.00091	14429448	1.07273	14417888	54519.6628878637	14423660	769986.312455666	14429448	1302357.53637915	14434424	27293	14440212	778457	14446015	2001444	14434424	0.83958	14440212	1.00181	14446015	1.07213	14434424	32507.9206269802	14440212	777050.538525269	14446015	1866792.27332506
122	14521332	53559	14527119	785024	14532923	1089244	14521332	0.83879	14527119	1.00071	14532923	1.07191	14521332	63852.6925690578	14527119	784467.028409829	14532923	1016171.13377056	14537899	46171	14543687	771745	14549474	1378929	14537899	0.83905	14543687	1.00089	14549474	1.0713	14537899	55027.7099100173	14543687	771058.757705642	14549474	1287154.85858303	14554451	27248	14560238	778564	14566041	2000408	14554451	0.83895	14560238	1.00064	14566041	1.0727	14554451	32478.6936051016	14560238	778066.037735849	14566041	1864834.52969143
123	14641343	53668	14647146	786563	14652934	1078037	14641343	0.83878	14647146	1.00119	14652934	1.07194	14641343	63983.4044683946	14647146	785628.102557956	14652934	1005687.81834804	14657910	46455	14663682	773238	14669485	1362074	14657910	0.83873	14663682	1.00157	14669485	1.07199	14657910	55387.3117689841	14663682	772025.919306689	14669485	1270603.2705529	14674462	27392	14680249	780121	14686052	1992427	14674462	0.84006	14680249	1.0012	14686052	1.07238	14674462	32607.1947241864	14680249	779185.976827807	14686052	1857948.67491001
124	14761354	54066	14767141	785538	14772945	1065204	14761354	0.83899	14767141	1.00073	14772945	1.07311	14761354	64441.7692701939	14767141	784964.975567835	14772945	992632.628528296	14777921	47149	14783693	772828	14789543	1341621	14777921	0.83944	14783693	1.00054	14789543	1.07209	14777921	56167.2067092347	14783693	772410.898115018	14789543	1251407.06470539	14794519	27344	14800291	779634	14806095	1988309	14794519	0.83924	14800291	1.00127	14806095	1.07255	14794519	32581.8597778943	14800291	778645.120696715	14806095	1853814.74057153
125	14881365	54475	14887168	786343	14892956	1055445	14881365	0.83951	14887168	1.00093	14892956	1.07164	14881365	64889.0424176008	14887168	785612.380486148	14892956	984887.648837296	14897932	47663	14903720	770590	14909507	1322905	14897932	0.83973	14903720	1.00163	14909507	1.07286	14897932	56759.9109237493	14903720	769335.982348772	14909507	1233063.95988293	14914484	27602	14920271	779254	14926059	1980952	14914484	0.83958	14920271	1.00112	14926059	1.07225	14914484	32875.961790419	14920271	778382.211922647	14926059	1847472.13802751
126	15001376	54674	15007163	784127	15012967	1041412	15001376	0.83894	15007163	0.99978	15012967	1.07258	15001376	65170.3339928958	15007163	784299.545900098	15012967	970941.095302914	15017943	47842	15023715	773535	15029518	1302981	15017943	0.83855	15023715	1.00188	15029518	1.07211	15017943	57053.2466758094	15023715	772083.483051863	15029518	1215342.64207964	15034510	27528	15040282	779644	15046086	1970756	15034510	0.84027	15040282	1.00121	15046086	1.07241	15034510	32760.8982826948	15040282	778701.770857263	15046086	1837688.94359433
127	15121387	54886	15127174	785389	15132978	1029805	15121387	0.83932	15127174	1.00099	15132978	1.07307	15121387	65393.4137158652	15127174	784612.23388845	15132978	959681.101885245	15137938	48019	15143726	771509	15149529	1285723	15137938	0.83906	15143726	1.0015	15149529	1.07192	15137938	57229.5187471695	15143726	770353.469795307	15149529	1199457.98193895	15154506	27759	15160293	777819	15166097	1965408	15154506	0.83852	15160293	1.00161	15166097	1.07234	15154506	33104.7559986643	15160293	776568.724353791	15166097	1832821.67969114
128	15241398	55238	15247185	783074	15252989	1017671	15241398	0.8398	15247185	1.00154	15252989	1.07188	15241398	65775.1845677542	15247185	781869.920322703	15252989	949426.241743479	15257965	48346	15263753	771773	15269540	1268850	15257965	0.83912	15263753	1.00105	15269540	1.07249	15257965	57615.120602536	15263753	770963.488337246	15269540	1183087.95420004	15274517	27663	15280304	778662	15286108	1959875	15274517	0.83945	15280304	1.00155	15286108	1.07222	15274517	32953.7196974209	15280304	777456.941740303	15286108	1827866.48262483
129	15361409	55226	15367212	785019	15373015	1009221	15361409	0.83885	15367212	1.00146	15373015	1.07328	15361409	65835.3698515825	15367212	783874.543166976	15373015	940314.736135957	15377992	48946	15383764	771361	15389567	1253487	15377992	0.83941	15383764	1.00218	15389567	1.07233	15377992	58310.0034548075	15383764	769683.090861921	15389567	1168937.73372003	15394543	28030	15400331	779533	15406119	1954749	15394543	0.83957	15400331	1.00227	15406119	1.07221	15394543	33386.1381421442	15400331	777767.467847985	15406119	1823102.75039405
130	15481420	55309	15487208	784313	15493026	996899	15481420	0.83895	15487208	1.00087	15493026	1.07156	15481420	65926.4556886584	15487208	783631.240820486	15493026	930324.946806525	15497987	49365	15503790	771134	15509609	1232078	15497987	0.83884	15503790	1.00116	15509609	1.07148	15497987	58849.1249821182	15503790	770240.520995645	15509609	1149884.2722216	15514586	27897	15520358	778827	15526161	1948079	15514586	0.83947	15520358	1.001	15526161	1.07246	15514586	33231.6818945287	15520358	778048.951048951	15526161	1816458.42269176
131	15601431	55790	15607219	784707	15613022	986037	15601431	0.83938	15607219	1.00026	15613022	1.0718	15601431	66465.7247015654	15607219	784503.029212405	15613022	919982.272812092	15617998	49793	15623786	770995	15629589	1214288	15617998	0.83935	15623786	1.00042	15629589	1.07103	15617998	59323.2858759755	15623786	770671.318046421	15629589	1133757.22435413	15634565	27672	15640337	776733	15646141	1937246	15634565	0.83909	15640337	1.00096	15646141	1.0729	15634565	32978.5839421278	15640337	775988.051470588	15646141	1805616.55326685
132	15721442	55818	15727245	780549	15733048	973903	15721442	0.83899	15727245	1.00026	15733048	1.07136	15721442	66529.9943980262	15727245	780346.110011397	15733048	909034.311529271	15738009	49956	15743797	770360	15749584	1201250	15738009	0.83929	15743797	1.00058	15749584	1.07134	15738009	59521.7386123986	15743797	769913.450198885	15749584	1121259.35744022	15754576	27954	15760348	777057	15766152	1927943	15754576	0.83959	15760348	1.00095	15766152	1.07219	15754576	33294.8224728737	15760348	776319.496478346	15766152	1798135.59163954
133	15841453	56124	15847256	783533	15853044	965442	15841453	0.83826	15847256	1.00094	15853044	1.07231	15841453	66952.9740176079	15847256	782797.17065958	15853044	900338.521509638	15858020	50519	15863808	767661	15869595	1182799	15858020	0.83872	15863808	1.00103	15869595	1.07187	15858020	60233.4509729111	15863808	766871.122743574	15869595	1103491.09500219	15874572	27907	15880359	775007	15886147	1926527	15874572	0.83873	15880359	1.00057	15886147	1.07261	15874572	33272.9245406746	15880359	774565.49766633	15886147	1796111.35454639
134	15961464	56453	15967252	784404	15973070	955316	15961464	0.83907	15967252	1.00198	15973070	1.07135	15961464	67280.4414411193	15967252	782853.949180622	15973070	891693.657534886	15978047	51009	15983819	769227	15989622	1169544	15978047	0.83909	15983819	0.99959	15989622	1.0721	15978047	60790.8567614916	15983819	769542.512430096	15989622	1090890.77511426	15994598	28438	16000386	774392	16006174	1916451	15994598	0.83865	16000386	0.99979	16006174	1.07159	15994598	33909.2589280391	16000386	774554.65647786	16006174	1788418.14499949
135	16081475	56825	16087278	784688	16093081	948419	16081475	0.83873	16087278	1.00034	16093081	1.07211	16081475	67751.2429506516	16087278	784421.296759102	16093081	884628.442976933	16098058	50855	16103861	771589	16109664	1152383	16098058	0.83945	16103861	1.0013	16109664	1.07194	16098058	60581.333015665	16103861	770587.23659243	16109664	1075044.31218165	16114641	28126	16120413	775031	16126216	1913034	16114641	0.83946	16120413	1.00023	16126216	1.07136	16114641	33504.8721797346	16120413	774852.783859712	16126216	1785612.67921147
136	16201486	56740	16207289	782380	16213077	938899	16201486	0.8382	16207289	1.00047	16213077	1.07148	16201486	67692.674779289	16207289	782012.454146551	16213077	876263.672677045	16218053	51005	16223825	768536	16229628	1134061	16218053	0.83884	16223825	1.00026	16229628	1.072	16218053	60804.2058080206	16223825	768336.232579529	16229628	1057892.7238806	16234605	28234	16240377	775208	16246180	1900418	16234605	0.839	16240377	1.00063	16246180	1.07028	16234605	33651.9666269368	16240377	774719.926446339	16246180	1775626.938745
137	16321497	57187	16327285	783747	16333103	926386	16321497	0.83908	16327285	1.00039	16333103	1.0715	16321497	68154.4072078944	16327285	783441.457831446	16333103	864569.295380308	16338064	52163	16343836	767257	16349639	1123145	16338064	0.83921	16343836	1.00028	16349639	1.07194	16338064	62157.2669534443	16343836	767042.228176111	16349639	1047768.53182081	16354631	28119	16360403	774068	16366207	1894635	16354631	0.83839	16360403	1.00041	16366207	1.07279	16354631	33539.2836269517	16360403	773750.762187503	16366207	1766081.89860084
138	16441508	57521	16447296	781300	16453099	920509	16441508	0.83883	16447296	1.00026	16453099	1.07129	16441508	68572.893196476	16447296	781096.914802152	16453099	859252.863370329	16458075	52078	16463847	768703	16469650	1106632	16458075	0.83814	16463847	1.00018	16469650	1.07207	16458075	62135.204142506	16463847	768564.658361495	16469650	1032238.56651152	16474627	28232	16480414	775439	16486218	1888257	16474627	0.83884	16480414	1.00068	16486218	1.07225	16474627	33656.0011444376	16480414	774912.059799337	16486218	1761023.08230357
139	16561519	57328	16567307	782068	16573110	911826	16561519	0.83899	16567307	0.99998	16573110	1.0716	16561519	68329.77747053	16567307	782083.641672833	16573110	850901.455767077	16578086	52730	16583874	771658	16589661	1092927	16578086	0.83831	16583874	1.00141	16589661	1.07102	16578086	62900.3590557192	16583874	770571.494193188	16589661	1020454.33325241	16594653	28227	16600441	775819	16606229	1879631	16594653	0.83887	16600441	1.00081	16606229	1.07175	16594653	33648.837126134	16600441	775191.095212878	16606229	1753796.12782832
140	16681530	57794	16687333	784049	16693136	905292	16681530	0.83951	16687333	1.00118	16693136	1.07185	16681530	68842.5391001894	16687333	783124.912603128	16693136	844606.987918086	16698113	52948	16703900	767684	16709719	1079929	16698113	0.83897	16703900	1.00049	16709719	1.07187	16698113	63110.7190960344	16703900	767308.019070655	16709719	1007518.63565544	16714711	28435	16720483	774598	16726286	1877139	16714711	0.83855	16720483	1.00013	16726286	1.07226	16714711	33909.7251207441	16720483	774497.315349005	16726286	1750637.90498573
141	16801541	57658	16807344	782274	16813147	897093	16801541	0.83904	16807344	1.0008	16813147	1.07164	16801541	68719.0122044241	16807344	781648.681055156	16813147	837121.608002688	16818124	52663	16823911	769922	16829715	1065847	16818124	0.83894	16823911	1.00067	16829715	1.0715	16818124	62773.2614966505	16823911	769406.497646577	16829715	994724.218385441	16834691	28499	16840479	774358	16846282	1867009	16834691	0.83915	16840479	1.00038	16846282	1.07159	16834691	33961.7470058988	16840479	774063.855734821	16846282	1742279.22992936
142	16921552	57744	16927340	783122	16933143	889825	16921552	0.83876	16927340	1.00119	16933143	1.07168	16921552	68844.4847155325	16927340	782191.192480948	16933143	830308.487608241	16938119	52937	16943891	770460	16949694	1054230	16938119	0.8385	16943891	1.00156	16949694	1.07246	16938119	63132.9755515802	16943891	769259.954471025	16949694	983001.69703299	16954671	28711	16960458	773112	16966262	1860040	16954671	0.83901	16960458	1.00025	16966262	1.0726	16954671	34220.0927283346	16960458	772918.770307423	16966262	1734141.33880291
143	17041563	58485	17047351	784069	17053169	882117	17041563	0.83967	17047351	1.00152	17053169	1.07199	17041563	69652.3634284898	17047351	782879.023883697	17053169	822878.011921753	17058130	53451	17063902	770125	17069705	1041636	17058130	0.83883	17063902	1.00129	17069705	1.07276	17058130	63720.8969636279	17063902	769132.818663924	17069705	970986.98683769	17074682	29073	17080470	773384	17086257	1856427	17074682	0.83875	17080470	1.00154	17086257	1.07276	17074682	34662.2950819672	17080470	772194.819977235	17086257	1730514.74700772
144	17161574	58277	17167362	781019	17173180	875088	17161574	0.83935	17167362	1.00099	17173180	1.07159	17161574	69431.1074045392	17167362	780246.555909649	17173180	816625.761718568	17178157	54047	17183929	767782	17189732	1029541	17178157	0.83906	17183929	1.00055	17189732	1.07218	17178157	64413.7487188044	17183929	767359.952026386	17189732	960231.490980992	17194709	28627	17200496	772857	17206299	1844944	17194709	0.83901	17200496	1.00143	17206299	1.07276	17194709	34119.9747321248	17200496	771753.392648513	17206299	1719810.58205004
145	17281585	58942	17287373	782219	17293176	871103	17281585	0.83944	17287373	1.00025	17293176	1.07265	17281585	70215.8581911751	17287373	782023.494126469	17293176	812103.668484594	17298152	54305	17303924	768636	17309728	1016753	17298152	0.8391	17303924	1.00055	17309728	1.07188	17298152	64718.1503992373	17303924	768213.482584579	17309728	948569.802589842	17314720	29455	17320507	771160	17326295	1840532	17314720	0.83937	17320507	1.00059	17326295	1.07181	17314720	35091.7950367538	17320507	770705.283882509	17326295	1717218.53686754
146	17401596	58962	17407384	781848	17413202	862326	17401596	0.83908	17407384	1.00049	17413202	1.07147	17401596	70269.8193259284	17407384	781465.082109766	17413202	804806.480816075	17418179	54916	17423951	767830	17429754	1007177	17418179	0.83889	17423951	1.00111	17429754	1.07274	17418179	65462.6947513977	17423951	766978.653694399	17429754	938882.674273356	17434731	29147	17440518	773916	17446306	1831806	17434731	0.83837	17440518	1.00122	17446306	1.07204	17434731	34766.2726481148	17440518	772972.972972973	17446306	1708710.49587702
147	17521607	58824	17527410	781748	17533213	856888	17521607	0.83827	17527410	1.00041	17533213	1.07039	17521607	70173.0945876627	17527410	781427.614677982	17533213	800538.121619223	17538174	55230	17543962	764646	17549750	993771	17538174	0.839	17543962	1.00055	17549750	1.07233	17538174	65828.3671036949	17543962	764225.675878267	17549750	926739.902828421	17554742	29455	17560514	770334	17566317	1824342	17554742	0.83836	17560514	1.0009	17566317	1.07237	17554742	35134.0712820268	17560514	769641.322809471	17566317	1701224.39083525
148	17641618	59247	17647406	779956	17653209	852133	17641618	0.83846	17647406	1.00032	17653209	1.07338	17641618	70661.6892875033	17647406	779706.493921945	17653209	793878.21647506	17658185	54969	17663957	767804	17669761	982913	17658185	0.83937	17663957	1.00045	17669761	1.07213	17658185	65488.4020157976	17663957	767458.643610375	17669761	916785.277904732	17674753	29264	17680540	771072	17686343	1814914	17674753	0.83828	17680540	1.00083	17686343	1.0728	17674753	34909.5767523978	17680540	770432.540990977	17686343	1691754.28784489
149	17761629	60150	17767432	780591	17773236	843283	17761629	0.83828	17767432	1.00126	17773236	1.07209	17761629	71754.0678532233	17767432	779608.693046761	17773236	786578.552173791	17778196	55413	17783984	766989	17789787	970625	17778196	0.83872	17783984	1.00128	17789787	1.07133	17778196	66068.5330026707	17783984	766008.509108341	17789787	906000.018668384	17794779	29639	17800551	772181	17806354	1809042	17794779	0.83898	17800551	1.00134	17806354	1.07139	17794779	35327.4213926435	17800551	771147.662132742	17806354	1688499.9859995
150	17881640	59634	17887428	779566	17893247	839773	17881640	0.83844	17887428	1.00081	17893247	1.07252	17881640	71124.9463288965	17887428	778935.062599295	17893247	782990.52698318	17898207	56097	17903995	768089	17909798	961061	17898207	0.83866	17903995	1.00056	17909798	1.07197	17898207	66888.8464932154	17903995	767659.110897897	17909798	896537.216526582	17914775	29672	17920562	771683	17926350	1800767	17914775	0.83895	17920562	1.00071	17926350	1.07195	17914775	35368.0195482448	17920562	771135.493799402	17926350	1679898.31615281
151	18001651	59921	18007439	781347	18013258	833707	18001651	0.83909	18007439	1.00077	18013258	1.07242	18001651	71411.8866867678	18007439	780745.8257142	18013258	777407.172562988	18018203	56439	18023990	769682	18029794	949097	18018203	0.83873	18023990	1.00002	18029794	1.07118	18018203	67291.0233328962	18023990	769666.606667867	18029794	886029.425493381	18034770	29851	18040542	772284	18046345	1795307	18034770	0.8394	18040542	1.00053	18046345	1.07266	18034770	35562.30640934	18040542	771874.906299661	18046345	1673696.23179759
152	18121662	59779	18127450	780091	18133253	827321	18121662	0.83862	18127450	1.00066	18133253	1.07182	18121662	71282.5832915981	18127450	779576.479523514	18133253	771884.271612771	18138229	56439	18144017	766709	18149820	941692	18138229	0.83928	18144017	1.00146	18149820	1.07202	18138229	67246.925936517	18144017	765591.23679428	18149820	878427.641275349	18154812	29697	18160584	772440	18166387	1785739	18154812	0.83961	18160584	1.00117	18166387	1.07204	18154812	35369.9932111337	18160584	771537.301357412	18166387	1665739.1515242
153	18241673	60074	18247461	783354	18253264	824515	18241673	0.83913	18247461	1.00112	18253264	1.07295	18241673	71590.8142957587	18247461	782477.625059933	18253264	768456.125634932	18258225	56828	18264012	766350	18269816	932183	18258225	0.83906	18264012	1.00084	18269816	1.07185	18258225	67728.1720020022	18264012	765706.806282723	18269816	869695.386481317	18274808	29770	18280580	771180	18286383	1776262	18274808	0.83852	18280580	1.00086	18286383	1.07214	18274808	35503.0291465916	18280580	770517.355074636	18286383	1656744.4550152
154	18361684	60042	18367487	781958	18373291	817087	18361684	0.83871	18367487	1.0014	18373291	1.07203	18361684	71588.5109274958	18367487	780864.789294987	18373291	762186.69253659	18378267	57037	18384039	766155	18389842	921688	18378267	0.8394	18384039	1.00079	18389842	1.07274	18378267	67949.7259947582	18384039	765550.21532989	18389842	859190.484180696	18394819	30204	18400606	768410	18406394	1768547	18394819	0.83965	18400606	1.00041	18406394	1.07209	18394819	35972.1312451617	18400606	768095.081016783	18406394	1649625.49785932
155	18481695	60186	18487483	782200	18493302	813414	18481695	0.83892	18487483	1.00141	18493302	1.07257	18481695	71742.2400228866	18487483	781098.650902228	18493302	758378.474132225	18498278	57004	18504050	767054	18509838	915052	18498278	0.83901	18504050	1.00193	18509838	1.07311	18498278	67941.9792374346	18504050	765576.437475672	18509838	852710.346562794	18514814	30674	18520602	769659	18526405	1761482	18514814	0.83985	18520602	1.00109	18526405	1.07263	18514814	36523.1886646425	18520602	768820.985126212	18526405	1642208.40364338
156	18601706	60624	18607494	781442	18613313	809381	18601706	0.83899	18607494	1.00091	18613313	1.07326	18601706	72258.3105877305	18607494	780731.534303784	18613313	754133.201647318	18618289	57107	18624061	765774	18629864	905803	18618289	0.83906	18624061	1.00059	18629864	1.07218	18618289	68060.6869592163	18624061	765322.459748748	18629864	844823.630360574	18634856	30261	18640628	770640	18646447	1751899	18634856	0.83954	18640628	1.0018	18646447	1.07167	18634856	36044.7387855254	18640628	769255.340387303	18646447	1634737.37251206
157	18721717	60618	18727505	778828	18733324	803915	18721717	0.83949	18727505	1.00048	18733324	1.07192	18721717	72208.1263624343	18727505	778454.341915881	18733324	749976.677363982	18738284	57752	18744072	767597	18749875	896814	18738284	0.83941	18744072	1.00168	18749875	1.07217	18738284	68800.705257264	18744072	766309.599872215	18749875	836447.578275833	18754852	30421	18760639	770436	18766442	1745697	18754852	0.83922	18760639	1.00152	18766442	1.07212	18754852	36249.1361025714	18760639	769266.714593817	18766442	1628266.42540014
158	18841728	61379	18847531	779012	18853335	800209	18841728	0.83903	18847531	1.00094	18853335	1.07173	18841728	73154.7143725493	18847531	778280.416408576	18853335	746651.675328674	18858311	57574	18864083	766296	18869886	886328	18858311	0.8388	18864083	1.00168	18869886	1.07238	18858311	68638.5312350978	18864083	765010.781886431	18869886	826505.529756243	18874863	31020	18880650	767814	18886453	1735904	18874863	0.83937	18880650	1.00067	18886453	1.07245	18874863	36956.2886450552	18880650	767299.909060929	18886453	1618633.9689496
159	18961739	60940	18967542	780429	18973346	795506	18961739	0.83922	18967542	1.00062	18973346	1.07181	18961739	72615.0473058316	18967542	779945.433831025	18973346	742208.040604212	18978322	58130	18984110	766467	18989897	881340	18978322	0.83871	18984110	1.00149	18989897	1.07243	18978322	69308.8194966079	18984110	765326.663271725	18989897	821815.876094477	18994874	30859	19000661	767537	19006449	1725805	18994874	0.83874	19000661	1.0005	19006449	1.07248	18994874	36792.0929012566	19000661	767153.423288356	19006449	1609172.19901537
160	19081750	60992	19087538	779590	19093357	791951	19081750	0.83849	19087538	1.00065	19093357	1.07245	19081750	72740.2831280039	19087538	779083.595662819	19093357	738450.27740221	19098317	58380	19104105	764644	19109893	875149	19098317	0.83992	19104105	1.00129	19109893	1.07304	19098317	69506.6196780646	19104105	763658.880044742	19109893	815579.102363379	19114869	31313	19120657	767633	19126460	1721243	19114869	0.83936	19120657	1.00137	19126460	1.07264	19114869	37305.8044224171	19120657	766582.781589223	19126460	1604679.10948687
161	19201761	61550	19207549	780781	19213352	788687	19201761	0.83952	19207549	1.00146	19213352	1.07271	19201761	73315.7042119306	19207549	779642.721626425	19213352	735228.533340791	19218328	59006	19224116	766792	19229904	868277	19218328	0.83877	19224116	1.00131	19229904	1.07193	19218328	70348.2480298532	19224116	765788.816650188	19229904	810012.780685306	19234896	31426	19240668	768748	19246471	1711815	19234896	0.8383	19240668	1.00064	19246471	1.07312	19234896	37487.7728736729	19240668	768256.315957787	19246471	1595175.74921724
162	19321772	61511	19327575	780848	19333379	783186	19321772	0.83936	19327575	1.00103	19333379	1.07106	19321772	73283.2157834541	19327575	780044.554109267	19333379	731225.141448658	19338355	58860	19344158	766029	19349977	858128	19338355	0.83878	19344158	1.00127	19349977	1.07154	19338355	70173.347003982	19344158	765057.377131044	19349977	800836.179703978	19354953	31053	19360726	769569	19366529	1703397	19354953	0.83936	19360726	1.00145	19366529	1.07299	19354953	36996.0446054137	19360726	768454.740626092	19366529	1587523.64886905
163	19441783	61526	19447571	780350	19453374	780090	19441783	0.83891	19447571	1.00034	19453374	1.07114	19441783	73340.4060030277	19447571	780084.7711778	19453374	728280.150120432	19458350	59069	19464122	767389	19469926	851506	19458350	0.83898	19464122	1.00136	19469926	1.07198	19458350	70405.7307683139	19464122	766346.768394983	19469926	794330.118099218	19474902	31920	19480690	770971	19486493	1693968	19474902	0.83921	19480690	1.00112	19486493	1.07113	19474902	38035.7717377057	19480690	770108.478504076	19486493	1581477.50506474
164	19561794	61691	19567597	780976	19573401	778338	19561794	0.84005	19567597	1.00158	19573401	1.07205	19561794	73437.2953990834	19567597	779744.004472933	19573401	726027.70393172	19578377	59637	19584149	766863	19589952	845102	19578377	0.84034	19584149	1.00101	19589952	1.07244	19578377	70967.7035485637	19584149	766089.249857644	19589952	788017.977695722	19594944	31544	19600716	766793	19606520	1683058	19594944	0.83899	19600716	1.00001	19606520	1.0719	19594944	37597.5875755373	19600716	766785.332146678	19606520	1570163.26149827
165	19681805	61613	19687593	780113	19693396	771831	19681805	0.83903	19687593	1.00097	19693396	1.07071	19681805	73433.6078566917	19687593	779357.023687024	19693396	720859.056140318	19698388	59807	19704160	765086	19709963	838695	19698388	0.83862	19704160	1.0009	19709963	1.07173	19698388	71315.9714769502	19704160	764398.041762414	19709963	782561.839269219	19714924	31918	19720712	766539	19726515	1674388	19714924	0.83792	19720712	1.00073	19726515	1.07129	19714924	38091.9419514989	19720712	765979.834720654	19726515	1562964.27671312
166	19801816	62086	19807604	778133	19813407	769738	19801816	0.83826	19807604	1.00061	19813407	1.07064	19801816	74065.3257939064	19807604	777658.628236776	19813407	718951.2814765	19818384	59376	19824171	765775	19829959	833013	19818384	0.83789	19824171	0.99966	19829959	1.0709	19818384	70863.7171943811	19824171	766035.452053698	19829959	777862.545522458	19834935	32457	19840723	766239	19846526	1667464	19834935	0.83792	19840723	0.99984	19846526	1.07081	19834935	38735.2014512125	19840723	766361.617858858	19846526	1557198.75608184
167	19921827	62492	19927615	777483	19933434	768971	19921827	0.83893	19927615	1.00035	19933434	1.07206	19921827	74490.1243250331	19927615	777210.976158345	19933434	717283.547562636	19938410	60164	19944182	766466	19949985	825970	19938410	0.83882	19944182	1.00036	19949985	1.07138	19938410	71724.5654610048	19944182	766190.171538246	19949985	770940.282626146	19954962	32640	19960749	767129	19966553	1656963	19954962	0.83846	19960749	1.00001	19966553	1.07059	19954962	38928.5117954345	19960749	767121.328786712	19966553	1547710.14113713
168	20041838	62385	20047626	777619	20053445	762654	20041838	0.83877	20047626	1.00034	20053445	1.07086	20041838	74376.7659787546	20047626	777354.699402203	20053445	712188.334609566	20058406	59955	20064193	764990	20069996	821710	20058406	0.83853	20064193	1.00113	20069996	1.07237	20058406	71500.1252191335	20064193	764126.537013175	20069996	766256.049684344	20074988	32375	20080760	766774	20086564	1652137	20074988	0.83877	20080760	1.00052	20086564	1.07124	20074988	38598.1854382012	20080760	766375.484747931	20086564	1542265.97214443
169	20161849	62556	20167637	778566	20173456	759538	20161849	0.83832	20167637	0.99987	20173456	1.07153	20161849	74620.6699112511	20167637	778667.226739476	20173456	708835.0302838	20178417	60988	20184204	762519	20190007	815773	20178417	0.83847	20184204	1.00027	20190007	1.07214	20178417	72737.2476057581	20184204	762313.175442631	20190007	760882.90708303	20194984	32490	20200771	767104	20206575	1640452	20194984	0.83903	20200771	1.00107	20206575	1.07182	20194984	38723.2876059259	20200771	766284.076038639	20206575	1530529.3799332
170	20281860	62806	20287664	776698	20293467	756395	20281860	0.8382	20287664	1.0001	20293467	1.07104	20281860	74929.6110713434	20287664	776620.337966204	20293467	706224.790857484	20298443	60751	20304215	764383	20310034	809861	20298443	0.83856	20304215	1.00078	20310034	1.07088	20298443	72446.8135851937	20304215	763787.24594816	20310034	756257.470491558	20315010	32750	20320798	768312	20326586	1632862	20315010	0.83908	20320798	1.00159	20326586	1.07168	20315010	39030.8433045717	20320798	767092.323206102	20326586	1523646.98417438
171	20401871	62316	20407675	776705	20413478	750501	20401871	0.83861	20407675	1.00116	20413478	1.07023	20401871	74308.677454359	20407675	775805.066123297	20413478	701252.067312634	20418454	61182	20424226	765365	20430029	804309	20418454	0.83837	20424226	1.00044	20430029	1.07104	20418454	72977.3250474134	20424226	765028.387509496	20430029	750960.748431431	20435021	32953	20440809	766358	20446597	1623364	20435021	0.83884	20440809	1.00041	20446597	1.07185	20435021	39284.011253636	20440809	766043.921991983	20446597	1514544.01268834
172	20521882	63328	20527670	779643	20533489	750750	20521882	0.83863	20527670	1.00083	20533489	1.07179	20521882	75513.6353338183	20527670	778996.432960643	20533489	700463.710241745	20538450	61082	20544237	766141	20550040	800804	20538450	0.83854	20544237	0.99997	20550040	1.07229	20538450	72843.2752164476	20544237	766163.984919548	20550040	746816.626099283	20555017	33525	20560804	769209	20566608	1618043	20555017	0.8389	20560804	1.00044	20566608	1.07286	20555017	39963.0468470616	20560804	768870.696893367	20566608	1508158.56682139
173	20641893	63317	20647665	778890	20653469	749869	20641893	0.83869	20647665	1.00022	20653469	1.07194	20641893	75495.1173854464	20647665	778718.681889984	20653469	699543.817750994	20658445	60650	20664233	765933	20670036	795001	20658445	0.83812	20664233	1.00005	20670036	1.0715	20658445	72364.3392354317	20664233	765894.705264737	20670036	741951.469902007	20675012	33356	20680800	768559	20686603	1606943	20675012	0.83899	20680800	1.00068	20686603	1.07188	20675012	39757.3272625419	20680800	768036.735020186	20686603	1499181.8113968
174	20761904	63410	20767692	779633	20773511	746938	20761904	0.83946	20767692	1.00167	20773511	1.07222	20761904	75536.6545159984	20767692	778333.183583416	20773511	696627.557777322	20778472	61718	20784259	766902	20790062	789801	20778472	0.83893	20784259	1.00054	20790062	1.07216	20778472	73567.5205321064	20784259	766488.096427929	20790062	736644.717206387	20795039	33861	20800826	767446	20806630	1595243	20795039	0.83842	20800826	1.00115	20806630	1.07237	20795039	40386.6797070681	20800826	766564.450881486	20806630	1487586.37410595
175	20881915	63620	20887703	779752	20893522	742239	20881915	0.83932	20887703	1.00204	20893522	1.07254	20881915	75799.4567030453	20887703	778164.544329568	20893522	692038.525369683	20898498	61256	20904286	766232	20910089	787433	20898498	0.83866	20904286	1.00062	20910089	1.07328	20898498	73040.3262347078	20904286	765757.23051708	20910089	733669.685450209	20915065	33918	20920853	765792	20926656	1588244	20915065	0.8395	20920853	1.00071	20926656	1.07317	20915065	40402.6206075045	20920853	765248.673441856	20926656	1479955.6454243
176	21001926	63476	21007714	778390	21013517	739791	21001926	0.83957	21007714	1.00099	21013517	1.07225	21001926	75605.3694152959	21007714	777620.156045515	21013517	689942.643972954	21018494	61942	21024328	766395	21030131	782109	21018494	0.83897	21024328	1.00105	21030131	1.07242	21018494	73831.0070681908	21024328	765591.12931422	21030131	729293.560358815	21035108	34334	21040880	768002	21046683	1578445	21035108	0.83876	21040880	1.00141	21046683	1.07177	21035108	40934.2362535171	21040880	766920.641894928	21046683	1472746.01826885
177	21121937	63957	21127725	778895	21133544	739128	21121937	0.83981	21127725	1.0015	21133544	1.07327	21121937	76156.5115919077	21127725	777728.407388917	21133544	688669.207189244	21138520	62573	21144292	766106	21150080	777338	21138520	0.83975	21144292	1.00126	21150080	1.07238	21138520	74513.8434057755	21144292	765141.921179314	21150080	724871.78052556	21155072	34572	21160844	765138	21166647	1570736	21155072	0.83923	21160844	1.00149	21166647	1.07345	21155072	41194.9048532583	21160844	763999.640535602	21166647	1463259.58358564
178	21241948	64132	21247736	779851	21253539	734951	21241948	0.83956	21247736	1.00143	21253539	1.0723	21241948	76387.6316165611	21247736	778737.40551012	21253539	685396.81059405	21258516	62528	21264288	766173	21270091	772898	21258516	0.83969	21264288	1.00061	21270091	1.07219	21258516	74465.5765818338	21264288	765705.919389173	21270091	720859.176078867	21275083	35146	21280855	766399	21286658	1559253	21275083	0.83897	21280855	1.00131	21286658	1.07358	21275083	41891.8435700919	21280855	765396.330806643	21286658	1452386.40809255
179	21361959	64673	21367747	779195	21373550	733411	21361959	0.84015	21367747	1.00221	21373550	1.07285	21361959	76977.920609415	21367747	777476.776324323	21373550	683610.010719113	21378527	62920	21384314	765179	21390117	768886	21378527	0.83945	21384314	1.0013	21390117	1.07306	21378527	74953.8388230389	21384314	764185.558773594	21390117	716535.888021173	21395094	35141	21400881	766541	21406685	1549386	21395094	0.84044	21400881	1.00133	21406685	1.07315	21395094	41812.6219599258	21400881	765522.854603378	21406685	1443773.93654196
180	21481970	64105	21487758	778453	21493561	732097	21481970	0.83973	21487758	1.00235	21493561	1.07377	21481970	76340.0140521358	21487758	776627.924377713	21493561	681800.571817056	21498538	62934	21504325	767105	21510113	764991	21498538	0.84016	21504325	1.00163	21510113	1.07345	21498538	74907.1605408494	21504325	765856.653654543	21510113	712647.072523173	21515105	35196	21520877	766098	21526680	1541050	21515105	0.83971	21520877	1.00167	21526680	1.07404	21515105	41914.4704719487	21520877	764820.749348588	21526680	1434816.20796246
181	21601981	64123	21607769	777663	21613572	728520	21601981	0.83974	21607769	1.00184	21613572	1.07339	21601981	76360.5401671946	21607769	776234.728100296	21613572	678709.509125295	21618549	63314	21624336	766684	21630124	762995	21618549	0.83944	21624336	1.00161	21630124	1.07306	21618549	75424.0922519775	21624336	765451.622887152	21630124	711045.980653458	21635100	35797	21640888	766523	21646691	1530834	21635100	0.83967	21640888	1.00212	21646691	1.07386	21635100	42632.2245644122	21640888	764901.409012893	21646691	1425543.36691934
182	21721992	64162	21727780	776773	21733583	727515	21721992	0.83913	21727780	1.00066	21733583	1.07194	21721992	76462.5266645216	21727780	776260.667959147	21733583	678690.038621565	21738560	63170	21744332	766835	21750135	757721	21738560	0.83898	21744332	1.00171	21750135	1.07242	21738560	75293.809149205	21744332	765525.950624432	21750135	706552.470114321	21755127	35913	21760899	766880	21766702	1519726	21755127	0.84024	21760899	1.00171	21766702	1.07302	21755127	42741.3596115396	21760899	765570.873805792	21766702	1416307.24497213
183	21842003	64252	21847791	780282	21853610	727697	21842003	0.84004	21847791	1.00126	21853610	1.0734	21842003	76486.8339602876	21847791	779300.08189681	21853610	677936.463573691	21858571	63504	21864358	767528	21870162	753456	21858571	0.84003	21864358	1.00152	21870162	1.0722	21858571	75597.3000964251	21864358	766363.128045371	21870162	702719.641857862	21875138	36231	21880926	767276	21886729	1511227	21875138	0.83967	21880926	1.00203	21886729	1.07305	21875138	43149.0942870413	21880926	765721.58518208	21886729	1408347.23451843
184	21962014	64723	21967802	780052	21973605	723456	21962014	0.83908	21967802	1.00106	21973605	1.07313	21962014	77135.6724031082	21967802	779226.020418357	21973605	674155.041793632	21978582	63689	21984369	764926	21990157	751763	21978582	0.83874	21984369	1.00072	21990157	1.07274	21978582	75934.1393041944	21984369	764375.649532337	21990157	700787.702518784	21995133	36763	22000921	766780	22006724	1501499	21995133	0.83884	22000921	1.00146	22006724	1.07297	21995133	43825.9978064947	22000921	765662.133285403	22006724	1399385.81693803
185	22082025	65022	22087829	775949	22093632	721754	22082025	0.8391	22087829	1.00031	22093632	1.07148	22082025	77490.1680371827	22087829	775708.53035559	22093632	673604.733639452	22098593	64552	22104380	765506	22110184	748479	22098593	0.83938	22104380	1.00053	22110184	1.07256	22098593	76904.3818056184	22104380	765100.49673673	22110184	697843.477287984	22115160	36853	22120948	766006	22126751	1488539	22115160	0.83913	22120948	1.00067	22126751	1.07183	22115160	43918.1056570496	22120948	765493.119609861	22126751	1388782.73606822
186	22202036	65035	22207824	777994	22213627	719646	22202036	0.8392	22207824	1.00126	22213627	1.07243	22202036	77496.4251668256	22207824	777014.961148952	22213627	671042.3990377	22218604	64241	22224391	766416	22230195	743937	22218604	0.83935	22224391	1.00081	22230195	1.07269	22218604	76536.6057067969	22224391	765795.705478563	22230195	693524.690264662	22235171	36875	22240959	765143	22246762	1481193	22235171	0.83962	22240959	1.00014	22246762	1.07397	22235171	43918.6774969629	22240959	765035.894974704	22246762	1379175.39596078
187	22322048	64802	22327835	776543	22333638	718910	22322048	0.83926	22327835	1.00077	22333638	1.07284	22322048	77213.2592998594	22327835	775945.5219481	22333638	670099.921703143	22338615	64469	22344402	767863	22350206	741111	22338615	0.8387	22344402	1.00062	22350206	1.07206	22338615	76867.7715512102	22344402	767387.219923647	22350206	691296.196108427	22355182	37267	22360970	765503	22366773	1469839	22355182	0.83939	22360970	1.00034	22366773	1.07208	22355182	44397.7173900094	22360970	765242.81744207	22366773	1371016.15551078
188	22442059	65076	22447846	778998	22453649	718001	22442059	0.83914	22447846	1.00025	22453649	1.07237	22442059	77550.8258455085	22447846	778803.299175206	22453649	669545.958950735	22458626	64450	22464413	766727	22470232	738879	22458626	0.83926	22464413	1.00041	22470232	1.07251	22458626	76793.842194314	22464413	766412.770763987	22470232	688925.044987925	22475209	37648	22480996	765783	22486784	1456876	22475209	0.83863	22480996	0.99987	22486784	1.07187	22475209	44892.2647651527	22480996	765882.564733415	22486784	1359190.94666331
189	22562070	65026	22567857	777171	22573676	713573	22562070	0.8392	22567857	1.00098	22573676	1.07208	22562070	77485.7006673022	22567857	776410.118084278	22573676	665596.783822103	22578637	64941	22584409	767039	22590212	735931	22578637	0.83863	22584409	1.0008	22590212	1.072	22578637	77437.0103621382	22584409	766425.85931255	22590212	686502.798507463	22595188	38240	22600976	766920	22606779	1449234	22595188	0.83843	22600976	1.00004	22606779	1.0721	22595188	45609.0550195007	22600976	766889.324427023	22606779	1351771.28999161
190	22682081	65449	22687868	780207	22693671	711674	22682081	0.83889	22687868	1.00106	22693671	1.07273	22682081	78018.5721608316	22687868	779380.85629233	22693671	663423.228585012	22698648	64708	22704435	765611	22710239	731973	22698648	0.83906	22704435	1.00143	22710239	1.07265	22698648	77119.6338760041	22704435	764517.739632326	22710239	682396.867570969	22715199	38540	22720987	764424	22726790	1436928	22715199	0.83857	22720987	1.00034	22726790	1.07284	22715199	45959.1924347401	22720987	764164.18417738	22726790	1339368.40535401
191	22802092	65652	22807879	778004	22813698	709210	22802092	0.83915	22807879	1.00077	22813698	1.07214	22802092	78236.3105523446	22807879	777405.39784366	22813698	661490.103904341	22818659	65333	22824446	765700	22830250	728815	22818659	0.83927	22824446	1.00054	22830250	1.07283	22818659	77845.0319920884	22824446	765286.745157615	22830250	679338.758237559	22835242	38992	22841014	765775	22846817	1423573	22835242	0.83877	22841014	1.00026	22846817	1.07171	22835242	46487.1180418947	22841014	765575.950252934	22846817	1328319.22814941
192	22922103	65284	22927890	777365	22933709	708811	22922103	0.83894	22927890	1.00133	22933709	1.07444	22922103	77817.245571793	22927890	776332.47780452	22933709	659702.728863408	22938685	65695	22944457	764304	22950261	727284	22938685	0.83926	22944457	1.00112	22950261	1.0739	22938685	78277.2919000072	22944457	763448.937190347	22950261	677236.24173573	22955237	39291	22961025	766718	22966828	1415633	22955237	0.84006	22961025	1.00178	22966828	1.07292	22955237	46771.6591672023	22961025	765355.666912895	22966828	1319420.83286732
193	23042114	65860	23047886	778689	23053689	706378	23042114	0.8393	23047886	1.00108	23053689	1.07224	23042114	78470.1536995115	23047886	777848.923162984	23053689	658787.21181825	23058665	65812	23064453	765075	23070256	725634	23058665	0.83891	23064453	1.00096	23070256	1.07315	23058665	78449.4165047502	23064453	764341.23241688	23070256	676172.016959419	23075232	39322	23081020	766231	23086823	1401126	23075232	0.83835	23081020	1.00041	23086823	1.07159	23075232	46904.0376930876	23081020	765916.974040644	23086823	1307520.60022957
194	23162125	65629	23167912	778256	23173715	705519	23162125	0.83836	23167912	0.99998	23173715	1.07286	23162125	78282.5993606565	23167912	778271.565431309	23173715	657605.838599631	23178692	66226	23184479	766973	23190283	722136	23178692	0.83877	23184479	1.0011	23190283	1.07208	23178692	78956.0904658011	23184479	766130.256717611	23190283	673584.060890978	23195259	39833	23201047	764608	23206850	1393721	23195259	0.83851	23201047	1.00065	23206850	1.07277	23195259	47504.5020333687	23201047	764111.327637036	23206850	1299179.69369017
195	23282136	65607	23287923	777615	23293726	702685	23282136	0.83813	23287923	0.99973	23293726	1.07234	23282136	78277.8327944352	23287923	777825.012753444	23293726	655281.9068579	23298703	65599	23304490	764765	23310278	718091	23298703	0.83852	23304490	0.99985	23310278	1.07211	23298703	78231.8847493202	23304490	764879.731959794	23310278	669792.278777364	23315254	40185	23321042	764669	23326845	1382404	23315254	0.83872	23321042	0.99962	23326845	1.07152	23315254	47912.2949256009	23321042	764959.684680179	23326845	1290133.64192922
196	23402147	65625	23407934	775240	23413737	700886	23402147	0.83878	23407934	0.99985	23413737	1.07235	23402147	78238.6322992918	23407934	775356.303445517	23413737	653598.172238542	23418714	65924	23424501	766465	23430305	716354	23418714	0.83944	23424501	1.00101	23430305	1.07222	23418714	78533.3079195654	23424501	765691.651432054	23430305	668103.560836396	23435281	40664	23441053	763664	23446856	1370685	23435281	0.8382	23441053	1.00038	23446856	1.07271	23435281	48513.4812693868	23441053	763373.917911194	23446856	1277777.77777778
197	23522158	65915	23527945	776948	23533764	701044	23522158	0.83871	23527945	1.00043	23533764	1.07209	23522158	78590.9313111803	23527945	776614.055955939	23533764	653904.056562415	23538740	66005	23544528	766995	23550331	714776	23538740	0.83925	23544528	1.00103	23550331	1.0722	23538740	78647.6020256181	23544528	766205.808017742	23550331	666644.282783063	23555308	41225	23561095	763937	23566898	1362604	23555308	0.83912	23561095	0.99942	23566898	1.07189	23555308	49128.8492706645	23561095	764380.340597547	23566898	1271216.26286279
198	23642169	66443	23647956	777367	23653775	700700	23642169	0.8392	23647956	1.00083	23653775	1.07314	23642169	79174.2135367016	23647956	776722.320474006	23653775	652943.697933168	23658736	66261	23664523	765430	23670327	712375	23658736	0.83887	23664523	1.00076	23670327	1.07247	23658736	78988.4010633352	23664523	764848.714976618	23670327	664237.694294479	23675303	41508	23681091	764501	23686894	1350864	23675303	0.83927	23681091	1.00057	23686894	1.07313	23675303	49457.2664339247	23681091	764065.482674875	23686894	1258807.41382684
199	23762180	66277	23767967	778582	23773770	699327	23762180	0.8399	23767967	1.00205	23773770	1.07309	23762180	78910.584593404	23767967	776989.172196996	23773770	651694.638846695	23778747	66693	23784534	766909	23790338	710651	23778747	0.83842	23784534	1.0014	23790338	1.07385	23778747	79546.0509052742	23784534	765836.828440184	23790338	661778.646924617	23795314	42045	23801102	766079	23806905	1339334	23795314	0.83873	23801102	1.00121	23806905	1.07271	23795314	50129.3622500686	23801102	765153.164670748	23806905	1248551.7987154
200	23882191	66320	23887978	776386	23893781	696691	23882191	0.83867	23887978	1.0003	23893781	1.07297	23882191	79077.5871320066	23887978	776153.154053784	23893781	649310.791541236	23898758	66255	23904545	767395	23910349	708356	23898758	0.83926	23904545	1.00131	23910349	1.07232	23898758	78944.5463861021	23904545	766391.027753643	23910349	660582.661891972	23915341	42505	23921113	766626	23926916	1327876	23915341	0.83925	23921113	1.0012	23926916	1.07238	23915341	50646.4104855526	23921113	765707.151418298	23926916	1238251.36612022
201	24002202	66118	24007989	778395	24013792	695707	24002202	0.83894	24007989	1.00175	24013792	1.07297	24002202	78811.3571888335	24007989	777035.188420264	24013792	648393.710914564	24018769	66512	24024572	767438	24030375	706416	24018769	0.83942	24024572	1.00144	24030375	1.07252	24018769	79235.6627194968	24024572	766334.478351174	24030375	658650.654533249	24035352	42294	24041139	766307	24046927	1319358	24035352	0.83926	24041139	1.00104	24046927	1.07384	24035352	50394.3950623168	24041139	765510.868696556	24046927	1228635.55092006
202	24122213	66456	24128000	776481	24133819	695022	24122213	0.83971	24128000	1.00138	24133819	1.0727	24122213	79141.6084124281	24128000	775410.932912581	24133819	647918.33690687	24138780	67201	24144568	767207	24150371	703831	24138780	0.8397	24144568	1.00229	24150371	1.07275	24138780	80029.7725378111	24144568	765454.110087899	24150371	656099.743649499	24155347	42799	24161135	767309	24166938	1306151	24155347	0.83946	24161135	1.00101	24166938	1.07312	24155347	50983.9658828294	24161135	766534.799852149	24166938	1217152.7881318
203	24242224	66180	24248011	779001	24253830	693657	24242224	0.83925	24248011	1.00064	24253830	1.07222	24242224	78856.1215370867	24248011	778502.75823473	24253830	646935.330435918	24258807	66581	24264594	769528	24270382	701977	24258807	0.8391	24264594	1.00129	24270382	1.07284	24258807	79348.111071386	24264594	768536.587801736	24270382	654316.580291563	24275374	43202	24281161	766606	24286965	1297510	24275374	0.8395	24281161	1.00137	24286965	1.07293	24275374	51461.584276355	24281161	765557.186654284	24286965	1209314.68036125
204	24362235	66998	24368022	778316	24373826	692461	24362235	0.83937	24368022	1.00032	24373826	1.07238	24362235	79819.3883507869	24368022	778067.018554063	24373826	645723.530837949	24378818	67095	24384590	767433	24390440	699786	24378818	0.83968	24384590	1.0007	24390440	1.07311	24378818	79905.4401676829	24384590	766896.172679125	24390440	652110.221692091	24395416	43564	24401204	765594	24407007	1285218	24395416	0.839	24401204	1.00097	24407007	1.07235	24395416	51923.7187127533	24401204	764852.093469335	24407007	1198506.0847671
205	24482246	67038	24488033	777296	24493837	691465	24482246	0.83997	24488033	1.00068	24493837	1.07322	24482246	79809.9932140434	24488033	776767.79789743	24493837	644290.08031904	24498813	66869	24504585	765125	24510388	697561	24498813	0.83917	24504585	1.00061	24510388	1.07258	24498813	79684.6884421512	24504585	764658.55827945	24510388	650358.015252941	24515380	43905	24521168	767354	24526971	1277662	24515380	0.83864	24521168	1.0018	24526971	1.07285	24515380	52352.6185252313	24521168	765975.244559792	24526971	1190904.59989747
206	24602257	66963	24608044	777511	24613863	690332	24602257	0.8392	24608044	1.00145	24613863	1.07283	24602257	79793.8512869399	24608044	776385.24139997	24613863	643468.210247663	24618840	67779	24624612	765356	24630415	695492	24618840	0.83894	24624612	0.99961	24630415	1.07238	24618840	80791.2365604215	24624612	765654.605296065	24630415	648549.954307242	24635391	44563	24641179	765095	24646998	1261680	24635391	0.83905	24641179	1.00027	24646998	1.07282	24635391	53111.2567784995	24641179	764888.48011037	24646998	1176040.71512463
207	24722268	66905	24728055	777119	24733859	688626	24722268	0.8392	24728055	1.00186	24733859	1.07269	24722268	79724.7378455672	24728055	775676.242189528	24733859	641961.796977692	24738851	67430	24744623	769775	24750426	695109	24738851	0.83897	24744623	1.00067	24750426	1.07347	24738851	80372.3613478432	24744623	769259.596070633	24750426	647534.630683671	24755402	44821	24761190	769675	24766993	1251802	24755402	0.83916	24761190	1.00153	24766993	1.07348	24755402	53411.7450784118	24761190	768499.196229769	24766993	1166115.81026195
208	24842279	67274	24848066	778531	24853885	688552	24842279	0.83949	24848066	1.00127	24853885	1.07378	24842279	80136.7496932662	24848066	777543.519729943	24853885	641241.222596808	24858862	68419	24864649	764682	24870437	694088	24858862	0.83919	24864649	1.00062	24870437	1.073	24858862	81529.8085058211	24864649	764208.190921629	24870437	646866.728797763	24875429	45101	24881216	767256	24887020	1240826	24875429	0.83912	24881216	1.00113	24887020	1.07298	24875429	53747.9740680713	24881216	766389.979323365	24887020	1156429.75637943
209	24962290	66755	24968077	778567	24973881	686012	24962290	0.83873	24968077	1.0015	24973881	1.07283	24962290	79590.57145923	24968077	777400.898652022	24973881	639441.47721447	24978873	67731	24984645	767206	24990463	692997	24978873	0.83909	24984645	1.00122	24990463	1.07301	24978873	80719.5890786447	24984645	766271.149197978	24990463	645843.934352895	24995440	45393	25001227	765723	25007031	1233813	24995440	0.83948	25001227	1.0014	25007031	1.0737	24995440	54072.7593272026	25001227	764652.486518874	25007031	1149122.65996088
210	25082301	67338	25088088	777430	25093892	687215	25082301	0.83945	25088088	1.00017	25093892	1.07366	25082301	80216.8086246948	25088088	777297.859363908	25093892	640067.619171805	25098868	68054	25104656	768920	25110459	691119	25098868	0.83862	25104656	1.00055	25110459	1.07297	25098868	81149.9844983425	25104656	768497.326470441	25110459	644117.729293457	25115435	46057	25121223	765699	25127026	1221797	25115435	0.83895	25121223	1.00036	25127026	1.07312	25115435	54898.3848858693	25121223	765423.447558879	25127026	1138546.48128821
211	25202312	67382	25208099	777075	25213903	684336	25202312	0.83881	25208099	1.00092	25213903	1.07278	25202312	80330.4681632313	25208099	776360.748111737	25213903	637908.984134678	25218879	68700	25224667	768375	25230454	688099	25218879	0.83927	25224667	1.00119	25230454	1.07419	25218879	81856.8517878633	25224667	767461.720552543	25230454	640574.758655359	25235431	46076	25241218	764894	25247021	1212950	25235431	0.83879	25241218	1.00033	25247021	1.07338	25235431	54931.5084824569	25241218	764641.668249478	25247021	1130028.50807729
212	25322323	67038	25328110	777122	25333914	682219	25322323	0.83871	25328110	1.00142	25333914	1.07267	25322323	79929.8923346568	25328110	776020.051526832	25333914	636000.820382783	25338890	68268	25344678	766467	25350481	685952	25338890	0.83895	25344678	1.00142	25350481	1.07383	25338890	81373.1450026819	25344678	765380.160172555	25350481	638790.125066351	25355442	46299	25361229	765442	25367032	1199620	25355442	0.83961	25361229	1.0022	25367032	1.07393	25355442	55143.4594633223	25361229	763761.724206745	25367032	1117037.42329575
213	25442334	67538	25448121	777177	25453925	681977	25442334	0.83928	25448121	1.00044	25453925	1.07354	25442334	80471.3564007244	25448121	776835.192515293	25453925	635259.980997448	25458901	68616	25464689	765410	25470492	685075	25458901	0.8396	25464689	1.00087	25470492	1.07347	25458901	81724.6307765603	25464689	764744.672135242	25470492	638187.373657392	25475484	46749	25481271	767662	25487075	1189117	25475484	0.83944	25481271	1.00153	25487075	1.07376	25475484	55690.6985609454	25481271	766489.271414736	25487075	1107432.75964834
214	25562345	67328	25568132	778467	25573936	682048	25562345	0.83946	25568132	1.00132	25573936	1.07335	25562345	80203.9406284993	25568132	777440.778172812	25573936	635438.580146271	25578912	68823	25584700	766327	25590503	683975	25578912	0.83944	25584700	1.00066	25590503	1.07383	25578912	81986.8007242924	25584700	765821.557771871	25590503	636949.051525847	25595479	47275	25601267	767047	25607086	1177873	25595479	0.83954	25601267	1.00087	25607086	1.07351	25595479	56310.5986611716	25601267	766380.249183211	25607086	1097216.6072044
215	25682356	67409	25688143	779074	25693947	680360	25682356	0.83898	25688143	1.00112	25693947	1.07242	25682356	80346.3729767098	25688143	778202.413297107	25693947	634415.620745603	25698923	69295	25704711	765662	25710498	681292	25698923	0.83965	25704711	1.00129	25710498	1.07249	25698923	82528.4344667421	25704711	764675.568516614	25710498	635243.219050994	25715490	47523	25721278	766683	25727081	1173160	25715490	0.83946	25721278	1.00182	25727081	1.07354	25715490	56611.3930383818	25721278	765290.171887165	25727081	1092795.79708255
216	25802367	67980	25808139	777629	25813958	680979	25802367	0.83988	25808139	1.00127	25813958	1.07306	25802367	80940.1343049007	25808139	776642.663816953	25813958	634614.094272455	25818934	69061	25824706	767821	25830509	681724	25818934	0.84027	25824706	1.00092	25830509	1.07443	25818934	82189.0582788866	25824706	767115.253966351	25830509	634498.292117681	25835501	47590	25841289	768600	25847092	1161139	25835501	0.8402	25841289	1.00219	25847092	1.074	25835501	56641.2758866936	25841289	766920.444227143	25847092	1081135.00931099
217	25922378	67775	25928150	776961	25933969	680310	25922378	0.83953	25928150	1.00068	25933969	1.0736	25922378	80729.6939954499	25928150	776433.025542631	25933969	633671.758569299	25938961	68963	25944733	766470	25950536	679483	25938961	0.83984	25944733	1.00163	25950536	1.0731	25938961	82114.4503714993	25944733	765222.687020157	25950536	633196.347031964	25955528	47931	25961315	767276	25967119	1148946	25955528	0.83986	25961315	1.00141	25967119	1.07381	25955528	57070.225990046	25961315	766195.6641136	25967119	1069971.41021224
218	26042389	67983	26048161	776710	26053964	679940	26042389	0.83991	26048161	1.00156	26053964	1.07375	26042389	80940.8150873308	26048161	775500.219657335	26053964	633238.64959255	26058940	69246	26064728	765652	26070531	678173	26058940	0.83964	26064728	1.00137	26070531	1.07383	26058940	82471.0590252966	26064728	764604.491846171	26070531	631545.961651286	26075523	48259	26081295	767538	26087099	1139502	26075523	0.84027	26081295	1.00227	26087099	1.07411	26075523	57432.7299558475	26081295	765799.634828938	26087099	1060880.17055981
219	26162400	67863	26168187	778814	26173991	678853	26162400	0.8398	26168187	1.0021	26173991	1.07358	26162400	80808.5258394856	26168187	777181.917972258	26173991	632326.421878202	26178967	68988	26184755	767783	26190558	677656	26178967	0.83966	26184755	1.00195	26190558	1.07425	26178967	82161.8274063312	26184755	766288.736962922	26190558	630817.779846405	26195534	48807	26201322	768108	26207125	1131612	26195534	0.84054	26201322	1.00118	26207125	1.07401	26195534	58066.2431294168	26201322	767202.700813041	26207125	1053632.64774071
220	26282411	68586	26288198	777199	26294017	678442	26282411	0.8392	26288198	1.00174	26294017	1.07407	26282411	81727.8360343184	26288198	775849.022700501	26294017	631655.292485592	26298994	69351	26304781	766357	26310569	678212	26298994	0.83945	26304781	1.00092	26310569	1.07386	26298994	82614.8073143129	26304781	765652.59960836	26310569	631564.635986069	26315561	49106	26321349	766158	26327136	1119059	26315561	0.83972	26321349	1.00071	26327136	1.07327	26315561	58479.0168151289	26321349	765614.413766226	26327136	1042663.07639271
221	26402422	68308	26408209	778226	26414013	675147	26402422	0.83918	26408209	1.0022	26414013	1.07377	26402422	81398.5080673991	26408209	776517.66114548	26414013	628763.142944951	26418989	69560	26424777	768052	26430580	674223	26418989	0.83971	26424777	1.00122	26430580	1.07333	26418989	82838.1226852128	26424777	767116.118335631	26430580	628160.025341694	26435572	49011	26441344	769781	26447147	1112747	26435572	0.83969	26441344	1.00232	26447147	1.07382	26435572	58367.9691314652	26441344	767999.241759119	26447147	1036250.95453614
222	26522433	68460	26528220	780127	26534039	675789	26522433	0.83934	26528220	1.00217	26534039	1.0735	26522433	81564.0860676246	26528220	778437.789995709	26534039	629519.329296693	26539016	69575	26544803	766352	26550607	674380	26539016	0.83992	26544803	1.00102	26550607	1.07455	26539016	82835.2700257167	26544803	765571.117460191	26550607	627592.945884324	26555583	49735	26561371	765010	26567174	1101329	26555583	0.83933	26561371	1.00154	26567174	1.07431	26555583	59255.59672596	26561371	763833.696107994	26567174	1025150.09634091
223	26642444	68377	26648232	777700	26654050	673856	26642444	0.83916	26648232	1.00074	26654050	1.07334	26642444	81482.6731493398	26648232	777124.927553611	26654050	627812.249613356	26659011	69790	26664799	769041	26670602	673927	26659011	0.83912	26664799	1.00175	26670602	1.07394	26659011	83170.4642959291	26664799	767697.529323683	26670602	627527.608618731	26675594	49782	26681382	766289	26687185	1092415	26675594	0.83929	26681382	1.00131	26687185	1.07347	26675594	59314.420522108	26681382	765286.474718119	26687185	1017648.37396481
224	26762455	68432	26768243	776594	26774046	673309	26762455	0.84009	26768243	1.00077	26774046	1.07313	26762455	81457.939030342	26768243	775996.482708315	26774046	627425.381826992	26779022	69682	26784810	767031	26790644	671158	26779022	0.83948	26784810	1.00061	26790644	1.07365	26779022	83006.1466622195	26784810	766563.39632824	26790644	625118.055232152	26795621	50618	26801393	768974	26807196	1081998	26795621	0.83911	26801393	1.00126	26807196	1.07266	26795621	60323.4379282812	26801393	768006.312046821	26807196	1008705.46118994
225	26882466	68303	26888254	777056	26894072	672665	26882466	0.83923	26888254	1.00061	26894072	1.07363	26882466	81387.7006303397	26888254	776582.284806268	26894072	626533.349477939	26899049	70217	26904821	768647	26910624	670226	26899049	0.83959	26904821	1.0012	26910624	1.07339	26899049	83632.4872854608	26904821	767725.72912505	26910624	624401.196210138	26915600	50541	26921388	766321	26927191	1077477	26915600	0.83966	26921388	1.00084	26927191	1.07398	26915600	60192.2206607436	26921388	765677.830622277	26927191	1003256.11277677
226	27002477	68630	27008265	777746	27014068	674971	27002477	0.8394	27008265	1.00111	27014068	1.0735	27002477	81760.7815106028	27008265	776883.659138356	27014068	628757.33581742	27019060	69790	27024832	768449	27030635	669323	27019060	0.83903	27024832	1.00168	27030635	1.07444	27019060	83179.3857192234	27024832	767160.170912866	27030635	622950.560291873	27035611	51036	27041399	767465	27047202	1067964	27035611	0.83969	27041399	1.00136	27047202	1.07424	27035611	60779.573413998	27041399	766422.665175361	27047202	994157.730116175
227	27122488	68538	27128276	779165	27134079	672699	27122488	0.83885	27128276	1.00207	27134079	1.07471	27122488	81704.7147881028	27128276	777555.460197392	27134079	625935.368611067	27139040	70380	27144827	769277	27150630	667712	27139040	0.8402	27144827	1.00057	27150630	1.07354	27139040	83765.7700547489	27144827	768838.761905714	27150630	621972.166849861	27155607	50945	27161394	767746	27167198	1057410	27155607	0.83952	27161394	1.00148	27167198	1.07397	27155607	60683.4858014103	27161394	766611.415105644	27167198	984580.574876393
228	27242499	68588	27248287	776383	27254090	671459	27242499	0.83941	27248287	1.00122	27254090	1.07428	27242499	81709.772340096	27248287	775436.966900381	27254090	625031.649104517	27259066	70704	27264854	767334	27270657	668924	27259066	0.84022	27264854	1.00175	27270657	1.07359	27259066	84149.3894456214	27264854	765993.511355128	27270657	623072.122504867	27275633	51539	27281437	766404	27287240	1049119	27275633	0.83966	27281437	1.00139	27287240	1.07427	27275633	61380.7969892576	27281437	765340.177153756	27287240	976587.822428254
229	27362510	68656	27368298	779169	27374101	668906	27362510	0.83966	27368298	1.002	27374101	1.07277	27362510	81766.4292689898	27368298	777613.77245509	27374101	623531.605097085	27379093	70719	27384865	770161	27390652	666484	27379093	0.83985	27384865	1.00155	27390652	1.07371	27379093	84204.3222003929	27384865	768969.097898258	27390652	620729.992269794	27395644	51549	27401432	767944	27407235	1040199	27395644	0.83998	27401432	1.00145	27407235	1.07301	27395644	61369.3183171028	27401432	766832.093464477	27407235	969421.533816088
230	27482521	69326	27488309	777554	27494112	670409	27482521	0.83929	27488309	1.00151	27494112	1.07319	27482521	82600.7696981973	27488309	776381.663687831	27494112	624688.079464028	27499088	70826	27504876	768013	27510679	666377	27499088	0.83936	27504876	1.00112	27510679	1.07344	27499088	84380.9569195578	27504876	767153.787757711	27510679	620786.443583246	27515655	51900	27521443	768596	27527262	1031314	27515655	0.83968	27521443	1.00098	27527262	1.0733	27515655	61809.2606707317	27521443	767843.51335691	27527262	960881.393832107
231	27602532	69280	27608320	777969	27614123	670280	27602532	0.83934	27608320	1.00145	27614123	1.07285	27602532	82541.0441537398	27608320	776842.578261521	27614123	624765.81069115	27619084	70836	27624871	767077	27630674	664842	27619084	0.83943	27624871	1.00045	27630674	1.07412	27619084	84385.833243987	27624871	766731.970613224	27630674	618964.361523852	27635651	52490	27641438	769422	27647226	1024753	27635651	0.83934	27641438	1.0014	27647226	1.07283	27635651	62537.2316343794	27641438	768346.315158778	27647226	955186.749065556
232	27722543	69264	27728331	779390	27734149	670557	27722543	0.83909	27728331	1.00164	27734149	1.07274	27722543	82546.5683061412	27728331	778113.893215127	27734149	625088.092175178	27739110	71137	27744898	767845	27750685	663719	27739110	0.83905	27744898	1.00025	27750685	1.07317	27739110	84782.7900601871	27744898	767653.086728318	27750685	618465.853499446	27755677	51976	27761465	767884	27767268	1016556	27755677	0.83959	27761465	1.00107	27767268	1.07283	27755677	61906.4066985076	27761465	767063.242330706	27767268	947546.209557898
233	27842554	69395	27848342	778165	27854160	667569	27842554	0.83954	27848342	1.00163	27854160	1.07324	27842554	82658.3605307668	27848342	776898.655192037	27854160	622012.783720323	27859137	71406	27864924	768395	27870743	662198	27859137	0.83925	27864924	1.00087	27870743	1.0733	27859137	85083.1099195711	27864924	767727.077442625	27870743	616973.819062704	27875735	52712	27881507	766819	27887310	1008660	27875735	0.8397	27881507	1.00081	27887310	1.0736	27875735	62774.8005239967	27881507	766198.379312757	27887310	939511.922503726
234	27962565	68825	27968353	775836	27974156	667445	27962565	0.8389	27968353	1.00042	27974156	1.07303	27962565	82041.9597091429	27968353	775510.285680015	27974156	622018.955667596	27979132	71229	27984920	769306	27990707	661153	27979132	0.83875	27984920	1.00039	27990707	1.07345	27979132	84922.8017883756	27984920	769006.087625826	27990707	615914.108714891	27995684	53321	28001456	767749	28007259	1002149	27995684	0.83952	28001456	1.00122	28007259	1.07355	27995684	63513.6744806556	28001456	766813.487545195	28007259	933490.754971822
235	28082576	68896	28088364	777686	28094167	666507	28082576	0.83924	28088364	1.00115	28094167	1.07261	28082576	82093.322529908	28088364	776792.68840833	28094167	621388.016147528	28099143	71786	28104915	768724	28110718	661691	28099143	0.83955	28104915	1.00137	28110718	1.07332	28099143	85505.3302364362	28104915	767672.288964119	28110718	616489.956396974	28115710	53148	28121482	769485	28127301	994289	28115710	0.83969	28121482	1.00087	28127301	1.07307	28115710	63294.7873620027	28121482	768816.129966929	28127301	926583.540682341
236	28202587	69294	28208375	777728	28214178	668021	28202587	0.83896	28208375	1.00085	28214178	1.07311	28202587	82595.1177648517	28208375	777067.492631263	28214178	622509.342005945	28219154	71355	28224926	767520	28230729	661670	28219154	0.83914	28224926	1.00145	28230729	1.07293	28219154	85033.4866649189	28224926	766408.707374307	28230729	616694.472146366	28235706	53222	28241494	767244	28247297	987773	28235706	0.83975	28241494	1.00138	28247297	1.07344	28235706	63378.3864245311	28241494	766186.66240588	28247297	920193.955880161
237	28322598	69575	28328386	776212	28334189	666681	28322598	0.83928	28328386	1.0004	28334189	1.07295	28322598	82898.4367553141	28328386	775901.639344262	28334189	621353.27834475	28339181	71023	28344953	767282	28350740	660742	28339181	0.83921	28344953	1.00068	28350740	1.07335	28339181	84630.7837132541	28344953	766760.602790103	28350740	615588.577817115	28355733	53079	28361520	767049	28367323	980479	28355733	0.83918	28361520	1.00107	28367323	1.0735	28355733	63251.0307681308	28361520	766229.134825737	28367323	913347.927340475
238	28442609	69192	28448397	777608	28454200	664857	28442609	0.83915	28448397	1.00056	28454200	1.07297	28442609	82454.8650420068	28448397	777172.783241385	28454200	619641.742080394	28459176	71781	28464964	768798	28470752	657937	28459176	0.83894	28464964	1.00147	28470752	1.07255	28459176	85561.5419457887	28464964	767669.525797078	28470752	613432.474010536	28475744	53252	28481516	767396	28487319	972676	28475744	0.83846	28481516	1.00013	28487319	1.07374	28475744	63511.6761682132	28481516	767296.251487307	28487319	905876.655428688
239	28562620	69049	28568408	775406	28574211	666521	28562620	0.83931	28568408	1.00044	28574211	1.07349	28562620	82268.7683930848	28568408	775064.971412578	28574211	620891.671091487	28579187	71983	28584975	769186	28590778	659163	28579187	0.83926	28584975	1.00052	28590778	1.07395	28579187	85769.6065581584	28584975	768786.231159797	28590778	613774.384282322	28595739	54158	28601527	768877	28607330	965015	28595739	0.83957	28601527	1.00141	28607330	1.07308	28595739	64506.8308777112	28601527	767794.409882066	28607330	899294.55399411
240	28682631	69812	28688419	777333	28694222	662919	28682631	0.83963	28688419	1.0009	28694222	1.07385	28682631	83146.147707919	28688419	776634.029373564	28694222	617329.235926805	28699214	72048	28704986	768596	28710789	657886	28699214	0.83929	28704986	1.00044	28710789	1.07378	28699214	85843.9871796399	28704986	768257.966494742	28710789	612682.299912459	28715766	54883	28721553	770616	28727356	957351	28715766	0.83948	28721553	1.00162	28727356	1.0737	28715766	65377.3764711488	28721553	769369.621213634	28727356	891637.328862811
241	28802642	69684	28808430	779482	28814233	664570	28802642	0.83997	28808430	1.00147	28814233	1.07414	28802642	82960.1057180614	28808430	778337.843370246	28814233	618699.610851472	28819209	72239	28824997	769809	28830785	657747	28819209	0.83951	28824997	1.00121	28830785	1.07384	28819209	86049.0047765959	28824997	768878.656825242	28830785	612518.624748566	28835761	54411	28841549	769006	28847336	952419	28835761	0.83926	28841549	1.00089	28847336	1.07401	28835761	64832.1140051951	28841549	768322.193248009	28847336	886787.832515526
242	28922653	69066	28928441	776889	28934244	662841	28922653	0.83946	28928441	1.00073	28934244	1.07352	28922653	82274.3192052034	28928441	776322.284732145	28934244	617446.344735077	28939236	72077	28945008	767582	28950811	656191	28939236	0.83886	28945008	1.00022	28950811	1.07276	28939236	85922.5615716568	28945008	767413.169102798	28950811	611684.813005705	28955788	54849	28961591	770622	28967394	946547	28955788	0.83906	28961591	1.00068	28967394	1.07355	28955788	65369.5802445594	28961591	770098.333133469	28967394	881698.104419915
243	29042664	69452	29048452	777264	29054255	662196	29042664	0.83881	29048452	1.00028	29054255	1.07254	29042664	82798.2499016464	29048452	777046.42700044	29054255	617409.140917821	29059231	72179	29065003	771511	29070807	657680	29059231	0.83888	29065003	1.00121	29070807	1.07376	29059231	86042.1037573908	29065003	770578.599894128	29070807	612501.862613619	29075783	55291	29081571	770784	29087358	939839	29075783	0.83934	29081571	1.00084	29087358	1.0742	29075783	65874.3774870732	29081571	770137.084848727	29087358	874919.940420778
244	29162675	69636	29168463	779055	29174266	664437	29162675	0.83857	29168463	1.00089	29174266	1.07411	29162675	83041.3680432164	29168463	778362.257590744	29174266	618593.067749113	29179242	71988	29185030	769446	29190833	656485	29179242	0.83936	29185030	1.00087	29190833	1.07386	29179242	85765.3450247808	29185030	768777.163867435	29190833	611332.017208947	29195810	55406	29201597	768541	29207400	932654	29195810	0.83919	29201597	1.0011	29207400	1.07345	29195810	66023.1890275146	29201597	767696.533812806	29207400	868837.859238903
245	29282686	69318	29288474	779060	29294277	661990	29282686	0.83913	29288474	1.00027	29294277	1.0738	29282686	82606.9858067284	29288474	778849.710578144	29294277	616492.829204694	29299253	72601	29305041	770361	29310829	655821	29299253	0.83911	29305041	1.00142	29310829	1.07366	29299253	86521.4334235082	29305041	769268.638533283	29310829	610827.450030736	29315821	55272	29321608	769317	29327411	926553	29315821	0.839	29321608	1.00074	29327411	1.07372	29315821	65878.4266984506	29321608	768748.126386474	29327411	862937.26483627
246	29402697	69882	29408485	780339	29414288	662682	29402697	0.839	29408485	1.00158	29414288	1.0732	29402697	83292.0143027414	29408485	779108.009345235	29414288	617482.295937384	29419264	72591	29425036	769782	29430855	654331	29419264	0.83891	29425036	1.00121	29430855	1.07314	29419264	86530.140301105	29425036	768851.689455759	29430855	609734.983319977	29435832	55617	29441635	768299	29447438	920991	29435832	0.83901	29441635	1.0013	29447438	1.07345	29435832	66288.8404190653	29441635	767301.508039549	29447438	857972.891145373
247	29522708	69587	29528496	778085	29534299	662004	29522708	0.83877	29528496	1.00042	29534299	1.07334	29522708	82963.1484197098	29528496	777758.341496572	29534299	616770.082173403	29539291	72933	29545063	769961	29550866	654125	29539291	0.83929	29545063	1.00039	29550866	1.07408	29539291	86898.4498802559	29545063	769660.832275413	29550866	609009.570981677	29555827	55820	29561615	769417	29567418	916061	29555827	0.83895	29561615	1.00112	29567418	1.07304	29555827	66535.5503903689	29561615	768556.217036919	29567418	853706.292402893
248	29642719	69888	29648507	779016	29654310	661459	29642719	0.83965	29648507	1.0012	29654310	1.07365	29642719	83234.6811171321	29648507	778082.301238514	29654310	616084.38504168	29659286	73027	29665074	769725	29670862	652971	29659286	0.83957	29665074	1.00147	29670862	1.07348	29659286	86981.4309706159	29665074	768595.165107292	29670862	608274.956217163	29675854	56651	29681641	773588	29687444	908515	29675854	0.8389	29681641	1.00049	29687444	1.07385	29675854	67530.0989390869	29681641	773209.127527512	29687444	846035.293569865
249	29762730	70288	29768533	778283	29774321	660452	29762730	0.83931	29768533	1.00054	29774321	1.07309	29762730	83744.9809962946	29768533	777862.954004837	29774321	615467.481758287	29779297	73236	29785085	770792	29790888	652843	29779297	0.83913	29785085	1.0008	29790888	1.07301	29779297	87276.1073969468	29785085	770175.85931255	29790888	608422.102310323	29795865	56569	29801668	769204	29807471	903411	29795865	0.8392	29801668	1.00104	29807471	1.07418	29795865	67408.2459485224	29801668	768404.858946695	29807471	841023.850751271
250	29882741	69692	29888529	778904	29894332	658411	29882741	0.83936	29888529	1.00122	29894332	1.07322	29882741	83029.9275638582	29888529	777954.895028066	29894332	613491.176086916	29899324	72706	29905096	767887	29910899	651194	29899324	0.83906	29905096	1.00066	29910899	1.07322	29899324	86651.7293161395	29905096	767380.528850958	29910899	606766.552990067	29915891	56871	29921679	769496	29927482	900086	29915891	0.8389	29921679	1.00044	29927482	1.07374	29915891	67792.3471212302	29921679	769157.570668906	29927482	838271.834894853
251	30002752	70001	30008540	777691	30014343	658725	30002752	0.83888	30008540	1.00083	30014343	1.07382	30002752	83445.7848559985	30008540	777046.051777025	30014343	613440.800134101	30019319	73617	30025107	771763	30030895	652271	30019319	0.8388	30025107	1.00076	30030895	1.07354	30019319	87764.6638054364	30025107	771176.905551781	30030895	607588.911451832	30035871	56639	30041659	769290	30047446	894007	30035871	0.83877	30041659	0.99983	30047446	1.07398	30035871	67526.2586883174	30041659	769420.801536261	30047446	832424.253710497
252	30122763	70064	30128551	779693	30134370	660301	30122763	0.83958	30128551	1.00126	30134370	1.07395	30122763	83451.2494342409	30128551	778711.823102891	30134370	614834.023930351	30139346	73349	30145134	771428	30150937	651606	30139346	0.83953	30145134	1.00111	30150937	1.07358	30139346	87369.1231998857	30145134	770572.66434258	30150937	606946.850723747	30155913	57315	30161701	771532	30167520	888609	30155913	0.83885	30161701	1.00063	30167520	1.07428	30155913	68325.6839721047	30161701	771046.240868253	30167520	827167.032803366
253	30242774	70472	30248562	780707	30254365	659802	30242774	0.83911	30248562	1.00105	30254365	1.07393	30242774	83984.2213774118	30248562	779888.11747665	30254365	614380.825565912	30259341	73301	30265129	770467	30270932	650355	30259341	0.83932	30265129	1.00034	30270932	1.074	30259341	87333.7940237335	30265129	770205.130255713	30270932	605544.69273743	30275909	57461	30281696	769097	30287499	882950	30275909	0.83897	30281696	1.00177	30287499	1.07289	30275909	68489.9340858434	30281696	767738.103556705	30287499	822964.143574831
254	30362785	70194	30368573	777500	30374392	658094	30362785	0.83853	30368573	1.00086	30374392	1.07303	30362785	83710.7795785482	30368573	776831.924544891	30374392	613304.381051788	30379352	73839	30385140	770340	30390928	649046	30379352	0.83882	30385140	1.00053	30390928	1.07287	30379352	88027.2287260676	30385140	769931.936073881	30390928	604962.390597183	30395920	57644	30401707	770626	30407511	876896	30395920	0.83879	30401707	1.00131	30407511	1.07277	30395920	68722.8030853968	30401707	769617.800681108	30407511	817412.865758737
255	30482796	70337	30488584	777466	30494387	657819	30482796	0.83824	30488584	0.99987	30494387	1.07281	30482796	83910.3359419737	30488584	777567.083720884	30494387	613173.814561758	30499363	73265	30505135	771521	30510939	651016	30499363	0.83861	30505135	1.0001	30510939	1.07341	30499363	87364.8060481034	30505135	771443.855614439	30510939	606493.325010946	30515915	57948	30521703	768342	30527490	873451	30515915	0.83857	30521703	1.00018	30527490	1.07319	30515915	69103.3545201951	30521703	768203.723329801	30527490	813882.909829574
256	30602807	70467	30608579	778557	30614382	659394	30602807	0.83918	30608579	1.0005	30614382	1.0738	30602807	83971.2576562835	30608579	778167.916041979	30614382	614075.246787111	30619359	73540	30625162	771036	30630965	649753	30619359	0.83944	30625162	1.00065	30630965	1.0734	30619359	87606.0230629944	30625162	770535.152151102	30630965	605322.340227315	30635942	58104	30641729	770665	30647533	866872	30635942	0.83923	30641729	1.00095	30647533	1.07287	30635942	69234.8938908285	30641729	769933.563115041	30647533	807993.512727544
257	30722818	70606	30728606	779529	30734409	657426	30722818	0.83922	30728606	1.00116	30734409	1.07229	30722818	84132.8852982531	30728606	778625.794078868	30734409	613104.663850264	30739385	74067	30745173	770868	30750976	649684	30739385	0.83872	30745173	1.00029	30750976	1.07392	30739385	88309.5669591759	30745173	770644.513091204	30750976	604964.988081049	30755953	58541	30761756	771714	30767559	866984	30755953	0.83851	30761756	1.0006	30767559	1.07393	30755953	69815.5060762543	30761756	771251.24925045	30767559	807300.289590569
258	30842829	70587	30848617	779971	30854420	657407	30842829	0.83896	30848617	1.00107	30854420	1.07232	30842829	84136.3116239153	30848617	779137.323064321	30854420	613069.792599224	30859412	74045	30865184	769963	30870987	648606	30859412	0.83879	30865184	1.00052	30870987	1.07422	30859412	88275.9689552808	30865184	769562.827329788	30870987	603792.51922325	30875964	58440	30881751	770766	30887555	858814	30875964	0.83844	30881751	1.00041	30887555	1.07252	30875964	69700.8730499499	30881751	770450.115452665	30887555	800744.042069146
259	30962840	70525	30968628	778924	30974431	655656	30962840	0.83897	30968628	1.001	30974431	1.07317	30962840	84061.4086320131	30968628	778145.854145854	30974431	610952.598376772	30979408	74046	30985180	771421	30990998	648386	30979408	0.83899	30985180	1.00107	30990998	1.07397	30979408	88256.1174745825	30985180	770596.461785889	30990998	603728.223320949	30995975	58775	31001762	769769	31007550	853637	30995975	0.83917	31001762	1.00034	31007550	1.07306	30995975	70039.4437360726	31001762	769507.367495052	31007550	795516.560117794
260	31082851	70649	31088639	778809	31094442	656329	31082851	0.83888	31088639	1.00008	31094442	1.07328	31082851	84218.2433721152	31088639	778746.700263979	31094442	611517.031902206	31099419	73715	31105206	770627	31111009	646993	31099419	0.83889	31105206	1.00055	31111009	1.07324	31099419	87872.0690436172	31105206	770203.388136525	31111009	602840.930267228	31115986	58918	31121758	770579	31127545	849462	31115986	0.83861	31121758	1.00011	31127545	1.07215	31115986	70256.7343580449	31121758	770494.24563298	31127545	792297.719535513
261	31202862	70482	31208650	779325	31214453	655274	31202862	0.83896	31208650	1.0007	31214453	1.07284	31202862	84011.1566701631	31208650	778779.854102129	31214453	610784.459938108	31219445	73770	31225217	769890	31231020	649582	31219445	0.83833	31225217	1.00024	31231020	1.0734	31219445	87996.3737430367	31225217	769705.270735024	31231020	605163.033351966	31236012	58816	31241800	771104	31247603	845107	31236012	0.83927	31241800	1.00121	31247603	1.0742	31236012	70079.9504331145	31241800	770172.09176896	31247603	786731.521132005
262	31322873	70865	31328661	779734	31334464	658122	31322873	0.83875	31328661	1.00098	31334464	1.07353	31322873	84488.8226527571	31328661	778970.608803373	31334464	613044.814769964	31339441	74146	31345228	771477	31351031	648183	31339441	0.83804	31345228	1.00064	31351031	1.07352	31339441	88475.4904300511	31345228	770983.57051487	31351031	603792.197630226	31356008	59009	31361780	771911	31367567	842253	31356008	0.83978	31361780	1.0009	31367567	1.07316	31356008	70267.2128414585	31361780	771216.904785693	31367567	784834.507435984
263	31442884	70969	31448672	780110	31454475	655938	31442884	0.83891	31448672	1.00128	31454475	1.07359	31442884	84596.6790239716	31448672	779112.735698306	31454475	610976.257230414	31459452	74471	31465239	770363	31471042	647520	31459452	0.83911	31465239	1.00031	31471042	1.07378	31459452	88749.9851032642	31465239	770124.261478942	31471042	603028.553334948	31476034	58742	31481822	770949	31487641	838877	31476034	0.83911	31481822	1.00134	31487641	1.07371	31476034	70005.1244771246	31481822	769917.310803523	31487641	781288.243566699
264	31562895	70789	31568683	780111	31574486	655460	31562895	0.83911	31568683	1.00066	31574486	1.07299	31562895	84362.0025979907	31568683	779596.466332221	31574486	610872.421923783	31579463	74620	31585250	771233	31591053	648725	31579463	0.83943	31585250	1.00019	31591053	1.07383	31579463	88893.6540271375	31585250	771086.493566222	31591053	604122.626486502	31596030	59397	31601802	771611	31607605	833593	31596030	0.83945	31601802	1.00066	31607605	1.0736	31596030	70757.0433021621	31601802	771102.072632063	31607605	776446.535022355
265	31682906	70590	31688694	777062	31694497	655205	31682906	0.83869	31688694	0.9996	31694497	1.07383	31682906	84166.9746867138	31688694	777372.949179672	31694497	610157.101217139	31699489	74429	31705261	773348	31711064	645964	31699489	0.83917	31705261	1.00134	31711064	1.07322	31699489	88693.5900949748	31705261	772313.100445403	31711064	601893.367622668	31716041	59901	31721828	771064	31727647	831146	31716041	0.83899	31721828	1.00029	31727647	1.07293	31716041	71396.5601497038	31721828	770840.456267682	31727647	774650.722787134
266	31802917	71000	31808705	779136	31814508	656352	31802917	0.83861	31808705	1.0002	31814508	1.07335	31802917	84663.9081336974	31808705	778980.203959208	31814508	611498.579214609	31819485	74293	31825272	772707	31831075	645721	31819485	0.83847	31825272	1.00001	31831075	1.07323	31819485	88605.4360919294	31825272	772699.27300727	31831075	601661.340066901	31836052	60270	31841839	770721	31847643	826997	31836052	0.83928	31841839	1.00091	31847643	1.07395	31836052	71811.5527595082	31841839	770020.281543795	31847643	770051.678383537
267	31922928	70825	31928700	779981	31934519	655152	31922928	0.83888	31928700	1.00004	31934519	1.07395	31922928	84428.0469197025	31928700	779949.80200792	31934519	610039.573536943	31939496	74219	31945283	774452	31951086	647483	31939496	0.83929	31945283	1.00044	31951086	1.07348	31939496	88430.6973751623	31945283	774111.390987965	31951086	603162.611320192	31956047	60287	31961835	771293	31967638	821570	31956047	0.83978	31961835	1.001	31967638	1.07355	31956047	71789.0399866632	31961835	770522.477522478	31967638	765283.40552373
268	32042939	70989	32048727	779889	32054530	654767	32042939	0.83943	32048727	1.00064	32054530	1.07316	32042939	84568.0997819949	32048727	779390.190278222	32054530	610129.896753513	32059507	74753	32065294	772530	32071097	644633	32059507	0.83872	32065294	1.00107	32071097	1.07336	32059507	89127.4799694773	32065294	771704.276424226	32071097	600574.830438995	32076074	59954	32081861	770985	32087665	819765	32076074	0.83896	32081861	1.00014	32087665	1.0734	32076074	71462.2866406026	32081861	770877.077209191	32087665	763708.775852432
269	32162950	70920	32168754	779780	32174557	654783	32162950	0.83818	32168754	1.00058	32174557	1.07289	32162950	84611.8972058508	32168754	779327.989765936	32174557	610298.353046445	32179533	75020	32185321	772559	32191108	645452	32179533	0.83883	32185321	1.00052	32191108	1.07335	32179533	89434.0927243899	32185321	772157.478111382	32191108	601343.45739973	32196100	60576	32201888	772455	32207691	816274	32196100	0.83909	32201888	1.0006	32207691	1.07295	32196100	72192.4942497229	32201888	771991.80491705	32207691	760775.432219581
270	32282961	70947	32288733	779603	32294537	654066	32282961	0.8398	32288733	1.00123	32294537	1.07416	32282961	84480.8287687545	32288733	778645.266322423	32294537	608909.287257019	32299513	75008	32305301	771321	32311104	644900	32299513	0.84009	32305301	1.00047	32311104	1.07353	32299513	89285.6717732624	32305301	770958.649434766	32311104	600728.43795702	32316096	60471	32321868	772059	32327655	812032	32316096	0.83928	32321868	1.00043	32327655	1.07362	32316096	72051.0437517872	32321868	771727.157322351	32327655	756349.546394441
271	32402972	71367	32408760	780020	32414579	654070	32402972	0.83903	32408760	1.00059	32414579	1.07369	32402972	85058.9371059438	32408760	779560.059564857	32414579	609179.558345519	32419555	75257	32425343	770666	32431146	644735	32419555	0.83942	32425343	1.00054	32431146	1.07318	32419555	89653.5703223654	32425343	770250.064964919	32431146	600770.606981121	32436122	60856	32441910	772402	32447713	810820	32436122	0.83859	32441910	1.00113	32447713	1.07411	32436122	72569.4320228002	32441910	771530.170906875	32447713	754876.130005307
272	32522983	71630	32528771	780466	32534590	655600	32522983	0.83881	32528771	1.00045	32534590	1.07405	32522983	85394.7854698919	32528771	780114.948273277	32534590	610399.888273358	32539566	74959	32545338	774849	32551141	645293	32539566	0.8392	32545338	1.00036	32551141	1.07324	32539566	89321.9733079123	32545338	774570.154744292	32551141	601256.941597406	32556118	60465	32561921	772756	32567724	807644	32556118	0.8385	32561921	0.99987	32567724	1.07401	32556118	72110.9123434705	32561921	772856.471341274	32567724	751989.273842888
273	32642994	71210	32648782	778054	32654585	654735	32642994	0.83848	32648782	1.00049	32654585	1.07369	32642994	84927.4878351302	32648782	777672.940259273	32654585	609798.917750934	32659562	74885	32665349	771841	32671152	644574	32659562	0.83804	32665349	1.00018	32671152	1.07326	32659562	89357.309913608	32665349	771702.093623148	32671152	600575.815738964	32676129	61391	32681901	774168	32687689	803540	32676129	0.83904	32681901	0.9993	32687689	1.07231	32676129	73168.144546148	32681901	774710.297208046	32687689	749354.197946489
274	32763005	71329	32768793	780052	32774612	652919	32763005	0.83838	32768793	1.00049	32774612	1.07261	32763005	85079.5581955676	32768793	779669.961718758	32774612	608719.851576995	32779588	74907	32785376	770149	32791179	644316	32779588	0.83816	32785376	0.99937	32791179	1.07232	32779588	89370.7645318316	32785376	770634.499734833	32791179	600861.683079678	32796156	61074	32801943	772424	32807746	799376	32796156	0.83886	32801943	0.99956	32807746	1.07272	32796156	72805.9509334096	32801943	772764.016167114	32807746	745186.069058095
275	32883016	70996	32888804	779183	32894607	651516	32883016	0.83822	32888804	1.00044	32894607	1.07256	32883016	84698.5278327885	32888804	778840.310263484	32894607	607440.143208772	32899584	75132	32905371	772545	32911175	643512	32899584	0.83836	32905371	0.99937	32911175	1.07185	32899584	89617.8252779236	32905371	773032.010166405	32911175	600375.052479358	32916151	62167	32921923	771814	32927726	796159	32916151	0.83786	32921923	0.9995	32927726	1.07238	32916151	74197.3599408016	32921923	772200.100050025	32927726	742422.462186911
276	33003027	70891	33008815	779610	33014618	652742	33003027	0.83906	33008815	1.00043	33014618	1.07217	33003027	84488.5943794246	33008815	779274.911787931	33014618	608804.573901527	33019595	75594	33025382	771306	33031201	643471	33019595	0.83798	33025382	0.99883	33031201	1.07331	33019595	90209.7902097902	33025382	772209.485097564	33031201	599520.175904445	33036193	61651	33041981	770743	33047784	794601	33036193	0.83831	33041981	0.99939	33047784	1.07298	33036193	73542.0071333993	33041981	771213.440198521	33047784	740555.275960409
277	33123038	71603	33128826	778807	33134629	652232	33123038	0.83896	33128826	0.99871	33134629	1.07275	33123038	85347.334795461	33128826	779812.958716745	33134629	608000	33139590	75699	33145378	771912	33151181	643922	33139590	0.83958	33145378	1.0006	33151181	1.07267	33139590	90162.9386121632	33145378	771449.130521687	33151181	600298.321012054	33156157	61933	33161929	773545	33167733	791918	33156157	0.83898	33161929	1.00017	33167733	1.07266	33156157	73819.3997473122	33161929	773413.519701651	33167733	738274.942665896
278	33243049	71419	33248837	781123	33254640	652732	33243049	0.83858	33248837	1.00149	33254640	1.07308	33243049	85166.5911421689	33248837	779960.858321102	33254640	608278.972676781	33259632	75093	33265404	772751	33271208	643642	33259632	0.83846	33265404	0.99983	33271208	1.07304	33259632	89560.6230470148	33265404	772882.390006301	33271208	599830.388429136	33276184	61632	33281972	774534	33287759	790196	33276184	0.83819	33281972	1.00005	33287759	1.0733	33276184	73529.8679297057	33281972	774495.275236238	33287759	736230.31771173
279	33363060	71142	33368848	779697	33374651	652093	33363060	0.83747	33368848	1.00017	33374651	1.07274	33363060	84948.7145808208	33368848	779564.474039413	33374651	607876.092995507	33379628	75688	33385415	772997	33391219	640838	33379628	0.83822	33385415	0.99989	33391219	1.07266	33379628	90296.1036482069	33385415	773082.039024293	33391219	597428.821807469	33396195	62309	33401967	773568	33407770	784265	33396195	0.83861	33401967	1.00062	33407770	1.07215	33396195	74300.3303084867	33401967	773088.685015291	33407770	731488.131324908
280	33483072	71052	33488859	778289	33494662	652895	33483072	0.83846	33488859	0.99999	33494662	1.07372	33483072	84741.0729193999	33488859	778296.78296783	33494662	608068.211451775	33499639	75911	33505426	776188	33511230	641891	33499639	0.83843	33505426	1.00084	33511230	1.07386	33499639	90539.4606586119	33505426	775536.549298589	33511230	597741.791294955	33516206	62216	33521994	773337	33527812	783737	33516206	0.83855	33521994	1.001	33527812	1.07368	33516206	74194.7409218293	33521994	772564.435564436	33527812	729953.990015647
281	33603083	71109	33608870	779140	33614673	652411	33603083	0.83822	33608870	0.99989	33614673	1.07284	33603083	84833.3373100141	33608870	779225.714828631	33614673	608115.842064054	33619650	75776	33625437	771925	33631241	642210	33619650	0.83867	33625437	0.99963	33631241	1.07433	33619650	90352.5820644592	33625437	772210.717965647	33631241	597777.219290162	33636217	62653	33642005	772448	33647808	779766	33636217	0.83802	33642005	0.99966	33647808	1.07271	33636217	74763.1321448175	33642005	772710.72164536	33647808	726912.21299326
282	33723094	71965	33728881	780078	33734684	650984	33723094	0.83837	33728881	1.00098	33734684	1.07257	33723094	85839.187948042	33728881	779314.272013427	33734684	606938.474878097	33739661	76251	33745448	775684	33751252	642585	33739661	0.83849	33745448	1.00048	33751252	1.07303	33739661	90938.4727307422	33745448	775311.85031185	33751252	598850.917495317	33756244	63227	33762016	773252	33767834	778623	33756244	0.83899	33762016	1.00063	33767834	1.07346	33756244	75360.8505464904	33762016	772765.157950491	33767834	725339.556201442
283	33843105	71367	33848892	779493	33854695	651953	33843105	0.83822	33848892	0.99981	33854695	1.07224	33843105	85141.1323996087	33848892	779641.131815045	33854695	608028.9860479	33859672	75473	33865459	773913	33871263	640724	33859672	0.83769	33865459	0.99927	33871263	1.07301	33859672	90096.5751053492	33865459	774478.369209523	33871263	597127.706172356	33876239	63054	33882042	774037	33887845	774866	33876239	0.83809	33882042	0.99984	33887845	1.07321	33876239	75235.356584615	33882042	774160.865738518	33887845	722007.808350649
284	33963116	71196	33968903	778181	33974706	652895	33963116	0.83839	33968903	1.00041	33974706	1.07412	33963116	84919.9060103293	33968903	777862.076548615	33974706	607841.768145086	33979683	76046	33985470	772043	33991274	641259	33979683	0.83932	33985470	1.00087	33991274	1.07295	33979683	90604.2987180098	33985470	771371.906441396	33991274	597659.723193066	33996250	62983	34002038	772387	34007841	772475	33996250	0.83885	34002038	1.00047	34007841	1.07448	33996250	75082.5534958574	34002038	772024.148650134	34007841	718929.156429157
285	34083127	71989	34088914	780973	34094717	650796	34083127	0.83894	34088914	1.00091	34094717	1.07306	34083127	85809.4738598708	34088914	780262.960705758	34094717	606486.123795501	34099694	76806	34105481	774187	34111285	643075	34099694	0.83955	34105481	1.00046	34111285	1.074	34099694	91484.7239592639	34105481	773831.037722648	34111285	598766.294227188	34116277	63292	34122049	774516	34127867	770234	34116277	0.8385	34122049	1.00101	34127867	1.07364	34116277	75482.4090638044	34122049	773734.528126592	34127867	717404.344100443
286	34203138	71604	34208925	780804	34214728	650094	34203138	0.83845	34208925	1.00036	34214728	1.07358	34203138	85400.4412904765	34208925	780523.011715782	34214728	605538.478734701	34219705	76398	34225492	772380	34231296	641261	34219705	0.83883	34225492	0.99993	34231296	1.07379	34219705	91076.8570508923	34225492	772434.070384927	34231296	597194.05097831	34236272	63322	34242060	773605	34247847	768266	34236272	0.83913	34242060	0.99954	34247847	1.07276	34236272	75461.4898764196	34242060	773961.022070152	34247847	716158.320593609
287	34323149	71843	34328936	781338	34334739	651549	34323149	0.83865	34328936	1.00068	34334739	1.07299	34323149	85665.0569367436	34328936	780807.051205181	34334739	607227.467171176	34339716	76261	34345519	775583	34351322	642856	34339716	0.83907	34345519	1.0005	34351322	1.07388	34339716	90887.5302418154	34345519	775195.40229885	34351322	598629.26956457	34356299	63491	34362086	774086	34367889	767926	34356299	0.83884	34362086	1.00022	34367889	1.07351	34356299	75689.0467788851	34362086	773915.738537522	34367889	715341.263705042
288	34443160	71896	34448947	779611	34454750	653238	34443160	0.83901	34448947	0.99987	34454750	1.07276	34443160	85691.4697083467	34448947	779712.362607139	34454750	608932.100376599	34459742	76569	34465530	774055	34471333	640849	34459742	0.83872	34465530	1.00047	34471333	1.07292	34459742	91292.684090042	34465530	773691.365058423	34471333	597294.299668195	34476310	64164	34482097	775940	34487885	764873	34476310	0.83773	34482097	1.00001	34487885	1.07298	34476310	76592.6969309921	34482097	775932.240677593	34487885	712849.26093683
289	34563171	72226	34568958	779141	34574761	651759	34563171	0.8389	34568958	0.99889	34574761	1.07241	34563171	86096.0781976398	34568958	780006.807556388	34574761	607751.69944331	34579753	75915	34585541	772591	34591344	641645	34579753	0.83852	34585541	0.99977	34591344	1.07293	34579753	90534.513189906	34585541	772768.736809466	34591344	598030.626415516	34596321	63846	34602108	774324	34607896	761853	34596321	0.83866	34602108	0.9995	34607896	1.07401	34596321	76128.5860777908	34602108	774711.355677839	34607896	709353.730412194
290	34683182	71789	34688969	781146	34694772	652542	34683182	0.83897	34688969	1.00042	34694772	1.07374	34683182	85568.0179267435	34688969	780818.056416305	34694772	607728.12785218	34699749	76881	34705521	775357	34711340	639617	34699749	0.83843	34705521	0.99972	34711340	1.07281	34699749	91696.3849098911	34705521	775574.160765014	34711340	596207.156905696	34716316	64228	34722104	772895	34727907	758422	34716316	0.83908	34722104	0.99979	34727907	1.07413	34716316	76545.7405730085	34722104	773057.342041829	34727907	706080.269613548
291	34803193	71728	34808980	780617	34814783	650763	34803193	0.83758	34808980	0.99986	34814783	1.07323	34803193	85637.1928651592	34808980	780726.301682236	34814783	606359.307883678	34819760	77269	34825547	775241	34831351	641156	34819760	0.83887	34825547	1.00103	34831351	1.0728	34819760	92110.815740222	34825547	774443.323376922	34831351	597647.278150634	34836311	64368	34842099	773616	34847902	757971	34836311	0.83816	34842099	0.99998	34847902	1.07384	34836311	76796.7929750883	34842099	773631.472629452	34847902	705850.964761976
292	34923204	71481	34928991	781015	34934794	650611	34923204	0.83927	34928991	1.00015	34934794	1.07317	34923204	85170.4457445161	34928991	780897.865320202	34934794	606251.572444254	34939771	77335	34945558	775261	34951408	642779	34939771	0.83848	34945558	1.00013	34951408	1.07379	34939771	92232.3728651846	34945558	775160.229170208	34951408	598607.735218246	34956400	64368	34962188	773938	34967991	754407	34956400	0.83893	34962188	1.0001	34967991	1.07347	34956400	76726.3061280441	34962188	773860.613938606	34967991	702774.180927273
293	35043215	71710	35049002	780283	35054805	651036	35043215	0.83927	35049002	1.00059	35054805	1.07365	35043215	85443.3019171423	35049002	779822.904486353	35054805	606376.379639547	35059782	76619	35065569	775434	35071373	641413	35059782	0.83897	35065569	1.00068	35071373	1.07353	35059782	91325.0771779682	35065569	774907.063197026	35071373	597480.275353274	35076365	64018	35082137	776979	35087940	755628	35076365	0.83829	35082137	1.00028	35087940	1.07392	35076365	76367.3669016689	35082137	776761.506778102	35087940	703616.656734207
294	35163226	72321	35169013	781398	35174816	650571	35163226	0.83815	35169013	1.00017	35174816	1.07238	35163226	86286.4642367118	35169013	781265.184918564	35174816	606660.885134001	35179808	76995	35185581	775895	35191384	640575	35179808	0.83889	35185581	1.00012	35191384	1.07342	35179808	91781.9976397382	35185581	775801.903771547	35191384	596760.820554862	35196360	64768	35202148	774337	35207935	751318	35196360	0.8385	35202148	1.00097	35207935	1.07363	35196360	77242.6952892069	35202148	773586.620977652	35207935	699792.293434424
295	35283237	71775	35289024	780292	35294827	648739	35283237	0.83905	35289024	1.00098	35294827	1.07249	35283237	85543.1738275431	35289024	779528.062498751	35294827	604890.488489403	35299804	76651	35305592	776254	35311395	640574	35299804	0.83863	35305592	0.99997	35311395	1.07398	35299804	91400.259947772	35305592	776277.28831865	35311395	596448.723439915	35316371	65200	35322159	772247	35327962	749249	35316371	0.83834	35322159	1.00051	35327962	1.07336	35316371	77772.74136985	35322159	771853.354789058	35327962	698040.731907282
296	35403248	71822	35409035	780803	35414839	650863	35403248	0.83855	35409035	1.00096	35414839	1.07334	35403248	85650.229562936	35409035	780054.148017903	35414839	606390.332979298	35419799	76717	35425587	776791	35431390	640251	35419799	0.83909	35425587	1.00113	35431390	1.07373	35419799	91428.8097820258	35425587	775914.216934864	35431390	596286.776005141	35436367	64713	35442154	775031	35447942	748898	35436367	0.839	35442154	1.00081	35447942	1.07353	35436367	77131.1084624553	35442154	774403.732976289	35447942	697603.234190009
297	35523259	71891	35529046	781548	35534850	649770	35523259	0.83879	35529046	1.00122	35534850	1.07339	35523259	85707.9841199824	35529046	780595.6732786	35534850	605343.817251884	35539826	76704	35545614	774026	35551417	640341	35539826	0.83894	35545614	0.99989	35551417	1.07367	35539826	91429.6612391828	35545614	774111.152226745	35551417	596403.922993098	35556393	64681	35562181	775619	35568000	746517	35556393	0.83866	35562181	1.00096	35568000	1.07357	35556393	77124.2219731477	35562181	774875.119884911	35568000	695359.408329219
298	35643270	71678	35649057	778697	35654861	651270	35643270	0.83819	35649057	1.00002	35654861	1.07344	35643270	85515.2173134969	35649057	778681.426371473	35654861	606712.99746609	35659837	77184	35665625	775448	35671428	640556	35659837	0.83913	35665625	1.00017	35671428	1.07307	35659837	91980.9803010261	35665625	775316.196246638	35671428	596937.758021378	35676404	65293	35682192	775634	35687979	745893	35676404	0.83846	35682192	1.0008	35687979	1.07377	35676404	77872.5282064738	35682192	775013.988808953	35687979	694648.76090783
299	35763281	71941	35769068	780480	35774872	651279	35763281	0.8389	35769068	1.00087	35774872	1.07403	35763281	85756.3475980451	35769068	779801.57263181	35774872	606388.089718164	35779848	76869	35785651	776384	35791454	638970	35779848	0.83942	35785651	1.00098	35791454	1.07292	35779848	91573.9439136547	35785651	775623.888589183	35791454	595543.00413824	35796431	65378	35802218	774993	35808006	742416	35796431	0.83875	35802218	1.00048	35808006	1.07312	35796431	77946.9448584203	35802218	774621.18183272	35808006	691829.431936783
300	35883292	72407	35889079	783651	35894883	649322	35883292	0.83967	35889079	0.9999	35894883	1.07372	35883292	86232.686650708	35889079	783729.372937294	35894883	604740.528256901	35899859	76894	35905647	775821	35911450	639107	35899859	0.83898	35905647	1.00096	35911450	1.07334	35899859	91651.7676225893	35905647	775076.926150895	35911450	595437.605977603	35916442	65896	35922229	778215	35928033	741005	35916442	0.83922	35922229	1.00091	35928033	1.07376	35916442	78520.5309692333	35922229	777507.468203935	35928033	690103.002533154
301	36003303	71857	36009090	782063	36014894	650207	36003303	0.83895	36009090	1.00118	36014894	1.07302	36003303	85651.1115084332	36009090	781141.253321081	36014894	605959.814355744	36019870	77322	36025658	775072	36031461	640774	36019870	0.83851	36025658	1.00035	36031461	1.07274	36019870	92213.5693074621	36025658	774800.819713101	36031461	597324.608013125	36036437	65703	36042240	774866	36048059	739854	36036437	0.83839	36042240	1.00038	36048059	1.07301	36036437	78368.0625961665	36042240	774571.662768148	36048059	689512.679285375