HJY Multigroup Import
Application Version:	3.5.1.20
SystemConfiguration::	FL3-11_1602C-0213-FL
Experiment Time Stamp:	1/26/2026 11:51 AM
Export Time Stamp:	1/26/2026 5:11 PM
Experiment Comment:	None

Integration Time:	1
Time Sequence Interval Points:	301
Time Sequence Experiment Duration:	10:00:00	36000000 (ms)
Repetition Time Sequence Enabled:	False
Repetition Time Sequence Count:	2
Repetition Time Sequence Delay:	0 seconds
Time Sequence Interval Total Points:	301
Time Sequence Experiment Duration Total:	10:00:00	36000000 (ms)

Mono Count:	2
Mono Description:	Excitation 1 (Mono1)	Emission 1 (Mono2)
Mono Slit Width:		5	5
Mono Grating Index:		0	0
Mono Grating Value:		1200	1200

Mono Wavelength Group Count:	3
Mono Wavelength Group Description:	Group 1:(Excitation 1:596 Emission 1:615)	Group 2:(Excitation 1:549 Emission 1:565)	Group 3:(Excitation 1:495 Emission 1:520)

Detector Count:	3
Detector Description:	S1 (SCD1)	R (SCD2)	S1/R (SCD1/SCD2)
Detector High Voltage:	950	None	None

Accessory Sequential Type:	Temperature Controller
Accessory Sequential Description:	Temperature Control (TC1)
Accessory Sequential Scan Position Count:	1
Accessory Sequential Scan Positions:		37

Accessory Interleave Type:	Sample Changer
Accessory Interleave Description:	Sample Changer - 4 Position (SCH1)
Accessory Interleave Scan Position Count:	4
Accessory Interleave Scan Positions:	1	2	3	4

Axis	X	Y	X	Y	X	Y	X	Y	X	Y	X	Y	X	Y	X	Y	X	Y	X	Y	X	Y	X	Y	X	Y	X	Y	X	Y	X	Y	X	Y	X	Y	X	Y	X	Y	X	Y	X	Y	X	Y	X	Y	X	Y	X	Y	X	Y	X	Y	X	Y	X	Y	X	Y	X	Y	X	Y	X	Y	X	Y	X	Y
Sequential: Temperature Controller	Idx:0(Pos:37.00)	Idx:0(Pos:37.00)	Idx:0(Pos:37.00)	Idx:0(Pos:37.00)	Idx:0(Pos:37.00)	Idx:0(Pos:37.00)	Idx:0(Pos:37.00)	Idx:0(Pos:37.00)	Idx:0(Pos:37.00)	Idx:0(Pos:37.00)	Idx:0(Pos:37.00)	Idx:0(Pos:37.00)	Idx:0(Pos:37.00)	Idx:0(Pos:37.00)	Idx:0(Pos:37.00)	Idx:0(Pos:37.00)	Idx:0(Pos:37.00)	Idx:0(Pos:37.00)	Idx:0(Pos:37.00)	Idx:0(Pos:37.00)	Idx:0(Pos:37.00)	Idx:0(Pos:37.00)	Idx:0(Pos:37.00)	Idx:0(Pos:37.00)	Idx:0(Pos:37.00)	Idx:0(Pos:37.00)	Idx:0(Pos:37.00)	Idx:0(Pos:37.00)	Idx:0(Pos:37.00)	Idx:0(Pos:37.00)	Idx:0(Pos:37.00)	Idx:0(Pos:37.00)	Idx:0(Pos:37.00)	Idx:0(Pos:37.00)	Idx:0(Pos:37.00)	Idx:0(Pos:37.00)	Idx:0(Pos:37.00)	Idx:0(Pos:37.00)	Idx:0(Pos:37.00)	Idx:0(Pos:37.00)	Idx:0(Pos:37.00)	Idx:0(Pos:37.00)	Idx:0(Pos:37.00)	Idx:0(Pos:37.00)	Idx:0(Pos:37.00)	Idx:0(Pos:37.00)	Idx:0(Pos:37.00)	Idx:0(Pos:37.00)	Idx:0(Pos:37.00)	Idx:0(Pos:37.00)	Idx:0(Pos:37.00)	Idx:0(Pos:37.00)	Idx:0(Pos:37.00)	Idx:0(Pos:37.00)	Idx:0(Pos:37.00)	Idx:0(Pos:37.00)	Idx:0(Pos:37.00)	Idx:0(Pos:37.00)	Idx:0(Pos:37.00)	Idx:0(Pos:37.00)	Idx:0(Pos:37.00)	Idx:0(Pos:37.00)	Idx:0(Pos:37.00)	Idx:0(Pos:37.00)	Idx:0(Pos:37.00)	Idx:0(Pos:37.00)	Idx:0(Pos:37.00)	Idx:0(Pos:37.00)	Idx:0(Pos:37.00)	Idx:0(Pos:37.00)	Idx:0(Pos:37.00)	Idx:0(Pos:37.00)
Interleave: Sample Changer	Idx:0(Pos:1)	Idx:0(Pos:1)	Idx:0(Pos:1)	Idx:0(Pos:1)	Idx:0(Pos:1)	Idx:0(Pos:1)	Idx:0(Pos:1)	Idx:0(Pos:1)	Idx:0(Pos:1)	Idx:0(Pos:1)	Idx:0(Pos:1)	Idx:0(Pos:1)	Idx:0(Pos:1)	Idx:0(Pos:1)	Idx:0(Pos:1)	Idx:0(Pos:1)	Idx:0(Pos:1)	Idx:0(Pos:1)	Idx:1(Pos:2)	Idx:1(Pos:2)	Idx:1(Pos:2)	Idx:1(Pos:2)	Idx:1(Pos:2)	Idx:1(Pos:2)	Idx:1(Pos:2)	Idx:1(Pos:2)	Idx:1(Pos:2)	Idx:1(Pos:2)	Idx:1(Pos:2)	Idx:1(Pos:2)	Idx:1(Pos:2)	Idx:1(Pos:2)	Idx:1(Pos:2)	Idx:1(Pos:2)	Idx:1(Pos:2)	Idx:1(Pos:2)	Idx:2(Pos:3)	Idx:2(Pos:3)	Idx:2(Pos:3)	Idx:2(Pos:3)	Idx:2(Pos:3)	Idx:2(Pos:3)	Idx:2(Pos:3)	Idx:2(Pos:3)	Idx:2(Pos:3)	Idx:2(Pos:3)	Idx:2(Pos:3)	Idx:2(Pos:3)	Idx:2(Pos:3)	Idx:2(Pos:3)	Idx:2(Pos:3)	Idx:2(Pos:3)	Idx:2(Pos:3)	Idx:2(Pos:3)	Idx:3(Pos:4)	Idx:3(Pos:4)	Idx:3(Pos:4)	Idx:3(Pos:4)	Idx:3(Pos:4)	Idx:3(Pos:4)	Idx:3(Pos:4)	Idx:3(Pos:4)	Idx:3(Pos:4)	Idx:3(Pos:4)	Idx:3(Pos:4)	Idx:3(Pos:4)	Idx:3(Pos:4)	Idx:3(Pos:4)	Idx:3(Pos:4)	Idx:3(Pos:4)	Idx:3(Pos:4)	Idx:3(Pos:4)
Detector	S1 (SCD1)	S1 (SCD1)	S1 (SCD1)	S1 (SCD1)	S1 (SCD1)	S1 (SCD1)	R (SCD2)	R (SCD2)	R (SCD2)	R (SCD2)	R (SCD2)	R (SCD2)	S1/R (SCD1/SCD2)	S1/R (SCD1/SCD2)	S1/R (SCD1/SCD2)	S1/R (SCD1/SCD2)	S1/R (SCD1/SCD2)	S1/R (SCD1/SCD2)	S1 (SCD1)	S1 (SCD1)	S1 (SCD1)	S1 (SCD1)	S1 (SCD1)	S1 (SCD1)	R (SCD2)	R (SCD2)	R (SCD2)	R (SCD2)	R (SCD2)	R (SCD2)	S1/R (SCD1/SCD2)	S1/R (SCD1/SCD2)	S1/R (SCD1/SCD2)	S1/R (SCD1/SCD2)	S1/R (SCD1/SCD2)	S1/R (SCD1/SCD2)	S1 (SCD1)	S1 (SCD1)	S1 (SCD1)	S1 (SCD1)	S1 (SCD1)	S1 (SCD1)	R (SCD2)	R (SCD2)	R (SCD2)	R (SCD2)	R (SCD2)	R (SCD2)	S1/R (SCD1/SCD2)	S1/R (SCD1/SCD2)	S1/R (SCD1/SCD2)	S1/R (SCD1/SCD2)	S1/R (SCD1/SCD2)	S1/R (SCD1/SCD2)	S1 (SCD1)	S1 (SCD1)	S1 (SCD1)	S1 (SCD1)	S1 (SCD1)	S1 (SCD1)	R (SCD2)	R (SCD2)	R (SCD2)	R (SCD2)	R (SCD2)	R (SCD2)	S1/R (SCD1/SCD2)	S1/R (SCD1/SCD2)	S1/R (SCD1/SCD2)	S1/R (SCD1/SCD2)	S1/R (SCD1/SCD2)	S1/R (SCD1/SCD2)
WL Group	1	1	2	2	3	3	1	1	2	2	3	3	1	1	2	2	3	3	1	1	2	2	3	3	1	1	2	2	3	3	1	1	2	2	3	3	1	1	2	2	3	3	1	1	2	2	3	3	1	1	2	2	3	3	1	1	2	2	3	3	1	1	2	2	3	3	1	1	2	2	3	3
Units	(ms)	CPS	(ms)	CPS	(ms)	CPS	(ms)	MicroAmps	(ms)	MicroAmps	(ms)	MicroAmps	(ms)	CPS	(ms)	CPS	(ms)	CPS	(ms)	CPS	(ms)	CPS	(ms)	CPS	(ms)	MicroAmps	(ms)	MicroAmps	(ms)	MicroAmps	(ms)	CPS	(ms)	CPS	(ms)	CPS	(ms)	CPS	(ms)	CPS	(ms)	CPS	(ms)	MicroAmps	(ms)	MicroAmps	(ms)	MicroAmps	(ms)	CPS	(ms)	CPS	(ms)	CPS	(ms)	CPS	(ms)	CPS	(ms)	CPS	(ms)	MicroAmps	(ms)	MicroAmps	(ms)	MicroAmps	(ms)	CPS	(ms)	CPS	(ms)	CPS
1	0	121974	5803	1280323	11606	3719812	0	0.84177	5803	1.00245	11606	1.08795	0	144901.814034713	5803	1277193.87500623	11606	3419101.98078956	16614	130960	22401	1368793	28204	3948988	16614	0.8425	22401	1.00283	28204	1.08747	16614	155442.136498516	22401	1364930.24739986	28204	3631353.50860254	33165	130702	38953	1367283	44787	3925645	33165	0.84256	38953	1.00245	44787	1.08872	33165	155124.857576908	38953	1363941.34370792	44787	3605743.44183996	49764	123375	55551	1331587	61354	3803431	49764	0.84206	55551	1.00179	61354	1.08806	49764	146515.687718215	55551	1329207.71818445	61354	3495607.77898278
2	120011	121113	125814	1191932	131617	3650388	120011	0.84189	125814	1.00265	131617	1.08856	120011	143858.461319175	125814	1188781.72841969	131617	3353410.00955391	136593	130348	142381	1274336	148200	3878643	136593	0.84202	142381	1.0028	148200	1.08846	136593	154803.923897295	142381	1270777.82209813	148200	3563422.63381291	153176	129316	158948	1264711	164751	3844870	153176	0.84235	158948	1.00243	164751	1.0884	153176	153518.133792367	158948	1261645.20215875	164751	3532589.12164645	169728	122809	175515	1247915	181319	3741719	169728	0.84236	175515	1.00276	181319	1.08745	169728	145791.585545373	175515	1244480.23455263	181319	3440819.348016
3	240022	121618	245809	1173640	251628	3638890	240022	0.84225	245809	1.00279	251628	1.0884	240022	144396.556841793	245809	1170374.65471335	251628	3343338.8460125	256604	130590	262376	1257029	268195	3858204	256604	0.84219	262376	1.00239	268195	1.08779	256604	155060.022085278	262376	1254031.86384541	268195	3546827.97231083	273172	129384	278959	1239475	284747	3813017	273172	0.84238	278959	1.00358	284747	1.08842	273172	153593.390156461	278959	1235053.50843979	284747	3503258.85228129	289739	122055	295526	1232603	301330	3723499	289739	0.84214	295526	1.00233	301330	1.08794	289739	144934.333958724	295526	1229737.71113306	301330	3422522.38174899
4	360033	121190	365820	1168873	371639	3627428	360033	0.84262	365820	1.00222	371639	1.08883	360033	143825.211839263	365820	1166283.84985333	371639	3331491.60107639	376615	130338	382403	1250072	388191	3848328	376615	0.84261	382403	1.0027	388191	1.08884	376615	154683.6614804	382403	1246705.89408597	388191	3534337.46004923	393167	128469	398955	1233654	404758	3802935	393167	0.84277	398955	1.00295	404758	1.08972	393167	152436.607852676	398955	1230025.42499626	404758	3489827.66215175	409734	123293	415522	1226517	421325	3719645	409734	0.84253	415522	1.00333	421325	1.08872	409734	146336.628962767	415522	1222446.25397427	421325	3416530.4210449
5	480044	120894	485847	1163856	491650	3616397	480044	0.84313	485847	1.00311	491650	1.08951	480044	143387.140773072	485847	1160247.6298711	491650	3319287.5696414	496626	129938	502398	1248415	508202	3841032	496626	0.84341	502398	1.00383	508202	1.08899	496626	154062.674144248	502398	1243651.81355409	508202	3527150.84619694	513194	128024	518981	1229089	524784	3789784	513194	0.843	518981	1.00375	524784	1.08906	513194	151867.141162515	518981	1224497.13574097	524784	3479867.04130167	529761	122253	535548	1221577	541352	3713547	529761	0.84356	535548	1.00369	541352	1.08996	529761	144925.079425293	535548	1217085.95283404	541352	3407048.8825278
6	600055	121316	605842	1158015	611661	3611386	600055	0.84283	605842	1.00353	611661	1.08893	600055	143938.872607762	605842	1153941.58620071	611661	3316453.76654147	616637	130129	622409	1240996	628213	3835549	616637	0.84359	622409	1.00317	628213	1.08914	616637	154256.214511789	622409	1237074.47391768	628213	3521630.82799273	633173	128037	638961	1223667	644764	3782456	633173	0.84336	638961	1.00312	644764	1.08973	633173	151817.729083665	638961	1219861.03357525	644764	3471002.90897745	649725	122519	655528	1220664	661347	3704916	649725	0.84267	655528	1.00385	661347	1.08941	649725	145393.807777659	655528	1215982.46750012	661347	3400846.32966468
7	720066	120946	725853	1157965	731672	3598093	720066	0.84322	725853	1.00336	731672	1.08966	720066	143433.504897891	725853	1154087.26678361	731672	3302032.74415873	736648	129534	742452	1241584	748255	3824656	736648	0.84283	742452	1.00374	748255	1.08927	736648	153689.356097908	742452	1236957.77791061	748255	3511210.26008244	753231	128238	759019	1218975	764822	3770127	753231	0.84311	759019	1.00415	764822	1.09052	753231	152101.149316222	759019	1213937.16078275	764822	3457182.81186957	769798	122471	775586	1220558	781389	3694391	769798	0.84332	775586	1.004	781389	1.08943	769798	145224.825688944	775586	1215695.21912351	781389	3391122.88077251
8	840077	120556	845880	1156466	851683	3584405	840077	0.84371	845880	1.00411	851683	1.08941	840077	142887.959132877	845880	1151732.37991854	851683	3290225.90209379	856659	129904	862447	1237756	868250	3817654	856659	0.84374	862447	1.00419	868250	1.08982	856659	153962.121032546	862447	1232591.44185861	868250	3503013.34165275	873227	127696	879014	1219942	884817	3761273	873227	0.84344	879014	1.00379	884817	1.09096	873227	151399.032533435	879014	1215335.87702607	884817	3447672.69194104	889794	122481	895581	1216307	901385	3688858	889794	0.8438	895581	1.00436	901385	1.09096	889794	145154.0649443	895581	1211026.92261739	901385	3381295.3728826
9	960088	120495	965875	1154151	971694	3579557	960088	0.84356	965875	1.004	971694	1.09013	960088	142841.054578216	965875	1149552.78884462	971694	3283605.6250172	976670	129720	982442	1238092	988246	3810625	976670	0.84399	982442	1.00415	988246	1.09031	976670	153698.503536772	982442	1232975.15311457	988246	3494992.24991058	993238	128811	999025	1219030	1004828	3763102	993238	0.84367	999025	1.00412	1004828	1.09093	993238	152679.365154622	999025	1214028.20380034	1004828	3449444.05232233	1009820	122364	1015608	1217315	1021411	3686141	1009820	0.84384	1015608	1.00492	1021411	1.09058	1009820	145008.532423208	1015608	1211355.13274689	1021411	3379982.21130041
10	1080099	120112	1085886	1153112	1091689	3578353	1080099	0.84382	1085886	1.00363	1091689	1.09028	1080099	142343.15375317	1085886	1148941.34292518	1091689	3282049.56524929	1096666	130234	1102453	1235408	1108257	3806346	1096666	0.84412	1102453	1.00495	1108257	1.09083	1096666	154283.751125432	1102453	1229322.85188318	1108257	3489403.48175243	1113233	128248	1119021	1216512	1124824	3748748	1113233	0.84423	1119021	1.00523	1124824	1.0898	1113233	151911.209030714	1119021	1210182.74424759	1124824	3439849.51367223	1129816	121830	1135603	1210809	1141407	3677928	1129816	0.84397	1135603	1.00484	1141407	1.09021	1129816	144353.47227982	1135603	1204976.91174714	1141407	3373595.91271406
11	1200110	114723	1205913	808850	1211716	3452819	1200110	0.84355	1205913	1.00491	1211716	1.09066	1200110	136000.237093237	1205913	804897.951060294	1211716	3165806.94258522	1216692	120902	1222496	887317	1228314	3654201	1216692	0.84374	1222496	1.00522	1228314	1.09036	1216692	143292.957546164	1222496	882709.257674937	1228314	3351371.10679042	1233275	127941	1239047	1217766	1244866	3751846	1233275	0.84398	1239047	1.00505	1244866	1.09105	1233275	151592.454797507	1239047	1211647.18173225	1244866	3438747.99505064	1249827	121849	1255615	1215122	1261418	3676940	1249827	0.84394	1255615	1.00491	1261418	1.0913	1249827	144381.117141029	1255615	1209184.90213054	1261418	3369320.99331073
12	1320121	112471	1325908	431918	1331727	3436098	1320121	0.84475	1325908	1.00556	1331727	1.09143	1320121	133141.166025451	1325908	429529.814232865	1331727	3148253.20909266	1336703	118727	1342507	462881	1348310	3638207	1336703	0.84438	1342507	1.00509	1348310	1.09199	1336703	140608.493806106	1342507	460536.867345213	1348310	3331721.90221522	1353271	128324	1359058	1218330	1364861	3738912	1353271	0.84452	1359058	1.00529	1364861	1.0919	1353271	151949.036138872	1359058	1211918.94876105	1364861	3424225.66169063	1369854	122797	1375626	1213396	1381429	3670215	1369854	0.84494	1375626	1.0054	1381429	1.09241	1369854	145332.212938197	1375626	1206878.85418739	1381429	3359741.30591994
13	1440132	112415	1445919	250655	1451738	3437728	1440132	0.84515	1445919	1.00598	1451738	1.09126	1440132	133011.891380228	1445919	249164.993339828	1451738	3150237.3403222	1456699	119165	1462471	267097	1468274	3639724	1456699	0.84491	1462471	1.00597	1468274	1.0924	1456699	141038.690511415	1462471	265511.893992863	1468274	3331860.12449652	1473266	129003	1479054	1221069	1484857	3752629	1473266	0.84478	1479054	1.00612	1484857	1.0922	1473266	152706.0299723	1479054	1213641.51393472	1484857	3435844.16773485	1489849	121383	1495637	1211906	1501440	3663465	1489849	0.84542	1495637	1.0064	1501440	1.09206	1489849	143577.156916089	1495637	1204199.12559618	1501440	3354637.10785122
14	1560143	112049	1565930	154974	1571749	3430959	1560143	0.84507	1565930	1.00632	1571749	1.09196	1560143	132591.382962358	1565930	154000.715478178	1571749	3142018.93842265	1576725	118669	1582497	162495	1588301	3632431	1576725	0.84582	1582497	1.00573	1588301	1.09294	1576725	140300.53675723	1582497	161569.208435664	1588301	3323541.09100225	1593277	120075	1599065	690424	1604868	3605964	1593277	0.84517	1599065	1.00693	1604868	1.09206	1593277	142072.009181585	1599065	685672.291023209	1604868	3301983.40750508	1609829	113850	1615632	715200	1621435	3521940	1609829	0.84556	1615632	1.00664	1621435	1.09249	1609829	134644.495955343	1615632	710482.396884686	1621435	3223773.21531547
15	1680154	112234	1685941	102171	1691760	3430555	1680154	0.8459	1685941	1.00617	1691760	1.09321	1680154	132679.985813926	1685941	101544.470616297	1691760	3138056.7320094	1696721	118500	1702508	105693	1708312	3625288	1696721	0.84531	1702508	1.00581	1708312	1.09336	1696721	140185.257479505	1702508	105082.470844394	1708312	3315731.32362625	1713288	118731	1719076	370522	1724879	3595635	1713288	0.84584	1719076	1.00686	1724879	1.09256	1713288	140370.519247139	1719076	367997.536896887	1724879	3291018.34224207	1729855	112419	1735659	387564	1741462	3517708	1729855	0.8458	1735659	1.00707	1741462	1.09319	1729855	132914.40056751	1735659	384843.158866812	1741462	3217837.70433319
16	1800165	111165	1805952	72906	1811771	3418303	1800165	0.8461	1805952	1.00627	1811771	1.09263	1800165	131385.179056849	1805952	72451.7276675246	1811771	3128509.19341406	1816747	117454	1822535	75960	1828354	3615958	1816747	0.84577	1822535	1.00667	1828354	1.09269	1816747	138872.270238954	1822535	75456.7037857491	1828354	3309225.85545763	1833330	117923	1839118	214465	1844921	3597517	1833330	0.84601	1839118	1.00683	1844921	1.09335	1833330	139387.241285564	1839118	213010.140738754	1844921	3290361.73229067	1849913	111171	1855701	226807	1861488	3508128	1849913	0.84576	1855701	1.0068	1861488	1.09335	1849913	131445.090805902	1855701	225275.129121971	1861488	3208604.74687886
17	1920176	110967	1925963	55761	1931782	3418699	1920176	0.84564	1925963	1.00633	1931782	1.09335	1920176	131222.506030935	1925963	55410.2530978904	1931782	3126811.17665889	1936759	117878	1942546	57615	1948349	3613304	1936759	0.84611	1942546	1.00633	1948349	1.09327	1936759	139317.582820201	1942546	57252.5910983475	1948349	3305042.67015467	1953326	117186	1959113	132723	1964917	3589463	1953326	0.84542	1959113	1.00741	1964917	1.09348	1953326	138612.760521398	1959113	131746.756534082	1964917	3282605.07736767	1969909	111754	1975696	141203	1981484	3504537	1969909	0.8457	1975696	1.00687	1981484	1.09453	1969909	132143.786212605	1975696	140239.554262219	1981484	3201864.72732588
18	2040187	111462	2045990	46247	2051793	3416297	2040187	0.8459	2045990	1.00652	2051793	1.09345	2040187	131767.348386334	2045990	45947.4228033223	2051793	3124328.50153185	2056770	117671	2062542	46495	2068345	3606567	2056770	0.84533	2062542	1.007	2068345	1.09328	2056770	139201.258680042	2062542	46171.7974180735	2068345	3298850.24879262	2073321	117208	2079124	89083	2084928	3584955	2073321	0.84589	2079124	1.00657	2084928	1.09345	2073321	138561.751527976	2079124	88501.5448503333	2084928	3278572.40843203	2089904	111095	2095692	95142	2101495	3493107	2089904	0.84616	2095692	1.00675	2101495	1.09287	2089904	131293.13604992	2095692	94504.0973429352	2101495	3196269.45565346
19	2160198	110905	2166001	40221	2171804	3411379	2160198	0.84661	2166001	1.00742	2171804	1.09405	2160198	130998.92512491	2166001	39924.7582934625	2171804	3118119.82998949	2176781	118242	2182568	40618	2188403	3602242	2176781	0.84685	2182568	1.00732	2188403	1.09396	2176781	139625.671606542	2182568	40322.8368343724	2188403	3292846.17353468	2193379	116671	2199182	64414	2205001	3578910	2193379	0.84655	2199182	1.00795	2205001	1.09357	2193379	137819.384560865	2199182	63905.9477156605	2205001	3272684.87613962	2209977	110891	2215749	68516	2221553	3495524	2209977	0.84689	2215749	1.00779	2221553	1.09363	2209977	130939.082997792	2215749	67986.3860526499	2221553	3196258.33234275
20	2280209	110152	2285996	36401	2291800	3408945	2280209	0.84705	2285996	1.00835	2291800	1.09488	2280209	130041.910158786	2285996	36099.5686021719	2291800	3113532.9899167	2296776	117774	2302564	36238	2308351	3600221	2296776	0.847	2302564	1.00851	2308351	1.09455	2296776	139048.406139315	2302564	35932.2168347364	2308351	3289224.79557809	2313328	116562	2319115	50282	2324918	3571569	2313328	0.84742	2319115	1.0081	2324918	1.09391	2313328	137549.267187463	2319115	49877.988294812	2324918	3264956.89773382	2329910	110367	2335698	53602	2341501	3496947	2329910	0.84706	2335698	1.0084	2341501	1.09433	2329910	130294.194035842	2335698	53155.4938516462	2341501	3195514.15021063
21	2400220	110738	2406023	33776	2411826	3404438	2400220	0.84675	2406023	1.00784	2411826	1.09515	2400220	130780.041334514	2406023	33513.2560723924	2411826	3108649.95662695	2416803	118513	2422590	33571	2428378	3595197	2416803	0.84749	2422590	1.00827	2428378	1.09562	2416803	139839.998112072	2422590	33295.64501572	2428378	3281426.95460105	2433354	116887	2439142	42400	2444945	3570859	2433354	0.84718	2439142	1.00839	2444945	1.09547	2433354	137971.859581199	2439142	42047.2237923819	2444945	3259659.32430829	2449937	110926	2455709	44167	2461512	3484501	2449937	0.84694	2455709	1.00823	2461512	1.09501	2449937	130972.678111791	2455709	43806.4727294367	2461512	3182163.63320883
22	2520231	110795	2526034	31984	2531822	3402079	2520231	0.84752	2526034	1.0082	2531822	1.09551	2520231	130728.478383991	2526034	31723.8643126364	2531822	3105475.0755356	2536798	117854	2542570	31724	2548373	3591655	2536798	0.84722	2542570	1.00768	2548373	1.09535	2536798	139106.725525837	2542570	31482.216576691	2548373	3279002.14543297	2553350	116308	2559137	37266	2564940	3565914	2553350	0.84735	2559137	1.00821	2564940	1.09479	2553350	137260.872130761	2559137	36962.5375665784	2564940	3257167.12794235	2569917	110423	2575704	38454	2581523	3480031	2569917	0.84684	2575704	1.00831	2581523	1.09482	2569917	130394.171272023	2575704	38137.0808580694	2581523	3178633.01729965
23	2640242	109987	2646029	30566	2651848	3392168	2640242	0.84729	2646029	1.00767	2651848	1.09434	2640242	129810.336484557	2646029	30333.3432572171	2651848	3099738.65526253	2656825	116823	2662597	29993	2668400	3582123	2656825	0.84713	2662597	1.00706	2668400	1.09508	2656825	137904.453861863	2662597	29782.7338986754	2668400	3271106.2205501	2673376	116140	2679164	34338	2684951	3561580	2673376	0.84682	2679164	1.00769	2684951	1.09455	2673376	137148.390448974	2679164	34075.9558991356	2684951	3253921.70298296	2689943	110503	2695731	34799	2701534	3474665	2689943	0.84722	2695731	1.00801	2701534	1.09447	2689943	130430.112603574	2695731	34522.4749754467	2701534	3174746.68104197
24	2760253	110752	2766056	29303	2771859	3389690	2760253	0.84672	2766056	1.00775	2771859	1.09427	2760253	130801.209372638	2766056	29077.6482262466	2771859	3097672.42088333	2776836	117191	2782639	29128	2788442	3579938	2776836	0.8463	2782639	1.00837	2788442	1.09415	2776836	138474.536216472	2782639	28886.2223191884	2788442	3271889.59466252	2793418	115782	2799206	32387	2804994	3554104	2793418	0.84686	2799206	1.00788	2804994	1.0949	2793418	136719.17436176	2799206	32133.785768147	2804994	3246053.52086949	2809970	110364	2815758	32166	2821561	3473475	2809970	0.84687	2815758	1.00755	2821561	1.09463	2809970	130319.883807432	2815758	31924.9665029031	2821561	3173195.50898477
25	2880264	110057	2886067	28823	2891855	3380846	2880264	0.84655	2886067	1.00836	2891855	1.09509	2880264	130006.496958242	2886067	28584.0374469436	2891855	3087276.84482554	2896831	117377	2902619	28267	2908422	3572978	2896831	0.84765	2902619	1.00824	2908422	1.0953	2896831	138473.426532177	2902619	28035.983495993	2908422	3262099.88131106	2913398	116169	2919186	30857	2924973	3551680	2913398	0.8472	2919186	1.00863	2924973	1.09496	2913398	137121.104815864	2919186	30592.9825605029	2924973	3243661.86892672	2929965	110074	2935753	30350	2941556	3467203	2929965	0.84645	2935753	1.0083	2941556	1.09523	2929965	130041.939866501	2935753	30100.1686006149	2941556	3165730.48583403
26	3000275	105450	3006078	28806	3011881	3281076	3000275	0.84718	3006078	1.00831	3011881	1.09482	3000275	124471.77695413	3006078	28568.5949757515	3011881	2996909.08094481	3016858	111847	3022630	28747	3028433	3469566	3016858	0.84707	3022630	1.00773	3028433	1.09465	3016858	132039.855029691	3022630	28526.4902305181	3028433	3169566.52811401	3033425	116523	3039212	29319	3045000	3556919	3033425	0.84712	3039212	1.00846	3045000	1.09529	3033425	137551.940693172	3039212	29073.0420641374	3045000	3247467.79391759	3049992	110529	3055780	29475	3061583	3466900	3049992	0.84701	3055780	1.00772	3061583	1.09416	3049992	130493.146479971	3055780	29249.1962052951	3061583	3168549.389486
27	3120286	105511	3126089	26892	3131892	3270434	3120286	0.84698	3126089	1.00797	3131892	1.09496	3120286	124573.189449574	3126089	26679.3654573053	3131892	2986806.82399357	3136869	111767	3142672	27063	3148491	3453654	3136869	0.84706	3142672	1.00753	3148491	1.09501	3136869	131946.969518098	3142672	26860.7386380554	3148491	3153993.11421813	3153451	110488	3159270	28504	3165073	3438650	3153451	0.84681	3159270	1.00819	3165073	1.0945	3153451	130475.549414863	3159270	28272.4486455926	3165073	3141754.22567382	3170050	104910	3175837	28127	3181641	3337732	3170050	0.84684	3175837	1.00737	3181641	1.0943	3170050	123884.086722403	3175837	27921.2206041474	3181641	3050106.91766426
28	3240297	105641	3246100	26097	3251903	3261877	3240297	0.84705	3246100	1.008	3251903	1.09501	3240297	124716.368573284	3246100	25889.880952381	3251903	2978855.90085935	3256864	111976	3262667	26171	3268470	3442984	3256864	0.84668	3262667	1.00851	3268470	1.09581	3256864	132253.03538527	3262667	25950.1641034794	3268470	3141953.44083372	3273447	110948	3279219	27201	3285022	3432490	3273447	0.84778	3279219	1.00883	3285022	1.09582	3273447	130868.857486612	3279219	26962.9174390135	3285022	3132348.37838331	3289998	105414	3295786	26707	3301589	3326328	3289998	0.84747	3295786	1.00799	3301589	1.09539	3289998	124386.703954122	3295786	26495.3025327632	3301589	3036660.91529045
29	3360308	105526	3366111	25522	3371914	3247449	3360308	0.84764	3366111	1.00824	3371914	1.09486	3360308	124493.888915105	3366111	25313.417440292	3371914	2966086.07493196	3376875	111812	3382663	25722	3388466	3438847	3376875	0.84682	3382663	1.00776	3388466	1.09516	3376875	132037.505018776	3382663	25523.9342700643	3388466	3140040.72464297	3393442	111047	3399230	26266	3405033	3422867	3393442	0.84675	3399230	1.00784	3405033	1.09552	3393442	131144.966046649	3399230	26061.6764565804	3405033	3124422.19220096	3410009	105174	3415813	26036	3421600	3326113	3410009	0.84666	3415813	1.00847	3421600	1.09423	3410009	124222.237970378	3415813	25817.3272382917	3421600	3039683.61313435
30	3480319	105292	3486106	25384	3491925	3246582	3480319	0.84699	3486106	1.00828	3491925	1.09459	3480319	124313.155999481	3486106	25175.5464751855	3491925	2966025.63516933	3496902	111489	3502705	24909	3508508	3433321	3496902	0.84698	3502705	1.00858	3508508	1.09458	3496902	131631.207348462	3502705	24697.0988915108	3508508	3136656.0689945	3513484	111015	3519272	25955	3525060	3422445	3513484	0.84701	3519272	1.00843	3525060	1.09607	3513484	131066.929552189	3519272	25738.0284204159	3525060	3122469.36783235	3530036	104511	3535824	25261	3541627	3318669	3530036	0.84668	3535824	1.00866	3541627	1.09553	3530036	123436.245098502	3535824	25044.1179386513	3541627	3029281.71752485
31	3600330	101959	3606133	23593	3611952	3131515	3600330	0.85155	3606133	1.00879	3611952	1.09534	3600330	119733.427279667	3606133	23387.4245383083	3611952	2858943.34179342	3616913	105972	3622685	28334	3628488	3283062	3616913	0.84759	3622685	1.00916	3628488	1.09513	3616913	125027.430715322	3622685	28076.816362123	3628488	2997874.22497786	3633464	110529	3639236	25625	3645040	3414440	3633464	0.84705	3639236	1.00822	3645040	1.09539	3633464	130486.984239419	3639236	25416.079823848	3645040	3117099.84571705	3650016	105127	3655788	24692	3661607	3312661	3650016	0.84769	3655788	1.00845	3661607	1.09486	3650016	124015.854852599	3655788	24485.1008974168	3661607	3025648.02805838
32	3720341	98014	3726128	23853	3731947	3118226	3720341	0.84814	3726128	1.00832	3731947	1.09496	3720341	115563.468295329	3726128	23656.1805775944	3731947	2847799.0063564	3736924	103416	3742696	26192	3748499	3263302	3736924	0.84768	3742696	1.00867	3748499	1.09486	3736924	121998.867497169	3742696	25966.8672608484	3748499	2980565.55176004	3753491	103618	3759294	25045	3765097	3274975	3753491	0.8479	3759294	1.009	3765097	1.0954	3753491	122205.44875575	3759294	24821.6055500496	3765097	2989752.6017893	3770074	97469	3775861	24765	3781649	3167327	3770074	0.84735	3775861	1.00949	3781649	1.09573	3770074	115028.028559627	3775861	24532.1895214415	3781649	2890609.00039243
33	3840352	97953	3846139	25246	3851958	3103504	3840352	0.84816	3846139	1.00897	3851958	1.09573	3840352	115488.822863611	3846139	25021.5566369664	3851958	2832361.98698585	3856935	103841	3862707	28122	3868510	3270716	3856935	0.84786	3862707	1.00885	3868510	1.09503	3856935	122474.229235959	3862707	27875.3035634633	3868510	2986873.41899309	3873486	104089	3879274	26096	3885062	3244948	3873486	0.84784	3879274	1.00867	3885062	1.09503	3873486	122769.626344593	3879274	25871.6924266609	3885062	2963341.64360794	3890038	96836	3895826	25833	3901629	3148820	3890038	0.84733	3895826	1.00913	3901629	1.09538	3890038	114283.691123883	3895826	25599.2785865052	3901629	2874637.11223502
34	3960363	94908	3966150	27106	3971969	3028225	3960363	0.84667	3966150	1.00843	3971969	1.09538	3960363	112095.621670781	3966150	26879.4066023423	3971969	2764542.89835491	3976946	100515	3982718	29269	3988521	3190253	3976946	0.84724	3982718	1.00847	3988521	1.09497	3976946	118638.166281101	3982718	29023.1737186034	3988521	2913552.88272738	3993497	102127	3999285	27543	4005073	3199250	3993497	0.84745	3999285	1.00866	4005073	1.09614	3993497	120510.944598501	3999285	27306.525489263	4005073	2918650.90225701	4010049	96057	4015837	27901	4021655	3105321	4010049	0.84762	4015837	1.00841	4021655	1.0959	4010049	113325.546825228	4015837	27668.3095169623	4021655	2833580.61866959
35	4080374	90707	4086161	28732	4091949	2916275	4080374	0.84707	4086161	1.00862	4091949	1.0962	4080374	107083.239873918	4086161	28486.4468283397	4091949	2660349.38879766	4096941	96379	4102729	31475	4108516	3065056	4096941	0.84804	4102729	1.00895	4108516	1.09624	4096941	113649.120324513	4102729	31195.7976113782	4108516	2795971.68503247	4113493	98598	4119280	29926	4125115	3107271	4113493	0.84814	4119280	1.00891	4125115	1.0961	4113493	116252.033862334	4119280	29661.7141271273	4125115	2834842.62384819	4130076	91985	4135848	30648	4141651	3007105	4130076	0.84783	4135848	1.00804	4141651	1.0955	4130076	108494.627460694	4135848	30403.5554144677	4141651	2744961.20492926
36	4200385	83938	4206157	31895	4211976	2768519	4200385	0.84782	4206157	1.00884	4211976	1.09588	4200385	99004.5056733741	4206157	31615.518813687	4211976	2526297.58732708	4216952	90275	4222740	34043	4228543	2907825	4216952	0.84794	4222740	1.0087	4228543	1.09631	4216952	106463.900747694	4222740	33749.3803906018	4228543	2652374.78450438	4233504	92329	4239291	32924	4245095	2974554	4233504	0.84713	4239291	1.00872	4245095	1.09659	4233504	108990.355671503	4239291	32639.3845665794	4245095	2712548.90159494	4250087	85095	4255874	34394	4261677	2866687	4250087	0.84831	4255874	1.00938	4261677	1.09598	4250087	100311.206988011	4255874	34074.3822940815	4261677	2615638.05908867
37	4320396	75580	4326183	34957	4331987	2583167	4320396	0.84799	4326183	1.00863	4331987	1.09575	4320396	89128.4095331313	4326183	34657.902303124	4331987	2357441.93474789	4336963	81397	4342751	37400	4348554	2705195	4336963	0.84764	4342751	1.00887	4348554	1.09639	4336963	96027.794818555	4342751	37071.1786454152	4348554	2467365.6271947	4353530	83789	4359334	36557	4365137	2789721	4353530	0.8482	4359334	1.0091	4365137	1.09651	4353530	98784.4847913228	4359334	36227.3312853037	4365137	2544181.99560424	4370129	74441	4375916	38875	4381720	2685682	4370129	0.84864	4375916	1.00934	4381720	1.09678	4370129	87717.995852187	4375916	38515.267402461	4381720	2448697.09513303
38	4440407	65569	4446195	39503	4451998	2391672	4440407	0.84822	4446195	1.00984	4451998	1.09585	4440407	77301.8792294452	4446195	39118.078111384	4451998	2182481.17899348	4456974	70681	4462762	41194	4468549	2491085	4456974	0.84802	4462762	1.00979	4468549	1.09583	4456974	83348.2700879696	4462762	40794.6206637024	4468549	2273240.37487567	4473526	72749	4479313	41069	4485101	2578283	4473526	0.84761	4479313	1.00887	4485101	1.09618	4473526	85828.3880558276	4479313	40707.9207430095	4485101	2352061.7051944	4490077	64190	4495865	45525	4501684	2483234	4490077	0.84848	4495865	1.00951	4501684	1.09712	4490077	75652.9323024703	4495865	45096.1357490268	4501684	2263411.47732244
39	4560418	56781	4566206	43601	4572009	2195196	4560418	0.8483	4566206	1.00954	4572009	1.0967	4560418	66935.0465637157	4566206	43188.9771579135	4572009	2001637.64019331	4577001	61009	4582773	46220	4588576	2282894	4577001	0.84809	4582773	1.00961	4588576	1.09591	4577001	71936.9406548833	4582773	45780.0536840958	4588576	2083103.53952423	4593537	62875	4599324	46804	4605128	2367931	4593537	0.8483	4599324	1.00927	4605128	1.09648	4593537	74118.8258870683	4599324	46374.1119819275	4605128	2159575.18604991	4610104	55044	4615892	53150	4621695	2277683	4610104	0.84796	4615892	1.00955	4621695	1.09673	4610104	64913.4393131752	4615892	52647.2190579961	4621695	2076794.65319632
40	4680429	49995	4686217	49106	4692035	2018250	4680429	0.84812	4686217	1.01003	4692035	1.09737	4680429	58948.0262227043	4686217	48618.3578705583	4692035	1839170.01558271	4696996	53851	4702784	51459	4708587	2094869	4696996	0.84856	4702784	1.01002	4708587	1.09727	4696996	63461.62911285	4702784	50948.4960693848	4708587	1909164.5629608	4713563	54586	4719351	53725	4725154	2174637	4713563	0.84845	4719351	1.00913	4725154	1.09703	4713563	64336.1423772762	4719351	53238.9285820459	4725154	1982294.92356636	4730146	47362	4735918	62238	4741721	2090445	4730146	0.84935	4735918	1.00953	4741721	1.09734	4730146	55762.6420203685	4735918	61650.4710112627	4741721	1905011.2089234
41	4800440	44337	4806228	55365	4812046	1869702	4800440	0.84854	4806228	1.01022	4812046	1.09688	4800440	52250.9251184387	4806228	54804.8939834887	4812046	1704563.85383998	4817023	48193	4822795	57032	4828598	1940153	4817023	0.84837	4822795	1.00989	4828598	1.09743	4817023	56806.5820337824	4822795	56473.4773094099	4828598	1767905.92566268	4833559	48189	4839346	61379	4845150	2000964	4833559	0.84794	4839346	1.00909	4845150	1.09719	4833559	56830.6719815081	4839346	60826.0908343161	4845150	1823716.94966232	4850126	42175	4855914	72827	4861717	1931188	4850126	0.84866	4855914	1.00939	4861717	1.09692	4850126	49695.9913275045	4855914	72149.5160443436	4861717	1760555.00856945
42	4920451	40544	4926254	61267	4932057	1747951	4920451	0.84852	4926254	1.00938	4932057	1.09655	4920451	47782.0204591524	4926254	60697.6559868434	4932057	1594045.87114131	4937034	43857	4942821	63079	4948640	1807546	4937034	0.84821	4942821	1.00986	4948640	1.09702	4937034	51705.3559849566	4942821	62463.1136989286	4948640	1647687.37124209	4953617	43825	4959389	68483	4965192	1862405	4953617	0.84809	4959389	1.01	4965192	1.09689	4953617	51674.9401596529	4959389	67804.9504950495	4965192	1697895.86923028	4970168	37823	4975940	85384	4981743	1803455	4970168	0.84865	4975940	1.0097	4981743	1.09698	4970168	44568.4322158723	4975940	84563.7318015252	4981743	1644018.12248172
43	5040462	36860	5046250	68199	5052068	1655171	5040462	0.84814	5046250	1.01025	5052068	1.09735	5040462	43459.8061640767	5046250	67507.0527097253	5052068	1508334.62432223	5057060	40034	5062848	69599	5068651	1708280	5057060	0.84837	5062848	1.0101	5068651	1.09713	5057060	47189.3159824133	5062848	68903.0789030789	5068651	1557044.28827942	5073628	39570	5079415	77898	5085203	1749837	5073628	0.84875	5079415	1.00944	5085203	1.09638	5073628	46621.5022091311	5079415	77169.5197337138	5085203	1596013.24358343	5090179	35475	5095951	99016	5101754	1712243	5090179	0.84826	5095951	1.00986	5101754	1.09734	5090179	41820.903968123	5095951	98049.234547363	5101754	1560357.77425411
44	5160473	34714	5166261	74377	5172079	1586062	5160473	0.84819	5166261	1.01011	5172079	1.09693	5160473	40927.1507563164	5166261	73632.5746700855	5172079	1445909.94867494	5177056	37004	5182843	75148	5188647	1632562	5177056	0.84846	5182843	1.01016	5188647	1.09695	5177056	43613.1343846498	5182843	74392.175496951	5188647	1488273.85022107	5193623	37223	5199411	87058	5205214	1674514	5193623	0.8482	5199411	1.00953	5205214	1.09795	5193623	43884.6970054232	5199411	86236.169306509	5205214	1525127.73805729	5210190	33104	5215978	113780	5221781	1651026	5210190	0.84816	5215978	1.0101	5221781	1.09726	5210190	39030.3716279947	5215978	112642.312642313	5221781	1504680.7502324
45	5280484	32729	5286272	80394	5292075	1539372	5280484	0.84897	5286272	1.0095	5292075	1.09629	5280484	38551.4211338445	5286272	79637.4442793462	5292075	1404164.95635279	5297067	34969	5302839	80879	5308626	1584128	5297067	0.84852	5302839	1.00964	5308626	1.09667	5297067	41211.7569414981	5302839	80106.7707301613	5308626	1444489.22647652	5313603	35174	5319390	96269	5325194	1624386	5313603	0.84868	5319390	1.00953	5325194	1.09772	5313603	41445.5389546119	5319390	95360.217130744	5325194	1479781.72940276	5330170	31089	5335973	129470	5341776	1609470	5330170	0.8483	5335973	1.01028	5341776	1.09681	5330170	36648.5913002476	5335973	128152.591360811	5341776	1467410.03455475
46	5400495	31207	5406283	86919	5412086	1516803	5400495	0.84858	5406283	1.00993	5412086	1.09727	5400495	36775.5544556789	5406283	86064.3806996525	5412086	1382342.54103366	5417062	33246	5422850	87153	5428653	1553686	5417062	0.84865	5422850	1.00941	5428653	1.09698	5417062	39175.1605491074	5422850	86340.5355603769	5428653	1416330.28861055	5433629	33341	5439417	105471	5445220	1594409	5433629	0.84804	5439417	1.00898	5445220	1.09715	5433629	39315.3624829018	5439417	104532.299946481	5445220	1453227.90867247	5450212	29982	5455984	143766	5461787	1595166	5450212	0.848	5455984	1.00846	5461787	1.09685	5450212	35356.1320754717	5455984	142559.942883208	5461787	1454315.53995533
47	5520506	29675	5526294	92622	5532097	1502384	5520506	0.84866	5526294	1.00918	5532097	1.09707	5520506	34966.8889779181	5526294	91779.4645157455	5532097	1369451.35679583	5537089	31756	5542861	91791	5548664	1538625	5537089	0.84846	5542861	1.01032	5548664	1.09723	5537089	37427.8103858756	5542861	90853.392984401	5548664	1402281.19901935	5553656	31961	5559444	113457	5565247	1581097	5553656	0.84886	5559444	1.00965	5565247	1.09735	5553656	37651.6740098485	5559444	112372.60436785	5565247	1440832.00437417	5570223	29576	5576011	159820	5581814	1594789	5570223	0.84918	5576011	1.01005	5581814	1.09761	5570223	34828.8937563296	5576011	158229.790604426	5581814	1452965.07867093
48	5640517	28760	5646305	97757	5652108	1500634	5640517	0.84916	5646305	1.00986	5652108	1.09736	5640517	33868.764426021	5646305	96802.527082962	5652108	1367494.71458774	5657084	30566	5662872	97028	5668675	1534864	5657084	0.84889	5662872	1.0107	5668675	1.09726	5657084	36007.0209332187	5662872	96000.7915306223	5668675	1398815.23066548	5673651	30713	5679439	121285	5685242	1578656	5673651	0.8492	5679439	1.01036	5685242	1.09768	5673651	36166.9806877061	5679439	120041.371392375	5685242	1438175.06012681	5690219	28950	5696006	174280	5701825	1610744	5690219	0.84931	5696006	1.01015	5701825	1.09737	5690219	34086.4937419788	5696006	172528.832351631	5701825	1467822.15661081
49	5760528	27805	5766316	101979	5772119	1515113	5760528	0.84929	5766316	1.01056	5772119	1.09847	5760528	32739.1114931296	5766316	100913.354971501	5772119	1379293.92700757	5777095	29441	5782883	101222	5788686	1540416	5777095	0.84887	5782883	1.01076	5788686	1.09774	5777095	34682.5780154794	5782883	100144.445763584	5788686	1403261.24583235	5793678	29796	5799466	128576	5805269	1589319	5793678	0.84914	5799466	1.01046	5805269	1.09871	5793678	35089.6200862049	5799466	127245.017120915	5805269	1446531.8418873	5810277	27922	5816080	188963	5821899	1644401	5810277	0.84866	5816080	1.01048	5821899	1.09782	5810277	32901.2796644121	5816080	187003.20639696	5821899	1497878.52289082
50	5880539	26935	5886327	106274	5892130	1532908	5880539	0.84992	5886327	1.01078	5892130	1.0982	5880539	31691.217996988	5886327	105140.5844991	5892130	1395836.82389364	5897106	28560	5902894	104089	5908697	1558439	5897106	0.849	5902894	1.01064	5908697	1.09795	5897106	33639.5759717315	5902894	102993.152853637	5908697	1419407.98761328	5913673	28913	5919461	135582	5925264	1615847	5913673	0.84966	5919461	1.01045	5925264	1.09843	5913673	34028.905679919	5919461	134179.820871889	5925264	1471051.40973936	5930241	27799	5936044	201679	5941832	1687525	5930241	0.84851	5936044	1.01132	5941832	1.09855	5930241	32762.1359795406	5936044	199421.548075782	5941832	1536138.54626553
51	6000550	26776	6006338	109197	6012141	1560389	6000550	0.84987	6006338	1.01089	6012141	1.09886	6000550	31505.9950345347	6006338	108020.655066328	6012141	1420007.09826548	6017117	28068	6022905	107385	6028708	1583124	6017117	0.84914	6022905	1.0108	6028708	1.0984	6017117	33054.6199684387	6022905	106237.633557578	6028708	1441300.07283321	6033684	28627	6039472	141793	6045291	1646583	6033684	0.8487	6039472	1.00996	6045291	1.09865	6033684	33730.4112171557	6039472	140394.669095806	6045291	1498732.99048833	6050267	26845	6056055	214129	6061858	1737098	6050267	0.84915	6056055	1.01041	6061858	1.09738	6050267	31613.9669080846	6056055	211922.882790154	6061858	1582950.29980499
52	6120561	25584	6126349	112543	6132152	1595302	6120561	0.8494	6126349	1.01062	6132152	1.09828	6120561	30120.084765717	6126349	111360.353050603	6132152	1452545.79888553	6137128	27358	6142916	110827	6148703	1609922	6137128	0.84941	6142916	1.01025	6148703	1.09721	6137128	32208.2386597756	6142916	109702.548874041	6148703	1467287.0280074	6153680	28206	6159468	146902	6165271	1688020	6153680	0.84922	6159468	1.0098	6165271	1.09765	6153680	33214.0081486541	6159468	145476.33194692	6165271	1537849.04113333	6170247	27085	6176035	225474	6181838	1801452	6170247	0.84849	6176035	1.00922	6181838	1.0974	6170247	31921.4133342762	6176035	223414.121797031	6181838	1641563.69600875
53	6240572	25657	6246360	115696	6252163	1635317	6240572	0.84914	6246360	1.01061	6252163	1.09757	6240572	30215.2766328285	6246360	114481.352846301	6252163	1489943.23824449	6257139	26835	6262927	112899	6268715	1644946	6257139	0.84878	6262927	1.01042	6268715	1.09832	6257139	31615.9664459577	6262927	111734.724174106	6268715	1497692.83997378	6273691	27802	6279479	150945	6285282	1733362	6273691	0.84915	6279479	1.01047	6285282	1.09809	6273691	32740.976270388	6279479	149380.981127594	6285282	1578524.52895482	6290274	26141	6296046	234566	6301849	1870518	6290274	0.84881	6296046	1.00973	6301849	1.09757	6290274	30797.2337743429	6296046	232305.665871074	6301849	1704235.72072852
54	6360583	25367	6366371	116887	6372174	1678197	6360583	0.84906	6366371	1.0098	6372174	1.09724	6360583	29876.5693826114	6366371	115752.624282036	6372174	1529471.21869418	6377150	26582	6382938	114401	6388741	1683436	6377150	0.84862	6382938	1.01081	6388741	1.0975	6377150	31323.796281021	6382938	113177.55067718	6388741	1533882.46013667	6393718	27011	6399505	154478	6405308	1780614	6393718	0.849	6399505	1.01042	6405308	1.0977	6393718	31815.0765606596	6399505	152884.938936284	6405308	1622131.72998087	6410285	26423	6416072	244877	6421876	1955190	6410285	0.84847	6416072	1.00973	6421876	1.09669	6410285	31141.9378410551	6416072	242517.306606717	6421876	1782810.09218649
55	6480594	24787	6486397	119424	6492201	1724161	6480594	0.84856	6486397	1.00972	6492201	1.09775	6480594	29210.662769869	6486397	118274.373093531	6492201	1570631.74675473	6497177	25750	6502949	115764	6508752	1729070	6497177	0.84862	6502949	1.00996	6508752	1.09832	6497177	30343.3810185949	6502949	114622.361281635	6508752	1574286.18253332	6513713	26988	6519501	157750	6525319	1840418	6513713	0.84924	6519501	1.00985	6525319	1.09712	6513713	31779.0024021478	6519501	156211.31851265	6525319	1677499.27081814	6530296	26446	6536083	253605	6541887	2041678	6530296	0.84869	6536083	1.01057	6541887	1.09863	6530296	31160.9657236447	6536083	250952.432785458	6541887	1858385.44368896
56	6600605	24822	6606393	120856	6612212	1779391	6600605	0.84866	6606393	1.00999	6612212	1.09847	6600605	29248.4622817147	6606393	119660.590698918	6612212	1619881.28942984	6617188	26126	6622960	116576	6628763	1774641	6617188	0.84889	6622960	1.0095	6628763	1.09733	6617188	30776.6612870926	6622960	115478.949975235	6628763	1617235.47155368	6633740	26708	6639527	161326	6645330	1906762	6633740	0.84842	6639527	1.0101	6645330	1.09811	6633740	31479.6916621485	6639527	159712.8997129	6645330	1736403.45684859	6650307	26702	6656094	260641	6661898	2121669	6650307	0.84941	6656094	1.01047	6661898	1.09717	6650307	31435.9378862976	6656094	257940.36438489	6661898	1933765.0500834
57	6720616	24061	6726388	121659	6732191	1836332	6720616	0.84832	6726388	1.01004	6732191	1.09835	6720616	28363.1176914372	6726388	120449.685160984	6732191	1671900.57813994	6737183	25556	6742971	117435	6748774	1823254	6737183	0.84767	6742971	1.01034	6748774	1.09715	6737183	30148.5247796902	6742971	116233.149236891	6748774	1661809.23301281	6753751	26570	6759538	163484	6765341	1969371	6753751	0.84804	6759538	1.00967	6765341	1.09737	6753751	31331.0692891845	6759538	161918.250517496	6765341	1794628.06528336	6770318	26429	6776121	267176	6781924	2208490	6770318	0.84785	6776121	1.00991	6781924	1.0973	6770318	31171.7874624049	6776121	264554.26721193	6781924	2012658.34320605
58	6840627	24158	6846399	122372	6852202	1889271	6840627	0.84826	6846399	1.00986	6852202	1.09759	6840627	28479.4756324712	6846399	121177.192878221	6852202	1721290.28143478	6857179	25553	6862966	117456	6868770	1870169	6857179	0.8472	6862966	1.00955	6868770	1.09729	6857179	30161.7091595845	6862966	116344.906146303	6868770	1704352.54126074	6873746	26590	6879534	163557	6885337	2030778	6873746	0.84806	6879534	1.01029	6885337	1.09784	6873746	31353.913638186	6879534	161891.140167675	6885337	1849794.14122276	6890329	26379	6896116	273114	6901920	2292616	6890329	0.84779	6896116	1.0099	6901920	1.09777	6890329	31115.016690454	6896116	270436.676898703	6901920	2088430.18118549
59	6960638	24078	6966426	122491	6972229	1943301	6960638	0.8476	6966426	1.00934	6972229	1.09587	6960638	28407.2675790467	6966426	121357.520756138	6972229	1773295.19012292	6977205	25311	6982993	117369	6988796	1918095	6977205	0.84753	6982993	1.00918	6988796	1.09589	6977205	29864.4295777141	6982993	116301.353574189	6988796	1750262.34384838	6993788	26285	6999560	164642	7005379	2101123	6993788	0.84721	6999560	1.00881	7005379	1.09781	6993788	31025.3656118318	6999560	163204.171251276	7005379	1913922.26341535	7010355	26647	7016143	278628	7021946	2368906	7010355	0.84816	7016143	1.01005	7021946	1.0977	7010355	31417.4212412752	7016143	275855.650710361	7021946	2158063.22310285
60	7080649	23826	7086452	122698	7092256	2002243	7080649	0.84781	7086452	1.00966	7092256	1.09665	7080649	28102.9947747727	7086452	121524.077412198	7092256	1825781.24287603	7097232	25689	7103020	117443	7108807	1970908	7097232	0.84823	7103020	1.00969	7108807	1.09776	7097232	30285.4178701531	7103020	116315.898939278	7108807	1795390.61361318	7113799	26253	7119571	166883	7125374	2168313	7113799	0.84869	7119571	1.01004	7125374	1.09797	7113799	30933.5564222508	7119571	165224.149538632	7125374	1974838.11033088	7130366	26796	7136154	283604	7141957	2440184	7130366	0.84919	7136154	1.01086	7141957	1.09763	7130366	31554.7757274579	7136154	280557.149357972	7141957	2223138.94481747
61	7200660	24367	7206448	123094	7212267	2066046	7200660	0.84813	7206448	1.00961	7212267	1.09832	7200660	28730.2654074257	7206448	121922.326442884	7212267	1881096.58387355	7217243	25198	7223015	116392	7228818	2014716	7217243	0.8482	7223015	1.00998	7228818	1.09776	7217243	29707.6161282716	7223015	115241.88597794	7228818	1835297.33275033	7233795	26062	7239582	168430	7245370	2236691	7233795	0.84869	7239582	1.01033	7245370	1.09793	7233795	30708.5036939283	7239582	166707.907317411	7245370	2037189.07398468	7250346	26476	7256149	286688	7261953	2504114	7250346	0.84837	7256149	1.00975	7261953	1.098	7250346	31208.0813795867	7256149	283919.782124288	7261953	2280613.84335155
62	7320671	23975	7326459	122864	7332278	2118363	7320671	0.84915	7326459	1.00896	7332278	1.09822	7320671	28234.1164694106	7326459	121772.914684428	7332278	1928905.86585566	7337254	25011	7343042	115148	7348876	2058366	7337254	0.84864	7343042	1.01026	7348876	1.0983	7337254	29471.8608597285	7343042	113978.579771544	7348876	1874138.21360284	7353852	26422	7359624	167454	7365428	2298327	7353852	0.84867	7359624	1.01029	7365428	1.09697	7353852	31133.4205285918	7359624	165748.448465292	7365428	2095159.39360238	7370420	28466	7376207	883264	7382010	2487965	7370420	0.8485	7376207	1.01074	7382010	1.09812	7370420	33548.6152032999	7376207	873878.544432792	7382010	2265658.58011875
63	7440682	23782	7446485	123127	7452289	2175267	7440682	0.84874	7446485	1.00923	7452289	1.09775	7440682	28020.3595918656	7446485	122000.931403149	7452289	1981568.66317468	7457265	25416	7463037	113553	7468840	2103157	7457265	0.84934	7463037	1.01027	7468840	1.09849	7457265	29924.411896296	7463037	112398.665703228	7468840	1914589.11778896	7473817	25968	7479604	167436	7485392	2353946	7473817	0.84942	7479604	1.00974	7485392	1.09689	7473817	30571.4487532669	7479604	165820.904391229	7485392	2146018.288069	7490368	28526	7496156	893109	7501975	2568750	7490368	0.84854	7496156	1.00932	7501975	1.09837	7490368	33617.7434181064	7496156	884862.085364404	7501975	2338692.79022552
64	7560693	23565	7566481	123004	7572300	2226226	7560693	0.84919	7566481	1.00926	7572300	1.09744	7560693	27749.9735041628	7566481	121875.43348592	7572300	2028562.83714827	7577276	25142	7583079	112822	7588898	2151557	7577276	0.8488	7583079	1.01004	7588898	1.09842	7577276	29620.6409048068	7583079	111700.526711813	7588898	1958774.42144171	7593874	26526	7599662	166524	7605465	2410951	7593874	0.8493	7599662	1.00997	7605465	1.099	7593874	31232.7799364182	7599662	164880.144954801	7605465	2193767.97088262	7610442	28509	7616229	901623	7622032	2637666	7610442	0.84881	7616229	1.01059	7622032	1.0977	7610442	33587.0218305628	7616229	892174.86814633	7622032	2402902.43235857
65	7680704	23916	7686492	121089	7692311	2272133	7680704	0.84841	7686492	1.01042	7692311	1.09818	7680704	28189.2009759432	7686492	119840.264444488	7692311	2068998.7069515	7697287	24852	7703059	112649	7708862	2201861	7697287	0.84786	7703059	1.00958	7708862	1.09783	7697287	29311.4429268983	7703059	111580.062996494	7708862	2005648.4155106	7713854	26201	7719626	166207	7725429	2459902	7713854	0.84822	7719626	1.00941	7725429	1.09648	7713854	30889.391903044	7719626	164657.572245173	7725429	2243453.59696483	7730421	28503	7736209	901168	7742012	2694693	7730421	0.84816	7736209	1.00896	7742012	1.09767	7730421	33605.6876061121	7736209	893165.239454488	7742012	2454920.87785947
66	7800715	24001	7806503	120634	7812322	2320004	7800715	0.84814	7806503	1.01011	7812322	1.09702	7800715	28298.3941330441	7806503	119426.597103286	7812322	2114823.79537292	7817298	24919	7823086	111803	7828904	2258543	7817298	0.84781	7823086	1.00902	7828904	1.09843	7817298	29392.1987237707	7823086	110803.551961309	7828904	2056155.6039074	7833881	26202	7839668	164956	7845472	2510804	7833881	0.84832	7839668	1.00913	7845472	1.09721	7833881	30886.9294605809	7839668	163463.577537086	7845472	2288353.18671904	7850448	28895	7856236	903438	7862039	2742265	7850448	0.84833	7856236	1.00979	7862039	1.09723	7850448	34061.0375679276	7856236	894679.091692332	7862039	2499261.77738487
67	7920726	24118	7926529	120131	7932333	2368392	7920726	0.84834	7926529	1.00959	7932333	1.09847	7920726	28429.6390598109	7926529	118989.886983825	7932333	2156082.55118483	7937309	25107	7943081	112192	7948884	2303438	7937309	0.8491	7943081	1.01018	7948884	1.09945	7937309	29568.9553645036	7943081	111061.394998911	7948884	2095082.08649779	7953861	25999	7959648	165111	7965451	2558446	7953861	0.84899	7959648	1.01019	7965451	1.09835	7953861	30623.4466837065	7959648	163445.490452291	7965451	2329354.03104657	7970428	28521	7976216	906140	7982019	2778582	7970428	0.84914	7976216	1.01024	7982019	1.09791	7970428	33588.1009020892	7976216	896955.178967374	7982019	2530792.14143236
68	8040737	23859	8046525	118733	8052344	2399887	8040737	0.84826	8046525	1.00971	8052344	1.09775	8040737	28126.9893664678	8046525	117591.189549475	8052344	2186187.20109315	8057320	25021	8063108	110282	8068911	2335808	8057320	0.84893	8063108	1.00947	8068911	1.09695	8057320	29473.5726149388	8063108	109247.426867564	8068911	2129365.96927845	8073887	26184	8079690	162885	8085478	2596711	8073887	0.84811	8079690	1.00979	8085478	1.09699	8073887	30873.3536923276	8079690	161305.816060765	8085478	2367123.67478281	8090455	28735	8096242	907997	8102045	2804370	8090455	0.84847	8096242	1.01017	8102045	1.0979	8090455	33866.8426697467	8096242	898855.638159914	8102045	2554303.67064396
69	8160748	23733	8166551	118159	8172355	2434773	8160748	0.84961	8166551	1.0104	8172355	1.09819	8160748	27933.993243959	8166551	116942.7949327	8172355	2217078.10123931	8177331	24854	8183103	109943	8188906	2377862	8177331	0.84838	8183103	1.01032	8188906	1.09809	8177331	29295.834413824	8183103	108819.977828807	8188906	2165452.74066789	8193898	25872	8199686	160989	8205489	2623688	8193898	0.84898	8199686	1.01004	8205489	1.09827	8193898	30474.2161181653	8199686	159388.73707972	8205489	2388928.04137416	8210481	28957	8216269	909688	8222056	2820731	8210481	0.84934	8216269	1.01056	8222056	1.09787	8210481	34093.5314479478	8216269	900182.077264091	8222056	2569275.9616348
70	8280759	23881	8286547	116928	8292366	2467269	8280759	0.84843	8286547	1.01042	8292366	1.09793	8280759	28147.2838065604	8286547	115722.174937155	8292366	2247200.64120663	8297342	25026	8303114	108577	8308917	2408799	8297342	0.84858	8303114	1.01013	8308917	1.09709	8297342	29491.6212967546	8303114	107488.145090236	8308917	2195625.70071735	8313894	26299	8319681	159990	8325485	2651612	8313894	0.84917	8319681	1.0106	8325485	1.0984	8313894	30970.2415299646	8319681	158311.893924401	8325485	2414067.73488711	8330445	29520	8336249	909476	8342052	2836742	8330445	0.84838	8336249	1.01031	8342052	1.09797	8330445	34795.7283292864	8336249	900194.98965664	8342052	2583624.32489048
71	8400770	24045	8406573	115853	8412377	2494272	8400770	0.84839	8406573	1.00947	8412377	1.0976	8400770	28341.9182215726	8406573	114766.164422915	8412377	2272478.13411079	8417353	24955	8423141	107057	8428928	2444659	8417353	0.84828	8423141	1.00955	8428928	1.09793	8417353	29418.3524308012	8423141	106044.277153187	8428928	2226607.34290893	8433920	26402	8439692	158500	8445496	2684642	8433920	0.84882	8439692	1.00977	8445496	1.09788	8433920	31104.3566362715	8439692	156966.4379017	8445496	2445296.38940503	8450488	29648	8456275	909165	8462078	2843437	8450488	0.84872	8456275	1.00988	8462078	1.09729	8450488	34932.6043924969	8456275	900270.329148018	8462078	2591326.81424236
72	8520781	24180	8526569	115687	8532372	2524215	8520781	0.84882	8526569	1.01031	8532372	1.09793	8520781	28486.6049339083	8526569	114506.43861785	8532372	2299067.33580465	8537348	25087	8543136	106429	8548939	2476777	8537348	0.84913	8543136	1.00953	8548939	1.09784	8537348	29544.3571655695	8543136	105424.306360386	8548939	2256045.50754208	8553916	26259	8559703	158220	8565491	2707310	8553916	0.84914	8559703	1.01107	8565491	1.09921	8553916	30924.2292201522	8559703	156487.681367264	8565491	2462959.7620109	8570467	29557	8576271	911498	8582074	2852527	8570467	0.84938	8576271	1.00979	8582074	1.09803	8570467	34798.3234830111	8576271	902660.949306291	8582074	2597858.89274428
73	8640792	23921	8646580	114266	8652399	2541786	8640792	0.84794	8646580	1.01045	8652399	1.09721	8640792	28210.7224567776	8646580	113084.269384927	8652399	2316590.26075227	8657375	25231	8663178	105166	8668982	2499743	8657375	0.84829	8663178	1.00987	8668982	1.09724	8657375	29743.3660658501	8663178	104138.156396368	8668982	2278209.87204258	8673958	26354	8679730	156226	8685533	2720849	8673958	0.84843	8679730	1.01028	8685533	1.09788	8673958	31062.0793701307	8679730	154636.338440828	8685533	2478275.40350494	8690525	29746	8696297	912409	8702100	2856970	8690525	0.84798	8696297	1.00982	8702100	1.09879	8690525	35078.6575155074	8696297	903536.273791369	8702100	2600105.5706732
74	8760819	23969	8766606	113278	8772410	2562383	8760819	0.84855	8766606	1.00989	8772410	1.09814	8760819	28247.0096046196	8766606	112168.652031409	8772410	2333384.63219626	8777386	25075	8783158	104479	8788977	2527254	8777386	0.84835	8783158	1.01012	8788977	1.09872	8777386	29557.3760829846	8783158	103432.265473409	8788977	2300180.20969856	8793953	26259	8799741	153523	8805544	2733612	8793953	0.84898	8799741	1.00992	8805544	1.09689	8793953	30930.0572451648	8799741	152015.011089987	8805544	2492147.79968821	8810536	29699	8816339	910137	8822127	2850441	8810536	0.84962	8816339	1.00943	8822127	1.09732	8810536	34955.6272215814	8816339	901634.585855384	8822127	2597638.79269493
75	8880830	24189	8886633	112101	8892436	2578089	8880830	0.84879	8886633	1.01	8892436	1.09896	8880830	28498.21510621	8886633	110991.089108911	8892436	2345935.24787071	8897413	25098	8903216	102812	8909019	2548557	8897413	0.84907	8903216	1.00932	8909019	1.09806	8897413	29559.4002850177	8903216	101862.640193398	8909019	2320963.33533687	8913996	26579	8919783	152386	8925586	2748589	8913996	0.84936	8919783	1.0107	8925586	1.09809	8913996	31292.9735330131	8919783	150772.73177006	8925586	2503063.50117021	8930563	29862	8936350	910331	8942154	2852041	8930563	0.84937	8936350	1.0102	8942154	1.09838	8930563	35157.822856941	8936350	901139.378340923	8942154	2596588.61231996
76	9000841	23930	9006644	111261	9012447	2590591	9000841	0.84935	9006644	1.01029	9012447	1.09866	9000841	28174.4863719315	9006644	110127.785091409	9012447	2357955.14535889	9017424	25053	9023211	102137	9029030	2571864	9017424	0.84947	9023211	1.01045	9029030	1.09895	9017424	29492.5070926578	9023211	101080.706615864	9029030	2340292.09700168	9034007	26521	9039794	150371	9045597	2760326	9034007	0.84931	9039794	1.01107	9045597	1.09886	9034007	31226.5250615205	9039794	148724.618473498	9045597	2511990.60844876	9050574	30175	9056361	910287	9062165	2849501	9050574	0.84986	9056361	1.01018	9062165	1.09893	9050574	35505.8480220272	9056361	901113.66291156	9062165	2592977.7146861
77	9120852	24000	9126655	110211	9132458	2607706	9120852	0.84877	9126655	1.01025	9132458	1.0987	9120852	28276.2114589347	9126655	109092.798812175	9132458	2373446.80076454	9137450	24941	9143238	101407	9149041	2590881	9137450	0.84866	9143238	1.01155	9149041	1.09947	9137450	29388.6833360828	9143238	100249.122633582	9149041	2356481.75939316	9154018	26443	9159805	149205	9165608	2775267	9154018	0.84901	9159805	1.01038	9165608	1.10031	9154018	31145.687329949	9159805	147672.162948594	9165608	2522259.18150339	9170585	30144	9176372	910861	9182176	2848984	9170585	0.84954	9176372	1.01104	9182176	1.09905	9170585	35482.731831344	9176372	900914.899509416	9182176	2592224.19362176
78	9240863	24035	9246651	109078	9252469	2619143	9240863	0.84976	9246651	1.01076	9252469	1.09988	9240863	28284.4567877989	9246651	107916.815069848	9252469	2381298.86896752	9257446	25150	9263218	100776	9269021	2608517	9257446	0.84933	9263218	1.01061	9269021	1.09937	9257446	29611.57618358	9263218	99717.9921037789	9269021	2372738.02268572	9273997	26627	9279785	146400	9285588	2786080	9273997	0.8492	9279785	1.01086	9285588	1.09906	9273997	31355.3933113519	9279785	144827.176859308	9285588	2534966.24388113	9290565	30232	9296352	909086	9302155	2845097	9290565	0.84921	9296352	1.01003	9302155	1.09835	9290565	35600.1460180639	9296352	900058.414106512	9302155	2590337.32416807
79	9360874	24224	9366662	107760	9372480	2624334	9360874	0.84947	9366662	1.0105	9372480	1.09942	9360874	28516.6044710231	9366662	106640.277090549	9372480	2387016.79067145	9377441	25407	9383229	99347	9389032	2619464	9377441	0.84924	9383229	1.01093	9389032	1.09903	9377441	29917.3378550233	9383229	98272.8774494772	9389032	2383432.66334859	9394008	26670	9399796	144845	9405599	2787452	9394008	0.85003	9399796	1.01063	9405599	1.09938	9394008	31375.3632224745	9399796	143321.49253436	9405599	2535476.35940257	9410576	30307	9416363	910826	9422166	2842693	9410576	0.84909	9416363	1.01025	9422166	1.09938	9410576	35693.5071664959	9416363	901584.756248453	9422166	2585723.77158035
80	9480885	23917	9486673	106145	9492491	2631946	9480885	0.84992	9486673	1.01053	9492491	1.09932	9480885	28140.2955572289	9486673	105038.939962198	9492491	2394158.20689153	9497452	25148	9503224	98385	9509012	2627290	9497452	0.84909	9503224	1.01082	9509012	1.09704	9497452	29617.5905969921	9503224	97331.8691755209	9509012	2394889.8855101	9514004	26583	9519776	142032	9525595	2788104	9514004	0.84909	9519776	1.00978	9525595	1.09966	9514004	31307.6352330142	9519776	140656.380597754	9525595	2535423.67640907	9530571	31062	9536359	909930	9542177	2841223	9530571	0.84944	9536359	1.01041	9542177	1.09946	9530571	36567.6210209079	9536359	900555.220158154	9542177	2584198.60658869
81	9600896	23837	9606684	105122	9612502	2633375	9600896	0.84956	9606684	1.00985	9612502	1.09902	9600896	28058.0535806771	9606684	104096.648017032	9612502	2396111.99068261	9617463	25437	9623251	96827	9629070	2639750	9617463	0.84942	9623251	1.0099	9629070	1.09941	9617463	29946.3163099527	9623251	95877.8096841272	9629070	2401060.56885057	9634046	26461	9639834	139948	9645621	2789640	9634046	0.84931	9639834	1.01039	9645621	1.09962	9634046	31155.8794786356	9639834	138508.892605825	9645621	2536912.75167785	9650598	30922	9656385	911541	9662188	2838583	9650598	0.84939	9656385	1.01062	9662188	1.09959	9650598	36404.9494342999	9656385	901962.161841246	9662188	2581492.19254449
82	9720907	24067	9726695	104622	9732513	2641953	9720907	0.84965	9726695	1.01146	9732513	1.09931	9720907	28325.7812040252	9726695	103436.616376327	9732513	2403282.96840746	9737505	25276	9743309	96274	9749112	2650132	9737505	0.84963	9743309	1.01074	9749112	1.09873	9737505	29749.4203359109	9743309	95251.0042147338	9749112	2411995.66772546	9754104	26883	9759907	138594	9765710	2800215	9754104	0.84948	9759907	1.01161	9765710	1.09854	9754104	31646.4189857324	9759907	137003.390634731	9765710	2549033.26233	9770671	31083	9776459	912962	9782262	2832690	9770671	0.84922	9776459	1.01167	9782262	1.09973	9770671	36601.8228492028	9776459	902430.634495438	9782262	2575804.97031089
83	9840918	23922	9846706	103870	9852509	2644729	9840918	0.84971	9846706	1.01164	9852509	1.09924	9840918	28153.1345988631	9846706	102674.864576331	9852509	2405961.39150686	9857485	25336	9863257	95246	9869060	2661167	9857485	0.84972	9863257	1.01138	9869060	1.10001	9857485	29816.8808548698	9863257	94174.2965057644	9869060	2419220.73435696	9874037	26435	9879824	136714	9885628	2801609	9874037	0.84988	9879824	1.01057	9885628	1.0996	9874037	31104.3912081706	9879824	135284.047616692	9885628	2547843.76136777	9890588	31239	9896392	912496	9902210	2834605	9890588	0.8498	9896392	1.01199	9902210	1.0989	9890588	36760.4142151094	9896392	901684.79925691	9902210	2579493.12949313
84	9960929	24153	9966732	102782	9972535	2647515	9960929	0.84926	9966732	1.01044	9972535	1.09964	9960929	28440.053693804	9966732	101720.042753652	9972535	2407619.76646903	9977512	25164	9983284	94044	9989087	2661744	9977512	0.84976	9983284	1.01026	9989087	1.09883	9977512	29613.0672189795	9983284	93088.9078059114	9989087	2422343.76564164	9994079	26897	9999867	135061	10005654	2810897	9994079	0.84925	9999867	1.00987	10005654	1.09992	9994079	31671.474830733	9999867	133740.97656134	10005654	2555546.7670376	10010646	31141	10016434	909619	10022237	2828598	10010646	0.84934	10016434	1.01105	10022237	1.09953	10010646	36664.9398356371	10016434	899677.562929628	10022237	2572551.90854274
85	10080940	24065	10086743	101444	10092546	2653030	10080940	0.84944	10086743	1.01026	10092546	1.09801	10080940	28330.4294594086	10086743	100413.754874983	10092546	2416216.61004909	10097523	25203	10103310	93658	10109114	2668156	10097523	0.8486	10103310	1.01095	10109114	1.09746	10097523	29699.5050671695	10103310	92643.5530936248	10109114	2431210.2491207	10114074	26593	10119862	132635	10125665	2810750	10114074	0.84886	10119862	1.01005	10125665	1.09835	10114074	31327.8985934076	10119862	131315.281421712	10125665	2559065.87153457	10130626	31379	10136414	906900	10142217	2826078	10130626	0.84942	10136414	1.0112	10142217	1.09783	10130626	36941.6778507688	10136414	896855.221518987	10142217	2574240.09181749
86	10200951	24525	10206739	100884	10212573	2647355	10200951	0.84925	10206739	1.00997	10212573	1.09777	10200951	28878.4221371799	10206739	99888.1154885789	10212573	2411575.28444027	10217549	25183	10223353	92370	10229156	2673704	10217549	0.84922	10223353	1.01136	10229156	1.09967	10217549	29654.270978074	10223353	91332.4632178453	10229156	2431369.41082325	10234132	26811	10239904	130718	10245707	2803149	10234132	0.84942	10239904	1.01062	10245707	1.09904	10234132	31563.8906547997	10239904	129344.362866359	10245707	2550543.20133935	10250700	31568	10256487	907244	10262275	2823388	10250700	0.84926	10256487	1.01062	10262275	1.09989	10250700	37171.1843251772	10256487	897710.316439413	10262275	2566973.06094246
87	10320962	24199	10326750	99938	10332568	2645993	10320962	0.8496	10326750	1.01063	10332568	1.09912	10320962	28482.8154425612	10326750	98886.8329655759	10332568	2407374.08108305	10337529	25372	10343317	91720	10349120	2673965	10337529	0.84962	10343317	1.01088	10349120	1.09858	10337529	29862.7621760316	10343317	90732.826843938	10349120	2434019.37046005	10354112	26770	10359900	127927	10365703	2809656	10354112	0.8495	10359900	1.01046	10365703	1.09999	10354112	31512.6545026486	10359900	126602.735387843	10365703	2554255.94778134	10370695	31618	10376483	909562	10382286	2822479	10370695	0.8499	10376483	1.01201	10382286	1.09987	10370695	37202.0237675021	10376483	898767.798737167	10382286	2566193.27738733
88	10440973	24515	10446776	98742	10452579	2653240	10440973	0.84997	10446776	1.0107	10452579	1.09981	10440973	28842.1944303917	10446776	97696.6458889878	10452579	2412453.06007401	10457556	25366	10463328	90932	10469131	2678434	10457556	0.84961	10463328	1.01098	10469131	1.0994	10457556	29856.051600146	10463328	89944.4103740925	10469131	2436268.87393124	10474107	26438	10479895	125947	10485698	2811214	10474107	0.85018	10479895	1.01071	10485698	1.09989	10474107	31096.9441765273	10479895	124612.401183327	10485698	2555904.68137723	10490690	31426	10496478	907996	10502281	2820896	10490690	0.85001	10496478	1.01115	10502281	1.10034	10490690	36971.3297490618	10496478	897983.484151708	10502281	2563658.50555283
89	10560984	24074	10566787	98157	10572590	2653726	10560984	0.8502	10566787	1.01226	10572590	1.09991	10560984	28315.6904257822	10566787	96968.1702329441	10572590	2412675.58254766	10577567	25086	10583354	90425	10589142	2683346	10577567	0.85074	10583354	1.01217	10589142	1.0996	10577567	29487.2699061993	10583354	89337.7594672832	10589142	2440292.83375773	10594119	26592	10599891	124577	10605694	2815790	10594119	0.84938	10599891	1.0105	10605694	1.10028	10594119	31307.5419717912	10599891	123282.533399307	10605694	2559157.66895699	10610655	31811	10616442	908666	10622230	2815261	10610655	0.84991	10616442	1.01183	10622230	1.09958	10610655	37428.6689178854	10616442	898042.161232618	10622230	2560305.75310573
90	10680995	24472	10686783	97433	10692601	2653744	10680995	0.84922	10686783	1.00997	10692601	1.10033	10680995	28817.0321000447	10686783	96471.1823123459	10692601	2411771.0141503	10697578	25427	10703350	89468	10709138	2682838	10697578	0.85039	10703350	1.01144	10709138	1.10013	10697578	29900.3986406237	10703350	88456.06264336	10709138	2438655.43163081	10714130	26792	10719902	122720	10725705	2813801	10714130	0.84961	10719902	1.0114	10725705	1.09985	10714130	31534.4687562529	10719902	121336.76092545	10725705	2558349.77496931	10730681	31824	10736484	906524	10742288	2810191	10730681	0.84997	10736484	1.01219	10742288	1.09981	10730681	37441.3214584044	10736484	895606.556081368	10742288	2555160.43680272
91	10801006	24304	10806794	97405	10812597	2654019	10801006	0.84954	10806794	1.01106	10812597	1.10065	10801006	28608.4233820656	10806794	96339.4852926632	10812597	2411319.67473766	10817573	25301	10823361	89291	10829149	2682086	10817573	0.84993	10823361	1.01065	10829149	1.09885	10817573	29768.3338627887	10823361	88350.0717360115	10829149	2440811.75774674	10834125	26552	10839913	120217	10845716	2805559	10834125	0.84989	10839913	1.01139	10845716	1.10022	10834125	31241.6901010719	10839913	118863.148735898	10845716	2549998.18218175	10850692	31860	10856480	905369	10862299	2810444	10850692	0.85029	10856480	1.01163	10862299	1.10029	10850692	37469.5692058004	10856480	894960.608127478	10862299	2554275.6909542
92	10921017	24173	10926820	96183	10932624	2645741	10921017	0.84986	10926820	1.01112	10932624	1.09977	10921017	28443.5083425505	10926820	95125.2076904819	10932624	2405722.10553116	10937600	25289	10943372	88358	10949175	2682051	10937600	0.85027	10943372	1.01211	10949175	1.10008	10937600	29742.3171463182	10943372	87300.7874638132	10949175	2438050.86902771	10954167	26915	10959939	118693	10965742	2808870	10954167	0.84982	10959939	1.01092	10965742	1.10029	10954167	31671.412769763	10959939	117410.873263958	10965742	2552845.15900354	10970719	32298	10976506	906333	10982310	2809324	10970719	0.84969	10976506	1.01175	10982310	1.10081	10970719	38011.5100801469	10976506	895807.264640474	10982310	2552051.67104223
93	11041028	24423	11046816	94917	11052635	2648333	11041028	0.84998	11046816	1.01108	11052635	1.10044	11041028	28733.6172615826	11046816	93876.8445622503	11052635	2406612.80942169	11057611	25451	11063414	87954	11069233	2685213	11057611	0.84956	11063414	1.01035	11069233	1.09891	11057611	29957.8605395734	11063414	87053.0014351462	11069233	2443524.0374553	11074209	26722	11079997	117897	11085785	2809066	11074209	0.84938	11079997	1.01142	11085785	1.1005	11074209	31460.5947867857	11079997	116565.818354393	11085785	2552536.11994548	11090777	32174	11096549	904626	11102352	2806429	11090777	0.85001	11096549	1.01131	11102352	1.09954	11090777	37851.3193962424	11096549	894509.102055749	11102352	2552366.44414937
94	11161039	24336	11166842	95022	11172646	2648156	11161039	0.84994	11166842	1.01114	11172646	1.10081	11161039	28632.6093606608	11166842	93975.1171944538	11172646	2405643.11734087	11177622	25063	11183410	86553	11189228	2684579	11177622	0.85005	11183410	1.0115	11189228	1.0998	11177622	29484.1479912946	11183410	85568.9569945625	11189228	2440970.17639571	11194205	26969	11199992	117742	11205796	2805994	11194205	0.8496	11199992	1.01017	11205796	1.09949	11194205	31743.1732580038	11199992	116556.61918291	11205796	2552086.87664281	11210788	32507	11216575	904670	11222363	2798621	11210788	0.8494	11216575	1.011	11222363	1.09928	11210788	38270.5439133506	11216575	894826.904055391	11222363	2545867.2949567
95	11281050	23838	11286838	93597	11292657	2641929	11281050	0.84901	11286838	1.00979	11292657	1.09939	11281050	28077.4078043839	11286838	92689.5691183315	11292657	2403086.25692429	11297633	25582	11303405	85777	11309193	2685038	11297633	0.85024	11303405	1.01018	11309193	1.10002	11297633	30087.9751599548	11303405	84912.5898354749	11309193	2440899.25637716	11314169	27042	11319957	117453	11325760	2812647	11314169	0.84989	11319957	1.01097	11325760	1.10012	11314169	31818.235301039	11319957	116178.521617852	11325760	2556672.90840999	11330721	32320	11336493	903723	11342296	2792661	11330721	0.84955	11336493	1.01018	11342296	1.09912	11330721	38043.6701783297	11336493	894615.811043576	11342296	2540815.37957639
96	11401061	24442	11406849	93006	11412668	2643885	11401061	0.84876	11406849	1.01043	11412668	1.09983	11401061	28797.3043027475	11406849	92045.9606306226	11412668	2403903.33051472	11417644	25348	11423432	85337	11429219	2674788	11417644	0.84889	11423432	1.01015	11429219	1.09939	11417644	29860.1703400912	11423432	84479.532742662	11429219	2432974.6495784	11434211	27074	11439983	117439	11445771	2806486	11434211	0.84947	11439983	1.00949	11445771	1.09975	11434211	31871.6376093329	11439983	116334.981030025	11445771	2551930.89338486	11450747	32884	11456535	905690	11462354	2790365	11450747	0.84949	11456535	1.00952	11462354	1.09873	11450747	38710.2849945261	11456535	897149.140185435	11462354	2539627.57001265
97	11521072	24336	11526875	92518	11532679	2637540	11521072	0.84885	11526875	1.0108	11532679	1.09905	11521072	28669.376214879	11526875	91529.4815987337	11532679	2399836.22219189	11537655	25246	11543427	84428	11549230	2674565	11537655	0.84862	11543427	1.01012	11549230	1.09833	11537655	29749.4756192407	11543427	83582.1486556053	11549230	2435119.68169858	11554222	26985	11560010	117596	11565797	2802675	11554222	0.84934	11560010	1.01042	11565797	1.09957	11554222	31771.7286363529	11560010	116383.286158231	11565797	2548882.74507307	11570789	32786	11576577	905706	11582380	2790480	11570789	0.84869	11576577	1.01009	11582380	1.09913	11570789	38631.3023601079	11576577	896658.713579978	11582380	2538807.96630062
98	11641083	24220	11646871	91619	11652690	2633206	11641083	0.84818	11646871	1.01027	11652690	1.09904	11641083	28555.2594968049	11646871	90687.6379581696	11652690	2395914.61639249	11657666	25228	11663454	84576	11669241	2676421	11657666	0.84877	11663454	1.01007	11669241	1.09962	11657666	29723.0109452502	11663454	83732.8105972854	11669241	2433950.81937397	11674233	26921	11680021	117427	11685824	2800467	11674233	0.84916	11680021	1.01015	11685824	1.09915	11674233	31703.0948231193	11680021	116247.092016037	11685824	2547847.88245462	11690816	32680	11696588	909267	11702391	2786329	11690816	0.84949	11696588	1.00968	11702391	1.09935	11690816	38470.1409080743	11696588	900549.679106252	11702391	2534524.03693091
99	11761094	24096	11766882	91587	11772701	2632056	11761094	0.84932	11766882	1.00959	11772701	1.09976	11761094	28370.9320397494	11766882	90717.0237423112	11772701	2393300.35644141	11777677	25428	11783465	83784	11789283	2679581	11777677	0.84924	11783465	1.0109	11789283	1.10046	11777677	29942.0658471104	11783465	82880.6014442576	11789283	2434964.4694037	11794260	27178	11800032	116082	11805835	2800333	11794260	0.85002	11800032	1.01029	11805835	1.09958	11794260	31973.3653325804	11800032	114899.682269447	11805835	2546729.6604158	11810827	32997	11816599	908386	11822402	2787168	11810827	0.85055	11816599	1.01155	11822402	1.10011	11810827	38794.8974193169	11816599	898013.939004498	11822402	2533535.73733536
100	11881105	24426	11886908	90238	11892712	2636306	11881105	0.84967	11886908	1.01099	11892712	1.10024	11881105	28747.63143338	11886908	89257.0648572192	11892712	2396119.02857558	11897672	25330	11903460	83120	11909263	2678260	11897672	0.84987	11903460	1.01166	11909263	1.10041	11897672	29804.5583442174	11903460	82161.9911828085	11909263	2433874.64672259	11914255	27201	11920043	115295	11925846	2802415	11914255	0.84972	11920043	1.01168	11925846	1.10055	11914255	32011.7215082615	11920043	113963.901628974	11925846	2546376.8115942	11930822	33201	11936610	905104	11942413	2782474	11930822	0.8499	11936610	1.01132	11942413	1.10055	11930822	39064.5958348041	11936610	894972.906696199	11942413	2528257.68933715
101	12001116	24349	12006904	89912	12012723	2634084	12001116	0.85012	12006904	1.01165	12012723	1.1006	12001116	28641.8387992284	12006904	88876.5877526813	12012723	2393316.37288752	12017699	25052	12023471	82420	12029274	2674964	12017699	0.84964	12023471	1.0108	12029274	1.10095	12017699	29485.4291229227	12023471	81539.3747526712	12029274	2429687.08842363	12034251	27115	12040038	114358	12045841	2803526	12034251	0.84948	12040038	1.01148	12045841	1.10081	12034251	31919.527240194	12040038	113060.070391901	12045841	2546784.64040116	12050818	33150	12056621	905252	12062424	2781588	12050818	0.84971	12056621	1.01166	12062424	1.10057	12050818	39013.3104235563	12056621	894818.417254809	12062424	2527406.70743342
102	12121127	24489	12126930	89427	12132734	2630782	12121127	0.85039	12126930	1.01104	12132734	1.10027	12121127	28797.3753219111	12126930	88450.506409242	12132734	2391033.1100548	12137710	25503	12143482	81862	12149270	2672180	12137710	0.84985	12143482	1.01047	12149270	1.10071	12137710	30008.82508678	12143482	81013.7856640969	12149270	2427687.58346885	12154262	27323	12160049	113026	12165852	2800805	12154262	0.84997	12160049	1.01182	12165852	1.10073	12154262	32145.8404414274	12160049	111705.639342966	12165852	2544497.74240731	12170813	33589	12176616	905249	12182420	2776247	12170813	0.84964	12176616	1.0124	12182420	1.1003	12170813	39533.2140671343	12176616	894161.398656657	12182420	2523172.77106244
103	12241138	24431	12246926	88676	12252745	2625964	12241138	0.84944	12246926	1.01099	12252745	1.10087	12241138	28761.3015633829	12246926	87712.0446295216	12252745	2385353.40230908	12257721	25426	12263493	81080	12269296	2670163	12257721	0.84959	12263493	1.01157	12269296	1.10032	12257721	29927.3767346603	12263493	80152.6340243384	12269296	2426714.95564927	12274273	27124	12280060	112107	12285863	2794186	12274273	0.84996	12280060	1.01075	12285863	1.10044	12274273	31912.089980705	12280060	110914.667326243	12285863	2539153.42953728	12290840	33535	12296627	907004	12302431	2775236	12290840	0.84996	12296627	1.01137	12302431	1.10001	12290840	39454.7978728411	12296627	896807.300987769	12302431	2522918.88255561
104	12361149	24165	12366952	88248	12372756	2624764	12361149	0.85013	12366952	1.01134	12372756	1.10053	12361149	28425.064401915	12366952	87258.4887377143	12372756	2384999.95456734	12377732	25376	12383504	81196	12389307	2667548	12377732	0.85005	12383504	1.01163	12389307	1.09961	12377732	29852.3616257867	12383504	80262.546583237	12389307	2425903.7295041	12394284	27251	12400071	111804	12405874	2794161	12394284	0.84964	12400071	1.01063	12405874	1.10059	12394284	32073.5841062097	12400071	110628.024103777	12405874	2538784.65186854	12410851	34155	12416654	906806	12422457	2770998	12410851	0.84959	12416654	1.01127	12422457	1.09999	12410851	40201.7443708142	12416654	896700.188871419	12422457	2519111.9919272
105	12481160	24000	12486963	87985	12492767	2622203	12481160	0.84972	12486963	1.01117	12492767	1.09925	12481160	28244.5982205903	12486963	87013.0640742902	12492767	2385447.35046623	12497743	25454	12503531	80872	12509334	2668029	12497743	0.85032	12503531	1.01169	12509334	1.1015	12497743	29934.6128516323	12503531	79937.5302711305	12509334	2422177.93917385	12514310	27271	12520098	111068	12525901	2794749	12514310	0.84981	12520098	1.0112	12525901	1.10071	12514310	32090.7026276462	12520098	109837.816455696	12525901	2539042.07284389	12530878	34061	12536665	906951	12542468	2774707	12530878	0.85073	12536665	1.01127	12542468	1.10096	12530878	40037.3796621725	12536665	896843.572933045	12542468	2520261.40822555
106	12601171	24247	12606974	86918	12612778	2621830	12601171	0.85011	12606974	1.01054	12612778	1.10012	12601171	28522.1912458388	12606974	86011.4394284244	12612778	2383221.83034578	12617754	25338	12623526	80580	12629314	2663422	12617754	0.85045	12623526	1.01112	12629314	1.10069	12617754	29793.6386618849	12623526	79693.8048896274	12629314	2419774.86849158	12634306	26879	12640078	110386	12645881	2788707	12634306	0.84955	12640078	1.01177	12645881	1.10013	12634306	31639.1030545583	12640078	109101.870978582	12645881	2534888.60407406	12650857	33765	12656661	907832	12662464	2767862	12650857	0.84957	12656661	1.0116	12662464	1.10094	12650857	39743.6350153607	12656661	897421.905891657	12662464	2514089.77782622
107	12721182	24650	12726970	86706	12732789	2618520	12721182	0.85048	12726970	1.01262	12732789	1.10136	12721182	28983.6327720817	12726970	85625.4073591278	12732789	2377533.23164088	12737765	25642	12743553	79573	12749340	2655693	12737765	0.85077	12743553	1.01255	12749340	1.10042	12737765	30139.7557506729	12743553	78586.7364574589	12749340	2413344.90467276	12754317	27220	12760104	109418	12765908	2788193	12754317	0.85067	12760104	1.01194	12765908	1.10118	12754317	31998.3072166645	12760104	108126.964049252	12765908	2532004.75853176	12770900	33920	12776687	906496	12782490	2759671	12770900	0.8499	12776687	1.01137	12782490	1.10084	12770900	39910.5777150253	12776687	896305.012013408	12782490	2506877.47538244
108	12841193	24467	12846981	86815	12852800	2615645	12841193	0.85008	12846981	1.01184	12852800	1.10041	12841193	28781.9969885187	12846981	85799.1382036686	12852800	2376973.12819767	12857776	25517	12863548	79351	12869351	2655021	12857776	0.85073	12863548	1.01257	12869351	1.10051	12857776	29994.2402407344	12863548	78365.940132534	12869351	2412536.91470318	12874328	26989	12880115	108809	12885919	2780977	12874328	0.85006	12880115	1.01171	12885919	1.10064	12874328	31749.5235630426	12880115	107549.594251317	12885919	2526690.83442361	12890879	34202	12896667	906376	12902486	2760956	12890879	0.85041	12896667	1.01148	12902486	1.10019	12890879	40218.2476687715	12896667	896088.899434492	12902486	2509526.53632554
109	12961204	24437	12966992	85346	12972811	2609944	12961204	0.85036	12966992	1.01106	12972811	1.09998	12961204	28737.2406980573	12966992	84412.3988685142	12972811	2372719.50399098	12977787	25276	12983559	78743	12989362	2655050	12977787	0.85089	12983559	1.01155	12989362	1.10122	12977787	29705.3673212754	12983559	77843.9029212595	12989362	2411007.79135868	12994339	27170	13000126	108397	13005914	2779237	12994339	0.84969	13000126	1.01144	13005914	1.10133	12994339	31976.3678518048	13000126	107170.964169896	13005914	2523527.91624672	13010890	34323	13016694	906882	13022497	2755370	13010890	0.84978	13016694	1.01139	13022497	1.09971	13010890	40390.4539998588	13016694	896668.94076469	13022497	2505542.37026125
110	13081215	24750	13087003	85866	13092822	2608395	13081215	0.84976	13087003	1.01092	13092822	1.10028	13081215	29125.8708341179	13087003	84938.471886994	13092822	2370664.73988439	13097798	25151	13103570	78158	13109373	2651086	13097798	0.84926	13103570	1.01121	13109373	1.10075	13097798	29615.1944045404	13103570	77291.5615945254	13109373	2408436.06631842	13114350	27549	13120137	106751	13125925	2780473	13114350	0.84977	13120137	1.01158	13125925	1.10048	13114350	32419.3605328501	13120137	105528.974475573	13125925	2526600.2108171	13130901	34578	13136689	906172	13142508	2753927	13130901	0.85012	13136689	1.01071	13142508	1.10053	13130901	40674.2577518468	13136689	896569.738104897	13142508	2502364.31537532
111	13201226	24635	13207014	85455	13212833	2610046	13201226	0.84986	13207014	1.01088	13212833	1.10064	13201226	28987.1272915539	13207014	84535.2564102564	13212833	2371389.37345544	13217794	25540	13223581	78182	13229384	2649065	13217794	0.84984	13223581	1.01137	13229384	1.10015	13217794	30052.7158053281	13223581	77303.0641604952	13229384	2407912.55737854	13234376	27207	13240148	107673	13245952	2777865	13234376	0.84984	13240148	1.01103	13245952	1.10056	13234376	32014.2615080486	13240148	106498.323491884	13245952	2524046.84887694	13250944	34102	13256731	909487	13262534	2751482	13250944	0.84931	13256731	1.01206	13262534	1.10035	13250944	40152.5944590315	13256731	898649.289567812	13262534	2500551.64265915
112	13321237	24296	13327025	84731	13332844	2609007	13321237	0.85071	13327025	1.01136	13332844	1.10121	13321237	28559.6736843343	13327025	83779.2675209619	13332844	2369218.40520882	13337805	25240	13343592	77106	13349380	2644412	13337805	0.85033	13343592	1.01077	13349380	1.10138	13337805	29682.5938165183	13343592	76284.416830733	13349380	2400998.74702646	13354372	27555	13360144	107181	13365947	2779069	13354372	0.85056	13360144	1.01148	13365947	1.10057	13354372	32396.3036117382	13360144	105964.527227429	13365947	2525117.89345521	13370908	34721	13376695	907084	13382483	2745136	13370908	0.85043	13376695	1.01144	13382483	1.10121	13370908	40827.5813412039	13376695	896824.329668591	13382483	2492836.06214982
113	13441248	24265	13447020	84245	13452855	2601872	13441248	0.85092	13447020	1.01141	13452855	1.10084	13441248	28516.194236826	13447020	83294.608516823	13452855	2363533.30184223	13457816	25585	13463603	77380	13469406	2637581	13457816	0.85019	13463603	1.01077	13469406	1.10118	13457816	30093.2732683283	13463603	76555.4972941421	13469406	2395231.47895894	13474383	27379	13480170	105664	13485958	2771365	13474383	0.85051	13480170	1.01154	13485958	1.10145	13474383	32191.2734712114	13480170	104458.548352018	13485958	2516106.0420355	13490950	34752	13496753	908567	13502556	2744588	13490950	0.85011	13496753	1.01178	13502556	1.10158	13490950	40879.4156050394	13496753	897988.693194173	13502556	2491501.29813541
114	13561259	24430	13567047	84009	13572850	2602343	13561259	0.85072	13567047	1.01132	13572850	1.10008	13561259	28716.8516080497	13567047	83068.662737808	13572850	2365594.32041306	13577827	25346	13583614	76415	13589402	2637194	13577827	0.8494	13583614	1.01052	13589402	1.10147	13577827	29839.886979044	13583614	75619.4830384356	13589402	2394249.50293698	13594394	27467	13600181	105708	13605985	2771892	13594394	0.85011	13600181	1.01171	13605985	1.10149	13594394	32309.9363611768	13600181	104484.486661197	13605985	2516493.11387303	13610961	35428	13616764	909479	13622567	2743908	13610961	0.85057	13616764	1.01203	13622567	1.10042	13610961	41652.0686128126	13616764	898668.023675187	13622567	2493509.75082241
115	13681270	24359	13687058	83350	13692861	2593843	13681270	0.85108	13687058	1.01213	13692861	1.10081	13681270	28621.2811956573	13687058	82351.0813828263	13692861	2356303.99433145	13697838	25607	13703610	76044	13709413	2632756	13697838	0.85073	13703610	1.01185	13709413	1.10107	13697838	30100.031737449	13703610	75153.4318327815	13709413	2391088.66829539	13714405	27522	13720177	105203	13725980	2768118	13714405	0.85029	13720177	1.01227	13725980	1.10166	13714405	32367.7804043326	13720177	103927.805822557	13725980	2512679.04798214	13730956	35124	13736744	909405	13742547	2737185	13730956	0.85035	13736744	1.01185	13742547	1.10074	13730956	41305.3448579996	13736744	898754.756139744	13742547	2486677.14446645
116	13801281	24177	13807085	82583	13812888	2598734	13801281	0.8504	13807085	1.01179	13812888	1.10091	13801281	28430.1505174036	13807085	81620.6920408385	13812888	2360532.65026206	13817864	25238	13823652	76281	13829439	2632127	13817864	0.85043	13823652	1.01201	13829439	1.10098	13817864	29676.7517608739	13823652	75375.7373938993	13829439	2390712.81948809	13834431	27482	13840219	104317	13846007	2763361	13834431	0.85057	13840219	1.01231	13846007	1.10075	13834431	32310.0979343264	13840219	103048.473293754	13846007	2510434.70361117	13850999	35510	13856786	909473	13862589	2737192	13850999	0.85063	13856786	1.01155	13862589	1.10161	13850999	41745.5297838073	13856786	899088.527507291	13862589	2484719.6376213
117	13921292	24723	13927080	82641	13932883	2595131	13921292	0.85032	13927080	1.01149	13932883	1.1008	13921292	29074.9364944962	13927080	81702.2412480598	13932883	2357495.45784884	13937860	25555	13943647	76133	13949450	2627994	13937860	0.85032	13943647	1.01211	13949450	1.10099	13937860	30053.3916643146	13943647	75222.060843189	13949450	2386937.2110555	13954427	27182	13960214	104117	13966018	2767058	13954427	0.85041	13960214	1.0106	13966018	1.10081	13954427	31963.4058865724	13960214	103024.935681773	13966018	2513656.30762802	13970994	35605	13976782	909657	13982600	2730368	13970994	0.84978	13976782	1.01141	13982600	1.10102	13970994	41899.0797618207	13976782	899394.90414372	13982600	2479853.22700768
118	14041303	24580	14047091	82200	14052894	2589757	14041303	0.84898	14047091	1.01208	14052894	1.1006	14041303	28952.3899267356	14047091	81218.8759781836	14052894	2353041.06850809	14057871	25368	14063643	75493	14069446	2621649	14057871	0.85008	14063643	1.01107	14069446	1.10042	14057871	29841.8972332016	14063643	74666.4424817273	14069446	2382407.6261791	14074438	27448	14080225	102955	14086029	2760102	14074438	0.84999	14080225	1.01122	14086029	1.10053	14074438	32292.144613466	14080225	101812.661933111	14086029	2507975.24828946	14090989	35473	14096777	907998	14102596	2723159	14090989	0.85008	14096777	1.01179	14102596	1.09977	14090989	41729.0137398833	14096777	897417.448284723	14102596	2476116.82442693
119	14161314	24477	14167102	81640	14172921	2587472	14161314	0.84974	14167102	1.01094	14172921	1.10029	14161314	28805.281615553	14167102	80756.5236314717	14172921	2351627.29825773	14177882	25085	14183669	75404	14189457	2617364	14177882	0.84954	14183669	1.0108	14189457	1.09987	14177882	29527.7444263955	14183669	74598.3379501385	14189457	2379703.05581569	14194433	27008	14200221	102684	14206024	2752492	14194433	0.84922	14200221	1.01045	14206024	1.09877	14194433	31803.3018534655	14200221	101622.049581869	14206024	2505066.57444233	14211000	35587	14216788	906999	14222591	2720273	14211000	0.84964	14216788	1.01014	14222591	1.09901	14211000	41884.7982675015	14216788	897894.351278041	14222591	2475203.13736909
120	14281325	24081	14287129	80837	14292947	2580810	14281325	0.84913	14287129	1.01074	14292947	1.09936	14281325	28359.6151354916	14287129	79978.0358944932	14292947	2347556.7602969	14297908	25279	14303696	74919	14309499	2615521	14297908	0.84929	14303696	1.01162	14309499	1.09968	14297908	29764.8624144874	14303696	74058.4409165497	14309499	2378438.27295213	14314475	27661	14320263	102124	14326066	2755249	14314475	0.84993	14320263	1.01089	14326066	1.10034	14314475	32545.0331203746	14320263	101023.850270554	14326066	2503997.85520839	14331043	36380	14336830	906895	14342633	2720222	14331043	0.85011	14336830	1.01077	14342633	1.10048	14331043	42794.4618931668	14336830	897231.813370005	14342633	2471850.46525153
121	14401336	24151	14407108	81250	14412912	2576380	14401336	0.84982	14407108	1.01129	14412912	1.09996	14401336	28418.9593090302	14407108	80342.9283390521	14412912	2342248.8090476	14417888	25267	14423676	74578	14429494	2612410	14417888	0.85003	14423676	1.01093	14429494	1.10006	14417888	29724.8332411797	14423676	73771.6755858467	14429494	2374788.64789193	14434486	27455	14440274	101661	14446077	2750809	14434486	0.84957	14440274	1.01151	14446077	1.09926	14434486	32316.3482703014	14440274	100504.196696029	14446077	2502418.89998726	14451054	35938	14456841	908317	14462645	2714247	14451054	0.84992	14456841	1.01093	14462645	1.10011	14451054	42283.9796686747	14456841	898496.433976635	14462645	2467250.54767251
122	14521347	24574	14527135	80925	14532954	2582882	14521347	0.84966	14527135	1.01115	14532954	1.09964	14521347	28922.1570981334	14527135	80032.6361074025	14532954	2348843.25779346	14537930	25489	14543702	74220	14549505	2609207	14537930	0.85038	14543702	1.01089	14549505	1.09948	14537930	29973.6588348738	14543702	73420.4512855009	14549505	2373128.20606105	14554497	27298	14560269	101477	14566073	2750961	14554497	0.84967	14560269	1.01085	14566073	1.09946	14554497	32127.767250815	14560269	100387.792451897	14566073	2502101.94095283	14571049	36483	14576852	910914	14582656	2712264	14571049	0.84975	14576852	1.01135	14582656	1.099	14571049	42933.8040600177	14576852	900691.155386365	14582656	2467938.1255687
123	14641358	24266	14647146	80663	14652965	2580797	14641358	0.84845	14647146	1.01114	14652965	1.09804	14641358	28600.3889445459	14647146	79774.3141404751	14652965	2350367.01759499	14657926	25263	14663713	74019	14669516	2608189	14657926	0.84994	14663713	1.01137	14669516	1.09726	14657926	29723.2745840883	14663713	73186.865341072	14669516	2377001.80449483	14674493	27139	14680280	101200	14686084	2750424	14674493	0.84938	14680280	1.01085	14686084	1.09703	14674493	31951.5411241141	14680280	100113.765642776	14686084	2507154.77243102	14691060	36690	14696848	907059	14702651	2709508	14691060	0.84863	14696848	1.01	14702651	1.09745	14691060	43234.3895455028	14696848	898078.217821782	14702651	2468912.47892842
124	14761369	24577	14767157	80552	14772991	2577550	14761369	0.84895	14767157	1.0104	14772991	1.09656	14761369	28949.8792626185	14767157	79722.8820269201	14772991	2350578.17173707	14777952	25177	14783755	73755	14789574	2605083	14777952	0.84906	14783755	1.01046	14789574	1.0955	14777952	29652.7924999411	14783755	72991.5088177662	14789574	2377985.3947969	14794551	27397	14800338	100066	14806126	2753631	14794551	0.84915	14800338	1.00997	14806126	1.09701	14794551	32264.028734617	14800338	99078.1904413002	14806126	2510123.88218886	14811118	36515	14816890	907507	14822693	2709414	14811118	0.84933	14816890	1.01073	14822693	1.09875	14811118	42992.711902323	14816890	897872.824592127	14822693	2465905.80204778
125	14881380	24440	14887168	80434	14892971	2569657	14881380	0.8496	14887168	1.0109	14892971	1.09997	14881380	28766.4783427495	14887168	79566.7227223267	14892971	2336115.53042356	14897963	25363	14903735	73287	14909538	2597632	14897963	0.8491	14903735	1.01023	14909538	1.10012	14897963	29870.4510658344	14903735	72544.8660206092	14909538	2361226.04806748	14914515	27893	14920303	99748	14926106	2741316	14914515	0.84863	14920303	1.01069	14926106	1.09911	14914515	32868.2700352333	14920303	98692.9721279522	14926106	2494123.4271365	14931082	36889	14936885	909207	14942689	2702893	14931082	0.84949	14936885	1.01009	14942689	1.09975	14931082	43424.8784564857	14936885	900124.741359681	14942689	2457734.03046147
126	15001391	24496	15007179	80107	15012982	2564290	15001391	0.84968	15007179	1.01134	15012982	1.09965	15001391	28829.6770548913	15007179	79208.7725196274	15012982	2331914.70013186	15017959	25099	15023746	72730	15029534	2596168	15017959	0.8498	15023746	1.01089	15029534	1.10031	15017959	29535.1847493528	15023746	71946.5025868294	15029534	2359487.78071634	15034526	27622	15040314	99566	15046101	2747316	15034526	0.84954	15040314	1.01091	15046101	1.10093	15034526	32514.0664359536	15040314	98491.4581911347	15046101	2495450.21027677	15051078	37455	15056865	911446	15062668	2698105	15051078	0.85008	15056865	1.01123	15062668	1.09945	15051078	44060.5590062112	15056865	901324.130019877	15062668	2454049.7521488
127	15121402	24267	15127221	79227	15133024	2564148	15121402	0.84981	15127221	1.01155	15133024	1.09998	15121402	28555.7948247255	15127221	78322.3765508378	15133024	2331086.01974581	15138001	25148	15143788	72972	15149607	2590478	15138001	0.84938	15143788	1.01141	15149607	1.09959	15138001	29607.4783960065	15143788	72148.782392897	15149607	2355858.09256177	15154568	27554	15160356	98713	15166159	2740205	15154568	0.84933	15160356	1.01096	15166159	1.10042	15154568	32442.0425511874	15160356	97642.8345335127	15166159	2490144.67203431	15171135	37601	15176923	912622	15182711	2700644	15171135	0.84985	15176923	1.01137	15182711	1.0984	15171135	44244.278402071	15176923	902362.142440452	15182711	2458707.21048798
128	15241413	24310	15247201	78763	15253020	2571053	15241413	0.84889	15247201	1.01096	15253020	1.09588	15241413	28637.3970714698	15247201	77909.116087679	15253020	2346108.15052743	15257996	25243	15263768	72658	15269572	2592091	15257996	0.84915	15263768	1.01064	15269572	1.0983	15257996	29727.3744332568	15263768	71893.0578643236	15269572	2360093.78129837	15274548	27536	15280336	98809	15286139	2743991	15274548	0.84943	15280336	1.01072	15286139	1.09857	15274548	32417.0325983306	15280336	97761.0020579389	15286139	2497784.39243744	15291115	37848	15296903	912258	15302722	2691830	15291115	0.84863	15296903	1.01054	15302722	1.09749	15291115	44598.9418238808	15296903	902743.087854019	15302722	2452714.83111463
129	15361424	24350	15367212	78448	15373015	2559729	15361424	0.84962	15367212	1.01028	15373015	1.09756	15361424	28659.8714719522	15367212	77649.7604624461	15373015	2332199.60639965	15377992	25090	15383779	73174	15389583	2588167	15377992	0.85021	15383779	1.01099	15389583	1.09814	15377992	29510.3562649228	15383779	72378.5596296699	15389583	2356864.33423789	15394575	27317	15400347	98213	15406150	2739898	15394575	0.84906	15400347	1.01103	15406150	1.09924	15394575	32173.2268626481	15400347	97141.5289358377	15406150	2492538.48113242	15411142	37647	15416929	910102	15422748	2684734	15411142	0.8504	15416929	1.01043	15422748	1.0994	15411142	44269.7554092192	15416929	900707.61952832	15422748	2441999.27233036
130	15481435	24405	15487223	78136	15493042	2556478	15481435	0.84963	15487223	1.01048	15493042	1.09968	15481435	28724.2682108683	15487223	77325.6274245903	15493042	2324747.19918522	15498018	25212	15503790	71766	15509594	2579061	15498018	0.84967	15503790	1.01132	15509594	1.09992	15498018	29672.6964586251	15503790	70962.7022109718	15509594	2344771.43792276	15514570	27389	15520358	97536	15526161	2732584	15514570	0.85018	15520358	1.01086	15526161	1.09947	15514570	32215.5308287657	15520358	96488.1388124963	15526161	2485364.7666603	15531137	37950	15536925	912166	15542744	2682282	15531137	0.84953	15536925	1.01103	15542744	1.10019	15531137	44671.7596788813	15536925	902214.573256976	15542744	2438017.06977886
131	15601447	24393	15607234	78026	15613037	2556184	15601447	0.85025	15607234	1.0116	15613037	1.09966	15601447	28689.20905616	15607234	77131.277184658	15613037	2324522.12502046	15618014	25556	15623801	71812	15629605	2579795	15618014	0.84979	15623801	1.01093	15629605	1.09899	15618014	30073.3122300804	15623801	71035.5810985924	15629605	2347423.54343534	15634581	27401	15640369	97411	15646172	2731093	15634581	0.84982	15640369	1.01205	15646172	1.10035	15634581	32243.298580876	15640369	96251.1733609999	15646172	2482022.0838824	15651148	38471	15656951	913813	15662755	2680515	15651148	0.84965	15656951	1.01196	15662755	1.10022	15651148	45278.6441475902	15656951	903012.964939326	15662755	2436344.54927196
132	15721458	24021	15727245	78222	15733048	2549024	15721458	0.84923	15727245	1.0121	15733048	1.1	15721458	28285.6234471227	15727245	77286.8293646873	15733048	2317294.54545455	15738025	25164	15743812	71579	15749616	2570403	15738025	0.84988	15743812	1.01062	15749616	1.09971	15738025	29608.8859603709	15743812	70826.8191803052	15749616	2337346.20945522	15754592	27311	15760380	97269	15766183	2726823	15754592	0.84945	15760380	1.01107	15766183	1.09949	15754592	32151.3920772264	15760380	96204.0214821921	15766183	2480079.8552056	15771144	38623	15776931	910782	15782750	2674057	15771144	0.84929	15776931	1.01016	15782750	1.10034	15771144	45476.8100413286	15776931	901621.525302922	15782750	2430209.75334896
133	15841469	24564	15847256	77729	15853059	2547463	15841469	0.84875	15847256	1.00985	15853059	1.09952	15841469	28941.3843888071	15847256	76970.8372530574	15853059	2316886.45954598	15858036	25167	15863823	71490	15869627	2568175	15858036	0.84909	15863823	1.00896	15869627	1.09946	15858036	29639.9674946119	15863823	70855.137963844	15869627	2335851.23606134	15874619	27416	15880406	96159	15886194	2724730	15874619	0.84909	15880406	1.00994	15886194	1.0998	15874619	32288.6855339246	15880406	95212.5868863497	15886194	2477477.7232224	15891186	38338	15896973	912665	15902777	2669351	15891186	0.84927	15896973	1.01096	15902777	1.09949	15891186	45142.2986800429	15896973	902770.633852971	15902777	2427808.34750657
134	15961480	24283	15967267	77438	15973086	2544719	15961480	0.84912	15967267	1.01062	15973086	1.10001	15961480	28597.8424722065	15967267	76624.2504601136	15973086	2313359.87854656	15978062	25283	15983850	71369	15989638	2571489	15978062	0.8495	15983850	1.01116	15989638	1.1006	15978062	29762.2130665097	15983850	70581.3125519206	15989638	2336442.8493549	15994614	27445	16000402	96054	16006205	2725600	15994614	0.84917	16000402	1.01057	16006205	1.0996	15994614	32319.7946229848	16000402	95049.3285967325	16006205	2478719.53437614	16011166	38506	16016953	913198	16022756	2668768	16011166	0.84904	16016953	1.01015	16022756	1.10103	16011166	45352.3980024498	16016953	904022.174924516	16022756	2423883.09128725
135	16081491	24382	16087278	77839	16093081	2543964	16081491	0.84941	16087278	1.01133	16093081	1.1004	16081491	28704.6302727776	16087278	76966.9642945428	16093081	2311853.87131952	16098058	24860	16103845	70283	16109649	2558551	16098058	0.84932	16103845	1.01088	16109649	1.09954	16098058	29270.4752036924	16103845	69526.5511237733	16109649	2326928.53375048	16114641	27829	16120413	95760	16126216	2728005	16114641	0.84947	16120413	1.01142	16126216	1.10172	16114641	32760.4270898325	16120413	94678.7684641395	16126216	2476132.7742076	16131192	39261	16136980	911792	16142783	2662593	16131192	0.85026	16136980	1.01071	16142783	1.10081	16131192	46175.2875590996	16136980	902130.185711035	16142783	2418758.0054687
136	16201502	24295	16207289	77007	16213108	2539063	16201502	0.85009	16207289	1.00976	16213108	1.09988	16201502	28579.3268947994	16207289	76262.676279512	16213108	2308490.92628287	16218084	25234	16223856	70660	16229660	2559278	16218084	0.84913	16223856	1.0115	16229660	1.10101	16218084	29717.4755337816	16223856	69856.6485417696	16229660	2324482.06646624	16234636	27253	16240424	95522	16246227	2718457	16234636	0.84981	16240424	1.01054	16246227	1.09996	16234636	32069.5214224356	16240424	94525.6991311576	16246227	2471414.41506964	16251203	39445	16256991	911382	16262794	2659164	16251203	0.84992	16256991	1.01133	16262794	1.1005	16251203	46410.250376506	16256991	901171.724362968	16262794	2416323.48932304
137	16321513	24185	16327300	76735	16333119	2535634	16321513	0.84904	16327300	1.01043	16333119	1.09992	16321513	28485.1125977575	16327300	75942.9153924567	16333119	2305289.47559823	16338095	25131	16343883	70504	16349671	2554860	16338095	0.84984	16343883	1.01021	16349671	1.10075	16338095	29571.4487432929	16343883	69791.4295047565	16349671	2321017.48807631	16354647	27205	16360435	95044	16366238	2711902	16354647	0.84982	16360435	1.01049	16366238	1.10085	16354647	32012.6615047893	16360435	94057.3385189364	16366238	2463461.87037289	16371214	39311	16377017	913880	16382821	2658222	16371214	0.84885	16377017	1.01044	16382821	1.10072	16371214	46310.891205749	16377017	904437.670717707	16382821	2414984.73726288
138	16441524	24410	16447311	76718	16453130	2531821	16441524	0.8493	16447311	1.01013	16453130	1.10091	16441524	28741.3163781938	16447311	75948.6402740241	16453130	2299752.93166562	16458106	25233	16463878	70154	16469682	2552346	16458106	0.84977	16463878	1.01026	16469682	1.10079	16458106	29693.9171775892	16463878	69441.5299031933	16469682	2318649.33366037	16474658	27349	16480446	94819	16486249	2714660	16474658	0.84928	16480446	1.01103	16486249	1.10124	16474658	32202.5715900528	16480446	93784.5563435308	16486249	2465093.89415568	16491225	40008	16497013	913123	16502832	2649106	16491225	0.84957	16497013	1.01091	16502832	1.10099	16491225	47092.0583353932	16497013	903268.342384584	16502832	2406112.68040582
139	16561535	24509	16567322	76226	16573125	2534082	16561535	0.8492	16567322	1.01163	16573125	1.10069	16561535	28861.2812058408	16567322	75349.6831845635	16573125	2302266.75994149	16578102	25203	16583889	70249	16589693	2552071	16578102	0.84884	16583889	1.01029	16589693	1.10092	16578102	29691.1078648509	16583889	69533.5002820972	16589693	2318125.74937325	16594669	27679	16600457	94187	16606260	2711769	16594669	0.8485	16600457	1.01161	16606260	1.10054	16594669	32621.0960518562	16600457	93106.0388885045	16606260	2464034.92830792	16611236	39968	16617039	914484	16622843	2647105	16611236	0.84886	16617039	1.01129	16622843	1.10075	16611236	47084.324859223	16617039	904274.738205658	16622843	2404819.44129003
140	16681546	24068	16687333	76220	16693152	2529089	16681546	0.84834	16687333	1.01014	16693152	1.10002	16681546	28370.7004267157	16687333	75454.8874413448	16693152	2299130.01581789	16698113	25098	16703900	69571	16709704	2543563	16698113	0.84856	16703900	1.00999	16709704	1.10059	16698113	29577.166022438	16703900	68882.8602263389	16709704	2311090.41514097	16714696	27922	16720483	94303	16726271	2712932	16714696	0.84911	16720483	1.01047	16726271	1.1008	16714696	32883.8430827572	16720483	93325.8780567459	16726271	2464509.44767442	16731263	40077	16737050	912205	16742854	2638999	16731263	0.84927	16737050	1.01174	16742854	1.10036	16731263	47189.9395951818	16737050	901619.981418151	16742854	2398305.10014904
141	16801557	24565	16807344	76470	16813163	2529671	16801557	0.84883	16807344	1.01199	16813163	1.10106	16801557	28939.8348314739	16807344	75563.9877864406	16813163	2297486.96710443	16818139	25173	16823927	69644	16829730	2541404	16818139	0.84834	16823927	1.01038	16829730	1.10064	16818139	29673.2442181201	16823927	68928.5219422395	16829730	2309023.84067452	16834707	27924	16840479	94337	16846282	2708085	16834707	0.84882	16840479	1.01157	16846282	1.10141	16834707	32897.434084965	16840479	93258.0048834979	16846282	2458743.79204837	16851274	40513	16857062	913639	16862865	2633882	16851274	0.84908	16857062	1.01159	16862865	1.10067	16851274	47713.9963254346	16857062	903171.245267351	16862865	2392980.6390653
142	16921568	24096	16927355	75233	16933174	2523818	16921568	0.84912	16927355	1.01075	16933174	1.10108	16921568	28377.6144714528	16927355	74432.8468958694	16933174	2292129.54553711	16938135	25368	16943922	69258	16949710	2535364	16938135	0.84831	16943922	1.01069	16949710	1.10126	16938135	29904.1623934647	16943922	68525.4628026398	16949710	2302239.25321904	16954702	27404	16960490	93443	16966293	2698950	16954702	0.84955	16960490	1.01099	16966293	1.10116	16954702	32257.077276205	16960490	92427.224799454	16966293	2451006.21163137	16971269	40864	16977057	912022	16982876	2636117	16971269	0.84963	16977057	1.01122	16982876	1.10095	16971269	48096.2301237009	16977057	901902.652241846	16982876	2394402.10727099
143	17041579	24371	17047366	75591	17053169	2523015	17041579	0.85005	17047366	1.01069	17053169	1.10129	17041579	28670.0782306923	17047366	74791.4790885435	17053169	2290963.32482816	17058146	25215	17063933	69065	17069737	2531395	17058146	0.84907	17063933	1.01132	17069737	1.1006	17058146	29697.1981108743	17063933	68291.935292489	17069737	2300013.62892967	17074713	27940	17080501	92826	17086304	2698888	17074713	0.84938	17080501	1.01093	17086304	1.10099	17074713	32894.5819303492	17080501	91822.3813716083	17086304	2451328.3499396	17091280	40976	17097068	914256	17102887	2632354	17091280	0.85	17097068	1.01106	17102887	1.10119	17091280	48207.0588235294	17097068	904254.940359623	17102887	2390463.04452456
144	17161590	24405	17167377	75049	17173180	2515726	17161590	0.84846	17167377	1.01025	17173180	1.10165	17161590	28763.8780850011	17167377	74287.5525859936	17173180	2283598.23900513	17178172	24991	17183944	69697	17189748	2528534	17178172	0.84963	17183944	1.01133	17189748	1.10065	17178172	29413.9802031473	17183944	68916.1796841782	17189748	2297309.77149866	17194724	27543	17200512	92396	17206315	2697920	17194724	0.84922	17200512	1.01027	17206315	1.0999	17194724	32433.2917265255	17200512	91456.7392875172	17206315	2452877.5343213	17211291	40775	17217079	912057	17222882	2624749	17211291	0.85004	17217079	1.01143	17222882	1.10141	17211291	47968.3309020752	17217079	901749.997528252	17222882	2383080.77827512
145	17281601	24447	17287388	75490	17293207	2517288	17281601	0.84952	17287388	1.01081	17293207	1.1013	17281601	28777.427253037	17287388	74682.6802267489	17293207	2285742.30454917	17298183	25035	17303971	68689	17309774	2530573	17298183	0.84972	17303971	1.01088	17309774	1.10168	17298183	29462.6465188533	17303971	67949.7071858183	17309774	2297012.74417254	17314751	27659	17320538	92590	17326342	2696166	17314751	0.84948	17320538	1.01071	17326342	1.10102	17314751	32559.9190092763	17320538	91608.8690128721	17326342	2448789.30446313	17331318	41396	17337106	915612	17342909	2620103	17331318	0.84963	17337106	1.01109	17342909	1.10023	17331318	48722.3850381931	17337106	905569.237159897	17342909	2381413.88618743
146	17401612	24361	17407399	74515	17413202	2514613	17401612	0.8495	17407399	1.01154	17413202	1.10087	17401612	28676.8687463214	17407399	73664.9069735255	17413202	2284205.21950821	17418179	24979	17423967	69414	17429770	2519204	17418179	0.8489	17423967	1.01104	17429770	1.09994	17418179	29425.1384144187	17423967	68656.0373476816	17429770	2290310.38056621	17434746	27648	17440518	91757	17446321	2692309	17434746	0.84912	17440518	1.01152	17446321	1.10009	17434746	32560.7687959299	17440518	90711.9977855109	17446321	2447353.39835832	17451298	41501	17457085	912849	17462904	2615358	17451298	0.84932	17457085	1.01012	17462904	1.10208	17451298	48863.7969198889	17457085	903703.520373817	17462904	2373110.84494774
147	17521623	24307	17527410	74794	17533229	2510680	17521623	0.84966	17527410	1.01072	17533229	1.10057	17521623	28607.9137537368	17527410	74000.7123634637	17533229	2281254.25915662	17538206	24891	17543993	68013	17549796	2513241	17538206	0.84948	17543993	1.0102	17549796	1.10032	17538206	29301.4550077695	17543993	67326.2720253415	17549796	2284100.07997673	17554773	27644	17560560	92526	17566364	2690334	17554773	0.84954	17560560	1.01132	17566364	1.10095	17554773	32539.9628033995	17560560	91490.3294703952	17566364	2443647.7587538	17571340	41907	17577128	915974	17582931	2610350	17571340	0.84991	17577128	1.0109	17582931	1.10077	17571340	49307.5737431022	17577128	906097.536848353	17582931	2371385.48470616
148	17641634	24115	17647421	74326	17653225	2508580	17641634	0.84942	17647421	1.01095	17653225	1.10124	17641634	28389.960208142	17647421	73520.9456451852	17653225	2277959.3912317	17658201	24915	17663989	68571	17669776	2515753	17658201	0.84933	17663989	1.01127	17669776	1.10086	17658201	29334.8874995585	17663989	67806.8171704886	17669776	2285261.52280944	17674768	27677	17680556	91151	17686359	2685605	17674768	0.84974	17680556	1.01071	17686359	1.10189	17674768	32571.1394073481	17680556	90185.1173927239	17686359	2437271.41547704	17691351	41976	17697139	913692	17702942	2605461	17691351	0.84999	17697139	1.01065	17702942	1.10085	17691351	49384.1104012988	17697139	904063.721367437	17702942	2366772.03978744
149	17761645	23970	17767432	74211	17773236	2499359	17761645	0.84952	17767432	1.01074	17773236	1.1017	17761645	28215.9337037386	17767432	73422.4429625819	17773236	2268638.46782246	17778228	25226	17784015	67675	17789803	2504283	17778228	0.84993	17784015	1.01122	17789803	1.10005	17778228	29680.0913016366	17784015	66924.1114693143	17789803	2276517.43102586	17794795	27221	17800582	91379	17806386	2684890	17794795	0.8492	17800582	1.01176	17806386	1.10138	17794795	32054.8751766368	17800582	90316.8735668538	17806386	2437750.82169642	17811378	42066	17817165	912619	17822968	2608560	17811378	0.84961	17817165	1.00997	17822968	1.10159	17811378	49512.1290945257	17817165	903610.008218066	17822968	2367995.35217277
150	17881656	24321	17887443	73772	17893247	2498510	17881656	0.84999	17887443	1.01007	17893247	1.10079	17881656	28613.2778032683	17887443	73036.5222212322	17893247	2269742.63937717	17898223	24868	17904011	67632	17909829	2505036	17898223	0.84985	17904011	1.01185	17909829	1.10067	17898223	29261.6344060717	17904011	66839.946632406	17909829	2275919.21284309	17914806	27312	17920593	90815	17926397	2683938	17914806	0.85011	17920593	1.01129	17926397	1.10155	17914806	32127.6070155627	17920593	89801.1450721356	17926397	2436510.3717489	17931389	42705	17937192	914447	17942995	2596457	17931389	0.85021	17937192	1.01175	17942995	1.10171	17931389	50228.7670105033	17937192	903827.032369657	17942995	2356751.77678336
151	18001667	24026	18007454	73635	18013258	2504996	18001667	0.84982	18007454	1.01247	18013258	1.10234	18001667	28271.8693370361	18007454	72728.0808320247	18013258	2272435.00190504	18018250	24767	18024037	67491	18029856	2504238	18018250	0.85008	18024037	1.0123	18029856	1.10086	18018250	29134.9049501223	18024037	66670.9473476242	18029856	2274801.51881256	18034832	27537	18040620	91228	18046423	2682612	18034832	0.84954	18040620	1.0113	18046423	1.10102	18034832	32414.0122890035	18040620	90208.6423415406	18046423	2436478.90138236	18051400	42580	18057187	912960	18062990	2596915	18051400	0.8498	18057187	1.01149	18062990	1.10246	18051400	50105.9072722994	18057187	902589.249522981	18062990	2355563.92068646
152	18121678	24284	18127465	74306	18133284	2497994	18121678	0.85015	18127465	1.01149	18133284	1.10159	18121678	28564.3709933541	18127465	73461.922510356	18133284	2267625.88621901	18138261	24947	18144033	67561	18149836	2496130	18138261	0.84965	18144033	1.01134	18149836	1.10085	18138261	29361.5017948567	18144033	66803.448889592	18149836	2267456.96507244	18154812	27681	18160600	90260	18166403	2678832	18154812	0.85013	18160600	1.01117	18166403	1.10065	18154812	32560.9024502135	18160600	89262.9330379659	18166403	2433863.62603916	18171379	42909	18177151	913485	18182955	2589341	18171379	0.85003	18177151	1.01133	18182955	1.10188	18171379	50479.3948448878	18177151	903251.164308386	18182955	2349930.11943224
153	18241689	24078	18247476	74163	18253295	2498844	18241689	0.85052	18247476	1.01191	18253295	1.10233	18241689	28309.7399238113	18247476	73290.1147335237	18253295	2266874.71083977	18258272	24580	18264059	67501	18269878	2491671	18258272	0.85072	18264059	1.01083	18269878	1.10075	18258272	28893.1728418281	18264059	66777.7964642917	18269878	2263612.08267091	18274854	27327	18280626	90153	18286430	2677765	18274854	0.85032	18280626	1.01188	18286430	1.10228	18274854	32137.3130115721	18280626	89094.5566667984	18286430	2429296.54897122	18291422	43497	18297209	912596	18303012	2581878	18291422	0.85069	18297209	1.01132	18303012	1.10131	18291422	51131.4344825965	18297209	902381.04655302	18303012	2344369.88677121
154	18361700	24565	18367487	73477	18373306	2489627	18361700	0.85069	18367487	1.01245	18373306	1.10229	18361700	28876.5590285533	18367487	72573.4604177984	18373306	2258595.28799136	18378283	24904	18384070	66512	18389873	2488316	18378283	0.84971	18384070	1.0122	18389873	1.10089	18378283	29308.8230102035	18384070	65710.3339261016	18389873	2260276.68522741	18394850	27397	18400637	89791	18406441	2673250	18394850	0.85054	18400637	1.01131	18406441	1.1024	18394850	32211.3010557998	18400637	88786.8210538806	18406441	2424936.50217707	18411417	43360	18417205	913717	18423008	2580692	18411417	0.84972	18417205	1.01195	18423008	1.10161	18411417	51028.5741185332	18417205	902927.022086072	18423008	2342654.8415501
155	18481711	23740	18487498	73223	18493302	2482999	18481711	0.84973	18487498	1.01073	18493302	1.10151	18481711	27938.286279171	18487498	72445.6580887082	18493302	2254177.44732231	18498294	24811	18504066	66668	18509869	2486762	18498294	0.8501	18504066	1.01144	18509869	1.10211	18498294	29185.9781202212	18504066	65913.9444752037	18509869	2256364.60970321	18514845	27513	18520633	89394	18526436	2668193	18514845	0.85017	18520633	1.01154	18526436	1.10129	18514845	32361.7629415293	18520633	88374.1621685746	18526436	2422788.72958076	18531412	43575	18537200	914251	18543003	2575835	18531412	0.84948	18537200	1.01187	18543003	1.10182	18531412	51296.0870179404	18537200	903526.144662852	18543003	2337800.18514821
156	18601722	23815	18607509	72786	18613313	2482693	18601722	0.85104	18607509	1.01271	18613313	1.10245	18601722	27983.408535439	18607509	71872.500518411	18613313	2251977.86747698	18618289	24716	18624077	66474	18629880	2481633	18618289	0.84982	18624077	1.01261	18629880	1.10226	18618289	29083.8059824433	18624077	65646.2014003417	18629880	2251404.38734963	18634856	27434	18640659	89835	18646463	2669651	18634856	0.85039	18640659	1.01187	18646463	1.10286	18634856	32260.4922447348	18640659	88781.1675412849	18646463	2420661.73403696	18651439	44210	18657227	914153	18663030	2570366	18651439	0.85112	18657227	1.012	18663030	1.10163	18651439	51943.3217407651	18657227	903313.241106719	18663030	2333238.92777067
157	18721733	24029	18727520	73191	18733324	2482708	18721733	0.85049	18727520	1.01265	18733324	1.10278	18721733	28253.1246693083	18727520	72276.6997481855	18733324	2251317.57920891	18738300	24801	18744088	66552	18749891	2480664	18738300	0.84995	18744088	1.01152	18749891	1.10183	18738300	29179.3634919701	18744088	65794.0525150269	18749891	2251403.57405407	18754867	27441	18760655	88538	18766458	2659167	18754867	0.85063	18760655	1.01129	18766458	1.10084	18754867	32259.6193409591	18760655	87549.5654065599	18766458	2415579.92078776	18771434	44392	18777222	913362	18783041	2562822	18771434	0.84974	18777222	1.01147	18783041	1.10138	18771434	52241.862216678	18777222	903004.537949717	18783041	2326918.95621856
158	18841744	23951	18847531	72863	18853335	2481203	18841744	0.85033	18847531	1.01149	18853335	1.10133	18841744	28166.711747204	18847531	72035.3142393894	18853335	2252915.11172855	18858327	24746	18864114	66145	18869902	2473655	18858327	0.84967	18864114	1.01171	18869902	1.10202	18858327	29124.2482375511	18864114	65379.4071423629	18869902	2244655.26941435	18874894	27464	18880681	88260	18886485	2663127	18874894	0.84997	18880681	1.01162	18886485	1.10139	18874894	32311.7286492464	18880681	87246.1991656946	18886485	2417969.11175878	18891477	44904	18897264	914350	18903068	2562885	18891477	0.85043	18897264	1.01137	18903068	1.10117	18891477	52801.5239349506	18897264	904070.71595954	18903068	2327419.92607863
159	18961755	24201	18967542	72387	18973346	2476567	18961755	0.84988	18967542	1.01053	18973346	1.10188	18961755	28475.78481668	18967542	71632.7075890869	18973346	2247583.22140342	18978322	24774	18984110	66276	18989897	2473107	18978322	0.85022	18984110	1.01256	18989897	1.10173	18978322	29138.3406647691	18984110	65453.8990282057	18989897	2244748.71338713	18994889	27416	19000661	88916	19006464	2662150	18994889	0.84999	19000661	1.01235	19006464	1.10227	18994889	32254.4971117307	19000661	87831.2836469601	19006464	2415152.3673873	19011441	44747	19017213	915226	19023047	2558706	19011441	0.85098	19017213	1.01286	19023047	1.10309	19011441	52582.904416085	19017213	903605.631577908	19023047	2319580.45127777
160	19081766	24352	19087553	72516	19093372	2475518	19081766	0.85124	19087553	1.01237	19093372	1.10263	19081766	28607.6782106104	19087553	71629.9376710096	19093372	2245103.07174664	19098349	24686	19104121	66370	19109924	2466727	19098349	0.85071	19104121	1.01213	19109924	1.10201	19098349	29018.1142810123	19104121	65574.5803404701	19109924	2238388.94383899	19114900	27117	19120703	88014	19126507	2663772	19114900	0.85044	19120703	1.01117	19126507	1.1028	19114900	31885.84732609	19120703	87041.7437226183	19126507	2415462.45919478	19131514	45207	19137286	914782	19143090	2547572	19131514	0.85078	19137286	1.01207	19143090	1.10203	19131514	53135.945837937	19137286	903872.261800073	19143090	2311708.39269348
161																																																																								
162																																																																								
163																																																																								
164																																																																								
165																																																																								
166																																																																								
167																																																																								
168																																																																								
169																																																																								
170																																																																								
171																																																																								
172																																																																								
173																																																																								
174																																																																								
175																																																																								
176																																																																								
177																																																																								
178																																																																								
179																																																																								
180																																																																								
181																																																																								
182																																																																								
183																																																																								
184																																																																								
185																																																																								
186																																																																								
187																																																																								
188																																																																								
189																																																																								
190																																																																								
191																																																																								
192																																																																								
193																																																																								
194																																																																								
195																																																																								
196																																																																								
197																																																																								
198																																																																								
199																																																																								
200																																																																								
201																																																																								
202																																																																								
203																																																																								
204																																																																								
205																																																																								
206																																																																								
207																																																																								
208																																																																								
209																																																																								
210																																																																								
211																																																																								
212																																																																								
213																																																																								
214																																																																								
215																																																																								
216																																																																								
217																																																																								
218																																																																								
219																																																																								
220																																																																								
221																																																																								
222																																																																								
223																																																																								
224																																																																								
225																																																																								
226																																																																								
227																																																																								
228																																																																								
229																																																																								
230																																																																								
231																																																																								
232																																																																								
233																																																																								
234																																																																								
235																																																																								
236																																																																								
237																																																																								
238																																																																								
239																																																																								
240																																																																								
241																																																																								
242																																																																								
243																																																																								
244																																																																								
245																																																																								
246																																																																								
247																																																																								
248																																																																								
249																																																																								
250																																																																								
251																																																																								
252																																																																								
253																																																																								
254																																																																								
255																																																																								
256																																																																								
257																																																																								
258																																																																								
259																																																																								
260																																																																								
261																																																																								
262																																																																								
263																																																																								
264																																																																								
265																																																																								
266																																																																								
267																																																																								
268																																																																								
269																																																																								
270																																																																								
271																																																																								
272																																																																								
273																																																																								
274																																																																								
275																																																																								
276																																																																								
277																																																																								
278																																																																								
279																																																																								
280																																																																								
281																																																																								
282																																																																								
283																																																																								
284																																																																								
285																																																																								
286																																																																								
287																																																																								
288																																																																								
289																																																																								
290																																																																								
291																																																																								
292																																																																								
293																																																																								
294																																																																								
295																																																																								
296																																																																								
297																																																																								
298																																																																								
299																																																																								
300																																																																								
301																																																																								