HJY Multigroup Import
Application Version:	3.5.1.20
SystemConfiguration::	FL3-11_1602C-0213-FL
Experiment Time Stamp:	7/11/2024 11:32 PM
Export Time Stamp:	7/12/2024 10:04 AM
Experiment Comment:	None

Integration Time:	1
Time Sequence Interval Points:	301
Time Sequence Experiment Duration:	10:00:00	36000000 (ms)
Repetition Time Sequence Enabled:	False
Repetition Time Sequence Count:	2
Repetition Time Sequence Delay:	0 seconds
Time Sequence Interval Total Points:	301
Time Sequence Experiment Duration Total:	10:00:00	36000000 (ms)

Mono Count:	2
Mono Description:	Excitation 1 (Mono1)	Emission 1 (Mono2)
Mono Slit Width:		5	5
Mono Grating Index:		0	0
Mono Grating Value:		1200	1200

Mono Wavelength Group Count:	3
Mono Wavelength Group Description:	Group 1:(Excitation 1:596 Emission 1:615)	Group 2:(Excitation 1:549 Emission 1:565)	Group 3:(Excitation 1:495 Emission 1:520)

Detector Count:	3
Detector Description:	S1 (SCD1)	R (SCD2)	S1/R (SCD1/SCD2)
Detector High Voltage:	950	None	None

Accessory Sequential Type:	Temperature Controller
Accessory Sequential Description:	Temperature Control (TC1)
Accessory Sequential Scan Position Count:	1
Accessory Sequential Scan Positions:		37

Accessory Interleave Type:	Sample Changer
Accessory Interleave Description:	Sample Changer - 4 Position (SCH1)
Accessory Interleave Scan Position Count:	4
Accessory Interleave Scan Positions:	1	2	3	4

Axis	X	Y	X	Y	X	Y	X	Y	X	Y	X	Y	X	Y	X	Y	X	Y	X	Y	X	Y	X	Y	X	Y	X	Y	X	Y	X	Y	X	Y	X	Y	X	Y	X	Y	X	Y	X	Y	X	Y	X	Y	X	Y	X	Y	X	Y	X	Y	X	Y	X	Y	X	Y	X	Y	X	Y	X	Y	X	Y	X	Y
Sequential: Temperature Controller	Idx:0(Pos:37.00)	Idx:0(Pos:37.00)	Idx:0(Pos:37.00)	Idx:0(Pos:37.00)	Idx:0(Pos:37.00)	Idx:0(Pos:37.00)	Idx:0(Pos:37.00)	Idx:0(Pos:37.00)	Idx:0(Pos:37.00)	Idx:0(Pos:37.00)	Idx:0(Pos:37.00)	Idx:0(Pos:37.00)	Idx:0(Pos:37.00)	Idx:0(Pos:37.00)	Idx:0(Pos:37.00)	Idx:0(Pos:37.00)	Idx:0(Pos:37.00)	Idx:0(Pos:37.00)	Idx:0(Pos:37.00)	Idx:0(Pos:37.00)	Idx:0(Pos:37.00)	Idx:0(Pos:37.00)	Idx:0(Pos:37.00)	Idx:0(Pos:37.00)	Idx:0(Pos:37.00)	Idx:0(Pos:37.00)	Idx:0(Pos:37.00)	Idx:0(Pos:37.00)	Idx:0(Pos:37.00)	Idx:0(Pos:37.00)	Idx:0(Pos:37.00)	Idx:0(Pos:37.00)	Idx:0(Pos:37.00)	Idx:0(Pos:37.00)	Idx:0(Pos:37.00)	Idx:0(Pos:37.00)	Idx:0(Pos:37.00)	Idx:0(Pos:37.00)	Idx:0(Pos:37.00)	Idx:0(Pos:37.00)	Idx:0(Pos:37.00)	Idx:0(Pos:37.00)	Idx:0(Pos:37.00)	Idx:0(Pos:37.00)	Idx:0(Pos:37.00)	Idx:0(Pos:37.00)	Idx:0(Pos:37.00)	Idx:0(Pos:37.00)	Idx:0(Pos:37.00)	Idx:0(Pos:37.00)	Idx:0(Pos:37.00)	Idx:0(Pos:37.00)	Idx:0(Pos:37.00)	Idx:0(Pos:37.00)	Idx:0(Pos:37.00)	Idx:0(Pos:37.00)	Idx:0(Pos:37.00)	Idx:0(Pos:37.00)	Idx:0(Pos:37.00)	Idx:0(Pos:37.00)	Idx:0(Pos:37.00)	Idx:0(Pos:37.00)	Idx:0(Pos:37.00)	Idx:0(Pos:37.00)	Idx:0(Pos:37.00)	Idx:0(Pos:37.00)	Idx:0(Pos:37.00)	Idx:0(Pos:37.00)	Idx:0(Pos:37.00)	Idx:0(Pos:37.00)	Idx:0(Pos:37.00)	Idx:0(Pos:37.00)
Interleave: Sample Changer	Idx:0(Pos:1)	Idx:0(Pos:1)	Idx:0(Pos:1)	Idx:0(Pos:1)	Idx:0(Pos:1)	Idx:0(Pos:1)	Idx:0(Pos:1)	Idx:0(Pos:1)	Idx:0(Pos:1)	Idx:0(Pos:1)	Idx:0(Pos:1)	Idx:0(Pos:1)	Idx:0(Pos:1)	Idx:0(Pos:1)	Idx:0(Pos:1)	Idx:0(Pos:1)	Idx:0(Pos:1)	Idx:0(Pos:1)	Idx:1(Pos:2)	Idx:1(Pos:2)	Idx:1(Pos:2)	Idx:1(Pos:2)	Idx:1(Pos:2)	Idx:1(Pos:2)	Idx:1(Pos:2)	Idx:1(Pos:2)	Idx:1(Pos:2)	Idx:1(Pos:2)	Idx:1(Pos:2)	Idx:1(Pos:2)	Idx:1(Pos:2)	Idx:1(Pos:2)	Idx:1(Pos:2)	Idx:1(Pos:2)	Idx:1(Pos:2)	Idx:1(Pos:2)	Idx:2(Pos:3)	Idx:2(Pos:3)	Idx:2(Pos:3)	Idx:2(Pos:3)	Idx:2(Pos:3)	Idx:2(Pos:3)	Idx:2(Pos:3)	Idx:2(Pos:3)	Idx:2(Pos:3)	Idx:2(Pos:3)	Idx:2(Pos:3)	Idx:2(Pos:3)	Idx:2(Pos:3)	Idx:2(Pos:3)	Idx:2(Pos:3)	Idx:2(Pos:3)	Idx:2(Pos:3)	Idx:2(Pos:3)	Idx:3(Pos:4)	Idx:3(Pos:4)	Idx:3(Pos:4)	Idx:3(Pos:4)	Idx:3(Pos:4)	Idx:3(Pos:4)	Idx:3(Pos:4)	Idx:3(Pos:4)	Idx:3(Pos:4)	Idx:3(Pos:4)	Idx:3(Pos:4)	Idx:3(Pos:4)	Idx:3(Pos:4)	Idx:3(Pos:4)	Idx:3(Pos:4)	Idx:3(Pos:4)	Idx:3(Pos:4)	Idx:3(Pos:4)
Detector	S1 (SCD1)	S1 (SCD1)	S1 (SCD1)	S1 (SCD1)	S1 (SCD1)	S1 (SCD1)	R (SCD2)	R (SCD2)	R (SCD2)	R (SCD2)	R (SCD2)	R (SCD2)	S1/R (SCD1/SCD2)	S1/R (SCD1/SCD2)	S1/R (SCD1/SCD2)	S1/R (SCD1/SCD2)	S1/R (SCD1/SCD2)	S1/R (SCD1/SCD2)	S1 (SCD1)	S1 (SCD1)	S1 (SCD1)	S1 (SCD1)	S1 (SCD1)	S1 (SCD1)	R (SCD2)	R (SCD2)	R (SCD2)	R (SCD2)	R (SCD2)	R (SCD2)	S1/R (SCD1/SCD2)	S1/R (SCD1/SCD2)	S1/R (SCD1/SCD2)	S1/R (SCD1/SCD2)	S1/R (SCD1/SCD2)	S1/R (SCD1/SCD2)	S1 (SCD1)	S1 (SCD1)	S1 (SCD1)	S1 (SCD1)	S1 (SCD1)	S1 (SCD1)	R (SCD2)	R (SCD2)	R (SCD2)	R (SCD2)	R (SCD2)	R (SCD2)	S1/R (SCD1/SCD2)	S1/R (SCD1/SCD2)	S1/R (SCD1/SCD2)	S1/R (SCD1/SCD2)	S1/R (SCD1/SCD2)	S1/R (SCD1/SCD2)	S1 (SCD1)	S1 (SCD1)	S1 (SCD1)	S1 (SCD1)	S1 (SCD1)	S1 (SCD1)	R (SCD2)	R (SCD2)	R (SCD2)	R (SCD2)	R (SCD2)	R (SCD2)	S1/R (SCD1/SCD2)	S1/R (SCD1/SCD2)	S1/R (SCD1/SCD2)	S1/R (SCD1/SCD2)	S1/R (SCD1/SCD2)	S1/R (SCD1/SCD2)
WL Group	1	1	2	2	3	3	1	1	2	2	3	3	1	1	2	2	3	3	1	1	2	2	3	3	1	1	2	2	3	3	1	1	2	2	3	3	1	1	2	2	3	3	1	1	2	2	3	3	1	1	2	2	3	3	1	1	2	2	3	3	1	1	2	2	3	3	1	1	2	2	3	3
Units	(ms)	CPS	(ms)	CPS	(ms)	CPS	(ms)	MicroAmps	(ms)	MicroAmps	(ms)	MicroAmps	(ms)	CPS	(ms)	CPS	(ms)	CPS	(ms)	CPS	(ms)	CPS	(ms)	CPS	(ms)	MicroAmps	(ms)	MicroAmps	(ms)	MicroAmps	(ms)	CPS	(ms)	CPS	(ms)	CPS	(ms)	CPS	(ms)	CPS	(ms)	CPS	(ms)	MicroAmps	(ms)	MicroAmps	(ms)	MicroAmps	(ms)	CPS	(ms)	CPS	(ms)	CPS	(ms)	CPS	(ms)	CPS	(ms)	CPS	(ms)	MicroAmps	(ms)	MicroAmps	(ms)	MicroAmps	(ms)	CPS	(ms)	CPS	(ms)	CPS
1	0	39651	5803	2417447	11606	4376792	0	0.86662	5803	1.07501	11606	1.20836	0	45753.6175024809	5803	2248766.98821406	11606	3622092.75381509	16582	125896	22354	2666398	28158	4945873	16582	0.86658	22354	1.07544	28158	1.20956	16582	145279.143298945	22354	2479355.42661608	28158	4088985.25083501	33134	127282	38922	2878373	44725	5478336	33134	0.86677	38922	1.07534	44725	1.21002	33134	146846.337552061	38922	2676709.6918184	44725	4527475.57891605	49701	93497	55489	2635435	61292	4957811	49701	0.86686	55489	1.07595	61292	1.2094	49701	107857.093417622	55489	2449402.85329244	61292	4099397.22176286
2	120011	39863	125814	2422120	131617	4384273	120011	0.86641	125814	1.07526	131617	1.21019	120011	46009.3950900844	125814	2252590.07123858	131617	3622797.24671333	136593	125598	142365	2646012	148169	4953385	136593	0.86715	142365	1.07569	148169	1.20862	136593	144839.993080782	142365	2459827.64551125	148169	4098380.79793484	153129	127592	158917	2866771	164720	5456572	153129	0.86672	158917	1.07555	164720	1.2093	153129	147212.479232047	158917	2665400.02789271	164720	4512173.98494997	169681	93418	175484	2608594	181287	4937536	169681	0.86659	175484	1.07564	181287	1.20908	169681	107799.53611281	175484	2425155.25640549	181287	4083713.2365104
3	240022	39770	245825	2422107	251628	4369595	240022	0.86732	245825	1.07565	251628	1.20967	240022	45853.8947562607	245825	2251761.26063311	251628	3612220.68828689	256604	124822	262408	2640773	268211	4954012	256604	0.86678	262408	1.07643	268211	1.21006	256604	144006.552989224	262408	2453269.60415447	268211	4094021.78404377	273187	127112	278975	2854611	284778	5442592	273187	0.86665	278975	1.07645	284778	1.20798	273187	146670.512894479	278975	2651875.14515305	284778	4505531.54853557	289754	93615	295526	2600554	301330	4923912	289754	0.8656	295526	1.07381	301330	1.2071	289754	108150.415896488	295526	2421800.87725017	301330	4079125.17604175
4	360033	40311	365820	2417743	371623	4369814	360033	0.8662	365820	1.07496	371623	1.20914	360033	46537.7510967444	365820	2249146.9450026	371623	3613985.14646774	376584	124601	382372	2627226	388175	4959040	376584	0.8661	382372	1.07506	388175	1.20944	376584	143864.449832583	382372	2443794.76494335	388175	4100277.81452573	393167	126441	398955	2850765	404742	5436810	393167	0.86588	398955	1.07496	404742	1.2092	393167	146026.008222848	398955	2651973.09667336	404742	4496204.10188555	409719	93229	415506	2592539	421309	4919454	409719	0.86658	415506	1.07439	421309	1.20828	409719	107582.681345058	415506	2413033.44223234	421309	4071451.98132883
5	480044	39866	485847	2411704	491650	4360477	480044	0.86608	485847	1.07464	491650	1.20836	480044	46030.3898023277	485847	2244197.12647957	491650	3608590.98281969	496611	123880	502398	2628163	508186	4949835	496611	0.86601	502398	1.07476	508186	1.20896	496611	143046.847034099	502398	2445348.72901857	508186	4094291.78798306	513162	126748	518950	2843718	524753	5434477	513162	0.86605	518950	1.07427	524753	1.20971	513162	146351.827261705	518950	2647116.64665308	524753	4492379.99189889	529745	93185	535533	2596560	541336	4917110	529745	0.86617	535533	1.07466	541336	1.20865	529745	107582.807070206	535533	2416168.83479426	541336	4068266.24746618
6	600055	39707	605858	2418161	611661	4361977	600055	0.86608	605858	1.07545	611661	1.2095	600055	45846.8039903935	605858	2248510.85592078	611661	3606429.92972303	616637	124407	622409	2628887	628213	4959303	616637	0.86754	622409	1.07475	628213	1.20968	616637	143402.033335639	622409	2446045.12677367	628213	4099681.7340123	633189	125827	638977	2840713	644780	5418465	633189	0.86658	638977	1.07556	644780	1.20948	633189	145199.519951995	638977	2641147.86715757	644780	4479995.53527136	649756	93485	655544	2588510	661347	4914866	649756	0.86666	655544	1.0756	661347	1.20962	649756	107868.137447211	655544	2406573.07549275	661347	4063148.75746102
7	720066	40151	725869	2413893	731672	4353404	720066	0.86673	725869	1.0754	731672	1.20907	720066	46324.6916571481	725869	2244646.64310954	731672	3600621.96564301	736648	123426	742420	2620240	748208	4956230	736648	0.86661	742420	1.07512	748208	1.20979	736648	142423.927718351	742420	2437160.50301362	748208	4096768.86071136	753184	126830	758972	2838214	764775	5416594	753184	0.86686	758972	1.0757	764775	1.20956	753184	146309.669381446	758972	2638480.98912336	764775	4478152.3859916	769752	92718	775539	2595063	781358	4912016	769752	0.86613	775539	1.07521	781358	1.20868	769752	107048.59547643	775539	2413540.6106714	781358	4063950.75619684
8	840077	39848	845864	2415820	851683	4357595	840077	0.86717	845864	1.07546	851683	1.2094	840077	45951.774161929	845864	2246313.20551206	851683	3603104.84537787	856659	123128	862431	2615888	868219	4953988	856659	0.86643	862431	1.07598	868219	1.21043	856659	142109.576076544	862431	2431167.86557371	868219	4092750.51014929	873195	126181	878983	2835180	884786	5407839	873195	0.86699	878983	1.07508	884786	1.20869	873195	145539.164234882	878983	2637180.48889385	884786	4474132.32507922	889763	92801	895550	2592485	901369	4903585	889763	0.8663	895550	1.07556	901369	1.20917	889763	107123.398360845	895550	2410358.3249656	901369	4055331.34298734
9	960088	40002	965875	2416279	971694	4349809	960088	0.86749	965875	1.07596	971694	1.21072	960088	46112.3471163933	965875	2245695.93665192	971694	3592745.63895864	976655	122864	982427	2614349	988230	4950977	976655	0.86757	982427	1.07598	988230	1.20935	976655	141618.543748631	982427	2429737.54158999	988230	4093915.73986026	993222	126508	999010	2836372	1004813	5401344	993222	0.86701	999010	1.07656	1004813	1.20954	993222	145912.965248382	999010	2634662.25756112	1004813	4465618.33424277	1009789	92645	1015577	2586494	1021380	4898649	1009789	0.86709	1015577	1.07552	1021380	1.20908	1009789	106845.886816824	1015577	2404877.64058316	1021380	4051550.76587157
10	1080099	40000	1085902	2414171	1091705	4344131	1080099	0.86677	1085902	1.07624	1091705	1.20947	1080099	46148.34385131	1085902	2243153.01419758	1091705	3591764.1611615	1096681	123622	1102453	2614747	1108257	4952308	1096681	0.86743	1102453	1.07575	1108257	1.20979	1096681	142515.246187012	1102453	2430627.00441552	1108257	4093526.97575612	1113202	126258	1119005	2835635	1124808	5396738	1113202	0.86698	1119005	1.07541	1124808	1.20998	1113202	145629.656970172	1119005	2636794.3389033	1124808	4460187.77169871	1129769	93382	1135572	2590283	1141391	4897028	1129769	0.86706	1135572	1.07573	1141391	1.21017	1129769	107699.582497174	1135572	2407930.42863916	1141391	4046562.05326524
11	1200110	40009	1205897	2413276	1211716	4340400	1200110	0.86724	1205897	1.07589	1211716	1.20927	1200110	46133.7115446704	1205897	2243050.86951268	1211716	3589272.86710164	1216677	123305	1222464	2608142	1228252	4947677	1216677	0.86682	1222464	1.07625	1228252	1.20966	1216677	142249.832721903	1222464	2423360.74332172	1228252	4090138.55132847	1233228	126509	1239016	2838461	1244819	5386287	1233228	0.86744	1239016	1.07628	1244819	1.2103	1233228	145841.78732823	1239016	2637288.6237782	1244819	4450373.46112534	1249811	93323	1255599	2586290	1261402	4891330	1249811	0.86722	1255599	1.07593	1261402	1.20967	1249811	107611.678697447	1255599	2403771.62083035	1261402	4043524.26694884
12	1320121	39823	1325908	2412656	1331727	4332587	1320121	0.86711	1325908	1.07645	1331727	1.21002	1320121	45926.1224066151	1325908	2241308.00315853	1331727	3580591.22989703	1336703	123426	1342507	2607058	1348325	4951724	1336703	0.8669	1342507	1.07561	1348325	1.20951	1336703	142376.28330834	1342507	2423794.86988778	1348325	4093991.78179593	1353286	126557	1359074	2831223	1364877	5382369	1353286	0.86729	1359074	1.0761	1364877	1.20949	1353286	145922.355844066	1359074	2631003.62419849	1364877	4450114.51107492	1369838	93164	1375626	2585388	1381429	4886290	1369838	0.86783	1375626	1.07569	1381429	1.21015	1369838	107352.822557413	1375626	2403469.40103561	1381429	4037755.65012602
13	1440132	39521	1445904	2407326	1451707	4325265	1440132	0.86719	1445904	1.07618	1451707	1.20908	1440132	45573.6343823153	1445904	2236917.61601219	1451707	3577319.11866874	1456683	123299	1462471	2609161	1468274	4956672	1456683	0.86741	1462471	1.0769	1468274	1.21012	1456683	142146.159255715	1462471	2422844.27523447	1468274	4096016.92394143	1473250	126308	1479038	2835091	1484841	5377932	1473250	0.86742	1479038	1.0769	1484841	1.2104	1473250	145613.428327684	1479038	2632640.91373387	1484841	4443103.1064111	1489818	92711	1495590	2586661	1501393	4885793	1489818	0.8676	1495590	1.07696	1501393	1.21077	1489818	106859.151682803	1495590	2401817.15198336	1501393	4035277.55064959
14	1560143	39716	1565930	2412029	1571749	4322080	1560143	0.86804	1565930	1.07625	1571749	1.21042	1560143	45753.6519054422	1565930	2241141.92799071	1571749	3570727.5160688	1576710	122290	1582497	2603042	1588301	4956170	1576710	0.86765	1582497	1.07701	1588301	1.21077	1576710	140943.929003631	1582497	2416915.3489754	1588301	4093403.37140828	1593277	125425	1599049	2838940	1604852	5378946	1593277	0.86795	1599049	1.07706	1604852	1.21089	1593277	144507.172072124	1599049	2635823.44530481	1604852	4442142.55630156	1609829	92559	1615616	2587156	1621435	4881558	1609829	0.86748	1615616	1.07674	1621435	1.211	1609829	106698.713515009	1615616	2402767.61335141	1621435	4031014.03798514
15	1680154	39366	1685941	2411157	1691744	4317492	1680154	0.86847	1685941	1.07737	1691744	1.21092	1680154	45327.9906041659	1685941	2238002.72886752	1691744	3565464.27509662	1696721	122673	1702508	2608464	1708296	4957001	1696721	0.86843	1702508	1.0769	1708296	1.2109	1696721	141258.362792626	1702508	2422197.04707958	1708296	4093650.17755389	1713288	127015	1719076	2827100	1724863	5364281	1713288	0.86767	1719076	1.07701	1724863	1.21053	1713288	146386.298938537	1719076	2624952.41455511	1724863	4431349.07850281	1729840	92631	1735612	2585822	1741415	4874674	1729840	0.86798	1735612	1.07656	1741415	1.2103	1729840	106720.200926289	1735612	2401930.2221892	1741415	4027657.60555234
16	1800165	20801	1805952	1881181	1811771	3422886	1800165	0.86799	1805952	1.07739	1811771	1.21112	1800165	23964.5618037074	1805952	1746053.8894922	1811771	2826215.40392364	1816732	121875	1822520	2604874	1828307	4952892	1816732	0.86802	1822520	1.07704	1828307	1.21071	1816732	140405.751019562	1822520	2418548.98611008	1828307	4090898.72884506	1833284	126282	1839071	2827924	1844874	5364217	1833284	0.86834	1839071	1.07708	1844874	1.21091	1833284	145429.209756547	1839071	2625546.84888773	1844874	4429905.60817897	1849835	92972	1855607	2588965	1861410	4871316	1849835	0.86806	1855607	1.07737	1861410	1.21048	1849835	107103.195631638	1855607	2403041.66627992	1861410	4024284.58132311
17	1920176	7753	1925963	1039918	1931782	2030586	1920176	0.86821	1925963	1.07756	1931782	1.21102	1920176	8929.86719802813	1925963	965067.374438546	1931782	1676756.78353784	1936743	119991	1942531	1750245	1948334	4996346	1936743	0.86851	1942531	1.07731	1948334	1.2115	1936743	138157.303888268	1942531	1624643.78869592	1948334	4124099.05076352	1953310	121708	1959098	2061098	1964885	5279037	1953310	0.86804	1959098	1.07787	1964885	1.21105	1953310	140210.128565504	1959098	1912195.34823309	1964885	4359057.84236819	1969862	93130	1975649	2596507	1981484	4872632	1969862	0.86871	1975649	1.07743	1981484	1.21179	1969862	107204.93605461	1975649	2409907.83623994	1981484	4021020.14375428
18	2040187	6071	2045959	610690	2051778	1376375	2040187	0.86888	2045959	1.07813	2051778	1.21128	2040187	6987.15587883252	2045959	566434.474506785	2051778	1136297.96578826	2056754	118837	2062526	1012610	2068329	4980495	2056754	0.86855	2062526	1.07749	2068329	1.21157	2056754	136822.290023603	2062526	939785.98409266	2068329	4110777.75118235	2073306	120186	2079093	1240573	2084896	5265347	2073306	0.86899	2079093	1.07827	2084896	1.21252	2073306	138305.389014833	2079093	1150521.66896974	2084896	4342482.59822518	2089857	92509	2095645	2585136	2101448	4868046	2089857	0.86942	2095645	1.07791	2101448	1.21211	2089857	106403.119320927	2095645	2398285.57115158	2101448	4016175.09961967
19	2160198	5508	2165985	371381	2171804	1063212	2160198	0.86924	2165985	1.07823	2171804	1.21207	2160198	6336.56987713405	2165985	344435.788282648	2171804	877186.961149109	2176765	117963	2182537	617175	2188340	4967087	2176765	0.86934	2182537	1.07913	2188340	1.2116	2176765	135692.594381945	2182537	571919.045898085	2188340	4099609.60713107	2193317	119347	2199104	784364	2204907	5250435	2193317	0.86908	2199104	1.07838	2204907	1.21162	2193317	137325.677728172	2199104	727353.993953894	2204907	4333400.73620442	2209884	92675	2215671	2587650	2221490	4858410	2209884	0.86904	2215671	1.07831	2221490	1.21122	2209884	106640.660959219	2215671	2399727.35113279	2221490	4011170.55530787
20	2280209	5116	2285996	232440	2291800	906537	2280209	0.86876	2285996	1.0781	2291800	1.211	2280209	5888.85307795018	2285996	215601.521194694	2291800	748585.466556565	2296776	117234	2302548	396370	2308351	4952447	2296776	0.86823	2302548	1.07766	2308351	1.21058	2296776	135026.433088007	2302548	367806.172633298	2308351	4090970.44391944	2313343	118415	2319131	513686	2324934	5239126	2313343	0.86873	2319131	1.07799	2324934	1.21109	2313343	136308.174001128	2319131	476522.045659051	2324934	4325959.25984031	2329910	92253	2335698	2585168	2341517	4857576	2329910	0.86857	2335698	1.07734	2341517	1.21159	2329910	106212.510217944	2335698	2399584.1609891	2341517	4009257.25699288
21	2400220	5039	2406007	153751	2411826	827984	2400220	0.86826	2406007	1.07761	2411826	1.21206	2400220	5803.56114527906	2406007	142677.777674669	2411826	683121.29762553	2416787	117224	2422575	263370	2428378	4946652	2416787	0.86856	2422575	1.0775	2428378	1.21141	2416787	134963.617942341	2422575	244426.914153132	2428378	4083383.82545959	2433354	119371	2439142	344096	2444929	5232404	2433354	0.86857	2439142	1.07822	2444929	1.21179	2433354	137433.943147933	2439142	319133.386507392	2444929	4317913.16977364	2449906	92315	2455678	2582005	2461481	4850085	2449906	0.8687	2455678	1.07866	2461481	1.21238	2449906	106267.986646713	2455678	2393715.35052751	2461481	4000466.02550356
22	2520231	4771	2526018	104492	2531837	786861	2520231	0.86868	2526018	1.0792	2531837	1.21227	2520231	5492.24110144127	2526018	96823.5730170497	2531837	649080.65035017	2536798	116446	2542586	184003	2548389	4945441	2536798	0.86857	2542586	1.07817	2548389	1.21186	2536798	134066.3389249	2542586	170662.325978278	2548389	4080868.25210833	2553365	118691	2559153	237898	2564940	5227411	2553365	0.86919	2559153	1.07813	2564940	1.21161	2553365	136553.572866692	2559153	220657.991151345	2564940	4314433.68740767	2569901	92374	2575689	2579134	2581492	4853621	2569901	0.86922	2575689	1.07878	2581492	1.21351	2569901	106272.290099169	2575689	2390787.74170823	2581492	3999654.72060387
23	2640242	4841	2646029	75965	2651833	761570	2640242	0.86864	2646029	1.07872	2651833	1.212	2640242	5573.0797568613	2646029	70421.4253930585	2651833	628358.085808581	2656809	116189	2662597	134764	2668384	4947746	2656809	0.86903	2662597	1.07913	2668384	1.21325	2656809	133699.642129731	2662597	124882.080935568	2668384	4078092.72614877	2673376	117794	2679164	171002	2684951	5221639	2673376	0.86977	2679164	1.07897	2684951	1.21267	2673376	135431.205950999	2679164	158486.334189088	2684951	4305902.67756273	2689928	91750	2695715	2583009	2701534	4846975	2689928	0.86935	2695715	1.07927	2701534	1.21254	2689928	105538.62080865	2695715	2393292.68857654	2701534	3997373.28253089
24	2760253	4552	2766040	58870	2771859	745808	2760253	0.86939	2766040	1.07843	2771859	1.21152	2760253	5235.85502478749	2766040	54588.6149309645	2771859	615596.936080296	2776836	115867	2782608	103229	2788411	4932309	2776836	0.8692	2782608	1.07831	2788411	1.21189	2776836	133303.037275656	2782608	95732.2105887917	2788411	4069931.26438868	2793387	118327	2799159	127499	2804962	5212433	2793387	0.86919	2799159	1.07782	2804962	1.21146	2793387	136134.792162818	2799159	118293.407062404	2804962	4302604.29564327	2809923	92402	2815711	2578467	2821514	4839575	2809923	0.86871	2815711	1.07826	2821514	1.21166	2809923	106366.911857812	2815711	2391322.13009849	2821514	3994169.156364
25	2880264	4577	2886036	47723	2891855	738004	2880264	0.8695	2886036	1.07774	2891855	1.21148	2880264	5263.94479585969	2886036	44280.6242693043	2891855	609175.553867996	2896831	115218	2902619	83054	2908406	4929481	2896831	0.86867	2902619	1.07802	2908406	1.21178	2896831	132637.250048925	2902619	77043.0975306581	2908406	4067966.95769859	2913398	118451	2919170	98486	2924973	5210087	2913398	0.86899	2919170	1.07874	2924973	1.21196	2913398	136308.818283294	2919170	91297.2542039787	2924973	4298893.5278392	2929950	92135	2935722	2581102	2941525	4837970	2929950	0.86898	2935722	1.07852	2941525	1.2123	2929950	106026.605905775	2935722	2393188.81430108	2941525	3990736.61634909
26	3000275	4536	3006062	40583	3011881	730566	3000275	0.86899	3006062	1.07847	3011881	1.21172	3000275	5219.85293271499	3006062	37630.1612469517	3011881	602916.515366586	3016858	115751	3022645	70299	3028448	4922567	3016858	0.86968	3022645	1.0775	3028448	1.21203	3016858	133096.081317266	3022645	65242.6914153132	3028448	4061423.39711063	3033425	118509	3039212	79071	3045000	5201417	3033425	0.86924	3039212	1.07834	3045000	1.21183	3033425	136336.339791082	3039212	73326.594580559	3045000	4292200.22610432	3049976	91956	3055780	2575517	3061583	4828709	3049976	0.86948	3055780	1.07903	3061583	1.21184	3049976	105759.764456917	3055780	2386881.73637434	3061583	3984609.35437021
27	3120286	4446	3126073	35802	3131877	721879	3120286	0.86887	3126073	1.0784	3131877	1.21145	3120286	5116.99103433195	3126073	33199.1839762611	3131877	595880.143629535	3136853	115392	3142625	61589	3148428	4920343	3136853	0.86904	3142625	1.07876	3148428	1.21217	3136853	132780.999723833	3142625	57092.4023879269	3148428	4059119.59543628	3153405	118363	3159192	66278	3164995	5194835	3153405	0.86905	3159192	1.07822	3164995	1.21163	3153405	136198.147402336	3159192	61469.8299048432	3164995	4287476.37480089	3169972	91429	3175759	2573024	3181578	4824644	3169972	0.86925	3175759	1.07816	3181578	1.21179	3169972	105181.478285879	3175759	2386495.51087037	3181578	3981419.22280263
28	3240297	4522	3246084	32774	3251888	716627	3240297	0.8689	3246084	1.07772	3251888	1.21116	3240297	5204.28127517551	3246084	30410.4962327877	3251888	591686.482380528	3256864	115455	3262652	54620	3268439	4916078	3256864	0.86896	3262652	1.07847	3268439	1.21198	3256864	132865.724544283	3262652	50645.8223223641	3268439	4056236.90159904	3273431	118539	3279203	57099	3285006	5195485	3273431	0.86891	3279203	1.07834	3285006	1.21195	3273431	136422.644462603	3279203	52950.8318341154	3285006	4286880.64689137	3289983	92023	3295770	2575015	3301574	4819013	3289983	0.86873	3295770	1.07871	3301574	1.21177	3289983	105928.194030366	3295770	2387124.43566853	3301574	3976838.0138145
29	3360308	4427	3366080	30272	3371883	712140	3360308	0.86942	3366080	1.07882	3371883	1.21185	3360308	5091.90034735801	3366080	28060.2880925456	3371883	587646.986013121	3376859	114436	3382647	50117	3388435	4912427	3376859	0.86912	3382647	1.07732	3388435	1.21182	3376859	131668.81443299	3382647	46520.0683176772	3388435	4053759.63426912	3393427	118697	3399214	50391	3405017	5187070	3393427	0.86973	3399214	1.07821	3405017	1.21154	3393427	136475.687857151	3399214	46735.7935838102	3405017	4281385.67443089	3409994	90930	3415781	2568099	3421585	4815980	3409994	0.86904	3415781	1.07824	3421585	1.21224	3409994	104632.698149682	3415781	2381750.81614483	3421585	3972794.16617172
30	3480319	4509	3486106	28281	3491925	708429	3480319	0.86937	3486106	1.07861	3491925	1.21173	3480319	5186.51437247662	3486106	26219.8570382251	3491925	584642.61840509	3496886	114964	3502674	46714	3508477	4913514	3496886	0.86897	3502674	1.07823	3508477	1.21349	3496886	132299.158774181	3502674	43324.7080864009	3508477	4049076.63021533	3513453	118666	3519225	45511	3525028	5185630	3513453	0.86961	3519225	1.07883	3525028	1.21305	3513453	136458.872368073	3519225	42185.5157902543	3525028	4274869.13152797	3530005	91424	3535793	2566713	3541596	4813857	3530005	0.8686	3535793	1.0789	3541596	1.21337	3530005	105254.432419986	3535793	2379009.17601261	3541596	3967344.66815563
31	3600330	4608	3606117	27037	3611921	704733	3600330	0.87059	3606117	1.07972	3611921	1.21198	3600330	5292.96224399545	3606117	25040.7513058941	3611921	581472.466542352	3616897	114828	3622669	44167	3628457	4906137	3616897	0.86982	3622669	1.07869	3628457	1.21228	3616897	132013.520038629	3622669	40945.0351815628	3628457	4047032.86369486	3633433	118011	3639221	42163	3645024	5179575	3633433	0.86921	3639221	1.07847	3645024	1.21179	3633433	135768.111273455	3639221	39095.1996810296	3645024	4274317.33221103	3650000	91240	3655772	2571464	3661576	4805001	3650000	0.87039	3655772	1.07948	3661576	1.2126	3650000	104826.571996461	3655772	2382132.13769593	3661576	3962560.61355765
32	3720341	4457	3726144	25428	3731932	700593	3720341	0.86922	3726144	1.07865	3731932	1.21182	3720341	5127.58565150365	3726144	23573.9118342372	3731932	578132.891023419	3736892	114519	3742680	42074	3748468	4896047	3736892	0.86977	3742680	1.07935	3748468	1.21243	3736892	131665.842694046	3742680	38980.8681150693	3748468	4038210.04099206	3753444	118405	3759232	39426	3765035	5170184	3753444	0.86911	3759232	1.07921	3765035	1.21226	3753444	136237.070106201	3759232	36532.2782405649	3765035	4264913.46740798	3770011	90906	3775799	2570774	3781618	4803439	3770011	0.86902	3775799	1.07912	3781618	1.21229	3770011	104607.488895538	3775799	2382287.41937875	3781618	3962285.42675432
33	3840352	4466	3846139	24887	3851943	698637	3840352	0.87032	3846139	1.07896	3851943	1.21306	3840352	5131.4459049545	3846139	23065.7299621858	3851943	575929.467627323	3856919	113729	3862691	40377	3868494	4899253	3856919	0.87053	3862691	1.08017	3868494	1.21385	3856919	130643.401146428	3862691	37380.2271864614	3868494	4036127.19858302	3873471	117672	3879258	37565	3885062	5168173	3873471	0.86991	3879258	1.07971	3885062	1.21321	3873471	135269.16577577	3879258	34791.7496364765	3885062	4259916.25522375	3890022	91235	3895794	2572134	3901598	4800134	3890022	0.86978	3895794	1.0799	3901598	1.21378	3890022	104894.341097749	3895794	2381826.0950088	3901598	3954698.54504111
34	3960363	4354	3966150	24076	3971954	697414	3960363	0.87055	3966150	1.07976	3971954	1.21265	3960363	5001.43587387284	3966150	22297.5476031711	3971954	575115.655795159	3976930	113853	3982702	38727	3988490	4889681	3976930	0.8695	3982702	1.07879	3988490	1.21275	3976930	130940.770557792	3982702	35898.5530084632	3988490	4031895.27932385	3993466	117721	3999254	35485	4005057	5165890	3993466	0.86976	3999254	1.07882	4005057	1.21238	3993466	135348.831861663	3999254	32892.4194953746	4005057	4260949.53727379	4010033	91485	4015821	2566786	4021624	4797942	4010033	0.86991	4015821	1.07866	4021624	1.21293	4010033	105166.051660517	4015821	2379606.17803571	4021624	3955662.73404071
35	4080374	4410	4086177	23448	4091980	697516	4080374	0.87009	4086177	1.07946	4091980	1.21388	4080374	5068.44119573837	4086177	21721.9720971597	4091980	574616.930833361	4096957	113652	4102729	37464	4108532	4884804	4096957	0.87009	4102729	1.07961	4108532	1.21241	4096957	130620.970244457	4102729	34701.4199572068	4108532	4029003.38994235	4113508	118905	4119296	34102	4125084	5161495	4113508	0.87006	4119296	1.07978	4125084	1.21289	4113508	136662.988759396	4119296	31582.3593695012	4125084	4255534.30236872	4130060	91078	4135848	2563805	4141666	4792676	4130060	0.86934	4135848	1.07958	4141666	1.21276	4130060	104766.834610164	4135848	2374817.05848571	4141666	3951875.06184241
36	4200385	4437	4206172	22912	4211976	693499	4200385	0.8695	4206172	1.07893	4211976	1.21201	4200385	5102.932719954	4206172	21235.8540405772	4211976	572189.173356656	4216952	113461	4222724	36290	4228527	4876515	4216952	0.86968	4222724	1.07921	4228527	1.21191	4216952	130462.928893386	4222724	33626.4489765662	4228527	4023826.02668515	4233504	118088	4239291	32720	4245095	5151284	4233504	0.87003	4239291	1.07932	4245095	1.21192	4233504	135728.653034953	4239291	30315.3837601453	4245095	4250514.88547099	4250071	91053	4255874	2569339	4261677	4794722	4250071	0.86995	4255874	1.08007	4261677	1.2136	4250071	104664.635898615	4255874	2378863.4070014	4261677	3950825.64271589
37	4320396	4502	4326183	22661	4331987	693900	4320396	0.87006	4326183	1.07976	4331987	1.21267	4320396	5174.35579155461	4326183	20987.0712010076	4331987	572208.432632126	4336948	113573	4342735	35235	4348523	4870497	4336948	0.86985	4342735	1.07972	4348523	1.2127	4336948	130566.189572915	4342735	32633.4605268032	4348523	4016242.2693164	4353515	117905	4359302	32222	4365121	5146200	4353515	0.87014	4359302	1.07911	4365121	1.21314	4353515	135501.183717563	4359302	29859.7918655188	4365121	4242049.55734705	4370082	91227	4375854	2565673	4381657	4784830	4370082	0.87016	4375854	1.07894	4381657	1.21297	4370082	104839.339891514	4375854	2377957.06897511	4381657	3944722.45809872
38	4440407	4469	4446179	21946	4451982	690640	4440407	0.87001	4446179	1.07957	4451982	1.21334	4440407	5136.72256640728	4446179	20328.4641107107	4451982	569205.663705144	4456959	113401	4462746	34721	4468549	4870502	4456959	0.87019	4462746	1.07968	4468549	1.21261	4456959	130317.516864133	4462746	32158.6025489034	4468549	4016544.47843907	4473526	117499	4479313	31384	4485117	5150311	4473526	0.86966	4479313	1.07952	4485117	1.21382	4473526	135109.123105582	4479313	29072.1802282496	4485117	4243059.92651299	4490077	90467	4495849	2567795	4501668	4784744	4490077	0.86999	4495849	1.07904	4501668	1.21358	4490077	103986.252715548	4495849	2379703.25474496	4501668	3942668.79810149
39	4560418	4357	4566190	21718	4571993	690965	4560418	0.87037	4566190	1.07999	4571993	1.21459	4560418	5005.91702379448	4566190	20109.4454578283	4571993	568887.443499452	4576954	113234	4582742	33653	4588545	4866095	4576954	0.86984	4582742	1.07957	4588545	1.21346	4576954	130177.963763451	4582742	31172.5964967533	4588545	4010099.22041106	4593521	117706	4599309	30470	4605128	5140506	4593521	0.87022	4599309	1.07949	4605128	1.21391	4593521	135260.049182965	4599309	28226.2920453177	4605128	4234668.13849462	4610088	90356	4615860	2571012	4621664	4776838	4610088	0.86941	4615860	1.08054	4621664	1.21353	4610088	103927.951139278	4615860	2379376.97817758	4621664	3936316.36630326
40	4680429	4469	4686217	21266	4692035	689024	4680429	0.87032	4686217	1.08024	4692035	1.21384	4680429	5134.89291295156	4686217	19686.3659927424	4692035	567639.886640743	4697012	111865	4702784	45013	4708587	4748531	4697012	0.87094	4702784	1.07997	4708587	1.2144	4697012	128441.683698073	4702784	41679.8614776337	4708587	3910186.92358366	4713563	118107	4719351	29675	4725154	5143727	4713563	0.87113	4719351	1.0802	4725154	1.2141	4713563	135579.075453721	4719351	27471.7644880578	4725154	4236658.43011284	4730131	90621	4735934	2567608	4741737	4780546	4730131	0.86999	4735934	1.07999	4741737	1.21428	4730131	104163.26624444	4735934	2377436.82811878	4741737	3936938.76206476
41	4800440	4457	4806228	21069	4812031	688347	4800440	0.87097	4806228	1.08007	4812031	1.21387	4800440	5117.28302926622	4806228	19507.0689862694	4812031	567068.137444702	4816992	110901	4822779	39816	4828567	4735854	4816992	0.87058	4822779	1.07996	4828567	1.21482	4816992	127387.48880057	4822779	36868.0321493389	4828567	3898399.76292784	4833543	114073	4839315	32515	4845118	5025540	4833543	0.8709	4839315	1.08147	4845118	1.21495	4833543	130982.891261913	4839315	30065.5589151803	4845118	4136417.13650768	4850095	90964	4855882	2575676	4861670	4775298	4850095	0.87114	4855882	1.08056	4861670	1.21448	4850095	104419.496292215	4855882	2383649.21892352	4861670	3931969.23786312
42	4920451	4468	4926239	20993	4932042	686163	4920451	0.87028	4926239	1.08041	4932042	1.21373	4920451	5133.97986854805	4926239	19430.5865365926	4932042	565334.135268964	4937018	110985	4942806	37512	4948593	4722548	4937018	0.87039	4942806	1.08063	4948593	1.214	4937018	127511.805052907	4942806	34713.0840343133	4948593	3890072.48764415	4953585	113588	4959373	31025	4965161	5008588	4953585	0.87047	4959373	1.08034	4965161	1.21381	4953585	130490.424713086	4959373	28717.8110594813	4965161	4126336.0822534	4970121	90358	4975925	2560794	4981743	4766013	4970121	0.87046	4975925	1.0802	4981743	1.21317	4970121	103804.884773568	4975925	2370666.54323274	4981743	3928561.53713
43	5040462	4527	5046250	20425	5052068	686628	5040462	0.8701	5046250	1.07953	5052068	1.2137	5040462	5202.85024709803	5046250	18920.2708586144	5052068	565731.235066326	5057029	110634	5062817	35871	5068636	4716153	5057029	0.87044	5062817	1.08025	5068636	1.21324	5057029	127101.236156427	5062817	33206.2022679935	5068636	3887238.30404537	5073612	113195	5079384	29102	5085203	5004594	5073612	0.87037	5079384	1.08004	5085203	1.21425	5073612	130053.885129313	5079384	26945.2983222844	5085203	4121551.57504633	5090164	90188	5095951	2564587	5101754	4762212	5090164	0.8706	5095951	1.08024	5101754	1.21338	5090164	103592.92441994	5095951	2374090.01703325	5101754	3924749.04811353
44	5160473	4494	5166261	20748	5172079	681756	5160473	0.87033	5166261	1.08026	5172079	1.21348	5160473	5163.55865016718	5166261	19206.487327125	5172079	561818.901011966	5177040	110347	5182828	35000	5188615	4708712	5177040	0.87058	5182828	1.08026	5188615	1.21225	5177040	126751.131429622	5182828	32399.6075018977	5188615	3884274.69581357	5193607	113403	5199395	27846	5205198	4990214	5193607	0.87018	5199395	1.08032	5205198	1.21341	5193607	130321.312831828	5199395	25775.6960900474	5205198	4112553.87709018	5210159	89713	5215947	2561720	5221750	4755725	5210159	0.8694	5215947	1.07985	5221750	1.21334	5210159	103189.556015643	5215947	2372292.44802519	5221750	3919532.03553827
45	5280484	4726	5286272	20235	5292075	681630	5280484	0.87061	5286272	1.07934	5292075	1.21344	5280484	5428.37780406841	5286272	18747.5679581967	5292075	561733.58386076	5297051	110076	5302839	46285	5308626	4605663	5297051	0.87032	5302839	1.07977	5308626	1.21255	5297051	126477.617428072	5302839	42865.6102688535	5308626	3798328.31635809	5313618	113714	5319406	27462	5325194	4990859	5313618	0.87043	5319406	1.07974	5325194	1.21362	5313618	130641.177349126	5319406	25433.9007538852	5325194	4112373.72488918	5330170	89697	5335958	2564132	5341761	4754404	5330170	0.87058	5335958	1.08015	5341761	1.21215	5330170	103031.312458361	5335958	2373866.59260288	5341761	3922290.14560904
46	5400495	4483	5406267	20171	5412070	683059	5400495	0.87115	5406267	1.08074	5412070	1.21425	5400495	5146.07128508294	5406267	18664.063512038	5412070	562535.721638872	5417047	109172	5422834	43765	5428637	4592354	5417047	0.87087	5422834	1.08027	5428637	1.2143	5417047	125359.697773491	5422834	40513.0198931749	5428637	3781894.09536358	5433614	107849	5439401	29018	5445205	4864718	5433614	0.87044	5439401	1.08079	5445205	1.21485	5433614	123901.704884886	5439401	26848.8790606871	5445205	4004377.49516401	5450181	86205	5455969	2487706	5461772	4678579	5450181	0.87115	5455969	1.08109	5461772	1.21398	5450181	98955.4037766171	5455969	2301109.06585021	5461772	3853917.69221898
47	5520506	4525	5526294	19676	5532097	681650	5520506	0.87126	5526294	1.08184	5532097	1.21421	5520506	5193.62761976907	5526294	18187.5323522887	5532097	561393.828085751	5537073	108502	5542861	44527	5548633	4560715	5537073	0.87086	5542861	1.0811	5548633	1.21427	5537073	124591.782835358	5542861	41186.7542318009	5548633	3755931.54734944	5553625	107843	5559428	30162	5565231	4842105	5553625	0.87104	5559428	1.08053	5565231	1.21426	5553625	123809.469140338	5559428	27914.0792018732	5565231	3987700.32777165	5570208	85175	5575995	2464293	5581814	4657114	5570208	0.87072	5575995	1.08118	5581814	1.21399	5570208	97821.3432561558	5575995	2279262.47248377	5581814	3836204.58158634
48	5640517	4411	5646320	19613	5652123	682700	5640517	0.87144	5646320	1.08035	5652123	1.21451	5640517	5061.73689525383	5646320	18154.3018466238	5652123	562119.702596109	5657100	108923	5662887	47296	5668675	4504240	5657100	0.87087	5662887	1.08072	5668675	1.21487	5657100	125073.776797915	5662887	43763.4169812717	5668675	3707590.11252233	5673651	107293	5679455	32974	5685242	4790829	5673651	0.87103	5679455	1.08094	5685242	1.21386	5673651	123179.454209384	5679455	30504.9308934816	5685242	3946772.2801641	5690219	85248	5696006	2454699	5701810	4650921	5690219	0.87105	5696006	1.08057	5701810	1.21424	5690219	97868.0902359222	5696006	2271670.50723229	5701810	3830314.43536698
49	5760528	4405	5766316	19607	5772134	679428	5760528	0.87096	5766316	1.08092	5772134	1.21451	5760528	5057.63754937081	5766316	18139.1777374829	5772134	559425.6119752	5777095	109968	5782883	49493	5788670	4409828	5777095	0.87067	5782883	1.08077	5788670	1.21335	5777095	126302.732378513	5782883	45794.2022817066	5788670	3634423.70297111	5793647	107260	5799434	36495	5805238	4698502	5793647	0.87102	5799434	1.08092	5805238	1.21431	5793647	123142.981791463	5799434	33762.9056729453	5805238	3869277.20269124	5810214	85264	5815986	2453736	5821805	4644675	5810214	0.8712	5815986	1.08087	5821805	1.21333	5810214	97869.6051423324	5815986	2270149.04660135	5821805	3828039.3627455
50	5880539	4528	5886327	19354	5892130	678707	5880539	0.87048	5886327	1.08084	5892130	1.21394	5880539	5201.72778237294	5886327	17906.4431368195	5892130	559094.35392194	5897106	111685	5902878	2240298	5908681	4276699	5897106	0.87093	5902878	1.08082	5908681	1.21478	5897106	128236.482840182	5902878	2072776.22545845	5908681	3520554.33905728	5913673	103975	5919461	40427	5925264	4538193	5913673	0.87113	5919461	1.08106	5925264	1.21539	5913673	119356.46803577	5919461	37395.7042162322	5925264	3733939.72305186	5930225	84382	5936013	2452259	5941816	4644209	5930225	0.87101	5936013	1.08064	5941816	1.21467	5930225	96878.3366436666	5936013	2269265.4352976	5941816	3823432.70188611
51	6000550	4585	6006338	19032	6012141	678475	6000550	0.87082	6006338	1.08041	6012141	1.21459	6000550	5265.15238510829	6006338	17615.534843254	6012141	558604.138021884	6017102	111176	6022889	2263372	6028692	4099436	6017102	0.87097	6022889	1.08048	6028692	1.21508	6017102	127646.187583958	6022889	2094783.79979268	6028692	3373799.25601606	6033669	102146	6039457	45442	6045260	4316043	6033669	0.87109	6039457	1.08049	6045260	1.21543	6033669	117262.280590984	6039457	42056.844579774	6045260	3551042.01805122	6050252	85155	6056055	2448477	6061858	4642067	6050252	0.87064	6056055	1.0811	6061858	1.21546	6050252	97807.3601029128	6056055	2264801.59097216	6061858	3819185.32901124
52	6120561	4431	6126349	18980	6132136	677705	6120561	0.8704	6126349	1.08014	6132136	1.2133	6120561	5090.76286764706	6126349	17571.7962486344	6132136	558563.422072035	6137113	110913	6142885	2264056	6148703	3912527	6137113	0.87094	6142885	1.08005	6148703	1.21402	6137113	127348.611844674	6142885	2096251.09948613	6148703	3222786.28029192	6153680	98961	6159452	51600	6165271	4026992	6153680	0.87091	6159452	1.08053	6165271	1.2134	6153680	113629.422098724	6159452	47754.3427762302	6165271	3318767.10070875	6170247	85591	6176035	2444214	6181854	4632477	6170247	0.87029	6176035	1.07999	6181854	1.21346	6170247	98347.6772110446	6176035	2263182.06650062	6181854	3817577.01119114
53	6240572	4375	6246344	19042	6252147	678133	6240572	0.87065	6246344	1.08068	6252147	1.2145	6240572	5024.98133578361	6246344	17620.3871636377	6252147	558363.93577604	6257124	109583	6262911	2275751	6268699	3724707	6257124	0.87124	6262911	1.08091	6268699	1.2147	6257124	125778.201184519	6262911	2105402.8550018	6268699	3066359.59496172	6273691	94336	6279479	58211	6285282	3714285	6273691	0.8708	6279479	1.08078	6285282	1.21367	6273691	108332.56775379	6279479	53860.1750587539	6285282	3060374.73118723	6290258	85567	6296046	2448830	6301849	4624164	6290258	0.8704	6296046	1.08127	6301849	1.21482	6290258	98307.674632353	6296046	2264771.9810963	6301849	3806460.21632834
54	6360583	4430	6366371	19296	6372189	677032	6360583	0.87197	6366371	1.08171	6372189	1.21503	6360583	5080.45001548218	6366371	17838.422497712	6372189	557214.225163165	6377150	109472	6382938	2284790	6388741	3549859	6377150	0.87145	6382938	1.08097	6388741	1.21418	6377150	125620.517528258	6382938	2113647.92732453	6388741	2923667.8251989	6393718	88622	6399490	65866	6405293	3404866	6393718	0.87184	6399490	1.08105	6405293	1.21454	6393718	101649.385208295	6399490	60927.8016742981	6405293	2803420.22494113	6410254	84951	6416026	2441569	6421829	4618923	6410254	0.87162	6416026	1.08142	6421829	1.21428	6410254	97463.3441178495	6416026	2257743.52240573	6421829	3803836.84158514
55	6480594	4551	6486382	19146	6492201	677491	6480594	0.87143	6486382	1.08068	6492201	1.21466	6480594	5222.45045499926	6486382	17716.6228670837	6492201	557761.842820213	6497161	108634	6502949	2285879	6508737	3383179	6497161	0.87114	6502949	1.08057	6508737	1.21426	6497161	124703.262391808	6502949	2115438.14838465	6508737	2786206.41378288	6513729	82173	6519501	74355	6525304	3109171	6513729	0.87039	6519501	1.08054	6525304	1.21388	6513729	94409.4026815566	6519501	68812.8158143151	6525304	2561349.55679309	6530280	85262	6536068	2441475	6541887	4615499	6530280	0.87114	6536068	1.08081	6541887	1.21414	6530280	97874.0500952775	6536068	2258930.80189858	6541887	3801455.35111272
56	6600605	4425	6606393	18793	6612196	675017	6600605	0.87106	6606393	1.08078	6612196	1.21413	6600605	5080.01745000344	6606393	17388.3676603934	6612196	555967.647615988	6617172	107589	6622944	2287343	6628748	3231657	6617172	0.87106	6622944	1.08104	6628748	1.21423	6617172	123515.02766744	6622944	2115872.67816177	6628748	2661486.70350757	6633724	74715	6639512	83302	6645315	2854292	6633724	0.8712	6639512	1.08147	6645315	1.21424	6633724	85761.0192837466	6639512	77026.63966638	6645315	2350681.90802477	6650291	85141	6656079	2438289	6661882	4607353	6650291	0.87072	6656079	1.08039	6661882	1.21383	6650291	97782.2951120912	6656079	2256860.02276956	6661882	3795715.21547498
57	6720616	4539	6726404	18688	6732207	673532	6720616	0.87075	6726404	1.08039	6732207	1.21444	6720616	5212.74763135228	6726404	17297.4573996427	6732207	554602.944567043	6737183	106391	6742955	2285168	6748759	3092285	6737183	0.8704	6742955	1.08095	6748759	1.21383	6737183	122232.306985294	6742955	2114036.72695314	6748759	2547543.72523335	6753735	68283	6759523	92348	6765326	2637912	6753735	0.87082	6759523	1.08051	6765326	1.21427	6753735	78412.3010495855	6759523	85467.0479680891	6765326	2172426.23139829	6770302	85605	6776090	2436465	6781893	4608233	6770302	0.87116	6776090	1.08147	6781893	1.2152	6770302	98265.5310161165	6776090	2252919.63716053	6781893	3792160.13824885
58	6840627	4606	6846415	18816	6852234	673386	6840627	0.87048	6846415	1.0812	6852234	1.21304	6840627	5291.33351713997	6846415	17402.8856825749	6852234	555122.6670184	6857179	106383	6862966	2288861	6868770	2966426	6857179	0.87089	6862966	1.08096	6868770	1.21369	6857179	122154.347851049	6862966	2117433.57756069	6868770	2444138.12423271	6873746	62069	6879534	103255	6885337	2467951	6873746	0.8711	6879534	1.08073	6885337	1.21441	6873746	71253.5874182069	6879534	95541.9022327501	6885337	2032222.23137161	6890313	85584	6896085	2439314	6901904	4600703	6890313	0.87095	6896085	1.08093	6901904	1.21406	6890313	98265.1128078535	6896085	2256680.82114476	6901904	3789518.63993542
59	6960638	4494	6966426	18781	6972229	672598	6960638	0.87052	6966426	1.08093	6972229	1.21442	6960638	5162.43165004825	6966426	17374.8531357257	6972229	553842.98677558	6977205	105157	6982977	2288095	6988781	2846035	6977205	0.8713	6982977	1.08169	6988781	1.21507	6977205	120689.773901067	6982977	2115296.43428339	6988781	2342280.6916474	6993757	56322	6999545	114018	7005348	2332854	6993757	0.8713	6999545	1.08108	7005348	1.21525	6993757	64641.3405256513	6999545	105466.755466755	7005348	1919649.45484468	7010309	85305	7016127	2433225	7021931	4598023	7010309	0.87107	7016127	1.0806	7021931	1.21466	7010309	97931.2799200983	7016127	2251735.14714048	7021931	3785440.37014473
60	7080649	4624	7086437	18901	7092240	673515	7080649	0.8712	7086437	1.08125	7092240	1.21456	7080649	5307.62167125804	7086437	17480.6936416185	7092240	554534.152285601	7097216	104430	7103004	2285841	7108792	2738704	7097216	0.87093	7103004	1.08135	7108792	1.21508	7097216	119906.307051083	7103004	2113877.09807185	7108792	2253928.95941008	7113768	51446	7119556	125246	7125359	2234069	7113768	0.87171	7119556	1.08095	7125359	1.21536	7113768	59017.3337463147	7119556	115866.598825108	7125359	1838195.26724592	7130351	86090	7136138	2436226	7141942	4593133	7130351	0.87094	7136138	1.08116	7141942	1.21489	7130351	98847.2225411624	7136138	2253344.55584742	7141942	3780698.66407658
61	7200660	4478	7206448	18586	7212267	670889	7200660	0.87029	7206448	1.08155	7212267	1.21545	7200660	5145.41129968171	7206448	17184.5961814063	7212267	551967.584022379	7217243	103674	7223015	2277835	7228818	2637412	7217243	0.87139	7223015	1.08096	7228818	1.21455	7217243	118975.430060019	7223015	2107233.38513914	7228818	2171513.72936479	7233795	47510	7239567	137378	7245370	2160538	7233795	0.87126	7239567	1.08111	7245370	1.21501	7233795	54530.2206000505	7239567	127071.25084404	7245370	1778205.94069185	7250331	85587	7256118	2435660	7261937	4596292	7250331	0.87157	7256118	1.08165	7261937	1.21533	7250331	98198.6530054958	7256118	2251800.48999214	7261937	3781929.18795718
62	7320671	4508	7326459	18468	7332278	671280	7320671	0.8715	7326459	1.08073	7332278	1.21447	7320671	5172.69076305221	7326459	17088.4494739667	7332278	552734.937874134	7337238	103940	7343010	2276485	7348814	2550972	7337238	0.87132	7343010	1.08112	7348814	1.21446	7337238	119290.272230639	7343010	2105672.82077845	7348814	2100498.98720419	7353790	44069	7359578	149606	7365381	2109322	7353790	0.87109	7359578	1.08118	7365381	1.21536	7353790	50590.639313963	7359578	138372.888880667	7365381	1735553.25171143	7370357	86254	7376145	2430948	7381964	4591521	7370357	0.87128	7376145	1.0816	7381964	1.21573	7370357	98996.8781562758	7376145	2247548.07692308	7381964	3776760.46490586
63	7440682	4543	7446470	18558	7452273	672569	7440682	0.87173	7446470	1.082	7452273	1.21537	7440682	5211.47603042226	7446470	17151.5711645102	7452273	553386.211606342	7457249	104201	7463021	2283041	7468825	2470679	7457249	0.87125	7463021	1.08112	7468825	1.21538	7457249	119599.426111908	7463021	2111736.90247151	7468825	2032844.8715628	7473801	40897	7479589	161328	7485376	2073902	7473801	0.87128	7479589	1.08181	7485376	1.21463	7473801	46938.986318979	7479589	149127.850546769	7485376	1707435.18602373	7490337	85819	7496125	2423890	7501912	4588094	7490337	0.87144	7496125	1.08114	7501912	1.21504	7490337	98479.5281373359	7496125	2241976.0623046	7501912	3776084.73795101
64	7560693	4476	7566481	18306	7572300	670953	7560693	0.87125	7566481	1.08125	7572300	1.21476	7560693	5137.44619799139	7566481	16930.4046242775	7572300	552333.794329744	7577276	102615	7583048	2279203	7588851	2393354	7577276	0.8719	7583048	1.08109	7588851	1.21461	7577276	117691.248996445	7583048	2108245.3819756	7588851	1970471.18004956	7593828	38359	7599615	173258	7605403	2051998	7593828	0.87226	7599615	1.08119	7605403	1.21461	7593828	43976.5666200445	7599615	160247.505063865	7605403	1689429.52881995	7610364	85932	7616167	2428915	7621970	4581281	7610364	0.87112	7616167	1.0824	7621970	1.21564	7610364	98645.4219854899	7616167	2244008.68440503	7621970	3768616.5312099
65	7680704	4400	7686492	18423	7692295	672933	7680704	0.87158	7686492	1.08132	7692295	1.21546	7680704	5048.30308175956	7686492	17037.509710354	7692295	553644.71064453	7697271	102053	7703043	2277515	7708847	2322929	7697271	0.87191	7703043	1.08156	7708847	1.2145	7697271	117045.33724811	7703043	2105768.51954584	7708847	1912662.82420749	7713823	36099	7719611	184656	7725414	2040973	7713823	0.8707	7719611	1.08121	7725414	1.21541	7713823	41459.7450327323	7719611	170786.433717779	7725414	1679246.50940835	7730375	86373	7736162	2425858	7741965	4573528	7730375	0.87139	7736162	1.08189	7741965	1.2144	7730375	99120.9446975522	7736162	2242240.89325162	7741965	3766080.36890646
66	7800715	4396	7806503	18403	7812306	671299	7800715	0.87166	7806503	1.08184	7812306	1.21517	7800715	5043.2508088016	7806503	17010.8333949567	7812306	552432.169984447	7817282	102336	7823054	2279435	7828858	2263042	7817282	0.87088	7823054	1.08107	7828858	1.21453	7817282	117508.726805071	7823054	2108498.98711462	7828858	1863306.79357447	7833850	34337	7839622	196473	7845425	2044809	7833850	0.87192	7839622	1.08096	7845425	1.21605	7833850	39380.906505184	7839622	181757.881882771	7845425	1681517.20735167	7850401	86365	7856189	2426805	7862008	4575963	7850401	0.87141	7856189	1.08185	7862008	1.21507	7850401	99109.4892186227	7856189	2243199.14960484	7862008	3766007.71971985
67	7920726	4297	7926514	18026	7932333	669558	7920726	0.87134	7926514	1.08164	7932333	1.21434	7920726	4931.4848394427	7926514	16665.4339706372	7932333	551376.056129255	7937309	100982	7943112	2274697	7948931	2208102	7937309	0.87213	7943112	1.08087	7948931	1.21446	7937309	115787.783931295	7943112	2104505.6297242	7948931	1818175.97944766	7953907	32457	7959679	208103	7965483	2046962	7953907	0.87134	7959679	1.08113	7965483	1.21456	7953907	37249.5237220832	7959679	192486.564982935	7965483	1685352.7203267	7970459	85749	7976231	2427609	7982034	4574520	7970459	0.87136	7976231	1.08183	7982034	1.21455	7970459	98408.23540213	7976231	2243983.80521893	7982034	3766432.01185624
68	8040737	4432	8046525	18056	8052328	668308	8040737	0.87092	8046525	1.08105	8052328	1.214	8040737	5088.87153814357	8046525	16702.2801905555	8052328	550500.823723229	8057304	101271	8063076	2273673	8068880	2154328	8057304	0.87118	8063076	1.0811	8068880	1.21444	8057304	116245.781583599	8063076	2103110.72056239	8068880	1773927.07750074	8073856	31564	8079644	219058	8085447	2060609	8073856	0.87187	8079644	1.08142	8085447	1.21404	8073856	36202.6448897198	8079644	202565.145826783	8085447	1697315.57444565	8090423	86597	8096195	2422721	8101999	4570045	8090423	0.87156	8096195	1.08112	8101999	1.21491	8090423	99358.6213226858	8096195	2240936.25129495	8101999	3761632.54891309
69	8160748	4550	8166520	18214	8172323	667703	8160748	0.87152	8166520	1.08164	8172323	1.21408	8160748	5220.76372315036	8166520	16839.2441107947	8172323	549966.22957301	8177284	100737	8183072	2277371	8188875	2106393	8177284	0.87164	8183072	1.08107	8188875	1.21462	8177284	115571.795695471	8183072	2106589.76754512	8188875	1734199.17340403	8193851	30217	8199639	230698	8205442	2082846	8193851	0.8717	8199639	1.08195	8205442	1.21584	8193851	34664.4487782494	8199639	213224.27099219	8205442	1713092.183182	8210419	86655	8216191	2424926	8221994	4570677	8210419	0.87253	8216191	1.08186	8221994	1.2159	8210419	99314.6367460145	8216191	2241441.59133344	8221994	3759089.56328646
70	8280759	4374	8286547	18169	8292350	666831	8280759	0.87144	8286547	1.08164	8292350	1.21563	8280759	5019.27843569265	8286547	16797.6406197996	8292350	548547.666641988	8297326	99910	8303114	2281368	8308902	2063936	8297326	0.87174	8303114	1.08192	8308902	1.2147	8297326	114609.860738294	8303114	2108629.10381544	8308902	1699132.29604017	8313878	29306	8319666	240619	8325469	2110787	8313878	0.87177	8319666	1.08168	8325469	1.21587	8313878	33616.6649460293	8319666	222449.338066711	8325469	1736030.16769885	8330430	86503	8336217	2428524	8342052	4562602	8330430	0.8715	8336217	1.08198	8342052	1.21526	8330430	99257.6018359151	8336217	2244518.38296457	8342052	3754424.56758225
71	8400770	4242	8406558	18309	8412345	666981	8400770	0.87169	8406558	1.08146	8412345	1.21527	8400770	4866.40892978008	8406558	16929.8910731789	8412345	548833.592534992	8417322	100081	8423109	2275862	8428913	2026747	8417322	0.87166	8423109	1.08124	8428913	1.21531	8417322	114816.556914393	8423109	2104862.93514853	8428913	1667679.02839605	8433874	28379	8439677	250839	8445480	2136418	8433874	0.87162	8439677	1.08091	8445480	1.21513	8433874	32558.9132879007	8439677	232062.798937932	8445480	1758180.60619028	8450456	86775	8456244	2422100	8462047	4556996	8450456	0.87136	8456244	1.08208	8462047	1.21467	8450456	99585.705104664	8456244	2238374.24220021	8462047	3751632.95380638
72	8520781	4321	8526569	18192	8532372	666311	8520781	0.87146	8526569	1.08205	8532372	1.21495	8520781	4958.34576457898	8526569	16812.5317684026	8532372	548426.684225688	8537348	99567	8543121	2277807	8548924	1988940	8537348	0.87201	8543121	1.08162	8548924	1.21544	8537348	114181.030034059	8543121	2105921.67304599	8548924	1636395.05035214	8553900	27607	8559688	258749	8565491	2173964	8553900	0.87151	8559688	1.08243	8565491	1.21547	8553900	31677.2039334029	8559688	239044.557153811	8565491	1788578.90363399	8570467	86996	8576255	2419618	8582058	4558099	8570467	0.87141	8576255	1.08222	8582058	1.2154	8570467	99833.6030112117	8576255	2235791.24392453	8582058	3750287.14826395
73	8640792	4326	8646580	17988	8652399	667812	8640792	0.87205	8646580	1.08192	8652399	1.21515	8640792	4960.72472908664	8646580	16625.9982253771	8652399	549571.657820022	8657375	99379	8663147	2272828	8668950	1952614	8657375	0.87179	8663147	1.0821	8668950	1.21591	8657375	113994.195849918	8663147	2100386.28592552	8668950	1605886.94886957	8673942	26857	8679730	267957	8685533	2211828	8673942	0.87184	8679730	1.08178	8685533	1.21541	8673942	30804.9642136172	8679730	247700.086893823	8685533	1819820.47210406	8690494	86893	8696297	2417163	8702100	4555548	8690494	0.87158	8696297	1.08191	8702100	1.21504	8690494	99695.9544734849	8696297	2234162.73072622	8702100	3749298.78851725
74	8760803	4529	8766575	18117	8772394	667446	8760803	0.87215	8766575	1.08189	8772394	1.215	8760803	5192.91406294789	8766575	16745.695033691	8772394	549338.271604938	8777371	99446	8783158	2277106	8788961	1919840	8777371	0.87153	8783158	1.08208	8788961	1.21599	8777371	114105.079572705	8783158	2104378.60416975	8788961	1578828.77326294	8793938	26519	8799725	277081	8805529	2257515	8793938	0.87223	8799725	1.08215	8805529	1.21529	8793938	30403.6779289866	8799725	256046.758767269	8805529	1857593.66077233	8810505	87148	8816293	2413852	8822096	4558316	8810505	0.87215	8816293	1.08195	8822096	1.21546	8810505	99923.1783523476	8816293	2231019.91774112	8822096	3750280.55221891
75	8880814	4519	8886602	18141	8892405	668268	8880814	0.87182	8886602	1.08186	8892405	1.21426	8880814	5183.40941937556	8886602	16768.3434085741	8892405	550350.007411922	8897382	99108	8903169	2272738	8908972	1887708	8897382	0.87187	8903169	1.08133	8908972	1.21455	8897382	113672.909952172	8903169	2101798.71084683	8908972	1554244.78201803	8913949	26286	8919721	284468	8925524	2303282	8913949	0.87138	8919721	1.08156	8925524	1.21526	8913949	30165.9436755491	8919721	263016.383742002	8925524	1895299.77124237	8930500	87077	8936288	2419719	8942091	4551763	8930500	0.87278	8936288	1.08233	8942091	1.2159	8930500	99769.7014138729	8936288	2235657.33186736	8942091	3743534.0077309
76	9000825	4364	9006613	18202	9012416	666615	9000825	0.87165	9006613	1.0817	9012416	1.2153	9000825	5006.59668444903	9006613	16827.2164186004	9012416	548518.884226117	9017377	98133	9023165	2273655	9028968	1857479	9017377	0.87202	9023165	1.08181	9028968	1.21514	9017377	112535.262952685	9023165	2101713.79447408	9028968	1528613.16391527	9033944	25471	9039716	290618	9045535	2351091	9033944	0.87188	9039716	1.08252	9045535	1.21462	9033944	29213.8826444006	9039716	268464.323984776	9045535	1935659.71250268	9050511	86560	9056299	2419799	9062102	4551670	9050511	0.87202	9056299	1.08166	9062102	1.21563	9050511	99263.7783537075	9056299	2237116.09932881	9062102	3744288.96950552
77	9120836	4385	9126624	17895	9132427	664425	9120836	0.87173	9126624	1.08149	9132427	1.21561	9120836	5030.22724926296	9126624	16546.6162424063	9132427	546577.438487673	9137404	97980	9143176	2272458	9148979	1828314	9137404	0.87201	9143176	1.08161	9148979	1.21492	9137404	112361.096776413	9143176	2100995.73783526	9148979	1504884.27221545	9153971	25168	9159743	295836	9165546	2404290	9153971	0.8715	9159743	1.08202	9165546	1.21531	9153971	28878.9443488239	9159743	273410.84268313	9165546	1978334.74586731	9170522	87614	9176310	2416101	9182113	4551708	9170522	0.87239	9176310	1.08237	9182113	1.21623	9170522	100429.853620514	9176310	2232232.04634275	9182113	3742473.05197208
78	9240847	4496	9246635	17822	9252438	665824	9240847	0.87188	9246635	1.08226	9252438	1.21534	9240847	5156.67293664266	9246635	16467.3923086874	9252438	547849.984366515	9257399	97985	9263187	2268664	9268990	1809033	9257399	0.87164	9263187	1.08235	9268990	1.2166	9257399	112414.528933964	9263187	2096053.95666836	9268990	1486957.91550222	9273966	25007	9279754	301991	9285557	2460502	9273966	0.87166	9279754	1.08156	9285557	1.21575	9273966	28688.9383475208	9279754	279217.981434225	9285557	2023855.23339502	9290533	87205	9296321	2415571	9302124	4543647	9290533	0.87244	9296321	1.08215	9302124	1.21506	9290533	99955.2977855211	9296321	2232196.09111491	9302124	3739442.49666683
79	9360858	4370	9366646	17897	9372449	666025	9360858	0.87246	9366646	1.08292	9372449	1.2157	9360858	5008.82561951264	9366646	16526.6132308942	9372449	547853.08875545	9377426	97747	9383198	2268701	9389001	1782019	9377426	0.87236	9383198	1.08247	9389001	1.21582	9377426	112048.924755835	9383198	2095855.77429398	9389001	1465693.11246731	9393993	24862	9399780	305287	9405584	2516528	9393993	0.8722	9399780	1.08218	9405584	1.21599	9393993	28504.9300619124	9399780	282103.716572104	9405584	2069530.17705738	9410560	87131	9416348	2416676	9422135	4548810	9410560	0.87202	9416348	1.08242	9422135	1.21679	9410560	99918.579849086	9416348	2232660.15040373	9422135	3738368.98725335
80	9480869	4497	9486657	18028	9492460	667907	9480869	0.87236	9486657	1.08282	9492460	1.21807	9480869	5154.98188821129	9486657	16649.1198906559	9492460	548332.197656949	9497421	97689	9503209	2265770	9508996	1760288	9497421	0.87274	9503209	1.08274	9508996	1.21567	9497421	111933.680133831	9503209	2092626.11522619	9508996	1447998.22320202	9513973	24721	9519760	309799	9525563	2570535	9513973	0.87308	9519760	1.08188	9525563	1.21565	9513973	28314.7019746186	9519760	286352.460531667	9525563	2114535.43371859	9530524	87112	9536312	2413638	9542099	4544115	9530524	0.87229	9536312	1.08235	9542099	1.2154	9530524	99865.8702954293	9536312	2229997.69021111	9542099	3738781.47112062
81	9600880	4551	9606668	17916	9612471	664762	9600880	0.87166	9606668	1.0827	9612471	1.21567	9600880	5221.07243650047	9606668	16547.5200886672	9612471	546827.675273718	9617448	96792	9623235	2267223	9629038	1741967	9617448	0.87201	9623235	1.08196	9629038	1.21569	9617448	110998.727078818	9623235	2095477.65166919	9629038	1432903.94755242	9634015	24208	9639787	311241	9645590	2629736	9634015	0.87225	9639787	1.08221	9645590	1.21576	9634015	27753.5110346804	9639787	287597.601204942	9645590	2163038.75764954	9650551	87052	9656338	2414730	9662142	4538626	9650551	0.87178	9656338	1.08216	9662142	1.21492	9650551	99855.4681226915	9656338	2231398.31448215	9662142	3735740.62489711
82	9720891	4418	9726679	17993	9732482	664165	9720891	0.87212	9726679	1.08291	9732482	1.21604	9720891	5065.81663073889	9726679	16615.4158702016	9732482	546170.356238282	9737459	96915	9743246	2270403	9749034	1720791	9737459	0.87179	9743246	1.08239	9749034	1.21477	9737459	111167.827114328	9743246	2097583.12622992	9749034	1416557.04372021	9754026	24192	9759798	313545	9765601	2684499	9754026	0.87237	9759798	1.08251	9765601	1.2155	9754026	27731.3525224389	9759798	289646.285022771	9765601	2208555.32702592	9770577	87826	9776365	2415612	9782168	4539518	9770577	0.87269	9776365	1.08362	9782168	1.21548	9770577	100638.256425535	9776365	2229205.81015485	9782168	3734753.34847139
83	9840902	4564	9846690	18092	9852493	665754	9840902	0.87198	9846690	1.08213	9852493	1.21564	9840902	5234.06500149086	9846690	16718.8785081275	9852493	547657.201145076	9857470	97110	9863242	2274546	9869045	1706641	9857470	0.87245	9863242	1.08229	9869045	1.21573	9857470	111307.238237148	9863242	2101604.93028671	9869045	1403799.36334548	9874021	23954	9879809	313394	9885612	2743850	9874021	0.87201	9879809	1.08238	9885612	1.21565	9874021	27469.8684648112	9879809	289541.565808681	9885612	2257105.25233414	9890588	87490	9896376	2411402	9902179	4537138	9890588	0.87251	9896376	1.08271	9902179	1.21575	9890588	100273.922361921	9896376	2227191.02991567	9902179	3731966.27596134
84	9960913	4392	9966685	17972	9972504	664774	9960913	0.8717	9966685	1.0818	9972504	1.21632	9960913	5038.4306527475	9966685	16613.0523202071	9972504	546545.317021836	9977481	96617	9983253	2268055	9989056	1691699	9977481	0.87241	9983253	1.08199	9989056	1.2158	9977481	110747.240403022	9983253	2096188.50451483	9989056	1391428.6889291	9994032	23798	9999820	310753	10005623	2792135	9994032	0.87182	9999820	1.08218	10005623	1.21563	9994032	27296.9190888027	9999820	287154.632316251	10005623	2296862.53218496	10010584	87743	10016371	2408681	10022175	4539879	10010584	0.87267	10016371	1.08151	10022175	1.21635	10010584	100545.452461984	10016371	2227146.30470361	10022175	3732378.83832778
85	10080924	4405	10086712	17862	10092515	664533	10080924	0.87236	10086712	1.08272	10092515	1.21476	10080924	5049.52084002018	10086712	16497.3400325107	10092515	547048.799762916	10097492	96755	10103310	2267654	10109114	1672349	10097492	0.87229	10103310	1.08225	10109114	1.2161	10097492	110920.680049066	10103310	2095314.39131439	10109114	1375173.9166187	10114090	23886	10119862	309169	10125665	2839681	10114090	0.87248	10119862	1.08279	10125665	1.21662	10114090	27377.1318540253	10119862	285529.973494399	10125665	2334073.90968421	10130657	87655	10136429	2411365	10142233	4535002	10130657	0.87229	10136429	1.08219	10142233	1.21634	10130657	100488.369693565	10136429	2228227.02113307	10142233	3728399.95396024
86	10200935	4488	10206723	18024	10212526	665754	10200935	0.87219	10206723	1.08271	10212526	1.21715	10200935	5145.66780174045	10206723	16647.1169565258	10212526	546977.775952019	10217503	96834	10223275	2265450	10229078	1659546	10217503	0.87247	10223275	1.08293	10229078	1.21672	10217503	110988.343438743	10223275	2091963.46947633	10229078	1363950.62134263	10234054	23643	10239826	304110	10245645	2882241	10234054	0.87215	10239826	1.08305	10245645	1.21503	10234054	27108.8688872327	10239826	280790.360555838	10245645	2372156.24305573	10250606	87683	10256394	2405768	10262181	4526573	10250606	0.87222	10256394	1.08175	10262181	1.21483	10250606	100528.536378437	10256394	2223959.32516755	10262181	3726095.83233868
87	10320946	4503	10326734	17959	10332537	663698	10320946	0.8733	10326734	1.08311	10332537	1.21538	10320946	5156.30367571281	10326734	16580.9566895329	10332537	546082.70664319	10337529	96399	10343301	2265680	10349104	1644853	10337529	0.87312	10343301	1.08242	10349104	1.21653	10337529	110407.504123145	10343301	2093161.61933445	10349104	1352085.8507394	10354081	23394	10359868	301248	10365672	2922984	10354081	0.87302	10359868	1.08321	10365672	1.21669	10354081	26796.6369613525	10359868	278106.738305592	10365672	2402406.52918985	10370633	88037	10376420	2404625	10382223	4534560	10370633	0.87256	10376420	1.08242	10382223	1.21697	10370633	100895.067387916	10376420	2221526.76410266	10382223	3726106.64190572
88	10440957	4520	10446745	18071	10452548	663720	10440957	0.87246	10446745	1.08225	10452548	1.21603	10440957	5180.75327235633	10446745	16697.6206976207	10452548	545808.902740886	10457525	96149	10463312	2265238	10469115	1630774	10457525	0.87262	10463312	1.08152	10469115	1.21664	10457525	110184.27265018	10463312	2094494.78511724	10469115	1340391.5702262	10474092	23375	10479880	297168	10485683	2977275	10474092	0.87178	10479880	1.08256	10485683	1.21654	10474092	26812.9573975085	10479880	274504.877327816	10485683	2447330.13300015	10490659	87604	10496447	2408917	10502250	4539263	10490659	0.8727	10496447	1.08303	10502250	1.21748	10490659	100382.720293343	10496447	2224238.47908184	10502250	3728408.68022473
89	10560968	4565	10566756	18132	10572559	665089	10560968	0.87327	10566756	1.08346	10572559	1.21773	10560968	5227.47832858108	10566756	16735.2740294981	10572559	546171.154525223	10577536	96108	10583323	2264150	10589126	1618445	10577536	0.87364	10583323	1.08341	10589126	1.21713	10577536	110008.699235383	10583323	2089836.71924756	10589126	1329722.3796965	10594103	23536	10599891	296362	10605694	3040756	10594103	0.87347	10599891	1.08326	10605694	1.2171	10594103	26945.4016737839	10599891	273583.442571497	10605694	2498361.67940186	10610655	87964	10616427	2409777	10622245	4534184	10610655	0.87336	10616427	1.08359	10622245	1.2167	10610655	100719.062013374	10616427	2223882.64934154	10622245	3726624.47604175
90	10680979	4492	10686767	18090	10692586	665075	10680979	0.87335	10686767	1.08379	10692586	1.21679	10680979	5143.41329363943	10686767	16691.425460652	10692586	546581.57940154	10697547	95233	10703334	2265208	10709138	1606402	10697547	0.87349	10703334	1.08308	10709138	1.21775	10697547	109025.861772888	10703334	2091450.30837981	10709138	1319155.82016013	10714114	23250	10719902	299258	10725705	3119020	10714114	0.8733	10719902	1.08323	10725705	1.21654	10714114	26623.1535554792	10719902	276264.50522973	10725705	2563845.00304141	10730681	88102	10736469	2408887	10742272	4531028	10730681	0.87304	10736469	1.0832	10742272	1.21572	10730681	100914.047466325	10736469	2223861.70605613	10742272	3727032.54038759
91	10800990	4419	10806762	18087	10812566	664849	10800990	0.87222	10806762	1.08259	10812566	1.21663	10800990	5066.38233473206	10806762	16707.1559870311	10812566	546467.701766355	10817542	95398	10823330	2260861	10829133	1593883	10817542	0.87262	10823330	1.083	10829133	1.21592	10817542	109323.646031491	10823330	2087590.95106187	10829133	1310845.28587407	10834109	23528	10839897	300727	10845700	3195586	10834109	0.87255	10839897	1.08326	10845700	1.21611	10834109	26964.6438599507	10839897	277612.946107121	10845700	2627711.30900988	10850677	88406	10856464	2407578	10862267	4536382	10850677	0.87262	10856464	1.08333	10862267	1.21701	10850677	101310.994476404	10856464	2222386.53042009	10862267	3727481.28610283
92	10921001	4413	10926789	18166	10932592	664298	10921001	0.87282	10926789	1.08309	10932592	1.2164	10921001	5056.02529731216	10926789	16772.3827198109	10932592	546118.05327195	10937553	95237	10943372	2260413	10949191	1581901	10937553	0.8728	10943372	1.08262	10949191	1.21622	10937553	109116.636113657	10943372	2087909.88527831	10949191	1300670.10902633	10954167	23471	10959955	300229	10965758	3262696	10954167	0.87351	10959955	1.08275	10965758	1.21656	10954167	26869.7553548328	10959955	277283.768182868	10965758	2681903.07095417	10970719	87773	10976506	2408020	10982310	4535823	10970719	0.87284	10976506	1.08243	10982310	1.21705	10970719	100560.240135649	10976506	2224642.70206849	10982310	3726899.47002999
93	11041012	4495	11046800	17895	11052619	663186	11041012	0.87265	11046800	1.08234	11052619	1.21727	11041012	5150.97690941385	11046800	16533.6215976495	11052619	544814.215416465	11057595	95251	11063367	2261016	11069171	1573284	11057595	0.87279	11063367	1.08315	11069171	1.21672	11057595	109133.926832342	11063367	2087444.95222268	11069171	1293053.45519101	11074163	23581	11079950	301541	11085753	3342899	11074163	0.87305	11079950	1.08374	11085753	1.21746	11074163	27009.9077945135	11079950	278241.091036596	11085753	2745797.80855223	11090730	88187	11096517	2405474	11102321	4533150	11090730	0.87305	11096517	1.08281	11102321	1.21647	11090730	101010.251417445	11096517	2221510.6990146	11102321	3726479.07469975
94	11161024	4516	11166811	18127	11172614	662934	11161024	0.87279	11166811	1.08241	11172614	1.21597	11161024	5174.21143688631	11166811	16746.8888868359	11172614	545189.437239406	11177591	94432	11183363	2262520	11189166	1560930	11177591	0.87268	11183363	1.0832	11189166	1.21624	11177591	108209.194664711	11183363	2088737.07533235	11189166	1283406.23561139	11194142	23355	11199930	303025	11205733	3418436	11194142	0.87293	11199930	1.08306	11205733	1.21686	11194142	26754.7226008958	11199930	279785.976769523	11205733	2809227.02693819	11210694	88081	11216497	2407023	11222300	4535266	11210694	0.87265	11216497	1.08298	11222300	1.21598	11210694	100935.082793789	11216497	2222592.29163974	11222300	3729720.88356716
95	11281035	4505	11286807	17977	11292625	663225	11281035	0.87283	11286807	1.0823	11292625	1.2167	11281035	5161.37163021436	11286807	16609.9972281253	11292625	545101.504068382	11297602	94937	11303374	2259518	11309177	1552677	11297602	0.87276	11303374	1.08314	11309177	1.21687	11297602	108777.899995417	11303374	2086081.20833872	11309177	1275959.63414334	11314153	23376	11319941	302123	11325744	3483317	11314153	0.87223	11319941	1.08309	11325744	1.21582	11314153	26800.2705708357	11319941	278945.424664617	11325744	2864993.99582175	11330721	87721	11336493	2405402	11342311	4536280	11330721	0.87243	11336493	1.08327	11342311	1.21696	11330721	100547.894960054	11336493	2220500.89082131	11342311	3727550.61793321
96	11401046	4389	11406833	17992	11412636	662374	11401046	0.8721	11406833	1.08235	11412636	1.21616	11401046	5032.67973856209	11406833	16623.0886496974	11412636	544643.796868833	11417613	94818	11423400	2262464	11429204	1544050	11417613	0.87224	11423400	1.08353	11429204	1.21661	11417613	108706.319361644	11423400	2088049.24644449	11429204	1269141.30247162	11434180	23626	11439952	303660	11445771	3551895	11434180	0.87345	11439952	1.08342	11445771	1.21642	11434180	27049.0583319022	11439952	280279.116132248	11445771	2919957.74485786	11450747	88023	11456535	2409780	11462338	4535208	11450747	0.87267	11456535	1.08306	11462338	1.21595	11450747	100866.306851387	11456535	2224973.68566838	11462338	3729765.20416136
97	11521057	4555	11526844	18141	11532647	661818	11521057	0.87268	11526844	1.0825	11532647	1.2168	11521057	5219.55355915112	11526844	16758.4295612009	11532647	543900.394477318	11537624	94340	11543396	2260266	11549199	1537127	11537624	0.87205	11543396	1.08377	11549199	1.21682	11537624	108181.870305602	11543396	2085558.74401395	11549199	1263232.85284594	11554175	23571	11559947	303607	11565751	3626556	11554175	0.87301	11559947	1.08256	11565751	1.21733	11554175	26999.6907251922	11559947	280452.81554833	11565751	2979106.73358908	11570743	88684	11576530	2404831	11582333	4536559	11570743	0.87276	11576530	1.08209	11582333	1.2165	11570743	101613.272835602	11576530	2222394.62521602	11582333	3729189.47801069
98	11641068	4578	11646855	18236	11652658	661301	11641068	0.87261	11646855	1.08202	11652658	1.21624	11641068	5246.32997559047	11646855	16853.6625940371	11652658	543725.744918766	11657635	94348	11663407	2259733	11669226	1527571	11657635	0.87241	11663407	1.08291	11669226	1.2159	11657635	108146.39905549	11663407	2086722.81168334	11669226	1256329.46788387	11674186	23204	11679958	303961	11685762	3687033	11674186	0.87183	11679958	1.0821	11685762	1.21631	11674186	26615.2805019327	11679958	280899.177525183	11685762	3031326.71769532	11690738	87826	11696510	2397526	11702313	4527292	11690738	0.87219	11696510	1.08295	11702313	1.21603	11690738	100695.949277107	11696510	2213884.29752066	11702313	3723010.12310552
99	11761079	4444	11766866	18020	11772669	660553	11761079	0.8732	11766866	1.08175	11772669	1.21569	11761079	5089.32661475034	11766866	16658.1927432401	11772669	543356.447778628	11777646	94529	11783418	2266024	11789221	1521232	11777646	0.87269	11783418	1.08322	11789221	1.21618	11777646	108319.105295122	11783418	2091933.30994627	11789221	1250828.00243385	11794197	23317	11799985	303283	11805773	3747615	11794197	0.87307	11799985	1.08262	11805773	1.217	11794197	26706.9078080795	11799985	280137.998559051	11805773	3079387.83894823	11810749	88093	11816552	2401282	11822355	4518308	11810749	0.87247	11816552	1.08226	11822355	1.21697	11810749	100969.660847937	11816552	2218766.28536581	11822355	3712752.16315932
100	11881090	4593	11886877	18015	11892680	660515	11881090	0.87251	11886877	1.08265	11892680	1.21621	11881090	5264.12304730032	11886877	16639.7265967764	11892680	543092.8869192	11897657	94611	11903444	2261506	11909232	1512416	11897657	0.87263	11903444	1.08268	11909232	1.21701	11897657	108420.521870667	11903444	2088803.70931392	11909232	1242730.95537424	11914208	23823	11919980	304861	11925784	3810918	11914208	0.8732	11919980	1.08273	11925784	1.21629	11914208	27282.4095281722	11919980	281566.964986654	11925784	3133231.38396271	11930760	87606	11936548	2400404	11942351	4516028	11930760	0.87253	11936548	1.08272	11942351	1.21625	11930760	100404.570616483	11936548	2217012.70873356	11942351	3713075.43679342
101	12001101	4441	12006888	18163	12012691	662082	12001101	0.87213	12006888	1.0827	12012691	1.21618	12001101	5092.13076032243	12006888	16775.6534589452	12012691	544394.744199049	12017668	94114	12023455	2258390	12029259	1505283	12017668	0.87294	12023455	1.08326	12029259	1.21682	12017668	107812.678992829	12023455	2084808.81782767	12029259	1237063.00027942	12034235	23586	12040007	303675	12045826	3865739	12034235	0.87291	12040007	1.08308	12045826	1.21791	12034235	27019.967694264	12040007	280380.950622299	12045826	3174076.08115542	12050802	87888	12056590	2403342	12062393	4518722	12050802	0.87344	12056590	1.08369	12062393	1.21785	12050802	100622.824693167	12056590	2217739.39041608	12062393	3710409.32791395
102	12121112	4489	12126899	18321	12132702	663854	12121112	0.87276	12126899	1.0838	12132702	1.21785	12121112	5143.45295384756	12126899	16904.4104078243	12132702	545103.25573757	12137679	93560	12143451	2257762	12149270	1498648	12137679	0.87279	12143451	1.08373	12149270	1.21635	12137679	107196.461920966	12143451	2083325.18247165	12149270	1232086.15941135	12154246	23961	12160034	302252	12165837	3912624	12154246	0.8733	12160034	1.08281	12165837	1.2175	12154246	27437.3067674339	12160034	279136.690647482	12165837	3213654.20944559	12170813	88786	12176601	2398482	12182388	4513201	12170813	0.87267	12176601	1.08276	12182388	1.21712	12170813	101740.635062509	12176601	2215155.71317744	12182388	3708098.62626528
103	12241123	4624	12246910	17836	12252713	661768	12241123	0.87307	12246910	1.08327	12252713	1.217	12241123	5296.25345046789	12246910	16464.9625670424	12252713	543769.926047658	12257690	94411	12263462	2256760	12269265	1489788	12257690	0.87311	12263462	1.08344	12269265	1.21667	12257690	108131.85051139	12263462	2082957.98567526	12269265	1224479.93293169	12274241	23862	12280013	303763	12285817	3951939	12274241	0.87359	12280013	1.08422	12285817	1.21721	12274241	27314.8731098112	12280013	280167.309217686	12285817	3246719.13638567	12290793	87597	12296581	2401529	12302384	4510489	12290793	0.87354	12296581	1.08377	12302384	1.21728	12290793	100278.178446322	12296581	2215902.82070919	12302384	3705383.31361725
104	12361134	4411	12366921	18299	12372724	660928	12361134	0.87352	12366921	1.08293	12372724	1.21724	12361134	5049.68403699973	12366921	16897.6757500485	12372724	542972.626597877	12377716	93292	12383488	2260963	12389292	1482564	12377716	0.87287	12383488	1.08437	12389292	1.21691	12377716	106879.604064752	12383488	2085047.5391241	12389292	1218302.09300606	12394268	23712	12400056	303666	12405859	3999676	12394268	0.87346	12400056	1.08406	12405859	1.21732	12394268	27147.2076569047	12400056	280119.181595115	12405859	3285640.58752013	12410835	87083	12416623	2402240	12422426	4508155	12410835	0.87319	12416623	1.08391	12422426	1.21693	12410835	99729.726634524	12416623	2216272.56875571	12422426	3704531.07409629
105	12481145	4523	12486932	18042	12492735	661823	12481145	0.87269	12486932	1.08278	12492735	1.21665	12481145	5182.82551650643	12486932	16662.6646225457	12492735	543971.561254264	12497696	93389	12503484	2254760	12509303	1478279	12497696	0.87269	12503484	1.08348	12509303	1.21659	12497696	107012.799504979	12503484	2081035.18292908	12509303	1215100.40358708	12514263	23750	12520035	301962	12525839	4032543	12514263	0.87248	12520035	1.08287	12525839	1.21644	12514263	27221.2543554007	12520035	278853.41730771	12525839	3315036.49995068	12530815	87960	12536587	2401535	12542390	4500011	12530815	0.87272	12536587	1.08375	12542390	1.2159	12530815	100788.339902833	12536587	2215949.25028835	12542390	3700971.29698166
106	12601156	4529	12606943	18359	12612746	660571	12601156	0.87235	12606943	1.08235	12612746	1.21628	12601156	5191.72350547372	12606943	16962.1656580589	12612746	543107.672575394	12617723	92829	12623510	2255334	12629298	1471295	12617723	0.87278	12623510	1.08278	12629298	1.21651	12617723	106360.136575082	12623510	2082910.65590425	12629298	1209439.29766299	12634274	23794	12640047	301780	12645850	4067296	12634274	0.87298	12640047	1.08293	12645850	1.21667	12634274	27256.0654310523	12640047	278669.904795324	12645850	3342973.85486615	12650811	87816	12656598	2399800	12662401	4500306	12650811	0.87212	12656598	1.08285	12662401	1.2161	12650811	100692.565243315	12656598	2216188.76113959	12662401	3700605.21338706
107	12721167	4564	12726954	18077	12732757	661062	12721167	0.8727	12726954	1.08232	12732757	1.21609	12721167	5229.74676291968	12726954	16702.0844112647	12732757	543596.279880601	12737734	93279	12743506	2253334	12749309	1467065	12737734	0.87305	12743506	1.08262	12749309	1.21671	12737734	106842.677968043	12743506	2081371.11821322	12749309	1205763.9042993	12754286	23888	12760073	299947	12765876	4093596	12754286	0.87318	12760073	1.08264	12765876	1.2161	12754286	27357.4749765226	12760073	277051.466784896	12765876	3366167.25598224	12770853	87761	12776640	2397297	12782444	4497865	12770853	0.87259	12776640	1.08298	12782444	1.21705	12770853	100575.298823044	12776640	2213611.51637149	12782444	3695710.94038864
108	12841178	4492	12846965	18464	12852768	661253	12841178	0.87282	12846965	1.08333	12852768	1.21707	12841178	5146.53651382874	12846965	17043.7447499839	12852768	543315.503627565	12857745	93532	12863532	2254465	12869336	1459404	12857745	0.87242	12863532	1.08279	12869336	1.2155	12857745	107209.830127691	12863532	2082088.86302977	12869336	1200661.45619087	12874297	24114	12880069	299611	12885872	4119315	12874297	0.87244	12880069	1.08379	12885872	1.21649	12874297	27639.7230755124	12880069	276447.466760166	12885872	3386230.0553231	12890848	87922	12896636	2393907	12902423	4500562	12890848	0.87243	12896636	1.08313	12902423	1.21684	12890848	100778.285936981	12896636	2210175.14056484	12902423	3698565.13592584
109	12961189	4628	12966961	18571	12972779	660761	12961189	0.87291	12966961	1.08299	12972779	1.21681	12961189	5301.8066009096	12966961	17147.8961024571	12972779	543027.25980227	12977756	92860	12983528	2250661	12989331	1455962	12977756	0.87274	12983528	1.08257	12989331	1.21634	12977756	106400.531658913	12983528	2078998.12483257	12989331	1197002.48285841	12994308	24196	13000080	298396	13005883	4144244	12994308	0.87219	13000080	1.08278	13005883	1.21656	12994308	27741.6617938752	13000080	275583.220968248	13005883	3406526.59959229	13010859	88227	13016631	2395220	13022434	4493211	13010859	0.87248	13016631	1.0835	13022434	1.21664	13010859	101122.088758482	13016631	2210632.21042917	13022434	3693131.08232509
110	13081200	4592	13086972	18471	13092790	661785	13081200	0.87297	13086972	1.08344	13092790	1.21725	13081200	5260.20367252025	13086972	17048.4752270546	13092790	543672.211953173	13097751	92942	13103539	2255970	13109342	1451990	13097751	0.87274	13103539	1.08344	13109342	1.21702	13097751	106494.488622041	13103539	2082228.82670014	13109342	1193069.95776569	13114319	24436	13120106	295313	13125894	4163741	13114319	0.87305	13120106	1.08249	13125894	1.21706	13114319	27989.2331481588	13120106	272808.986688099	13125894	3421146.86211033	13130870	88185	13136658	2395599	13142461	4487386	13130870	0.87314	13136658	1.08282	13142461	1.21712	13130870	100997.54907575	13136658	2212370.4770876	13142461	3686888.72091495
111	13201211	4495	13206998	18285	13212802	659768	13201211	0.87285	13206998	1.08228	13212802	1.21632	13201211	5149.79664318039	13206998	16894.8885685774	13212802	542429.623783215	13217778	92559	13223550	2256461	13229353	1449587	13217778	0.87322	13223550	1.08345	13229353	1.21692	13217778	105997.34316667	13223550	2082662.79016106	13229353	1191193.3405647	13234330	24304	13240117	296008	13245905	4177142	13234330	0.87279	13240117	1.08314	13245905	1.21684	13234330	27846.3318782296	13240117	273286.92505124	13245905	3432778.34390717	13250881	88023	13256669	2389298	13262456	4487058	13250881	0.87356	13256669	1.08285	13262456	1.2178	13250881	100763.542286735	13256669	2206490.28027889	13262456	3684560.68319921
112	13321222	4597	13327009	18153	13332813	659591	13321222	0.87271	13327009	1.08191	13332813	1.21748	13321222	5267.5000859392	13327009	16778.6599624738	13332813	541767.421230739	13337789	92764	13343561	2260249	13349364	1442910	13337789	0.8733	13343561	1.08329	13349364	1.21652	13337789	106222.374899805	13343561	2086467.15099373	13349364	1186096.40614211	13354356	24201	13360128	294350	13365931	4194150	13354356	0.87307	13360128	1.08302	13365931	1.21763	13354356	27719.4268500807	13360128	271786.301268675	13365931	3444519.27104293	13370908	88073	13376695	2387934	13382514	4488302	13370908	0.87295	13376695	1.08286	13382514	1.21817	13370908	100891.230883785	13376695	2205210.27649004	13382514	3684462.75971334
113	13441233	4412	13447020	17901	13452824	658556	13441233	0.87299	13447020	1.08354	13452824	1.21676	13441233	5053.89523362238	13447020	16520.8483304723	13452824	541237.384529406	13457800	93108	13463588	2255809	13469391	1437392	13457800	0.87262	13463588	1.08288	13469391	1.21665	13457800	106699.365130297	13463588	2083156.95183215	13469391	1181434.26622283	13474367	24293	13480155	292467	13485958	4202418	13474367	0.8736	13480155	1.08298	13485958	1.21731	13474367	27807.9212454212	13480155	270057.618792591	13485958	3452216.77304877	13490934	88104	13496722	2392749	13502525	4486266	13490934	0.8735	13496722	1.08403	13502525	1.21767	13490934	100863.194046938	13496722	2207271.93896848	13502525	3684303.62906206
114	13561244	4441	13567031	17821	13572835	658182	13561244	0.87282	13567031	1.08354	13572835	1.21811	13561244	5088.10522215348	13567031	16447.0162615132	13572835	540330.512022724	13577811	92356	13583583	2255284	13589402	1431696	13577811	0.87339	13583583	1.0833	13589402	1.21707	13577811	105744.283767847	13583583	2081864.67275916	13589402	1176346.47144371	13594363	24175	13600150	292721	13605953	4211411	13594363	0.87289	13600150	1.08388	13605953	1.21758	13594363	27695.3568032627	13600150	270067.719673765	13605953	3458837.20166231	13610914	88453	13616702	2391018	13622505	4482763	13610914	0.87343	13616702	1.08327	13622505	1.21721	13610914	101270.851699621	13616702	2207222.57608906	13622505	3682818.08397894
115	13681255	4438	13687042	17988	13692846	659957	13681255	0.87386	13687042	1.0836	13692846	1.21787	13681255	5078.61671205914	13687042	16600.2214839424	13692846	541894.455073202	13697822	92352	13703610	2255675	13709413	1427362	13697822	0.87341	13703610	1.08321	13709413	1.21759	13697822	105737.282604962	13703610	2082398.61153424	13709413	1172284.59497861	13714389	24492	13720161	290484	13725980	4222878	13714389	0.87355	13720161	1.08353	13725980	1.21923	13714389	28037.3189857478	13720161	268090.408202819	13725980	3463561.42811447	13730956	88079	13736744	2391930	13742547	4479301	13730956	0.8733	13736744	1.08373	13742547	1.21687	13730956	100857.666323142	13736744	2207127.23648879	13742547	3681002.07910459
116	13801266	4605	13807053	18015	13812857	659804	13801266	0.8735	13807053	1.08288	13812857	1.21727	13801266	5271.89467658844	13807053	16636.1923758865	13812857	542035.867145333	13817817	92729	13823605	2247088	13829408	1424072	13817817	0.87397	13823605	1.08411	13829408	1.21678	13817817	106100.895911759	13823605	2072749.07527834	13829408	1170361.11704663	13834385	24476	13840157	290312	13845960	4222064	13834385	0.87313	13840157	1.08386	13845960	1.21724	13834385	28032.4808447768	13840157	267850.09134021	13845960	3468555.09184713	13850936	88583	13856708	2383987	13862511	4478850	13850936	0.87357	13856708	1.08351	13862511	1.21756	13850936	101403.436473322	13856708	2200244.5755	13862511	3678545.61582181
117	13921277	4491	13927064	18041	13932868	659797	13921277	0.87311	13927064	1.08353	13932868	1.2171	13921277	5143.68178121886	13927064	16650.2081160651	13932868	542105.825322488	13937844	92059	13943632	2247522	13949435	1420859	13937844	0.87278	13943632	1.08356	13949435	1.21777	13937844	105477.898210316	13943632	2074201.70548931	13949435	1166771.22937829	13954396	24703	13960168	287791	13965986	4228235	13954396	0.87353	13960168	1.08372	13965986	1.21712	13954396	28279.5095760878	13960168	265558.446831285	13965986	3473967.23412646	13970963	87810	13976750	2389910	13982554	4480841	13970963	0.87367	13976750	1.08368	13982554	1.21814	13970963	100507.056440075	13976750	2205365.052414	13982554	3678428.58784705
118	14041288	4556	14047075	17926	14052879	659914	14041288	0.8732	14047075	1.08352	14052879	1.217	14041288	5217.59047182776	14047075	16544.226225635	14052879	542246.507806081	14057855	92242	14063627	2249138	14069430	1411788	14057855	0.87315	14063627	1.08379	14069430	1.21704	14057855	105642.787608086	14063627	2075252.58583305	14069430	1160017.7479787	14074422	24751	14080210	285407	14086013	4229249	14074422	0.87275	14080210	1.08318	14086013	1.21737	14074422	28359.782297336	14080210	263489.909341014	14086013	3474086.76080403	14090974	88196	14096761	2389675	14102565	4474461	14090974	0.87267	14096761	1.08314	14102565	1.21821	14090974	101064.549027697	14096761	2206247.57649057	14102565	3672980.02807398
119	14161299	4457	14167086	18117	14172890	659895	14161299	0.87258	14167086	1.08227	14172890	1.21744	14161299	5107.8411148548	14167086	16739.815388027	14172890	542034.925745827	14177866	92197	14183654	2251555	14189457	1409035	14177866	0.87328	14183654	1.08299	14189457	1.21683	14177866	105575.531330158	14183654	2079017.35011404	14189457	1157955.50734285	14194418	24381	14200205	284927	14205993	4231031	14194418	0.87327	14200205	1.08305	14205993	1.21698	14194418	27919.2002473462	14200205	263078.343566779	14205993	3476664.36588933	14210969	87996	14216757	2392785	14222544	4469808	14210969	0.8727	14216757	1.08366	14222544	1.21747	14210969	100831.900996906	14216757	2208058.80073086	14222544	3671390.67081735
120	14281310	4387	14287097	17838	14292901	658323	14281310	0.87259	14287097	1.0833	14292901	1.21693	14281310	5027.5616268809	14287097	16466.3528108557	14292901	540970.310535528	14297877	92219	14303649	2248933	14309452	1403723	14297877	0.87315	14303649	1.08358	14309452	1.21814	14297877	105616.446200538	14303649	2075465.58629727	14309452	1152349.48363899	14314429	24906	14320216	282861	14326004	4232916	14314429	0.87337	14320216	1.08394	14326004	1.21736	14314429	28517.1233268832	14320216	260956.325995904	14326004	3477127.55470855	14330996	87876	14336783	2387052	14342587	4472742	14330996	0.87324	14336783	1.08322	14342587	1.21779	14330996	100632.128624433	14336783	2203663.15245287	14342587	3672835.21789471
121	14401321	4522	14407108	17932	14412912	660555	14401321	0.87384	14407108	1.08387	14412912	1.21847	14401321	5174.86038634075	14407108	16544.4195337079	14412912	542118.394379837	14417888	92968	14423676	2253525	14429463	1401664	14417888	0.87396	14423676	1.08436	14429463	1.21793	14417888	106375.577829649	14423676	2078207.42188941	14429463	1150857.60265368	14434440	25056	14440227	281712	14446015	4235136	14434440	0.87368	14440227	1.08407	14446015	1.21795	14434440	28678.6924274334	14440227	259865.137860101	14446015	3477265.89761484	14451007	88386	14456779	2384967	14462582	4468022	14451007	0.87318	14456779	1.08408	14462582	1.21747	14451007	101223.11550883	14456779	2199991.69802967	14462582	3669923.69421834
122	14521332	4359	14527119	17840	14532923	658878	14521332	0.87311	14527119	1.08344	14532923	1.21692	14521332	4992.49808157048	14527119	16466.071033006	14532923	541430.82536239	14537883	92009	14543671	2255546	14549474	1400335	14537883	0.87278	14543671	1.08326	14549474	1.21713	14537883	105420.610004812	14543671	2082183.40933848	14549474	1150522.1299286	14554451	25262	14560238	280594	14566026	4232441	14554451	0.87299	14560238	1.08327	14566026	1.21734	14554451	28937.3303245169	14560238	259024.989153212	14566026	3476794.48633907	14571002	88673	14576790	2379373	14582609	4463222	14571002	0.87337	14576790	1.08309	14582609	1.21731	14571002	101529.706768036	14576790	2196837.75124874	14582609	3666462.93877484
123	14641343	4413	14647130	17461	14652934	658361	14641343	0.8732	14647130	1.08367	14652934	1.21794	14641343	5053.82501145213	14647130	16112.8387793332	14652934	540552.900799711	14657926	91855	14663698	2254788	14669501	1398858	14657926	0.87301	14663698	1.08322	14669501	1.21813	14657926	105216.435092382	14663698	2081560.53248648	14669501	1148365.11702363	14674477	24763	14680265	279023	14686068	4238184	14674477	0.87276	14680265	1.08387	14686068	1.21877	14674477	28373.2068380769	14680265	257432.164373956	14686068	3477427.24221962	14691045	87676	14696832	2384424	14702635	4457428	14691045	0.87312	14696832	1.08377	14702635	1.21652	14691045	100416.895730255	14696832	2200119.95165026	14702635	3664081.14950843
124	14761354	4267	14767141	17858	14772945	657636	14761354	0.87334	14767141	1.0836	14772945	1.21748	14761354	4885.84056610255	14767141	16480.2510151347	14772945	540161.645365838	14777921	92815	14783709	2251543	14789512	1396011	14777921	0.87277	14783709	1.08338	14789512	1.2178	14777921	106345.314343985	14783709	2078257.85966143	14789512	1146338.47922483	14794488	24691	14800260	276248	14806064	4238088	14794488	0.87305	14800260	1.08404	14806064	1.21801	14794488	28281.3126395968	14800260	254831.925021217	14806064	3479518.2305564	14811040	87905	14816828	2383493	14822631	4460226	14811040	0.87366	14816828	1.0838	14822631	1.21784	14811040	100616.944806904	14816828	2199200.03690718	14822631	3662407.21277015
125	14881365	4350	14887137	17258	14892940	656830	14881365	0.87313	14887137	1.08334	14892940	1.21696	14881365	4982.07597952195	14887137	15930.3635054554	14892940	539730.147252169	14897916	92410	14903704	2248383	14909507	1389560	14897916	0.87289	14903704	1.0843	14909507	1.21706	14897916	105866.718601427	14903704	2073580.18998432	14909507	1141735.00073949	14914484	24794	14920271	274417	14926059	4236513	14914484	0.87261	14920271	1.08271	14926059	1.21858	14914484	28413.6097454762	14920271	253453.83343647	14926059	3476598.1716424	14931035	88158	14936807	2380067	14942611	4455918	14931035	0.8729	14936807	1.08328	14942611	1.21714	14931035	100994.386527666	14936807	2197093.0876597	14942611	3660974.08679363
126	15001376	4286	15007163	17338	15012967	657850	15001376	0.8733	15007163	1.08284	15012967	1.21668	15001376	4907.82090919501	15007163	16011.5991282184	15012967	540692.704737482	15017943	92809	15023731	2251951	15029534	1388138	15017943	0.87258	15023731	1.08333	15029534	1.21724	15017943	106361.59435238	15023731	2078730.39609353	15029534	1140397.94945943	15034510	25124	15040282	272142	15046086	4230961	15034510	0.87289	15040282	1.08366	15046086	1.21732	15034510	28782.5499203794	15040282	251132.273960467	15046086	3475635.82295535	15051046	87918	15056818	2381812	15062637	4453913	15051046	0.87346	15056818	1.08355	15062637	1.21689	15051046	100654.866851373	15056818	2198156.06109547	15062637	3660078.56092169
127	15121387	4189	15127174	17419	15132978	656769	15121387	0.87341	15127174	1.08305	15132978	1.21733	15121387	4796.14384996737	15127174	16083.283320253	15132978	539515.989912349	15137954	92552	15143742	2253381	15149545	1385669	15137954	0.8734	15143742	1.08282	15149545	1.21844	15137954	105967.483398214	15143742	2081030.08810329	15149545	1137248.44883622	15154521	24858	15160293	271255	15166097	4227281	15154521	0.87355	15160293	1.08397	15166097	1.2178	15154521	28456.2990097877	15160293	250242.16537358	15166097	3471244.04664148	15171073	88435	15176861	2381072	15182664	4453962	15171073	0.87382	15176861	1.08307	15182664	1.21702	15171073	101205.053672381	15176861	2198447.00711865	15182664	3659727.8598544
128	15241398	4335	15247185	17381	15252989	655522	15241398	0.87397	15247185	1.08372	15252989	1.21742	15241398	4960.12448939895	15247185	16038.2755693353	15252989	538451.80792167	15257965	92169	15263753	2249385	15269556	1380800	15257965	0.87371	15263753	1.08408	15269556	1.21803	15257965	105491.524647766	15263753	2074925.28226699	15269556	1133633.81854306	15274532	25094	15280320	268500	15286139	4219769	15274532	0.87401	15280320	1.08435	15286139	1.21745	15274532	28711.3419754923	15280320	247613.777839259	15286139	3466071.70725697	15291115	88071	15296903	2386084	15302706	4454786	15291115	0.87347	15296903	1.08395	15302706	1.21835	15291115	100828.877923684	15296903	2201286.03717884	15302706	3656409.07785119
129	15361409	4423	15367196	17309	15372984	657860	15361409	0.87372	15367196	1.08276	15372984	1.21729	15361409	5062.26250972852	15367196	15985.9987439506	15372984	540429.971494057	15377961	91870	15383764	2249086	15389567	1374739	15377961	0.87283	15383764	1.08404	15389567	1.2172	15377961	105255.318905171	15383764	2074726.02486993	15389567	1129427.37430168	15394543	25250	15400315	267649	15406119	4217163	15394543	0.87319	15400315	1.08399	15406119	1.2171	15394543	28916.9596536836	15400315	246910.949363002	15406119	3464927.28617205	15411095	88225	15416883	2386137	15422686	4454868	15411095	0.87305	15416883	1.08389	15422686	1.21821	15411095	101053.776988718	15416883	2201456.78989565	15422686	3656896.59418327
130	15481420	4417	15487208	17508	15493011	657437	15481420	0.87399	15487208	1.08433	15493011	1.21863	15481420	5053.83356788979	15487208	16146.3761032158	15493011	539488.606057622	15497987	92214	15503759	2249633	15509578	1376185	15497987	0.87406	15503759	1.08443	15509578	1.21975	15497987	105500.766537766	15503759	2074484.29128667	15509578	1128251.69092027	15514554	25109	15520342	265443	15526161	4219918	15514554	0.87401	15520342	1.0848	15526161	1.21814	15514554	28728.5042505235	15520342	244693.030973451	15526161	3464230.71239759	15531122	88371	15536909	2379679	15542712	4446442	15531122	0.874	15536909	1.08469	15542712	1.21759	15531122	101110.983981693	15536909	2193879.35723571	15542712	3651838.46779294
131	15601431	4332	15607219	17431	15613022	658762	15601431	0.87307	15607219	1.08429	15613022	1.2183	15601431	4961.80145921862	15607219	16075.9575390348	15613022	540722.317984076	15618014	91560	15623786	2246302	15629589	1373194	15618014	0.87369	15623786	1.08366	15629589	1.21854	15618014	104796.895924184	15623786	2072884.48406327	15629589	1126917.45859799	15634565	24966	15640337	263954	15646141	4218658	15634565	0.87336	15640337	1.08384	15646141	1.21866	15634565	28586.1500412201	15640337	243535.946265131	15646141	3461718.60896394	15651117	88227	15656920	2382093	15662723	4446631	15651117	0.87365	15656920	1.08314	15662723	1.21791	15651117	100986.665140502	15656920	2199247.55802574	15662723	3651034.14866452
132	15721442	4299	15727230	17350	15733033	658249	15721442	0.87374	15727230	1.08386	15733033	1.21778	15721442	4920.22798544189	15727230	16007.602457882	15733033	540531.95158403	15738009	91882	15743797	2248798	15749600	1370901	15738009	0.87326	15743797	1.08366	15749600	1.21738	15738009	105217.231981311	15743797	2075187.78952808	15749600	1126107.70671442	15754576	25251	15760348	262930	15766152	4215524	15754576	0.87347	15760348	1.08297	15766152	1.2175	15754576	28908.8348769849	15760348	242786.042087962	15766152	3462442.71047228	15771128	88033	15776916	2379478	15782719	4442178	15771128	0.87351	15776916	1.08369	15782719	1.21698	15771128	100780.758090921	15776916	2195718.33273353	15782719	3650165.16294434
133	15841453	4281	15847225	17430	15853059	657429	15841453	0.87315	15847225	1.0843	15853059	1.21846	15841453	4902.93763958083	15847225	16074.8870238864	15853059	539557.310047109	15858036	91800	15863823	2246412	15869627	1366528	15858036	0.87387	15863823	1.0842	15869627	1.21817	15858036	105049.950221429	15863823	2071953.51411179	15869627	1121787.59943194	15874603	25273	15880391	260431	15886194	4210917	15874603	0.87396	15880391	1.08373	15886194	1.2182	15874603	28917.799441622	15880391	240309.855775885	15886194	3456671.31833853	15891155	87611	15896942	2377686	15902745	4440031	15891155	0.87351	15896942	1.0834	15902745	1.21731	15891155	100297.649712081	15896942	2194652.02141407	15902745	3647411.91643871
134	15961464	4254	15967236	17353	15973039	656634	15961464	0.87311	15967236	1.08359	15973039	1.21796	15961464	4872.23832048654	15967236	16014.3596747847	15973039	539126.079674209	15978016	92168	15983803	2244969	15989606	1363092	15978016	0.87326	15983803	1.08363	15989606	1.21723	15978016	105544.740398049	15983803	2071711.74662938	15989606	1119831.09190539	15994583	25563	16000370	259088	16006174	4212551	15994583	0.87318	16000370	1.08501	16006174	1.2193	15994583	29275.7507043221	16000370	238788.582593709	16006174	3454892.97137702	16011150	88315	16016922	2382456	16022741	4441125	16011150	0.87369	16016922	1.08426	16022741	1.21857	16011150	101082.763909396	16016922	2197310.60815672	16022741	3644538.27026761
135	16081475	4241	16087263	17153	16093066	657286	16081475	0.87347	16087263	1.08349	16093066	1.21757	16081475	4855.34706400907	16087263	15831.2490193726	16093066	539834.260042544	16098042	92258	16103830	2251652	16109633	1360869	16098042	0.87298	16103830	1.0836	16109633	1.21799	16098042	105681.68801118	16103830	2077936.50793651	16109633	1117307.2028506	16114594	25889	16120381	257299	16126169	4207217	16114594	0.8733	16120381	1.08389	16126169	1.21773	16114594	29645.0246192603	16120381	237384.789969462	16126169	3454967.02881591	16131145	87519	16136933	2376636	16142736	4436777	16131145	0.8729	16136933	1.08389	16142736	1.21781	16131145	100262.343911101	16136933	2192691.14024486	16142736	3643242.37771081
136	16201486	4371	16207258	17519	16213077	657045	16201486	0.87364	16207258	1.08402	16213077	1.21898	16201486	5003.20498145689	16207258	16161.1409383591	16213077	539012.124891303	16218053	92167	16223841	2253284	16229644	1364457	16218053	0.87318	16223841	1.08492	16229644	1.21846	16218053	105553.265077075	16223841	2076912.58341629	16229644	1119820.92149106	16234636	25562	16240424	256110	16246227	4208266	16234636	0.87356	16240424	1.08453	16246227	1.21821	16234636	29261.8709647878	16240424	236148.37763824	16246227	3454466.79964866	16251219	88125	16256991	2382721	16262778	4442156	16251219	0.87408	16256991	1.08432	16262778	1.21877	16251219	100820.291048874	16256991	2197433.41449019	16262778	3644786.13684288
137	16321497	4123	16327285	17438	16333088	656527	16321497	0.87406	16327285	1.08495	16333088	1.21882	16321497	4717.06747820516	16327285	16072.6300751187	16333088	538657.882213945	16338064	91764	16343836	2254244	16349639	1357539	16338064	0.87451	16343836	1.08488	16349639	1.21884	16338064	104931.904723788	16343836	2077874.05058624	16349639	1113795.90430245	16354631	25595	16360403	253901	16366207	4205729	16354631	0.87401	16360403	1.08583	16366207	1.21924	16354631	29284.5619615336	16360403	233831.262720684	16366207	3449467.70119091	16371183	88513	16376971	2380504	16382774	4435724	16371183	0.87445	16376971	1.0852	16382774	1.21965	16371183	101221.339127452	16376971	2193608.55141909	16382774	3636882.71225352
138	16441508	4315	16447296	17311	16453099	656986	16441508	0.87445	16447296	1.08415	16453099	1.21948	16441508	4934.53027617359	16447296	15967.3476917401	16453099	538742.74280841	16458075	91665	16463863	2251427	16469666	1358194	16458075	0.8741	16463863	1.08499	16469666	1.21923	16458075	104867.864088777	16463863	2075067.05130923	16469666	1113976.85424407	16474642	25501	16480430	252386	16486218	4204156	16474642	0.87416	16480430	1.08415	16486218	1.21875	16474642	29172.0051249199	16480430	232796.199787852	16486218	3449563.8974359	16491194	88080	16496966	2382149	16502769	4434150	16491194	0.87334	16496966	1.08489	16502769	1.21914	16491194	100854.191952733	16496966	2195751.64302372	16502769	3637113.04690191
139	16561519	4225	16567307	17465	16573110	656525	16561519	0.87378	16567307	1.08464	16573110	1.2184	16561519	4835.31323674151	16567307	16102.1168313911	16573110	538841.923834537	16578102	92210	16583874	2256781	16589677	1353498	16578102	0.87349	16583874	1.08439	16589677	1.21927	16578102	105565.032227043	16583874	2081152.53737124	16589677	1110088.82364038	16594653	25511	16600425	251063	16606229	4198387	16594653	0.87345	16600425	1.08394	16606229	1.2185	16594653	29207.1669815101	16600425	231620.753916268	16606229	3445537.13582273	16611205	87830	16616993	2379406	16622796	4431145	16611205	0.87333	16616993	1.08397	16622796	1.21795	16611205	100569.08614155	16616993	2195084.73481738	16622796	3638199.43347428
140	16681530	4234	16687318	17450	16693105	656934	16681530	0.87359	16687318	1.08375	16693105	1.21947	16681530	4846.66720086082	16687318	16101.4994232987	16693105	538704.519176364	16698082	91436	16703885	2249856	16709672	1349565	16698082	0.87453	16703885	1.0849	16709672	1.21804	16698082	104554.446388346	16703885	2073791.1328233	16709672	1107980.85448754	16714649	25737	16720436	248640	16726240	4192321	16714649	0.87388	16720436	1.08388	16726240	1.21856	16714649	29451.4120931936	16720436	229398.088349264	16726240	3440389.47610294	16731216	87980	16737004	2382500	16742807	4429545	16731216	0.87365	16737004	1.08448	16742807	1.21886	16731216	100703.943226693	16737004	2196905.42933019	16742807	3634170.45435899
141	16801541	4243	16807329	17333	16813147	657099	16801541	0.8735	16807329	1.08395	16813147	1.21922	16801541	4857.46994848311	16807329	15990.5899718622	16813147	538950.312494874	16818108	92234	16823896	2251005	16829699	1346441	16818108	0.8731	16823896	1.08379	16829699	1.21714	16818108	105639.674722254	16823896	2076975.24428164	16829699	1106233.46533677	16834675	25994	16840463	247208	16846266	4182767	16834675	0.87359	16840463	1.08397	16846266	1.21737	16834675	29755.377236461	16840463	228057.972084098	16846266	3435904.44975644	16851243	87866	16857030	2374214	16862834	4425459	16851243	0.87344	16857030	1.08308	16862834	1.21794	16851243	100597.636929841	16857030	2192094.76677623	16862834	3633560.76654022
142	16921552	4193	16927340	17283	16933143	657917	16921552	0.87428	16927340	1.08426	16933143	1.21808	16921552	4795.9463787345	16927340	15939.9037131315	16933143	540126.264284776	16938119	91683	16943907	2243995	16949710	1347239	16938119	0.87327	16943907	1.08363	16949710	1.21841	16938119	104988.147995465	16943907	2070812.91584766	16949710	1105735.34360355	16954686	25835	16960458	245670	16966262	4181185	16954686	0.8737	16960458	1.08485	16966262	1.21811	16954686	29569.6463316928	16960458	226455.270313868	16966262	3432518.40966744	16971238	88057	16977010	2374019	16982813	4422572	16971238	0.87336	16977010	1.08367	16982813	1.21894	16971238	100825.547311532	16977010	2190721.34505892	16982813	3628211.39678737
143	17041563	4238	17047351	17396	17053154	657016	17041563	0.87359	17047351	1.08402	17053154	1.21808	17041563	4851.24600785265	17047351	16047.6743971513	17053154	539386.575594378	17058130	92076	17063918	2244559	17069721	1341818	17058130	0.87298	17063918	1.08396	17069721	1.21706	17058130	105473.206717221	17063918	2070702.79346101	17069721	1102507.68244787	17074697	25783	17080470	244763	17086273	4176609	17074697	0.87337	17080470	1.08351	17086273	1.21884	17074697	29521.2796409311	17080470	225898.238133474	17086273	3426708.18154967	17091234	87806	17097006	2372085	17102809	4421687	17091234	0.87366	17097006	1.08396	17102809	1.21842	17091234	100503.628413799	17097006	2188351.04616407	17102809	3629033.50240475
144	17161574	4318	17167362	17543	17173165	657827	17161574	0.87475	17167362	1.08521	17173165	1.21938	17161574	4936.26750500143	17167362	16165.5347812866	17173165	539476.619265528	17178141	92267	17183929	2248203	17189748	1341265	17178141	0.87444	17183929	1.085	17189748	1.21958	17178141	105515.529939161	17183929	2072076.49769585	17189748	1099776.15244592	17194724	26067	17200512	243260	17206315	4175356	17194724	0.8743	17200512	1.08549	17206315	1.21879	17194724	29814.7089099851	17200512	224101.557821813	17206315	3425820.69101322	17211291	88440	17217079	2373843	17222882	4422193	17211291	0.87455	17217079	1.08479	17222882	1.21872	17211291	101126.293522383	17217079	2188297.27412679	17222882	3628555.36956807
145	17281585	4329	17287373	17571	17293176	657981	17281585	0.87448	17287373	1.08529	17293176	1.22043	17281585	4950.37050590065	17287373	16190.1427268288	17293176	539138.664241292	17298152	91932	17303940	2245809	17309743	1342605	17298152	0.8746	17303940	1.08478	17309743	1.21927	17298152	105113.194603247	17303940	2070289.82835229	17309743	1101154.78934116	17314720	25979	17320507	241634	17326310	4172571	17314720	0.87479	17320507	1.08644	17326310	1.21936	17314720	29697.4130934281	17320507	222408.968741946	17326310	3421935.27752264	17331287	87649	17337074	2378123	17342878	4422431	17331287	0.87417	17337074	1.08603	17342878	1.21938	17331287	100265.39460288	17337074	2189739.69411526	17342878	3626786.5636635
146	17401596	4290	17407384	17557	17413171	656652	17401596	0.87429	17407384	1.08478	17413171	1.21955	17401596	4906.8386919672	17407384	16184.8485407179	17413171	538437.948423599	17418148	91705	17423935	2252480	17429770	1339739	17418148	0.87405	17423935	1.08525	17429770	1.21918	17418148	104919.627023626	17423935	2075540.19811103	17429770	1098885.31636018	17434746	25673	17440534	240282	17446337	4181638	17434746	0.87418	17440534	1.08468	17446337	1.21996	17434746	29368.0935276488	17440534	221523.398606041	17446337	3427684.51424637	17451313	88311	17457085	2375637	17462889	4417693	17451313	0.87455	17457085	1.08476	17462889	1.21942	17451313	100978.789091533	17457085	2190011.61547255	17462889	3622782.14232996
147	17521607	4220	17527395	17328	17533198	655968	17521607	0.87428	17527395	1.0845	17533198	1.21871	17521607	4826.82893352244	17527395	15977.8699861687	17533198	538247.819415612	17538190	91803	17543962	2247375	17549765	1336461	17538190	0.87427	17543962	1.08476	17549765	1.21938	17538190	105005.318723049	17543962	2071771.63612228	17549765	1096016.82822418	17554742	25941	17560529	238189	17566332	4165342	17554742	0.87385	17560529	1.08565	17566332	1.21827	17554742	29685.8728614751	17560529	219397.595910284	17566332	3419063.09767129	17571309	88152	17577096	2376809	17582900	4419449	17571309	0.87446	17577096	1.08524	17582900	1.21997	17571309	100807.355396473	17577096	2190122.92211861	17582900	3622588.26036706
148	17641618	4283	17647406	17394	17653209	654982	17641618	0.87442	17647406	1.0853	17653209	1.21927	17641618	4898.10388600444	17647406	16026.9050032249	17653209	537191.926316567	17658185	91911	17663973	2252466	17669776	1337471	17658185	0.8739	17663973	1.08548	17669776	1.21947	17658185	105173.36079643	17663973	2075087.51888565	17669776	1096764.16804021	17674753	25788	17680525	238254	17686328	4168365	17674753	0.87409	17680525	1.08436	17686328	1.21906	17674753	29502.6827901017	17680525	219718.543657088	17686328	3419327.18652076	17691304	88009	17697092	2371902	17702895	4407949	17691304	0.87452	17697092	1.08499	17702895	1.21875	17691304	100636.920825138	17697092	2186104.94105936	17702895	3616778.66666667
149	17761629	4304	17767417	17315	17773236	656908	17761629	0.87407	17767417	1.08444	17773236	1.22	17761629	4924.0907478806	17767417	15966.7662572388	17773236	538449.180327869	17778212	91734	17784000	2254955	17789803	1334666	17778212	0.87388	17784000	1.0845	17789803	1.21908	17778212	104973.222868128	17784000	2079257.72245274	17789803	1094814.12212488	17794779	25963	17800567	235415	17806370	4162569	17794779	0.87434	17800567	1.08441	17806370	1.21922	17794779	29694.3980602512	17800567	217090.399387685	17806370	3414124.60425518	17811346	87686	17817134	2372647	17822937	4408303	17811346	0.87384	17817134	1.08452	17822937	1.21956	17811346	100345.601025359	17817134	2187739.27636189	17822937	3614666.76506281
150	17881640	4252	17887428	17229	17893231	656623	17881640	0.8742	17887428	1.08503	17893231	1.21929	17881640	4863.87554335392	17887428	15878.8236269965	17893231	538528.979980152	17898207	91919	17903995	2253949	17909798	1332945	17898207	0.87408	17903995	1.08537	17909798	1.21903	17898207	105160.854841662	17903995	2076664.17903572	17909798	1093447.24904227	17914775	25882	17920547	234702	17926350	4155759	17914775	0.87284	17920547	1.08374	17926350	1.2184	17914775	29652.6282021906	17920547	216566.704191042	17926350	3410833.05975049	17931311	87569	17937098	2372879	17942901	4406862	17931311	0.87394	17937098	1.08467	17942901	1.21907	17931311	100200.242579582	17937098	2187650.62184812	17942901	3614937.6163797
151	18001651	4184	18007439	17004	18013242	655392	18001651	0.87456	18007439	1.08408	18013242	1.21861	18001651	4784.12001463593	18007439	15685.1892849236	18013242	537819.318731998	18018218	92194	18024006	2244987	18029809	1329275	18018218	0.87399	18024006	1.08411	18029809	1.21942	18018218	105486.33279557	18024006	2070811.08005645	18029809	1090087.91064604	18034786	25580	18040558	233530	18046361	4162602	18034786	0.87447	18040558	1.08488	18046361	1.21976	18034786	29252.0040710373	18040558	215258.830469729	18046361	3412640.19151308	18051337	87695	18057109	2373547	18062912	4408087	18051337	0.87393	18057109	1.08423	18062912	1.2193	18051337	100345.565434303	18057109	2189154.51518589	18062912	3615260.39530878
152	18121662	4267	18127450	17576	18133253	656419	18121662	0.87457	18127450	1.08449	18133253	1.21929	18121662	4878.96909338303	18127450	16206.6962350967	18133253	538361.669496182	18138229	91997	18144017	2252412	18149820	1328392	18138229	0.87423	18144017	1.08568	18149820	1.22011	18138229	105232.032760258	18144017	2074655.51543733	18149820	1088747.73585988	18154812	25753	18160584	231901	18166387	4152312	18154812	0.87477	18160584	1.08511	18166387	1.21943	18154812	29439.7384455343	18160584	213711.973901263	18166387	3405125.34544828	18171348	87656	18177120	2374013	18182923	4409851	18171348	0.87445	18177120	1.08476	18182923	1.22034	18171348	100241.294527989	18177120	2188514.51012205	18182923	3613624.8914237
153	18241673	4272	18247445	17295	18253264	657133	18241673	0.87404	18247445	1.08441	18253264	1.21979	18241673	4887.64816255549	18247445	15948.764766094	18253264	538726.338140172	18258240	91505	18264028	2251389	18269816	1326788	18258240	0.87332	18264028	1.08443	18269816	1.21872	18258240	104778.317226217	18264028	2076103.57515008	18269816	1088673.3622161	18274808	26284	18280595	230901	18286383	4152181	18274808	0.8743	18280595	1.08459	18286383	1.22023	18274808	30062.9074688322	18280595	212892.429397284	18286383	3402785.5404309	18291375	87841	18297147	2374064	18302950	4401906	18291375	0.87409	18297147	1.08538	18302950	1.21856	18291375	100494.228283129	18297147	2187311.35639131	18302950	3612383.4690126
154	18361684	4332	18367472	17209	18373275	657088	18361684	0.87415	18367472	1.08518	18373275	1.21956	18361684	4955.67122347423	18367472	15858.198639857	18373275	538791.039391256	18378251	91776	18384023	2246962	18389842	1325102	18378251	0.87367	18384023	1.0851	18389842	1.21879	18378251	105046.527865212	18384023	2070741.86710902	18389842	1087227.4961232	18394819	26117	18400591	229637	18406394	4144083	18394819	0.874	18400591	1.08487	18406394	1.21971	18394819	29882.1510297483	18400591	211672.3662743	18406394	3397596.9697715	18411355	87609	18417158	2372619	18422961	4403830	18411355	0.87412	18417158	1.08565	18422961	1.21972	18411355	100225.369514483	18417158	2185436.37452218	18422961	3610525.36647755
155	18481695	4202	18487483	17110	18493286	656667	18481695	0.87469	18487483	1.08483	18493286	1.22015	18481695	4803.9876984989	18487483	15772.0564512412	18493286	538185.468999713	18498262	92466	18504050	2250193	18509853	1320315	18498262	0.8744	18504050	1.08595	18509853	1.21879	18498262	105747.941445563	18504050	2072096.32119343	18509853	1083299.83015942	18514830	26000	18520633	227761	18526420	4142590	18514830	0.87448	18520633	1.08509	18526420	1.21999	18514830	29731.9549903943	18520633	209900.561243768	18526420	3395593.40650333	18531412	87636	18537200	2372556	18543003	4404085	18531412	0.87442	18537200	1.08458	18543003	1.21929	18531412	100221.861348094	18537200	2187534.34509211	18543003	3612007.80782259
156	18601706	4378	18607494	17089	18613297	658124	18601706	0.87451	18607494	1.08446	18613297	1.21975	18601706	5006.23206138295	18607494	15758.0731423935	18613297	539556.466489035	18618258	92299	18624045	2249183	18629833	1320814	18618258	0.8747	18624045	1.0852	18629833	1.21881	18618258	105520.749971419	18624045	2072597.6778474	18629833	1083691.46954817	18634825	25986	18640613	227358	18646416	4138740	18634825	0.87397	18640613	1.08489	18646416	1.21976	18634825	29733.2860395666	18640613	209567.790282886	18646416	3393077.32668722	18651392	87658	18657180	2376553	18662983	4403780	18651392	0.8742	18657180	1.08556	18662983	1.22033	18651392	100272.248913292	18657180	2189241.49747596	18662983	3608679.6194472
157	18721717	4181	18727505	16991	18733308	656006	18721717	0.87416	18727505	1.08409	18733308	1.21913	18721717	4782.87727647113	18727505	15673.0529753065	18733308	538093.558521241	18738284	91677	18744072	2245593	18749875	1320971	18738284	0.87445	18744072	1.08485	18749875	1.2203	18738284	104839.613471325	18744072	2069957.13693137	18749875	1082496.92698517	18754867	25947	18760639	225697	18766427	4135898	18754867	0.87435	18760639	1.08623	18766427	1.21995	18754867	29675.7591353577	18760639	207780.120232363	18766427	3390219.27128161	18771403	87854	18777191	2373753	18782994	4396374	18771403	0.87426	18777191	1.08481	18782994	1.21974	18771403	100489.556882392	18777191	2188173.96594795	18782994	3604353.38678735
158	18841728	4155	18847516	17460	18853319	655888	18841728	0.87504	18847516	1.08491	18853319	1.21953	18841728	4748.3543609435	18847516	16093.5008433879	18853319	537820.307823506	18858295	91323	18864083	2255505	18869886	1317941	18858295	0.87438	18864083	1.08496	18869886	1.2201	18858295	104443.14828793	18864083	2078883.09246424	18869886	1080190.96795345	18874863	26158	18880635	224732	18886438	4132427	18874863	0.8739	18880635	1.08511	18886438	1.21873	18874863	29932.4865545257	18880635	207105.270433412	18886438	3390764.97665603	18891430	86968	18897217	2370803	18903036	4388351	18891430	0.87413	18897217	1.0848	18903036	1.21908	18891430	99490.9224028463	18897217	2185474.74188791	18903036	3599723.56203038
159	18961739	4133	18967527	16988	18973330	654959	18961739	0.87391	18967527	1.08528	18973330	1.21975	18961739	4729.31995285556	18967527	15653.1033466018	18973330	536961.672473868	18978306	92241	18984094	2255311	18989897	1317385	18978306	0.87448	18984094	1.08464	18989897	1.21959	18978306	105480.971548806	18984094	2079317.56158725	18989897	1080186.78408318	18994874	26004	19000661	223916	19006464	4130431	18994874	0.87455	19000661	1.08484	19006464	1.21863	18994874	29734.1489909096	19000661	206404.631097673	19006464	3389405.31580545	19011441	87741	19017229	2368278	19023032	4388295	19011441	0.87454	19017229	1.08517	19023032	1.22013	19011441	100328.172524985	19017229	2182402.75717169	19023032	3596579.87263652
160	19081750	4142	19087538	17061	19093341	654350	19081750	0.87417	19087538	1.08503	19093341	1.22009	19081750	4738.20881521901	19087538	15723.9891984553	19093341	536312.894950373	19098317	92314	19104105	2253658	19109908	1316695	19098317	0.87458	19104105	1.08504	19109908	1.21902	19098317	105552.37942784	19104105	2077027.57502028	19109908	1080125.83878853	19114885	26166	19120672	222182	19126460	4126822	19114885	0.87426	19120672	1.08481	19126460	1.21989	19114885	29929.311646421	19120672	204811.902545146	19126460	3382946.00332817	19131436	88324	19137208	2369409	19143027	4389757	19131436	0.87425	19137208	1.08572	19143027	1.21993	19131436	101028.309979983	19137208	2182338.90874259	19143027	3598367.93914405
161	19201761	4104	19207533	17070	19213352	655124	19201761	0.87448	19207533	1.08475	19213352	1.21959	19201761	4693.0747415607	19207533	15736.3447799032	19213352	537167.408719324	19218328	91809	19224116	2253589	19229919	1315590	19218328	0.87457	19224116	1.08491	19229919	1.21823	19218328	104976.159712773	19224116	2077212.85636597	19229919	1079919.22707535	19234896	26043	19240683	221708	19246471	4124959	19234896	0.87421	19240683	1.08499	19246471	1.21999	19234896	29790.324979124	19240683	204341.053834598	19246471	3381141.64870204	19251463	87363	19257251	2370196	19263054	4387497	19251463	0.874	19257251	1.08509	19263054	1.21946	19251463	99957.6659038902	19257251	2184331.25362873	19263054	3597901.53018549
162	19321772	4244	19327544	17121	19333363	655114	19321772	0.87374	19327544	1.08429	19333363	1.219	19321772	4857.2801977705	19327544	15790.0561657859	19333363	537419.196062346	19338324	91844	19344111	2253732	19349899	1313255	19338324	0.8741	19344111	1.08567	19349899	1.21878	19338324	105072.646150326	19344111	2075890.46395314	19349899	1077516.04063079	19354875	26171	19360663	220196	19366466	4119865	19354875	0.87416	19360663	1.08433	19366466	1.21929	19354875	29938.4552027089	19360663	203071.020814697	19366466	3378904.93647943	19371427	87913	19377215	2365472	19383034	4381131	19371427	0.87386	19377215	1.08428	19383034	1.21896	19371427	100603.071430206	19377215	2181606.22717379	19383034	3594154.85331758
163	19441783	4278	19447571	17382	19453374	655406	19441783	0.8737	19447571	1.08431	19453374	1.21892	19441783	4896.41753462287	19447571	16030.4709907683	19453374	537694.02421816	19458350	91967	19464154	2249809	19469941	1311718	19458350	0.8739	19464154	1.08436	19469941	1.21963	19458350	105237.441354846	19464154	2074780.51569589	19469941	1075504.86622992	19474933	26151	19480705	219010	19486509	4117085	19474933	0.87345	19480705	1.08403	19486509	1.21948	19474933	29939.893525674	19480705	202033.154064002	19486509	3376098.82900909	19491485	88611	19497273	2368753	19503076	4379162	19491485	0.8736	19497273	1.08443	19503076	1.21853	19491485	101432.005494506	19497273	2184330.0166908	19503076	3593807.29239329
164	19561794	4214	19567582	17320	19573385	654798	19561794	0.87417	19567582	1.08407	19573385	1.21897	19561794	4820.57265749225	19567582	15976.8280646084	19573385	537173.187199029	19578361	92670	19584149	2249792	19589952	1309136	19578361	0.87435	19584149	1.08466	19589952	1.21902	19578361	105987.304855035	19584149	2074190.9907252	19589952	1073924.95611229	19594929	26190	19600701	217678	19606488	4110440	19594929	0.87448	19600701	1.08415	19606488	1.2192	19594929	29949.2269691703	19600701	200782.179587695	19606488	3371423.88451444	19611465	87679	19617252	2367620	19623056	4378689	19611465	0.87401	19617252	1.08444	19623056	1.21885	19611465	100318.074163911	19617252	2183265.09534875	19623056	3592475.69430201
165	19681805	4139	19687593	17326	19693396	654690	19681805	0.87417	19687593	1.08428	19693396	1.21918	19681805	4734.77698845762	19687593	15979.2673479175	19693396	536992.076641677	19698372	91707	19704145	2246411	19709963	1308880	19698372	0.87345	19704145	1.0836	19709963	1.21975	19698372	104993.989352567	19704145	2073099.85234404	19709963	1073072.35089158	19714924	26284	19720712	217353	19726515	4100991	19714924	0.87441	19720712	1.08418	19726515	1.21815	19714924	30059.1255818209	19720712	200476.858086296	19726515	3366573.08213274	19731491	88108	19737279	2366662	19743082	4380992	19731491	0.87387	19737279	1.08452	19743082	1.21932	19731491	100825.065513177	19737279	2182220.70593442	19743082	3592979.69359971
166	19801816	4171	19807588	17037	19813407	655358	19801816	0.87395	19807588	1.08507	19813407	1.21932	19801816	4772.58424394988	19807588	15701.2911609389	19813407	537478.266574812	19818384	92034	19824171	2247722	19829974	1306754	19818384	0.87368	19824171	1.08452	19829974	1.21879	19818384	105340.628147606	19824171	2072550.06823295	19829974	1072173.22098147	19834951	26078	19840738	215709	19846542	4100153	19834951	0.87381	19840738	1.08424	19846542	1.21915	19834951	29844.0164337785	19840738	198949.494576846	19846542	3363124.30791945	19851534	88136	19857306	2364852	19863124	4370892	19851534	0.87377	19857306	1.08378	19863124	1.21769	19851534	100868.649644643	19857306	2182040.63555334	19863124	3589494.86322463
167	19921827	4209	19927615	17112	19933418	656081	19921827	0.87402	19927615	1.08385	19933418	1.21873	19921827	4815.6792750738	19927615	15788.1625686211	19933418	538331.7059562	19938379	91746	19944167	2247789	19949970	1304448	19938379	0.87352	19944167	1.08498	19949970	1.21992	19938379	105030.222547852	19944167	2071733.11950451	19949970	1069289.78949439	19954946	26271	19960734	214481	19966537	4093113	19954946	0.87386	19960734	1.08457	19966537	1.21857	19954946	30063.1680131829	19960734	197756.714642669	19966537	3358947.78305719	19971513	87835	19977301	2362891	19983104	4372651	19971513	0.87416	19977301	1.08361	19983104	1.21975	19971513	100479.317287453	19977301	2180573.26898054	19983104	3584874.76941996
168	20041838	4152	20047626	16971	20053429	654210	20041838	0.87438	20047626	1.08498	20053429	1.21912	20041838	4748.50751389556	20047626	15641.7629818061	20053429	536624.778528775	20058406	91971	20064178	2249823	20069981	1303477	20058406	0.87362	20064178	1.08461	20069981	1.21912	20058406	105275.749181566	20064178	2074315.1916357	20069981	1069194.99310978	20074957	26036	20080745	214065	20086532	4086139	20074957	0.87428	20080745	1.08442	20086532	1.21895	20074957	29779.9332021778	20080745	197400.453698751	20086532	3352179.33467328	20091524	88042	20097312	2362045	20103115	4367247	20091524	0.87361	20097312	1.08415	20103115	1.21882	20091524	100779.52404391	20097312	2178706.82101185	20103115	3583176.35089677
169	20161849	4296	20167637	17027	20173440	654248	20161849	0.87416	20167637	1.08461	20173440	1.21922	20161849	4914.43214056923	20167637	15698.730419229	20173440	536611.93221896	20178417	91844	20184204	2248692	20190007	1302634	20178417	0.87337	20184204	1.08477	20190007	1.21954	20178417	105160.470361931	20184204	2072966.61965209	20190007	1068135.52651	20194984	26529	20200771	214028	20206575	4091131	20194984	0.87481	20200771	1.08517	20206575	1.21893	20194984	30325.442095998	20200771	197229.927108195	20206575	3356329.73181397	20211551	87907	20217339	2366979	20223142	4363165	20211551	0.87387	20217339	1.08515	20223142	1.2189	20211551	100595.054184261	20217339	2181245.91070359	20223142	3579592.25531217
170	20281860	4181	20287648	17060	20293451	653589	20281860	0.87408	20287648	1.08435	20293451	1.21955	20281860	4783.31502837269	20287648	15732.9275602896	20293451	535926.366282645	20298428	91667	20304200	2249086	20310018	1298602	20298428	0.87346	20304200	1.084	20310018	1.21881	20298428	104946.992420947	20304200	2074802.58302583	20310018	1065467.1359769	20314995	26468	20320782	212251	20326586	4085481	20314995	0.87413	20320782	1.08438	20326586	1.21855	20314995	30279.2490819443	20320782	195734.889983216	20326586	3352739.73164827	20331546	87860	20337334	2360337	20343137	4356674	20331546	0.8737	20337334	1.08369	20343137	1.2186	20331546	100560.833237954	20337334	2178055.53248623	20343137	3575146.88987363
171	20401871	4163	20407659	16865	20413462	653622	20401871	0.8741	20407659	1.0837	20413462	1.21918	20401871	4762.61297334401	20407659	15562.425025376	20413462	536116.078019653	20418423	92277	20424226	2247785	20430029	1303320	20418423	0.8734	20424226	1.08397	20430029	1.21941	20418423	105652.621937257	20424226	2073659.7876325	20430029	1068811.96644279	20435006	26298	20440793	211696	20446581	4083344	20435006	0.87402	20440793	1.08514	20446581	1.21882	20435006	30088.5563259422	20440793	195086.348305288	20446581	3350243.67831181	20451557	87497	20457345	2359047	20463148	4360616	20451557	0.87365	20457345	1.08461	20463148	1.21943	20451557	100151.090253534	20457345	2175018.67030546	20463148	3575946.13876975
172	20521882	4184	20527670	17044	20533473	652590	20521882	0.87406	20527670	1.08404	20533473	1.21816	20521882	4786.85673752374	20527670	15722.6670602561	20533473	535717.803900965	20538450	91514	20544237	2252805	20550056	1301884	20538450	0.87392	20544237	1.08468	20550056	1.21842	20538450	104716.678872208	20544237	2076930.52328797	20550056	1068501.83023916	20555032	26409	20560820	210690	20566608	4074408	20555032	0.87383	20560820	1.08336	20566608	1.21852	20555032	30222.125585068	20560820	194478.289765175	20566608	3343735.02281456	20571584	87673	20577372	2359426	20583175	4356338	20571584	0.87361	20577372	1.08353	20583175	1.21827	20571584	100357.138769016	20577372	2177536.38570229	20583175	3575839.51012501
173	20641893	4153	20647681	17160	20653484	653877	20641893	0.87389	20647681	1.08418	20653484	1.21915	20641893	4752.31436450812	20647681	15827.6300983232	20653484	536338.432514457	20658445	91888	20664233	2248632	20670020	1300557	20658445	0.87415	20664233	1.08425	20670020	1.21959	20658445	105116.970771607	20664233	2073905.46460687	20670020	1066388.70440066	20674997	26245	20680784	210151	20686587	4079275	20674997	0.87412	20680784	1.08427	20686587	1.21894	20674997	30024.4817645175	20680784	193817.9604711	20686587	3346575.71332469	20691564	87572	20697367	2362566	20703170	4355568	20691564	0.87413	20697367	1.08445	20703170	1.21979	20691564	100181.895141455	20697367	2178584.53593988	20703170	3570752.34261635
174	20761904	4198	20767692	17233	20773495	654591	20761904	0.87364	20767692	1.08502	20773495	1.21962	20761904	4805.18291287029	20767692	15882.6565408933	20773495	536717.174201801	20778487	92332	20784275	2250274	20790078	1299558	20778487	0.87419	20784275	1.08452	20790078	1.21967	20778487	105620.05971242	20784275	2074903.18297496	20790078	1065499.68434085	20795054	26515	20800842	208720	20806630	4069949	20795054	0.87336	20800842	1.08452	20806630	1.21961	20795054	30359.760007328	20800842	192453.804448051	20806630	3337090.54533826	20811622	87389	20817394	2359543	20823197	4352078	20811622	0.87445	20817394	1.0845	20823197	1.22013	20811622	99935.9597461261	20817394	2175696.63439373	20823197	3566896.969995
175	20881915	4225	20887703	17091	20893506	654259	20881915	0.87379	20887703	1.08418	20893506	1.21868	20881915	4835.2578994953	20887703	15763.987529746	20893506	536858.732398989	20898483	92358	20904270	2249265	20910089	1297190	20898483	0.87404	20904270	1.08439	20910089	1.22028	20898483	105667.93281772	20904270	2074221.45169173	20910089	1063026.51850395	20915065	26129	20920837	207626	20926656	4072492	20915065	0.87344	20920837	1.08416	20926656	1.22014	20915065	29915.0485436893	20920837	191508.633412043	20926656	3337725.17907781	20931633	87898	20937420	2358483	20943208	4351498	20931633	0.87346	20937420	1.08404	20943208	1.21946	20931633	100631.969409017	20937420	2175642.04272905	20943208	3568381.08671051
176	21001926	4214	21007714	17212	21013517	656482	21001926	0.87416	21007714	1.0851	21013517	1.22049	21001926	4820.62780269058	21007714	15862.1325223482	21013517	537883.964637154	21018494	92020	21024266	2250788	21030069	1295692	21018494	0.87442	21024266	1.08456	21030069	1.21961	21018494	105235.47036893	21024266	2075300.58272479	21030069	1062382.2369446	21035045	26569	21040817	206396	21046636	4062570	21035045	0.87442	21040817	1.08371	21046636	1.21929	21035045	30384.7121520551	21040817	190453.165514759	21046636	3331914.47481731	21051597	88342	21057400	2362227	21063203	4350791	21051597	0.87373	21057400	1.0846	21063203	1.21977	21051597	101109.038261248	21057400	2177970.68043518	21063203	3566894.57848611
177	21121937	4092	21127725	17292	21133528	652936	21121937	0.87362	21127725	1.08405	21133528	1.21938	21121937	4683.9587005792	21127725	15951.2937595129	21133528	535465.564467188	21138505	92012	21144292	2249408	21150111	1294432	21138505	0.87425	21144292	1.08387	21150111	1.21942	21138505	105246.78295682	21144292	2075348.51965642	21150111	1061514.49049548	21155087	26554	21160859	206298	21166647	4059589	21155087	0.8736	21160859	1.08504	21166647	1.21923	21155087	30396.0622710623	21160859	190129.396151294	21166647	3329633.45718199	21171639	87232	21177411	2358332	21183214	4342481	21171639	0.87389	21177411	1.08421	21183214	1.21925	21171639	99820.3435214958	21177411	2175161.63842798	21183214	3561600.16403527
178	21241948	4150	21247720	17111	21253539	653413	21241948	0.87414	21247720	1.08411	21253539	1.21972	21241948	4747.5232800238	21247720	15783.453708572	21253539	535707.375463221	21258516	92143	21264303	2246224	21270106	1293425	21258516	0.87411	21264303	1.08467	21270106	1.21913	21258516	105413.506309275	21264303	2070882.3881918	21270106	1060940.99890906	21275083	26529	21280870	205922	21286658	4056096	21275083	0.87389	21280870	1.08482	21286658	1.22005	21275083	30357.3676320818	21280870	189821.352851164	21286658	3324532.60112291	21291634	87419	21297422	2359942	21303225	4347931	21291634	0.87476	21297422	1.0845	21303225	1.22001	21291634	99934.8392701998	21297422	2176064.54587367	21303225	3563848.65697822
179	21361959	4126	21367763	16957	21373550	653641	21361959	0.8736	21367763	1.08515	21373550	1.22081	21361959	4722.98534798535	21367763	15626.4110952403	21373550	535415.83047321	21378527	91978	21384314	2249133	21390117	1291815	21378527	0.8737	21384314	1.08526	21390117	1.2199	21378527	105274.12155202	21384314	2072437.01970035	21390117	1058951.55340602	21395094	26335	21400881	205917	21406685	4046152	21395094	0.87414	21400881	1.08502	21406685	1.21884	21395094	30126.7531516691	21400881	189781.75517502	21406685	3319674.44455384	21411661	88394	21417449	2359295	21423268	4344904	21411661	0.87375	21417449	1.08495	21423268	1.21959	21411661	101166.237482117	21417449	2174565.64818655	21423268	3562593.98650366
180	21481970	4222	21487758	17063	21493561	654946	21481970	0.87446	21487758	1.08507	21493561	1.21957	21481970	4828.12249845619	21487758	15725.2527486706	21493561	537030.26476545	21498538	91609	21504325	2250636	21510128	1291021	21498538	0.87423	21504325	1.08545	21510128	1.21979	21498538	104788.213627993	21504325	2073458.93408264	21510128	1058396.11736446	21515105	26493	21520892	204137	21526680	4047262	21515105	0.87375	21520892	1.08525	21526680	1.21932	21515105	30321.0300429185	21520892	188101.35913384	21526680	3319277.95820621	21531657	88377	21537444	2362269	21543263	4348109	21531657	0.87435	21537444	1.08462	21543263	1.21964	21531657	101077.37176188	21537444	2177969.24268407	21543263	3565075.76006035
181	21601981	4098	21607769	16905	21613588	653582	21601981	0.87384	21607769	1.08516	21613588	1.21896	21601981	4689.64570173029	21607769	15578.3478933982	21613588	536180.022314104	21618549	91963	21624321	2249139	21630124	1292988	21618549	0.87404	21624321	1.08466	21630124	1.21912	21618549	105216.008420667	21624321	2073588.95875205	21630124	1060591.24614476	21635116	26546	21640904	203140	21646707	4043757	21635116	0.8745	21640904	1.08431	21646707	1.21912	21635116	30355.6317895941	21640904	187344.94747812	21646707	3316947.47030645	21651699	87721	21657471	2363658	21663274	4338779	21651699	0.87415	21657471	1.08465	21663274	1.21886	21651699	100350.0543385	21657471	2179189.6003319	21663274	3559702.50890176
182	21721992	4187	21727780	16961	21733583	652900	21721992	0.87387	21727780	1.08412	21733583	1.21946	21721992	4791.33051826931	21727780	15644.9470538317	21733583	535400.915159169	21738544	92251	21744332	2253212	21750135	1290953	21738544	0.87479	21744332	1.08428	21750135	1.21911	21738544	105455.023491352	21744332	2078072.08470137	21750135	1058930.69534332	21755111	26438	21760899	202858	21766702	4040622	21755111	0.8734	21760899	1.08424	21766702	1.21817	21755111	30270.2083810396	21760899	187096.952704198	21766702	3316960.68693204	21771679	87792	21777466	2358879	21783269	4338988	21771679	0.87326	21777466	1.08482	21783269	1.21983	21771679	100533.632595103	21777466	2174442.76469829	21783269	3557043.1945435
183	21842003	4030	21847791	16981	21853594	652800	21842003	0.87375	21847791	1.08427	21853594	1.21927	21842003	4612.30329041488	21847791	15661.2282918461	21853594	535402.330902917	21858571	92992	21864358	2250033	21870162	1292804	21858571	0.87398	21864358	1.08426	21870162	1.21964	21858571	106400.604132818	21864358	2075178.46273034	21870162	1059988.19323735	21875138	26706	21880926	202632	21886729	4040264	21875138	0.87431	21880926	1.08505	21886729	1.21898	21875138	30545.2299527627	21880926	186748.99774204	21886729	3314462.91161463	21891705	87484	21897493	2352597	21903296	4332461	21891705	0.87402	21897493	1.08419	21903296	1.2189	21891705	100093.819363401	21897493	2169912.10027763	21903296	3554402.32996965
184	21962014	4036	21967802	16947	21973605	653949	21962014	0.87387	21967802	1.0849	21973605	1.21949	21962014	4618.53593783973	21967802	15620.7945432759	21973605	536247.939712503	21978566	92468	21984354	2250475	21990157	1288944	21978566	0.87381	21984354	1.08444	21990157	1.2184	21978566	105821.631704833	21984354	2075241.59935082	21990157	1057898.88378201	21995133	26669	22000921	201853	22006724	4036121	21995133	0.87376	22000921	1.08461	22006724	1.21932	21995133	30522.1113349203	22000921	186106.526769991	22006724	3310140.89820556	22011701	87737	22017488	2357205	22023291	4333307	22011701	0.87341	22017488	1.08434	22023291	1.219	22011701	100453.395312625	22017488	2173861.51944962	22023291	3554804.75799836
185	22082025	4229	22087813	17014	22093616	650173	22082025	0.87338	22087813	1.08412	22093616	1.2189	22082025	4842.10767363576	22087813	15693.8346308527	22093616	533409.631635081	22098593	92328	22104380	2251448	22110168	1289699	22098593	0.87408	22104380	1.0847	22110168	1.219	22098593	105628.775398133	22104380	2075641.19111275	22110168	1057997.53896637	22115144	26786	22120932	199616	22126735	4036000	22115144	0.87351	22120932	1.08411	22126735	1.21944	22115144	30664.7891838674	22120932	184128.916807335	22126735	3309715.93518336	22131696	87574	22137484	2355223	22143287	4325579	22131696	0.87351	22137484	1.08418	22143287	1.21911	22131696	100255.291868439	22137484	2172354.22162372	22143287	3548144.95820722
186	22202036	4174	22207824	16968	22213627	650286	22202036	0.87387	22207824	1.08433	22213627	1.21771	22202036	4776.45416366279	22207824	15648.3727278596	22213627	534023.700224191	22218604	92369	22224376	2249008	22230179	1289597	22218604	0.87371	22224376	1.08423	22230179	1.21801	22218604	105720.433553467	22224376	2074290.51031608	22230179	1058773.73748984	22235155	26744	22240943	200306	22246746	4024902	22235155	0.87428	22240943	1.08399	22246746	1.21911	22235155	30589.7424166171	22240943	184785.837507726	22246746	3301508.47749588	22251707	88264	22257495	2358244	22263313	4327602	22251707	0.87403	22257495	1.08429	22263313	1.21862	22251707	100985.092044895	22257495	2174919.99372861	22263313	3551231.72112718
187	22322048	4109	22327851	17047	22333654	651731	22322048	0.87331	22327851	1.08406	22333654	1.21853	22322048	4705.08754050681	22327851	15725.1443647031	22333654	534850.18834169	22338630	92661	22344418	2245859	22350237	1287214	22338630	0.87352	22344418	1.0837	22350237	1.21829	22338630	106077.708581372	22344418	2072399.18796715	22350237	1056574.37884248	22355213	26868	22360985	199408	22366788	4022756	22355213	0.87354	22360985	1.08376	22366788	1.21895	22355213	30757.6069785013	22360985	183996.456780099	22366788	3300181.30358095	22371765	88413	22377537	2357492	22383356	4330817	22371765	0.87365	22377537	1.08458	22383356	1.21932	22371765	101199.56504321	22377537	2173645.09764148	22383356	3551829.70836204
188	22442059	4257	22447846	16997	22453649	651999	22442059	0.8729	22447846	1.08393	22453649	1.21864	22442059	4876.84729064039	22447846	15680.9019032594	22453649	535021.827611108	22458626	92644	22464413	2248883	22470232	1285974	22458626	0.87341	22464413	1.08398	22470232	1.22006	22458626	106071.60440114	22464413	2074653.59139468	22470232	1054025.21187483	22475209	26752	22480996	198496	22486799	4018934	22475209	0.87407	22480996	1.08426	22486799	1.21898	22475209	30606.2443511389	22480996	183070.481249885	22486799	3296964.67538434	22491760	87569	22497548	2359025	22503351	4320098	22491760	0.87442	22497548	1.0849	22503351	1.21863	22491760	100145.239129938	22497548	2174416.99695825	22503351	3545044.84544119
189	22562070	4213	22567857	17200	22573660	653751	22562070	0.87355	22567857	1.08399	22573660	1.21807	22562070	4822.8492931143	22567857	15867.3050489396	22573660	536710.533877363	22578637	92330	22584409	2248718	22590212	1284481	22578637	0.8733	22584409	1.08387	22590212	1.21906	22578637	105725.40936677	22584409	2074711.91194516	22590212	1053665.11902613	22595204	26591	22600976	198756	22606779	4014733	22595204	0.873	22600976	1.08343	22606779	1.21908	22595204	30459.3356242841	22600976	183450.707475333	22606779	3293248.18715753	22611756	88031	22617559	2356875	22623362	4322248	22611756	0.87451	22617559	1.08466	22623362	1.21967	22611756	100663.228550846	22617559	2172915.93679125	22623362	3543784.79424762
190	22682081	4059	22687868	16971	22693687	654098	22682081	0.87423	22687868	1.08464	22693687	1.22051	22682081	4642.94293263786	22687868	15646.6661749521	22693687	535921.868727008	22698648	92367	22704420	2253369	22710223	1284093	22698648	0.87487	22704420	1.08581	22710223	1.21966	22698648	105577.97158435	22704420	2075288.49430379	22710223	1052828.65716675	22715199	26523	22720987	197983	22726790	4012889	22715199	0.87394	22720987	1.08468	22726790	1.21919	22715199	30348.7653614665	22720987	182526.643802781	22726790	3291438.57807233	22731767	87320	22737554	2354902	22743373	4323958	22731767	0.87336	22737554	1.08449	22743373	1.2204	22731767	99981.6799487039	22737554	2171437.26544274	22743373	3543066.20780072
191	22802092	4094	22807879	17129	22813682	653658	22802092	0.87448	22807879	1.08528	22813682	1.21949	22802092	4681.6393742567	22807879	15783.0237358101	22813682	536009.31536954	22818643	93332	22824431	2247438	22830234	1286241	22818643	0.87416	22824431	1.08526	22830234	1.21981	22818643	106767.639791343	22824431	2070875.18198404	22830234	1054460.12083849	22835210	26384	22840998	196405	22846786	4008165	22835210	0.87427	22840998	1.08518	22846786	1.21944	22835210	30178.3201985657	22840998	180988.407453141	22846786	3286889.88388113	22851762	87297	22857550	2352143	22863353	4318221	22851762	0.87469	22857550	1.0848	22863353	1.21926	22851762	99803.3589042975	22857550	2168273.41445428	22863353	3541673.63810836
192	22922103	4217	22927906	17125	22933693	652165	22922103	0.87488	22927906	1.08513	22933693	1.21921	22922103	4820.08961228969	22927906	15781.5192649729	22933693	534907.850165271	22938670	92530	22944442	2251776	22950245	1286216	22938670	0.87485	22944442	1.08578	22950245	1.22114	22938670	105766.702863348	22944442	2073878.68629004	22950245	1053291.18692369	22955237	26882	22961009	196217	22966812	4003356	22955237	0.8738	22961009	1.08569	22966812	1.22096	22955237	30764.4769970245	22961009	180730.226860338	22966812	3278859.25828856	22971820	87394	22977592	2354235	22983395	4312770	22971820	0.8745	22977592	1.08548	22983395	1.21904	22971820	99935.9634076615	22977592	2168842.35545565	22983395	3537841.25213283
193	23042114	4124	23047917	17091	23053704	652059	23042114	0.87445	23047917	1.08481	23053704	1.21941	23042114	4716.10726742524	23047917	15754.8326435044	23053704	534733.190641376	23058681	92780	23064468	2246470	23070272	1281232	23058681	0.87445	23064468	1.08479	23070272	1.2195	23058681	106100.977757448	23064468	2070880.07817181	23070272	1050620.74620746	23075248	26664	23081036	197058	23086839	4003304	23075248	0.87433	23081036	1.08503	23086839	1.21976	23075248	30496.494458614	23081036	181615.254877745	23086839	3282042.36899062	23091815	87745	23097603	2353515	23103406	4310384	23091815	0.87373	23097603	1.08449	23103406	1.21922	23091815	100425.76081856	23097603	2170158.32326716	23103406	3535361.95272387
194	23162125	4214	23167912	16937	23173715	652200	23162125	0.87484	23167912	1.08467	23173715	1.21943	23162125	4816.88080106077	23167912	15614.8874772972	23173715	534840.04821925	23178692	93470	23184464	2250955	23190267	1282362	23178692	0.87484	23184464	1.0852	23190267	1.21924	23178692	106842.394037767	23184464	2074230.55657943	23190267	1051771.5954201	23195243	26666	23201031	195661	23206834	3998164	23195243	0.87413	23201031	1.08503	23206834	1.21955	23195243	30505.7600128127	23201031	180327.732873745	23206834	3278392.84982166	23211795	87824	23217583	2357450	23223401	4310147	23211795	0.8743	23217583	1.08486	23223401	1.22004	23211795	100450.646231271	23217583	2173045.36990948	23223401	3532791.5478181
195	23282136	4227	23287923	17169	23293726	649363	23282136	0.87389	23287923	1.08394	23293726	1.21907	23282136	4836.99321424893	23287923	15839.4376072476	23293726	532670.806434413	23298703	93097	23304475	2255073	23310278	1282807	23298703	0.87401	23304475	1.08456	23310278	1.21883	23298703	106517.087905173	23304475	2079251.4936933	23310278	1052490.50318748	23315254	26733	23321042	194685	23326845	3995452	23315254	0.87386	23321042	1.08445	23326845	1.21943	23315254	30591.8568191701	23321042	179524.182765457	23326845	3276491.47552545	23331822	87882	23337609	2346948	23343428	4309832	23331822	0.87447	23337609	1.08429	23343428	1.22061	23331822	100497.444166181	23337609	2164502.11659242	23343428	3530883.73845864
196	23402147	4143	23407934	17077	23413753	651075	23402147	0.8741	23407934	1.08517	23413753	1.21892	23402147	4739.73229607596	23407934	15736.7048480883	23413753	534140.878810751	23418714	92769	23424486	2256743	23430289	1281776	23418714	0.87419	23424486	1.08502	23430289	1.22011	23418714	106119.951040392	23424486	2079909.12609906	23430289	1050541.34463286	23435265	26472	23441053	194965	23446856	3989036	23435265	0.87407	23441053	1.08438	23446856	1.21845	23435265	30285.9038749757	23441053	179793.983658865	23446856	3273861.05297714	23451817	87560	23457605	2353056	23463408	4300341	23451817	0.87375	23457605	1.08444	23463408	1.21871	23451817	100211.731044349	23457605	2169835.12227509	23463408	3528600.73356254
197	23522158	4046	23527945	17041	23533764	650628	23522158	0.87402	23527945	1.08449	23533764	1.21886	23522158	4629.18468684927	23527945	15713.3767946224	23533764	533800.436473426	23538740	92840	23544528	2246665	23550347	1282128	23538740	0.87372	23544528	1.08393	23550347	1.21932	23538740	106258.297852859	23544528	2072703.03432879	23550347	1051510.67808287	23555323	26657	23561095	193043	23566898	3984653	23555323	0.87411	23561095	1.08428	23566898	1.21926	23555323	30496.1618102985	23561095	178037.960674365	23566898	3268091.30128111	23571875	87322	23577663	2350479	23583450	4298620	23571875	0.87403	23577663	1.08398	23583450	1.21908	23571875	99907.3258354976	23577663	2168378.56787026	23583450	3526118.05623913
198	23642169	4099	23647956	16995	23653759	652718	23642169	0.87383	23647956	1.08449	23653759	1.21923	23642169	4690.8437567948	23647956	15670.9605436657	23653759	535352.640601035	23658720	92878	23664508	2251892	23670311	1278216	23658720	0.87389	23664508	1.08517	23670311	1.21969	23658720	106281.110894964	23664508	2075151.35877328	23670311	1047984.32388558	23675287	27058	23681075	193544	23686878	3980010	23675287	0.87442	23681075	1.08503	23686878	1.21961	23675287	30943.9399830745	23681075	178376.634747426	23686878	3263346.47961234	23691855	86925	23697642	2351006	23703446	4297769	23691855	0.87385	23697642	1.08427	23703446	1.219	23691855	99473.5938662242	23697642	2168284.65234674	23703446	3525651.3535685
199	23762180	4234	23767983	17286	23773770	650999	23762180	0.87442	23767983	1.08491	23773770	1.21974	23762180	4842.06674138286	23767983	15933.1188762201	23773770	533719.481200912	23778747	92240	23784534	2246915	23790338	1281378	23778747	0.8735	23784534	1.08497	23790338	1.22081	23778747	105598.168288495	23784534	2070946.66211969	23790338	1049612.96188596	23795314	26807	23801102	192889	23806889	3975783	23795314	0.87446	23801102	1.08532	23806889	1.21858	23795314	30655.4902454086	23801102	177725.463457782	23806889	3262636.0189729	23811866	87364	23817669	2348899	23823472	4300395	23811866	0.87338	23817669	1.08503	23823472	1.22015	23811866	100029.769401635	23817669	2164824.01408256	23823472	3524480.59664795
200	23882191	4151	23887978	17200	23893797	652386	23882191	0.87354	23887978	1.08492	23893797	1.2203	23882191	4751.92893284795	23887978	15853.7034988755	23893797	534611.161189871	23898773	92975	23904545	2252886	23910349	1278250	23898773	0.87405	23904545	1.08512	23910349	1.21946	23898773	106372.633144557	23904545	2076163.00501327	23910349	1048209.86338215	23915325	26576	23921113	192130	23926900	3972462	23915325	0.87412	23921113	1.08421	23926900	1.21876	23915325	30403.1483091566	23921113	177207.367576392	23926900	3259429.25596508	23931877	87475	23937680	2352990	23943483	4292962	23931877	0.87482	23937680	1.08551	23943483	1.21927	23931877	99991.9983539471	23937680	2167635.48930917	23943483	3520928.09631993
201	24002202	4130	24007989	17140	24013792	653321	24002202	0.87415	24007989	1.08423	24013792	1.22035	24002202	4724.589601327	24007989	15808.4539258275	24013792	535355.430819027	24018769	93155	24024541	2251572	24030344	1279011	24018769	0.87462	24024541	1.08527	24030344	1.21934	24018769	106509.11252887	24024541	2074665.290665	24030344	1048937.12992275	24035321	26550	24041108	191584	24046911	3970334	24035321	0.87447	24041108	1.08483	24046911	1.21952	24035321	30361.2473841298	24041108	176602.785689924	24046911	3255653.04382052	24051888	87562	24057691	2351978	24063494	4292074	24051888	0.87353	24057691	1.08523	24063494	1.21861	24051888	100239.259098142	24057691	2167262.23934097	24063494	3522106.33426609
202	24122213	4118	24128000	17088	24133803	650407	24122213	0.87427	24128000	1.08603	24133803	1.21955	24122213	4710.2153796882	24128000	15734.3719786746	24133803	533317.207166578	24138780	93024	24144568	2254886	24150355	1278249	24138780	0.8741	24144568	1.08621	24150355	1.22058	24138780	106422.606109141	24144568	2075920.86244833	24150355	1047247.21034262	24155332	26634	24161119	191048	24166922	3965141	24155332	0.87481	24161119	1.08545	24166922	1.22006	24155332	30445.4681588002	24161119	176008.10723663	24166922	3249955.73988165	24171899	87960	24177686	2351299	24183490	4296274	24171899	0.87383	24177686	1.08537	24183490	1.22038	24171899	100660.311502237	24177686	2166357.09481559	24183490	3520439.53522673
203	24242224	4024	24248011	16959	24253814	651345	24242224	0.87473	24248011	1.08556	24253814	1.22012	24242224	4600.27665679695	24248011	15622.3515973323	24253814	533836.835721077	24258791	93019	24264563	2253573	24270366	1276477	24258791	0.87489	24264563	1.08527	24270366	1.22071	24258791	106320.79461418	24264563	2076509.0714753	24270366	1045684.06910732	24275358	27033	24281146	190371	24286933	3964634	24275358	0.87444	24281146	1.08592	24286933	1.22099	24275358	30914.6425140661	24281146	175308.49418005	24286933	3247065.08652815	24291925	87680	24297713	2349928	24303516	4283457	24291925	0.87445	24297713	1.08547	24303516	1.21931	24291925	100268.740351078	24297713	2164894.46967673	24303516	3513017.19825147
204	24362235	4131	24368038	16941	24373841	650767	24362235	0.87403	24368038	1.08475	24373841	1.21968	24362235	4726.38238962049	24368038	15617.42336944	24373841	533555.522760068	24378802	92937	24384590	2255014	24390393	1280194	24378802	0.87515	24384590	1.08635	24390393	1.22024	24378802	106195.509341256	24384590	2075771.16030745	24390393	1049132.95745099	24395369	26743	24401141	189788	24406944	3966971	24395369	0.8745	24401141	1.08581	24406944	1.22159	24395369	30580.9033733562	24401141	174789.327782945	24406944	3247383.32828527	24411936	87455	24417724	2350982	24423527	4285228	24411936	0.87512	24417724	1.08591	24423527	1.221	24411936	99934.8660755097	24417724	2164987.89034082	24423527	3509605.24160524
205	24482246	4049	24488033	17021	24493837	648891	24482246	0.87462	24488033	1.08535	24493837	1.22027	24482246	4629.43907068213	24488033	15682.4987331276	24493837	531760.184221525	24498813	92791	24504601	2252473	24510388	1278843	24498813	0.87475	24504601	1.08558	24510388	1.22058	24498813	106077.164904258	24504601	2074902.81692736	24510388	1047733.86422848	24515380	26355	24521168	190093	24526955	3963296	24515380	0.87429	24521168	1.0848	24526955	1.22055	24515380	30144.4600761761	24521168	175233.222713864	24526955	3247139.40436688	24531932	87500	24537719	2345784	24543538	4283194	24531932	0.8742	24537719	1.08514	24543538	1.22088	24531932	100091.512239762	24537719	2161733.96981035	24543538	3508284.18845423
206	24602257	4031	24608044	16767	24613848	650785	24602257	0.87378	24608044	1.08518	24613848	1.21999	24602257	4613.28938634439	24608044	15450.8929394202	24613848	533434.700284429	24618824	93119	24624596	2254131	24630399	1279618	24618824	0.87378	24624596	1.08544	24630399	1.22114	24618824	106570.303737783	24624596	2076697.92895047	24630399	1047888.03904548	24635376	26981	24641163	190540	24646966	3952261	24635376	0.87458	24641163	1.08529	24646966	1.22006	24635376	30850.2366850374	24641163	175565.977757097	24646966	3239398.8820222	24651943	87651	24657730	2348870	24663534	4282281	24651943	0.87513	24657730	1.08644	24663534	1.22065	24651943	100157.690857358	24657730	2161987.77659144	24663534	3508197.27194527
207	24722268	4236	24728055	16994	24733859	651018	24722268	0.87445	24728055	1.08518	24733859	1.21988	24722268	4844.18777517297	24728055	15660.0748262961	24733859	533673.80398072	24738835	93356	24744607	2253155	24750410	1278994	24738835	0.87487	24744607	1.08484	24750410	1.22044	24738835	106708.425251752	24744607	2076946.83086907	24750410	1047977.77850611	24755387	26804	24761159	189180	24766962	3954933	24755387	0.87429	24761159	1.08498	24766962	1.22106	24755387	30658.0196502305	24761159	174362.661062877	24766962	3238934.20470739	24771938	87374	24777726	2345504	24783529	4280922	24771938	0.87512	24777726	1.08591	24783529	1.22034	24771938	99842.3073407076	24777726	2159943.27338361	24783529	3507974.82668764
208	24842279	4168	24848066	16937	24853885	649852	24842279	0.87554	24848066	1.08614	24853885	1.22047	24842279	4760.49066861594	24848066	15593.7540280259	24853885	532460.445566052	24858846	93378	24864634	2251305	24870437	1276533	24858846	0.87481	24864634	1.08511	24870437	1.21994	24858846	106740.892308044	24864634	2074725.14307305	24870437	1046389.98639277	24875413	26665	24881201	189144	24887004	3946505	24875413	0.87485	24881201	1.0857	24887004	1.22044	24875413	30479.5107732754	24881201	174213.871235148	24887004	3233673.92088099	24891965	87740	24897768	2351522	24903571	4279934	24891965	0.87423	24897768	1.08611	24903571	1.22116	24891965	100362.604806515	24897768	2165086.40929556	24903571	3504810.18048413
209	24962290	4209	24968093	17388	24973896	650585	24962290	0.87403	24968093	1.08485	24973896	1.22045	24962290	4815.62417765981	24968093	16028.0223072314	24973896	533069.769347372	24978873	92888	24984645	2249678	24990448	1280085	24978873	0.87481	24984645	1.0852	24990448	1.22051	24978873	106180.770681634	24984645	2073053.81496498	24990448	1048811.56237966	24995440	26530	25001212	188837	25007015	3942535	24995440	0.87443	25001212	1.08522	25007015	1.22008	24995440	30339.7641892433	25001212	174008.035237095	25007015	3231374.17218543	25012007	86896	25017795	2351221	25023598	4275819	25012007	0.87394	25017795	1.08522	25023598	1.22031	25012007	99430.1668306749	25017795	2166584.65564586	25023598	3503879.34213438
210	25082301	4113	25088088	16775	25093907	649783	25082301	0.87443	25088088	1.08505	25093907	1.21956	25082301	4703.63551113297	25088088	15460.1170452975	25093907	532801.174193972	25098868	93017	25104640	2250949	25110443	1276384	25098868	0.87392	25104640	1.08488	25110443	1.2199	25098868	106436.515928231	25104640	2074836.84831502	25110443	1046302.15591442	25115435	27011	25121207	186949	25127010	3939544	25115435	0.87447	25121207	1.08515	25127010	1.2199	25115435	30888.4238453006	25121207	172279.408376722	25127010	3229399.13107632	25131987	87321	25137774	2349829	25143593	4271986	25131987	0.8747	25137774	1.08535	25143593	1.22057	25131987	99829.6558820167	25137774	2165042.61298199	25143593	3499992.62639586
211	25202312	4129	25208099	17030	25213918	651510	25202312	0.87385	25208099	1.08517	25213918	1.22003	25202312	4725.06723121817	25208099	15693.3936618226	25213918	534011.458734621	25218910	93645	25224682	2247860	25230501	1274656	25218910	0.87432	25224682	1.08469	25230501	1.21963	25218910	107106.093878671	25224682	2072352.46936913	25230501	1045116.9617015	25235477	26699	25241265	188035	25247068	3934468	25235477	0.87444	25241265	1.0851	25247068	1.22024	25235477	30532.6837747587	25241265	173288.176204958	25247068	3224339.4742018	25252045	86962	25257832	2343066	25263620	4271966	25252045	0.87372	25257832	1.08458	25263620	1.22066	25252045	99530.7421141785	25257832	2160344.09633222	25263620	3499718.18524405
212	25322323	3958	25328095	16970	25333929	652435	25322323	0.87469	25328095	1.08434	25333929	1.21873	25322323	4525.03172552562	25328095	15650.0728553775	25333929	535340.06711905	25338890	93603	25344678	2247648	25350465	1275797	25338890	0.87396	25344678	1.08469	25350465	1.22015	25338890	107102.155705067	25344678	2072157.0218219	25350465	1045606.68770233	25355442	26354	25361229	187340	25367032	3930142	25355442	0.87458	25361229	1.08478	25367032	1.21966	25355442	30133.3211370029	25361229	172698.611700068	25367032	3222325.89410164	25371993	87183	25377781	2344548	25383584	4269501	25371993	0.87368	25377781	1.0844	25383584	1.21973	25371993	99788.2519915759	25377781	2162069.34710439	25383584	3500365.65469407
213	25442334	4179	25448121	17089	25453925	651288	25442334	0.87377	25448121	1.08457	25453925	1.21906	25442334	4782.72314224567	25448121	15756.4749163263	25453925	534254.261480157	25458901	92826	25464689	2249038	25470492	1275454	25458901	0.87395	25464689	1.08487	25470492	1.21985	25458901	106214.314320041	25464689	2073094.47214874	25470492	1045582.65360495	25475468	26809	25481240	186440	25487043	3924605	25475468	0.87426	25481240	1.08497	25487043	1.2203	25475468	30664.7907945005	25481240	171838.852687171	25487043	3216098.50036876	25492020	87446	25497807	2343035	25503626	4265212	25492020	0.87435	25497807	1.08463	25503626	1.21929	25492020	100012.580774289	25497807	2160215.92616837	25503626	3498111.19585989
214	25562345	4112	25568132	17178	25573936	650965	25562345	0.87364	25568132	1.08436	25573936	1.21965	25562345	4706.74419669429	25568132	15841.6024198606	25573936	533730.988398311	25578896	93517	25584684	2249118	25590487	1275710	25578896	0.87371	25584684	1.08464	25590487	1.21968	25578896	107034.370672191	25584684	2073607.83301372	25590487	1045938.27889282	25595464	26863	25601251	185966	25607054	3918007	25595464	0.8735	25601251	1.08502	25607054	1.21926	25595464	30753.2913566113	25601251	171394.075685241	25607054	3213430.27738136	25612031	87155	25617818	2347857	25623622	4266123	25612031	0.87428	25617818	1.08482	25623622	1.21951	25612031	99687.7430571442	25617818	2164282.55378773	25623622	3498227.15680888
215	25682356	4019	25688143	17035	25693947	650243	25682356	0.87431	25688143	1.08492	25693947	1.22078	25682356	4596.76773684391	25688143	15701.61855252	25693947	532645.521715624	25698923	93761	25704711	2249835	25710514	1276507	25698923	0.87419	25704711	1.08517	25710514	1.22075	25698923	107254.715794049	25704711	2073255.8032382	25710514	1045674.38050379	25715490	26532	25721278	186197	25727081	3920071	25715490	0.87471	25721278	1.08652	25727081	1.22042	25715490	30332.3387179751	25721278	171370.062216986	25727081	3212067.15720817	25732057	87954	25737845	2343291	25743648	4261403	25732057	0.87432	25737845	1.08524	25743648	1.2195	25732057	100597.035410376	25737845	2159237.58799897	25743648	3494385.40385404
216	25802367	4151	25808170	16965	25813973	649344	25802367	0.87384	25808170	1.08457	25813973	1.22014	25802367	4750.2975373066	25808170	15642.1438911274	25813973	532188.109561198	25818950	93941	25824737	2251264	25830540	1278637	25818950	0.87445	25824737	1.08565	25830540	1.21986	25818950	107428.669449368	25824737	2073655.4138074	25830540	1048183.39809486	25835517	26752	25841304	185567	25847108	3919855	25835517	0.87484	25841304	1.08591	25847108	1.22023	25835517	30579.3059302272	25841304	170886.169203709	25847108	3212390.28707703	25852084	87283	25857856	2345948	25863675	4258331	25852084	0.87503	25857856	1.08546	25863675	1.21979	25852084	99748.580048684	25857856	2161247.76592412	25863675	3491036.16196231
217	25922378	4089	25928165	17193	25933969	651220	25922378	0.87477	25928165	1.08481	25933969	1.21924	25922378	4674.3715490929	25928165	15848.858325421	25933969	534119.615498179	25938945	93754	25944717	2256895	25950520	1279136	25938945	0.87417	25944717	1.08513	25950520	1.2198	25938945	107249.162062299	25944717	2079838.36038078	25950520	1048644.04000656	25955497	26697	25961284	185118	25967088	3916796	25955497	0.87511	25961284	1.08491	25967088	1.21997	25955497	30507.0219743804	25961284	170629.821828539	25967088	3210567.47297065	25972048	86811	25977852	2341039	25983655	4259481	25972048	0.87444	25977852	1.08487	25983655	1.21976	25972048	99276.1081377796	25977852	2157898.18134892	25983655	3492064.83242605
218	26042389	4024	26048176	17127	26053980	650381	26042389	0.87438	26048176	1.08509	26053980	1.22037	26042389	4602.11807223404	26048176	15783.9441889613	26053980	532937.551726116	26058956	94173	26064744	2255985	26070531	1277233	26058956	0.87442	26064744	1.08557	26070531	1.2202	26058956	107697.673886691	26064744	2078157.09719318	26070531	1046740.69824619	26075508	26927	26081295	185118	26087099	3909903	26075508	0.87437	26081295	1.08477	26087099	1.22012	26075508	30795.887324588	26081295	170651.843247877	26087099	3204523.32557453	26092075	87322	26097863	2344655	26103681	4250727	26092075	0.87426	26097863	1.08489	26103681	1.21894	26092075	99881.0422528767	26097863	2161191.45719843	26103681	3487232.34941835
219	26162400	4044	26168187	17110	26174006	649523	26162400	0.8748	26168187	1.08442	26174006	1.2193	26162400	4622.77091906721	26168187	15778.0195865071	26174006	532701.550069712	26178967	93323	26184755	2252428	26190558	1272621	26178967	0.87465	26184755	1.08532	26190558	1.21876	26178967	106697.53615732	26184755	2075358.41963661	26190558	1044193.27841413	26195534	26788	26201322	183911	26207110	3908083	26195534	0.87445	26201322	1.08553	26207110	1.21946	26195534	30634.1128709475	26201322	169420.467421444	26207110	3204765.22395159	26212086	87322	26217874	2346654	26223692	4254913	26212086	0.87457	26217874	1.08576	26223692	1.21952	26212086	99845.6384280275	26217874	2161300.83996463	26223692	3489006.33035949
220	26282411	4101	26288214	17020	26294017	650777	26282411	0.87466	26288214	1.08553	26294017	1.21944	26282411	4688.67902956577	26288214	15678.9770895323	26294017	533668.733189005	26298994	93666	26304766	2249221	26310569	1277511	26298994	0.87412	26304766	1.08547	26310569	1.21972	26298994	107154.624079074	26304766	2072117.1474108	26310569	1047380.5463549	26315545	26663	26321333	183854	26327121	3904844	26315545	0.87388	26321333	1.08632	26327121	1.21956	26315545	30511.0541493111	26321333	169244.789748877	26327121	3201846.56761455	26332097	87487	26337885	2344935	26343703	4247611	26332097	0.8747	26337885	1.08595	26343703	1.21958	26332097	100019.435234938	26337885	2159339.74860721	26343703	3482847.37368602
221	26402422	4122	26408209	17138	26414013	651128	26402422	0.87435	26408209	1.08427	26414013	1.21882	26402422	4714.3592382913	26408209	15806.0261742924	26414013	534228.187919463	26418989	93296	26424761	2250839	26430564	1272033	26418989	0.87376	26424761	1.08519	26430564	1.21876	26418989	106775.315876213	26424761	2074142.77684092	26430564	1043710.82083429	26435541	26697	26441328	184470	26447132	3893930	26435541	0.87459	26441328	1.08399	26447132	1.21946	26435541	30525.1603608548	26441328	170176.846649877	26447132	3193159.26721664	26452108	87575	26457896	2340480	26463714	4247512	26452108	0.87366	26457896	1.08471	26463714	1.21879	26452108	100239.223496555	26457896	2157701.13670935	26463714	3485023.67101798
222	26522433	4134	26528220	17108	26534039	649934	26522433	0.87391	26528220	1.08409	26534039	1.2198	26522433	4730.46423544759	26528220	15780.9775941112	26534039	532820.13444827	26539016	93605	26544788	2253049	26550607	1273441	26539016	0.87373	26544788	1.08522	26550607	1.21946	26539016	107132.638229201	26544788	2076121.89233519	26550607	1044266.31459826	26555599	27045	26561371	182941	26567174	3893266	26555599	0.87379	26561371	1.08461	26567174	1.21953	26555599	30951.3727554676	26561371	168669.844460221	26567174	3192431.51049995	26572150	87352	26577938	2341269	26583741	4243333	26572150	0.87404	26577938	1.08531	26583741	1.21932	26572150	99940.5061553247	26577938	2157235.25997181	26583741	3480081.52084769
223	26642444	4082	26648232	17011	26654050	649260	26642444	0.87433	26648232	1.08461	26654050	1.21945	26642444	4668.71776102845	26648232	15683.9785729433	26654050	532420.353438025	26659011	93799	26664799	2251314	26670586	1274338	26659011	0.87458	26664799	1.08502	26670586	1.2196	26659011	107250.337304763	26664799	2074905.53169527	26670586	1044881.92850115	26675563	26494	26681350	183498	26687154	3882922	26675563	0.8737	26681350	1.08496	26687154	1.2192	26675563	30323.9098088589	26681350	169128.815808878	26687154	3184811.35170604	26692130	87291	26697918	2341137	26703721	4244228	26692130	0.87416	26697918	1.08418	26703721	1.21922	26692130	99857.0055825021	26697918	2159361.91407331	26703721	3481101.03180722
224	26762455	4111	26768243	17373	26774046	648585	26762455	0.87429	26768243	1.08544	26774046	1.21944	26762455	4702.10113349118	26768243	16005.4908608491	26774046	531871.186774257	26779022	94537	26784810	2254499	26790613	1274264	26779022	0.8748	26784810	1.0854	26790613	1.21958	26779022	108066.986739826	26784810	2077113.50654137	26790613	1044838.38698568	26795589	26589	26801377	182812	26807180	3885127	26795589	0.87396	26801377	1.08509	26807180	1.22013	26795589	30423.5891802828	26801377	168476.347584071	26807180	3184191.0288248	26812157	87339	26817944	2343339	26823747	4241907	26812157	0.87397	26817944	1.08515	26823747	1.2196	26812157	99933.6361660011	26817944	2159460.90402249	26823747	3478113.31584126
225	26882466	4089	26888254	16923	26894072	649718	26882466	0.87425	26888254	1.08509	26894072	1.22051	26882466	4677.15184443809	26888254	15595.9413504871	26894072	532333.204971692	26899033	94573	26904821	2249695	26910624	1275099	26899033	0.87447	26904821	1.08507	26910624	1.22081	26899033	108148.935926904	26904821	2073317.85046126	26910624	1044469.65539273	26915600	26951	26921404	182166	26927207	3875758	26915600	0.87395	26921404	1.08488	26927207	1.21995	26915600	30838.1486355055	26921404	167913.501954133	26927207	3176981.02381245	26932183	87582	26937971	2338107	26943774	4239923	26932183	0.87458	26937971	1.08453	26943774	1.22032	26932183	100141.782341238	26937971	2155871.20688224	26943774	3474435.39399502
226	27002477	4191	27008265	16675	27014083	649892	27002477	0.87434	27008265	1.08445	27014083	1.2197	27002477	4793.32982592584	27008265	15376.4581124072	27014083	532829.384274822	27019060	93575	27024832	2256370	27030635	1276988	27019060	0.87418	27024832	1.08565	27030635	1.2211	27019060	107043.171886797	27024832	2078358.5870216	27030635	1045768.56932274	27035627	26674	27041399	182316	27047202	3881002	27035627	0.87419	27041399	1.08496	27047202	1.22107	27035627	30512.8175797024	27041399	168039.374723492	27047202	3178361.60089102	27052194	87541	27057982	2341322	27063785	4231921	27052194	0.87439	27057982	1.08567	27063785	1.22033	27052194	100116.652752204	27057982	2156568.75477816	27063785	3467849.68000459
227	27122488	4069	27128291	16800	27134094	649984	27122488	0.8747	27128291	1.08513	27134094	1.22044	27122488	4651.8806447925	27128291	15482.0159796522	27134094	532581.691848841	27139071	93795	27144843	2249120	27150646	1276387	27139071	0.87438	27144843	1.08468	27150646	1.22004	27139071	107270.294380018	27144843	2073533.20795073	27150646	1046184.55132619	27155622	27035	27161394	180849	27167198	3874685	27155622	0.87405	27161394	1.08433	27167198	1.21926	27155622	30930.7247869115	27161394	166784.097092214	27167198	3177898.88949035	27172174	87409	27177962	2335416	27183780	4232403	27172174	0.87447	27177962	1.08488	27183780	1.22025	27172174	99956.5451073221	27177962	2152695.22896542	27183780	3468472.03441918
228	27242499	4165	27248302	17099	27254105	649189	27242499	0.8735	27248302	1.08472	27254105	1.21934	27242499	4768.17401259302	27248302	15763.5150084815	27254105	532410.156314072	27259082	93834	27264854	2253423	27270657	1275628	27259082	0.87371	27264854	1.08477	27270657	1.21912	27259082	107397.191287727	27264854	2077327.91282945	27270657	1046351.46663167	27275633	27051	27281405	181026	27287209	3867557	27275633	0.87423	27281405	1.08426	27287209	1.21908	27275633	30942.6581105659	27281405	166958.10967849	27287209	3172521.08147127	27292169	87490	27297973	2333502	27303791	4223985	27292169	0.87333	27297973	1.08384	27303791	1.21988	27292169	100179.771678518	27297973	2152994.90699734	27303791	3462623.37279077
229	27362510	4117	27368298	16898	27374116	648338	27362510	0.87352	27368298	1.08422	27374116	1.21965	27362510	4713.11475409836	27368298	15585.397797495	27374116	531577.091788628	27379077	93864	27384865	2252496	27390668	1276634	27379077	0.87345	27384865	1.08385	27390668	1.21962	27379077	107463.506783445	27384865	2078235.91825437	27390668	1046747.34753448	27395644	27060	27401432	181022	27407220	3870825	27395644	0.87393	27401432	1.08437	27407220	1.2203	27395644	30963.5783186296	27401432	166937.484437969	27407220	3172027.37031877	27412212	87650	27417999	2335603	27423802	4226589	27412212	0.87466	27417999	1.0849	27423802	1.21997	27412212	100210.367457069	27417999	2152827.91040649	27423802	3464502.40579686
230	27482521	4180	27488309	16894	27494127	648156	27482521	0.8744	27488309	1.08462	27494127	1.22024	27482521	4780.4208600183	27488309	15575.9620881046	27494127	531170.917196617	27499088	94130	27504876	2255632	27510679	1275485	27499088	0.87484	27504876	1.08503	27510679	1.21964	27499088	107596.817703809	27504876	2078866.02213764	27510679	1045788.10140697	27515655	26775	27521427	180461	27527231	3864336	27515655	0.87373	27521427	1.08446	27527231	1.22004	27515655	30644.4782713195	27521427	166406.322040463	27527231	3167384.67591227	27532191	87417	27537979	2338324	27543813	4223198	27532191	0.87409	27537979	1.08417	27543813	1.21953	27532191	100009.152375613	27537979	2156787.21971647	27543813	3462971.80061171
231	27602532	4075	27608320	17124	27614138	649972	27602532	0.87391	27608320	1.08508	27614138	1.22026	27602532	4662.95156251788	27608320	15781.3248792716	27614138	532650.418763214	27619099	94036	27624887	2247994	27630690	1274322	27619099	0.8739	27624887	1.08411	27630690	1.22011	27619099	107604.989129191	27624887	2073584.7838319	27630690	1044432.05940448	27635666	26868	27641454	180909	27647242	3857499	27635666	0.87502	27641454	1.08522	27647242	1.21954	27635666	30705.5838723686	27641454	166702.604080279	27647242	3163077.06184299	27652218	87651	27658006	2341818	27663809	4224495	27652218	0.87368	27658006	1.0854	27663809	1.21992	27652218	100323.917223697	27658006	2157562.18905473	27663809	3462927.89691127
232	27722543	4163	27728331	16867	27734134	649914	27722543	0.87402	27728331	1.08408	27734134	1.21965	27722543	4763.04890048283	27728331	15558.8148476127	27734134	532869.265772968	27739110	94241	27744898	2247834	27750701	1274783	27739110	0.87354	27744898	1.08428	27750701	1.21958	27739110	107884.012180324	27744898	2073112.11126277	27750701	1045263.94332475	27755677	26759	27761465	179711	27767268	3852892	27755677	0.87408	27761465	1.08475	27767268	1.22013	27755677	30613.9026176094	27761465	165670.430974879	27767268	3157771.71285027	27772245	87566	27778032	2339750	27783835	4220315	27772245	0.87473	27778032	1.08475	27783835	1.21957	27772245	100106.318521144	27778032	2156948.60566951	27783835	3460494.27257148
233	27842554	4063	27848342	17034	27854145	648696	27842554	0.87409	27848342	1.08493	27854145	1.22056	27842554	4648.26276470386	27848342	15700.5521093527	27854145	531474.077472636	27859121	93463	27864893	2249849	27870696	1275569	27859121	0.87438	27864893	1.08544	27870696	1.22045	27859121	106890.596765708	27864893	2072752.98496462	27870696	1045162.84976853	27875688	26739	27881476	179676	27887264	3844474	27875688	0.87415	27881476	1.0849	27887264	1.2187	27875688	30588.5717554196	27881476	165615.264079639	27887264	3154569.62336916	27892240	87342	27898043	2334622	27903847	4216394	27892240	0.87428	27898043	1.08479	27903847	1.21961	27892240	99901.6333440088	27898043	2152141.88921358	27903847	3457165.81530161
234	27962565	4098	27968353	17108	27974171	648596	27962565	0.87456	27968353	1.08546	27974171	1.2203	27962565	4685.7848518112	27968353	15761.05982717	27974171	531505.367532574	27979132	94048	27984920	2252572	27990707	1274045	27979132	0.87388	27984920	1.08483	27990707	1.21976	27979132	107621.183686547	27984920	2076428.56484426	27990707	1044504.65665377	27995684	27045	28001471	179664	28007275	3840841	27995684	0.87408	28001471	1.08427	28007275	1.21951	27995684	30941.1037891269	28001471	165700.425170852	28007275	3149495.28909152	28012251	86954	28018039	2335418	28023858	4212992	28012251	0.87433	28018039	1.0849	28023858	1.21934	28012251	99452.1519334805	28018039	2152657.38777768	28023858	3455141.3059524
235	28082576	4054	28088364	17008	28094182	650709	28082576	0.87407	28088364	1.08496	28094182	1.22046	28082576	4638.072465592	28088364	15676.153959593	28094182	533167.002605575	28099143	93648	28104915	2247217	28110718	1275524	28099143	0.87355	28104915	1.0843	28110718	1.22007	28099143	107203.937954324	28104915	2072504.84183344	28110718	1045451.49048825	28115710	27075	28121482	179639	28127286	3838282	28115710	0.87393	28121482	1.08453	28127286	1.21977	28115710	30980.7421647043	28121482	165637.649488719	28127286	3146726.02211892	28132262	87463	28138065	2338393	28143869	4212224	28132262	0.8735	28138065	1.08428	28143869	1.22055	28132262	100129.364625072	28138065	2156632.0507618	28143869	3451086.80512884
236	28202587	4174	28208359	16956	28214162	650197	28202587	0.87377	28208359	1.08437	28214162	1.21952	28202587	4777.00081257081	28208359	15636.7291607108	28214162	533158.127787982	28219139	94624	28224926	2249468	28230729	1275688	28219139	0.87428	28224926	1.0833	28230729	1.22016	28219139	108230.772750149	28224926	2076495.8921813	28230729	1045508.78573302	28235706	26773	28241494	178408	28247297	3837117	28235706	0.87356	28241494	1.08457	28247297	1.21938	28235706	30648.1523879299	28241494	164496.528578146	28247297	3146777.05063229	28252273	86708	28258061	2332146	28263880	4212992	28252273	0.87406	28258061	1.08387	28263880	1.22019	28252273	99201.4278196005	28258061	2151684.24257522	28263880	3452734.4102148
237	28322598	4101	28328386	16995	28334189	649559	28322598	0.87414	28328386	1.08591	28334189	1.22166	28322598	4691.46818587412	28328386	15650.4682708512	28334189	531701.946531768	28339165	94044	28344953	2256206	28350756	1274733	28339165	0.8743	28344953	1.08484	28350756	1.22059	28339165	107564.909070113	28344953	2079759.22716714	28350756	1044358.0563498	28355733	26874	28361520	178087	28367323	3836840	28355733	0.87395	28361520	1.08389	28367323	1.22046	28355733	30750.0429086332	28361520	164303.573240827	28367323	3143765.46548023	28372300	87176	28378087	2335172	28383891	4208372	28372300	0.87441	28378087	1.08357	28383891	1.22024	28372300	99696.9385071077	28378087	2155072.58414316	28383891	3448806.79210647
238	28442609	4001	28448397	16818	28454184	648845	28442609	0.87375	28448397	1.08493	28454184	1.22037	28442609	4579.113018598	28448397	15501.4609237462	28454184	531678.917049747	28459161	94419	28464948	2247325	28470736	1275962	28459161	0.87442	28464948	1.08452	28470736	1.22008	28459161	107979.003224995	28464948	2072184.0076716	28470736	1045801.91462855	28475728	26632	28481516	177034	28487319	3834407	28475728	0.87404	28481516	1.08322	28487319	1.22013	28475728	30470.0013729349	28481516	163433.097616366	28487319	3142621.68785293	28492295	87081	28498083	2332463	28503902	4208283	28492295	0.87396	28498083	1.08411	28503902	1.22001	28492295	99639.5716051078	28498083	2151500.30900923	28503902	3449384.02144245
239	28562620	4122	28568392	16941	28574195	649034	28562620	0.87327	28568392	1.0846	28574195	1.22006	28562620	4720.18963207255	28568392	15619.5832565001	28574195	531968.919561333	28579172	94503	28584944	2253834	28590747	1277830	28579172	0.87373	28584944	1.08504	28590747	1.22101	28579172	108160.415689057	28584944	2077189.7810219	28590747	1046535.24541159	28595739	26588	28601527	177077	28607330	3828971	28595739	0.87438	28601527	1.0845	28607330	1.21991	28595739	30407.8318351289	28601527	163279.852466574	28607330	3138732.36550237	28612306	87339	28618094	2334904	28623913	4199428	28612306	0.87368	28618094	1.08429	28623913	1.21939	28612306	99966.8070689497	28618094	2153394.38711046	28623913	3443876.03637885
240	28682631	4083	28688419	16918	28694206	647067	28682631	0.87389	28688419	1.08405	28694206	1.21961	28682631	4672.21274988843	28688419	15606.2912227296	28694206	530552.389698346	28699183	94537	28704970	2251195	28710758	1278374	28699183	0.87328	28704970	1.08414	28710758	1.21902	28699183	108255.084279956	28704970	2076479.97491099	28710758	1048689.93125626	28715750	27134	28721538	177203	28727341	3827316	28715750	0.87362	28721538	1.0847	28727341	1.21996	28715750	31059.2706210938	28721538	163365.907624228	28727341	3137247.12285649	28732302	87509	28738074	2332536	28743877	4196336	28732302	0.87405	28738074	1.08471	28743877	1.21948	28732302	100118.986328013	28738074	2150377.52025887	28743877	3441086.36468003
241	28802642	4025	28808414	16876	28814217	648872	28802642	0.8737	28808414	1.08461	28814217	1.21956	28802642	4606.84445461829	28808414	15559.5098699072	28814217	532054.183476008	28819194	94308	28824981	2254045	28830785	1277499	28819194	0.87399	28824981	1.084	28830785	1.22016	28819194	107905.124772595	28824981	2079377.30627306	28830785	1046993.01730921	28835777	26768	28841564	177381	28847367	3817677	28835777	0.87372	28841564	1.08488	28847367	1.21989	28835777	30636.8172870027	28841564	163502.875894108	28847367	3129525.6129651	28852328	87666	28858147	2332437	28863950	4197013	28852328	0.87376	28858147	1.08391	28863950	1.21982	28852328	100331.898919612	28858147	2151873.31051471	28863950	3440682.23180469
242	28922653	4053	28928441	16948	28934244	647939	28922653	0.87365	28928441	1.08407	28934244	1.21984	28922653	4639.15755737423	28928441	15633.6767920891	28934244	531167.202256034	28939220	94838	28945008	2252596	28950811	1277609	28939220	0.87374	28945008	1.08479	28950811	1.22041	28939220	108542.587039623	28945008	2076527.25412292	28950811	1046868.67528126	28955788	26850	28961575	176386	28967378	3814451	28955788	0.87402	28961575	1.08402	28967378	1.2199	28955788	30720.1208210338	28961575	162714.7100607	28967378	3126855.47995737	28972355	87632	28978142	2337430	28983961	4199164	28972355	0.87341	28978142	1.08452	28983961	1.22028	28972355	100333.17685852	28978142	2155266.84616236	28983961	3441147.93326122
243	29042664	3978	29048452	17106	29054255	649097	29042664	0.87401	29048452	1.08462	29054255	1.22004	29042664	4551.43533826844	29048452	15771.422249267	29054255	532029.277728599	29059231	94377	29065019	2247750	29070822	1275591	29059231	0.87396	29065019	1.08519	29070822	1.22036	29059231	107987.779761087	29065019	2071296.27069914	29070822	1045257.95666852	29075799	26614	29081586	175927	29087374	3812269	29075799	0.87407	29081586	1.08458	29087374	1.22072	29075799	30448.3622593156	29081586	162207.490457135	29087374	3122967.592896	29092366	87609	29098153	2336111	29103957	4198669	29092366	0.87361	29098153	1.08513	29103957	1.22026	29092366	100283.879534346	29098153	2152839.75191913	29103957	3440798.68224805
244	29162675	4189	29168463	16925	29174266	646600	29162675	0.87393	29168463	1.08385	29174266	1.21993	29162675	4793.29008044123	29168463	15615.6294690225	29174266	530030.411580992	29179242	94767	29185014	2252759	29190818	1279149	29179242	0.87377	29185014	1.08531	29190818	1.22031	29179242	108457.603259439	29185014	2075682.52388718	29190818	1048216.43680704	29195794	27205	29201582	176165	29207385	3810129	29195794	0.87456	29201582	1.08539	29207385	1.22072	29195794	31107.0709842664	29201582	162305.714996453	29207385	3121214.52913035	29212361	87508	29218149	2335620	29223968	4190678	29212361	0.87371	29218149	1.08469	29223968	1.22019	29212361	100156.802600405	29218149	2153260.37854133	29223968	3434447.09430499
245	29282686	4047	29288474	17283	29294293	648008	29282686	0.87447	29288474	1.08436	29294293	1.21985	29282686	4627.94607019109	29288474	15938.4337304954	29294293	531219.412222814	29299253	93828	29305041	2248813	29310844	1278564	29299253	0.87369	29305041	1.08474	29310844	1.22	29299253	107392.782336985	29305041	2073135.49790733	29310844	1048003.27868852	29315821	26699	29321608	176089	29327396	3800016	29315821	0.87393	29321608	1.08452	29327396	1.22008	29315821	30550.5017564336	29321608	162365.839265297	29327396	3114562.97947676	29332372	87002	29338160	2331931	29343963	4191329	29332372	0.874	29338160	1.08463	29343963	1.21987	29332372	99544.6224256293	29338160	2149978.33362529	29343963	3435881.69231148
246	29402697	4131	29408485	17093	29414288	650103	29402697	0.87422	29408485	1.08532	29414288	1.22126	29402697	4725.35517375489	29408485	15749.2721040799	29414288	532321.536773496	29419264	94317	29425036	2248358	29430840	1278823	29419264	0.87374	29425036	1.08482	29430840	1.2207	29419264	107946.29981459	29425036	2072563.19020667	29430840	1047614.48349308	29435832	26638	29441619	174330	29447407	3796634	29435832	0.87444	29441619	1.08409	29447407	1.21934	29435832	30462.9248433283	29441619	160807.682019021	29447407	3113679.53154986	29452383	86893	29458171	2332857	29463974	4187873	29452383	0.87371	29458171	1.08477	29463974	1.21963	29452383	99452.9077153747	29458171	2150554.49542299	29463974	3433724.16224593
247	29522708	4069	29528496	17178	29534283	647953	29522708	0.87434	29528496	1.08472	29534283	1.22023	29522708	4653.79600613034	29528496	15836.3448631905	29534283	531008.908156659	29539260	94528	29545047	2250286	29550835	1279274	29539260	0.87363	29545047	1.08516	29550835	1.22081	29539260	108201.412497281	29545047	2073690.51568432	29550835	1047889.5159771	29555796	26978	29561583	175219	29567387	3794347	29555796	0.87405	29561583	1.08461	29567387	1.21977	29555796	30865.5111263658	29561583	161550.234646555	29567387	3110706.93655361	29572363	87130	29578151	2333746	29583954	4185853	29572363	0.8739	29578151	1.08482	29583954	1.21954	29572363	99702.4831216386	29578151	2151274.86587637	29583954	3432321.20307657
248	29642719	4055	29648507	16821	29654326	649084	29642719	0.87405	29648507	1.08438	29654326	1.22084	29642719	4639.32269320977	29648507	15512.0898577989	29654326	531669.997706497	29659302	94331	29665090	2252450	29670893	1279918	29659302	0.87326	29665090	1.08399	29670893	1.21959	29659302	108021.665941415	29665090	2077925.07310953	29670893	1049465.8040817	29675869	26811	29681641	175055	29687444	3792875	29675869	0.87377	29681641	1.08402	29687444	1.22032	29675869	30684.2761825194	29681641	161486.872935924	29687444	3108098.69542415	29692421	86922	29698193	2334680	29704012	4184151	29692421	0.87408	29698193	1.08457	29704012	1.2209	29692421	99443.9868204284	29698193	2152631.91864057	29704012	3427103.77590302
249	29762730	4147	29768518	16865	29774321	646580	29762730	0.87414	29768518	1.08474	29774321	1.21997	29762730	4744.09133548402	29768518	15547.5044711175	29774321	529996.639261621	29779297	95085	29785069	2253785	29790873	1283411	29779297	0.8737	29785069	1.08501	29790873	1.22055	29779297	108830.262103697	29785069	2077202.0534373	29790873	1051502.19163492	29795865	27223	29801652	174679	29807440	3796006	29795865	0.87461	29801652	1.084	29807440	1.22024	29795865	31125.8732463612	29801652	161142.988929889	29807440	3110868.35376647	29812416	87680	29818219	2328920	29824023	4180938	29812416	0.87342	29818219	1.08443	29824023	1.21968	29812416	100386.984497722	29818219	2147598.27743607	29824023	3427897.48130657
250	29882741	4105	29888513	16924	29894332	647234	29882741	0.87443	29888513	1.08496	29894332	1.22103	29882741	4694.48669418936	29888513	15598.7317504793	29894332	530072.152199373	29899308	94568	29905096	2258391	29910899	1282954	29899308	0.87423	29905096	1.08414	29910899	1.22004	29899308	108172.906443384	29905096	2083117.49405058	29910899	1051567.1617324	29915876	27164	29921663	174573	29927466	3789528	29915876	0.87417	29921663	1.08452	29927466	1.21955	29915876	31074.0473820882	29921663	160967.985837052	29927466	3107316.63318437	29932427	87137	29938230	2330783	29944049	4177225	29932427	0.87395	29938230	1.08542	29944049	1.22071	29932427	99704.788603467	29938230	2147355.86224687	29944049	3421963.44750186
251	30002752	3975	30008540	17098	30014359	647321	30002752	0.87389	30008540	1.0856	30014359	1.22121	30002752	4548.62740161805	30008540	15749.8157700811	30014359	530065.263140656	30019335	94522	30025107	2260860	30030910	1282018	30019335	0.87409	30025107	1.08545	30030910	1.2209	30019335	108137.605967349	30025107	2082878.06900364	30030910	1050059.79195675	30035887	27002	30041674	173920	30047477	3782676	30035887	0.8745	30041674	1.08408	30047477	1.22029	30035887	30877.0726129217	30041674	160430.964504465	30047477	3099817.25655377	30052454	87165	30058241	2328160	30064045	4182947	30052454	0.87356	30058241	1.085	30064045	1.22198	30052454	99781.3544576217	30058241	2145769.58525346	30064045	3423089.57593414
252	30122763	4193	30128551	16798	30134338	645227	30122763	0.87499	30128551	1.08424	30134338	1.22076	30122763	4792.05476634019	30128551	15492.8798052092	30134338	528545.332415872	30139315	94544	30145102	2253537	30150906	1281056	30139315	0.87404	30145102	1.08447	30150906	1.22032	30139315	108168.962518878	30145102	2078007.69039254	30150906	1049770.55198636	30155898	27255	30161685	173942	30167488	3781626	30155898	0.87422	30161685	1.085	30167488	1.22104	30155898	31176.3629292398	30161685	160315.207373272	30167488	3097053.33158619	30172449	87997	30178253	2328122	30184056	4174395	30172449	0.87463	30178253	1.08601	30184056	1.22078	30172449	100610.543887129	30178253	2143739.0079281	30184056	3419449.04077721
253	30242774	4145	30248562	17009	30254365	647418	30242774	0.87344	30248562	1.08442	30254365	1.21975	30242774	4745.60359040117	30248562	15684.8822411981	30254365	530779.258044681	30259357	95188	30265129	2253962	30270932	1282728	30259357	0.8732	30265129	1.08465	30270932	1.22061	30259357	109010.535959689	30265129	2078054.67201401	30270932	1050890.94796864	30275909	26895	30281696	173785	30287484	3781616	30275909	0.87334	30281696	1.08449	30287484	1.22148	30275909	30795.5664460577	30281696	160245.829837066	30287484	3095929.52811344	30292476	86538	30298264	2332831	30304082	4170755	30292476	0.87387	30298264	1.08387	30304082	1.2206	30292476	99028.4596106972	30298264	2152316.23718712	30304082	3416971.16172374
254	30362785	4097	30368573	16856	30374376	648758	30362785	0.87438	30368573	1.08453	30374376	1.22096	30362785	4685.60580068163	30368573	15542.2164439896	30374376	531350.740400996	30379352	95068	30385140	2250016	30390943	1281337	30379352	0.87424	30385140	1.08469	30390943	1.21934	30379352	108743.59443631	30385140	2074340.13404752	30390943	1050844.71927436	30395920	27109	30401692	173142	30407495	3775116	30395920	0.87416	30401692	1.08467	30407495	1.22064	30395920	31011.4853116134	30401692	159626.430158481	30407495	3092734.95871019	30412471	87489	30418259	2329232	30424062	4170030	30412471	0.87406	30418259	1.08498	30424062	1.22124	30412471	100094.959156122	30418259	2146797.17598481	30424062	3414586.81340277
255	30482796	3998	30488584	16955	30494387	647727	30482796	0.87436	30488584	1.0845	30494387	1.22122	30482796	4572.48730500023	30488584	15633.9326878746	30494387	530393.377114689	30499363	94933	30505151	2255633	30510954	1282595	30499363	0.87395	30505151	1.08451	30510954	1.22069	30499363	108625.207391727	30505151	2079863.7172548	30510954	1050713.12126748	30515931	26994	30521718	173591	30527522	3765217	30515931	0.8743	30521718	1.0843	30527522	1.22096	30515931	30874.985702848	30521718	160094.992160841	30527522	3083816.83265627	30532514	87466	30538301	2330502	30544104	4168516	30532514	0.87392	30538301	1.08494	30544104	1.22071	30532514	100084.675942878	30538301	2148046.89660258	30544104	3414829.07488265
256	30602807	4128	30608626	16874	30614414	647321	30602807	0.8736	30608626	1.08462	30614414	1.21986	30602807	4725.27472527473	30608626	15557.5224502591	30614414	530651.87808437	30619390	95024	30625178	2251203	30630981	1280565	30619390	0.87429	30625178	1.08429	30630981	1.21973	30619390	108687.048919695	30625178	2076200.09407077	30630981	1049875.79218352	30635957	26870	30641745	171351	30647533	3757343	30635957	0.87329	30641745	1.08478	30647533	1.21983	30635957	30768.7022638528	30641745	157959.217537196	30647533	3080218.55504456	30652509	87661	30658297	2332623	30664100	4162413	30652509	0.87403	30658297	1.08474	30664100	1.22032	30652509	100295.184375822	30658297	2150398.25211571	30664100	3410919.26707749
257	30722818	4097	30728590	17089	30734393	648677	30722818	0.87404	30728590	1.08408	30734393	1.22064	30722818	4687.42849297515	30728590	15763.5967825253	30734393	531423.679381308	30739354	94998	30745142	2250548	30750945	1283481	30739354	0.87396	30745142	1.08491	30750945	1.22073	30739354	108698.338596732	30745142	2074409.8588823	30750945	1051404.4874788	30755922	26717	30761725	172499	30767528	3753525	30755922	0.87443	30761725	1.08392	30767528	1.22002	30755922	30553.6177853001	30761725	159143.663739021	30767528	3076609.3998459	30772504	87638	30778292	2327003	30784111	4163398	30772504	0.87434	30778292	1.08477	30784111	1.22065	30772504	100233.318846215	30778292	2145157.95975184	30784111	3410804.07979355
258	30842829	4023	30848617	16964	30854436	647107	30842829	0.8744	30848617	1.08422	30854436	1.22036	30842829	4600.86916742909	30848617	15646.2710520005	30854436	530259.103870989	30859412	94284	30865215	2252724	30871019	1283729	30859412	0.8738	30865215	1.08441	30871019	1.22069	30859412	107901.121538109	30865215	2077372.94934573	30871019	1051642.1040559	30875995	26958	30881783	171746	30887586	3753304	30875995	0.87439	30881783	1.08458	30887586	1.22089	30875995	30830.6362149613	30881783	158352.541997824	30887586	3074236.00815798	30892562	87570	30898350	2326958	30904153	4157743	30892562	0.87459	30898350	1.08495	30904153	1.22057	30892562	100126.916612356	30898350	2144760.58804553	30904153	3406394.55336441
259	30962840	4020	30968612	16716	30974416	646499	30962840	0.87491	30968612	1.08643	30974416	1.22212	30962840	4594.75831799842	30968612	15386.1730622313	30974416	528997.970739371	30979392	95154	30985180	2255961	30990998	1287572	30979392	0.87526	30985180	1.08638	30990998	1.2225	30979392	108715.124648676	30985180	2076585.54097093	30990998	1053228.62985685	30995975	26803	31001762	172836	31007566	3761612	30995975	0.87527	31001762	1.0861	31007566	1.2221	30995975	30622.5507557668	31001762	159134.518000184	31007566	3077990.344489	31012542	87020	31018330	2328795	31024133	4155867	31012542	0.87471	31018330	1.08592	31024133	1.22113	31012542	99484.4005441804	31018330	2144536.42993959	31024133	3403296.12735745
260	31082851	4062	31088639	16847	31094442	646857	31082851	0.87548	31088639	1.08663	31094442	1.22168	31082851	4639.74048521954	31088639	15503.8973707702	31094442	529481.533625827	31099419	95020	31105206	2256955	31110994	1288423	31099419	0.87482	31105206	1.08644	31110994	1.22249	31099419	108616.629706683	31105206	2077385.77371967	31110994	1053933.3655081	31115986	26975	31121758	172268	31127561	3750303	31115986	0.87434	31121758	1.08579	31127561	1.22132	31115986	30851.8425326532	31121758	158656.830510504	31127561	3070696.45956834	31132537	86716	31138325	2327015	31144128	4155232	31132537	0.8749	31138325	1.08484	31144128	1.22128	31132537	99115.3274659961	31138325	2145030.60359131	31144128	3402358.18157998
261	31202862	4120	31208650	16896	31214453	646322	31202862	0.87468	31208650	1.08542	31214453	1.22131	31202862	4710.29405039557	31208650	15566.3245563929	31214453	529203.887628858	31219414	95057	31225202	2258000	31231005	1288582	31219414	0.87453	31225202	1.08547	31231005	1.22125	31219414	108694.956147874	31225202	2080204.88820511	31231005	1055133.67451382	31235981	27051	31241769	171154	31247572	3746325	31235981	0.87491	31241769	1.08532	31247572	1.22107	31235981	30918.6087711879	31241769	157699.1117827	31247572	3068067.35076613	31252548	87025	31258320	2324163	31264124	4151796	31252548	0.87469	31258320	1.08561	31264124	1.22117	31252548	99492.3915901634	31258320	2140882.08472656	31264124	3399850.96260144
262	31322873	4059	31328661	16991	31334464	646234	31322873	0.87381	31328661	1.08639	31334464	1.2212	31322873	4645.17458028633	31328661	15639.8715010263	31334464	529179.49557812	31339441	95179	31345228	2256913	31351016	1286196	31339441	0.87509	31345228	1.08554	31351016	1.22133	31339441	108764.812762116	31345228	2079069.40324631	31351016	1053110.95281374	31356008	27176	31361780	171150	31367583	3743308	31356008	0.875	31361780	1.08492	31367583	1.22113	31356008	31058.2857142857	31361780	157753.567083287	31367583	3065445.93941677	31372559	87250	31378363	2328620	31384166	4148354	31372559	0.8741	31378363	1.08489	31384166	1.22101	31372559	99816.9545818556	31378363	2146411.15689148	31384166	3397477.49813679
263	31442884	4163	31448672	17037	31454475	648265	31442884	0.87418	31448672	1.08448	31454475	1.22082	31442884	4762.17712599236	31448672	15709.8332841546	31454475	531007.847184679	31459452	95777	31465239	2254408	31471027	1287947	31459452	0.87439	31465239	1.08467	31471027	1.22189	31459452	109535.790665493	31465239	2078427.54017351	31471027	1054061.33121639	31476003	26780	31481791	170815	31487594	3737855	31476003	0.87433	31481791	1.08514	31487594	1.22098	31476003	30629.1674768108	31481791	157412.868385646	31487594	3061356.45137513	31492570	87009	31498358	2328369	31504177	4145661	31492570	0.87399	31498358	1.08577	31504177	1.22123	31492570	99553.770638108	31498358	2144440.35108725	31504177	3394660.30149931
264	31562895	4050	31568683	17024	31574486	648518	31562895	0.87449	31568683	1.0852	31574486	1.22108	31562895	4631.27079783645	31568683	15687.4308883155	31574486	531101.975300554	31579463	95243	31585250	2255235	31591053	1289537	31579463	0.87459	31585250	1.0857	31591053	1.2221	31579463	108900.170365543	31585250	2077217.46338768	31591053	1055181.24539727	31596030	26869	31601817	170265	31607621	3732889	31596030	0.87434	31601817	1.08492	31607621	1.22171	31596030	30730.6082302079	31601817	156937.838734653	31607621	3055462.42561655	31612597	87333	31618369	2330172	31624188	4151721	31612597	0.87502	31618369	1.08604	31624188	1.22211	31612597	99806.8615574501	31618369	2145567.38241685	31624188	3397174.55875494
265	31682906	4087	31688694	16595	31694497	647703	31682906	0.87395	31688694	1.08432	31694497	1.22123	31682906	4676.4689055438	31688694	15304.5226501402	31694497	530369.381688953	31699474	95450	31705246	2253061	31711049	1289108	31699474	0.87488	31705246	1.08513	31711049	1.22171	31699474	109100.676664228	31705246	2076305.14316257	31711049	1055166.93814408	31716041	26747	31721828	171053	31727632	3728136	31716041	0.87442	31721828	1.08543	31727632	1.22164	31716041	30588.2756570069	31721828	157590.079507661	31727632	3051746.8321273	31732608	87385	31738396	2329831	31744199	4147368	31732608	0.87444	31738396	1.08545	31744199	1.22117	31732608	99932.5282466493	31738396	2146419.45736791	31744199	3396224.93182767
266	31802917	4076	31808705	16988	31814508	646584	31802917	0.87487	31808705	1.0851	31814508	1.2205	31802917	4658.97790528879	31808705	15655.6999354898	31814508	529769.766489144	31819485	94894	31825272	2253713	31831060	1289645	31819485	0.87413	31825272	1.08504	31831060	1.22166	31819485	108558.223605185	31825272	2077078.26439578	31831060	1055649.68976638	31836036	27230	31841824	170273	31847627	3722145	31836036	0.8739	31841824	1.08574	31847627	1.22199	31836036	31159.1715299233	31841824	156826.680420727	31847627	3045970.09795498	31852603	87764	31858391	2328720	31864194	4140332	31852603	0.87472	31858391	1.08584	31864194	1.22159	31852603	100333.821108469	31858391	2144625.35916894	31864194	3389297.55482609
267	31922928	3926	31928700	16969	31934519	647518	31922928	0.87563	31928700	1.0856	31934519	1.22157	31922928	4483.62893002752	31928700	15630.9874723655	31934519	530070.31934314	31939480	94648	31945268	2251277	31951071	1287439	31939480	0.87477	31945268	1.08476	31951071	1.22155	31939480	108197.58336477	31945268	2075368.74516022	31951071	1053938.84818468	31956047	27042	31961835	169944	31967638	3722446	31956047	0.87422	31961835	1.08497	31967638	1.22071	31956047	30932.7171650157	31961835	156634.74566117	31967638	3049410.58891956	31972614	87095	31978402	2321702	31984205	4136931	31972614	0.87462	31978402	1.08467	31984205	1.22111	31972614	99580.3891975944	31978402	2140468.52959886	31984205	3387844.66591871
268	32042939	4014	32048727	17023	32054530	647141	32042939	0.87448	32048727	1.08505	32054530	1.22053	32042939	4590.15643582472	32048727	15688.6779411087	32054530	530213.104143282	32059507	94973	32065294	2244422	32071097	1290027	32059507	0.87447	32065294	1.08511	32071097	1.2217	32059507	108606.355849829	32065294	2068382.00735409	32071097	1055927.8055169	32076074	26839	32081861	169752	32087665	3713743	32076074	0.87436	32081861	1.08493	32087665	1.22077	32076074	30695.5944919713	32081861	156463.55064382	32087665	3042131.60546213	32092641	86703	32098429	2324753	32104247	4137651	32092641	0.87415	32098429	1.08467	32104247	1.22052	32092641	99185.4944803523	32098429	2143281.36668295	32104247	3390072.2642808
269	32162950	3986	32168738	16831	32174541	647110	32162950	0.87423	32168738	1.08466	32174541	1.22087	32162950	4559.44087940245	32168738	15517.3049619236	32174541	530040.053404539	32179518	95733	32185290	2247958	32191077	1290100	32179518	0.8751	32185290	1.08452	32191077	1.22197	32179518	109396.640383956	32185290	2072767.67602257	32191077	1055754.23291898	32196054	26894	32201857	169729	32207660	3714392	32196054	0.87369	32201857	1.08505	32207660	1.22198	32196054	30782.0851789536	32201857	156425.049536888	32207660	3039650.40344359	32212636	86933	32218424	2326732	32224227	4132543	32212636	0.87522	32218424	1.086	32224227	1.22093	32212636	99327.0263476612	32218424	2142478.8213628	32224227	3384750.14947622
270	32282961	3926	32288733	17016	32294568	646936	32282961	0.8746	32288733	1.08515	32294568	1.2215	32282961	4488.90921564144	32288733	15680.7814587845	32294568	529624.232501023	32299544	95255	32305316	2256914	32311104	1293621	32299544	0.87429	32305316	1.08543	32311104	1.22215	32299544	108951.263310801	32305316	2079281.02226767	32311104	1058479.72834758	32316096	26891	32321883	170198	32327687	3713879	32316096	0.87475	32321883	1.08548	32327687	1.2227	32316096	30741.3546727636	32321883	156795.150532483	32327687	3037440.90946266	32332663	87690	32338451	2325251	32344254	4132018	32332663	0.87458	32338451	1.08452	32344254	1.22171	32332663	100265.270186833	32338451	2144036.99332424	32344254	3382159.43227116
271	32402972	4198	32408760	17185	32414563	647098	32402972	0.87414	32408760	1.08453	32414563	1.22165	32402972	4802.43439266022	32408760	15845.5736586355	32414563	529691.81025662	32419540	95515	32425327	2254284	32431130	1292377	32419540	0.87429	32425327	1.08491	32431130	1.22037	32419540	109248.64747395	32425327	2077853.46249919	32431130	1059004.2364201	32436107	27045	32441894	169011	32447698	3709653	32436107	0.87402	32441894	1.08467	32447698	1.22034	32436107	30943.2278437564	32441894	155817.898531351	32447698	3039852.00845666	32452674	86467	32458462	2324041	32464265	4127238	32452674	0.87401	32458462	1.08522	32464265	1.22213	32452674	98931.362341392	32458462	2141539.04277474	32464265	3377085.90739119
272	32522983	4093	32528771	17189	32534574	645779	32522983	0.87516	32528771	1.0856	32534574	1.22202	32522983	4676.8590886238	32528771	15833.6403831982	32534574	528452.071160865	32539551	96327	32545338	2255521	32551141	1295082	32539551	0.87502	32545338	1.08526	32551141	1.22181	32539551	110085.483760371	32545338	2078323.16679874	32551141	1059970.04444226	32556118	26914	32561905	169804	32567709	3705628	32556118	0.87517	32561905	1.08485	32567709	1.2218	32556118	30752.8822971537	32561905	156523.021615892	32567709	3032925.19233917	32572685	86966	32578457	2326682	32584260	4124078	32572685	0.8739	32578457	1.08488	32584260	1.22077	32572685	99514.8186291338	32578457	2144644.56898459	32584260	3378259.62302481
273	32642994	4050	32648782	17076	32654585	644227	32642994	0.8743	32648782	1.08455	32654585	1.22121	32642994	4632.27725037173	32648782	15744.7789405744	32654585	527531.710352847	32659562	95289	32665349	2256581	32671152	1295617	32659562	0.87399	32665349	1.08495	32671152	1.22028	32659562	109027.563244431	32665349	2079894.004332	32671152	1061737.47008883	32676129	27138	32681917	169273	32687720	3702892	32676129	0.87387	32681917	1.08564	32687720	1.22233	32676129	31054.9624085962	32681917	155920.010316495	32687720	3029371.77357997	32692696	87192	32698484	2326294	32704303	4126971	32692696	0.87451	32698484	1.08511	32704303	1.22183	32692696	99703.8341471224	32698484	2143832.42251938	32704303	3377696.56989925
274	32763005	4112	32768777	16732	32774581	645058	32763005	0.87427	32768777	1.08455	32774581	1.22165	32763005	4703.35251123795	32768777	15427.5966990918	32774581	528021.937543486	32779557	95853	32785345	2253454	32791132	1295026	32779557	0.87409	32785345	1.08462	32791132	1.22051	32779557	109660.332460044	32785345	2077643.7830761	32791132	1061053.16629933	32796109	27061	32801896	168474	32807700	3695661	32796109	0.87478	32801896	1.08568	32807700	1.22166	32796109	30934.6349939413	32801896	155178.321420676	32807700	3025114.18889053	32812676	86571	32818464	2319785	32824267	4123709	32812676	0.87412	32818464	1.0844	32824267	1.22119	32812676	99037.8895346177	32818464	2139233.67760974	32824267	3376795.58463466
275	32883016	3944	32888804	16838	32894607	646006	32883016	0.87408	32888804	1.08515	32894607	1.22162	32883016	4512.17279882848	32888804	15516.7488365664	32894607	528810.92320034	32899599	95356	32905387	2254490	32911190	1294225	32899599	0.87418	32905387	1.08512	32911190	1.22169	32899599	109080.509734837	32905387	2077641.18254202	32911190	1059372.67228184	32916167	27403	32921954	168198	32927757	3693890	32916167	0.87442	32921954	1.08521	32927757	1.22155	32916167	31338.4872258183	32921954	154991.199859935	32927757	3023936.80160452	32932749	86990	32938521	2325061	32944340	4117887	32932749	0.87456	32938521	1.08527	32944340	1.22105	32932749	99467.1606293451	32938521	2142380.237176	32944340	3372414.72503173
276	33003027	4217	33008815	17222	33014618	645773	33003027	0.87427	33008815	1.08418	33014618	1.22093	33003027	4823.45270911732	33008815	15884.816174436	33014618	528918.938841703	33019595	96032	33025382	2250781	33031170	1296224	33019595	0.87435	33025382	1.085	33031170	1.22135	33019595	109832.446960599	33025382	2074452.53456221	33031170	1061304.2944283	33036162	27113	33041950	167730	33047737	3684296	33036162	0.87483	33041950	1.08485	33047737	1.22115	33036162	30992.3070768035	33041950	154611.236576485	33047737	3017070.79392376	33052714	86548	33058501	2325948	33064320	4122473	33052714	0.8745	33058501	1.0861	33064320	1.22192	33052714	98968.5534591195	33058501	2141559.70905073	33064320	3373766.69503732
277	33123038	3937	33128826	16906	33134629	644346	33123038	0.87481	33128826	1.08507	33134629	1.22081	33123038	4500.40580240281	33128826	15580.5616227524	33134629	527802.0330764	33139606	95804	33145393	2252128	33151181	1294492	33139606	0.87506	33145393	1.08544	33151181	1.22146	33139606	109482.778323772	33145393	2074852.59433962	33151181	1059790.74222652	33156157	26892	33161929	167627	33167748	3680613	33156157	0.87481	33161929	1.08498	33167748	1.22102	33156157	30740.3893416856	33161929	154497.778760899	33167748	3014375.68590195	33172709	87303	33178497	2327708	33184300	4115855	33172709	0.87435	33178497	1.08544	33184300	1.2214	33172709	99849.0307085263	33178497	2144483.34316038	33184300	3369784.67332569
278	33243049	4045	33248821	17008	33254625	647035	33243049	0.87489	33248821	1.08551	33254625	1.22129	33243049	4623.43837511001	33248821	15668.2112555389	33254625	529796.362862219	33259601	95396	33265389	2253959	33271176	1297153	33259601	0.87432	33265389	1.08464	33271176	1.22171	33259601	109108.793119224	33265389	2078071.06505384	33271176	1061751.97059859	33276168	27261	33281956	167526	33287759	3676024	33276168	0.87441	33281956	1.08544	33287759	1.22144	33276168	31176.4504065599	33281956	154339.254127359	33287759	3009582.13256484	33292736	87262	33298523	2321885	33304326	4112780	33292736	0.8742	33298523	1.08489	33304326	1.22161	33292736	99819.2633264699	33298523	2140203.15423684	33304326	3366688.22291894
279	33363060	4074	33368833	17090	33374636	647271	33363060	0.87459	33368833	1.0854	33374636	1.22159	33363060	4658.18269131822	33368833	15745.3473373871	33374636	529859.445476797	33379612	96014	33385400	2253061	33391187	1295932	33379612	0.87493	33385400	1.08468	33391187	1.21991	33379612	109739.064839473	33385400	2077166.53759634	33391187	1062317.71196236	33396164	27058	33401951	166897	33407755	3670471	33396164	0.87425	33401951	1.08559	33407755	1.22132	33396164	30949.9571060909	33401951	153738.520067429	33407755	3005331.11715193	33412731	87546	33418519	2325089	33424322	4111865	33412731	0.8742	33418519	1.08556	33424322	1.22128	33412731	100144.131777625	33418519	2141833.70794797	33424322	3366848.71610114
280	33483072	4005	33488859	16867	33494662	646870	33483072	0.87462	33488859	1.08556	33494662	1.2218	33483072	4579.13150854085	33488859	15537.6027119643	33494662	529440.170240629	33499639	95948	33505411	2252009	33511214	1299540	33499639	0.87422	33505411	1.08541	33511214	1.22212	33499639	109752.693829928	33505411	2074800.3058752	33511214	1063348.93463817	33516190	27338	33521978	168554	33527781	3677112	33516190	0.87469	33521978	1.08635	33527781	1.22231	33516190	31254.5015948508	33521978	155156.257191513	33527781	3008330.12901801	33532742	87084	33538530	2323522	33544348	4106711	33532742	0.87517	33538530	1.08556	33544348	1.22093	33532742	99505.2389821406	33538530	2140390.21334611	33544348	3363592.50735095
281	33603083	4005	33608870	16971	33614673	643179	33603083	0.87504	33608870	1.08534	33614673	1.22141	33603083	4576.93362589139	33608870	15636.5747139145	33614673	526587.304836214	33619665	95392	33625437	2254384	33631241	1300561	33619665	0.87442	33625437	1.08594	33631241	1.22056	33619665	109091.740811052	33625437	2075974.73156896	33631241	1065544.50416202	33636217	27206	33642005	168254	33647808	3668465	33636217	0.87478	33642005	1.08699	33647808	1.22163	33636217	31100.3909554402	33642005	154788.912501495	33647808	3002926.41798253	33652784	86588	33658572	2318688	33664359	4101988	33652784	0.87509	33658572	1.08585	33664359	1.22079	33652784	98947.5368247837	33658572	2135366.76336511	33664359	3360109.43733156
282	33723094	4039	33728881	16743	33734684	644910	33723094	0.8754	33728881	1.08586	33734684	1.22154	33723094	4613.89079278044	33728881	15419.1148030133	33734684	527948.327520998	33739645	95207	33745433	2254428	33751236	1301457	33739645	0.87479	33745433	1.08556	33751236	1.22168	33739645	108834.120188845	33745433	2076741.95806773	33751236	1065301.06083426	33756212	26985	33762000	165994	33767803	3664352	33756212	0.87415	33762000	1.08548	33767803	1.22062	33756212	30869.9879883315	33762000	152922.209529425	33767803	3002041.5854238	33772764	87021	33778552	2319260	33784339	4097137	33772764	0.87454	33778552	1.08528	33784339	1.22149	33772764	99504.8825668351	33778552	2137015.33244877	33784339	3354212.47820285
283	33843105	4055	33848892	16851	33854695	644984	33843105	0.8751	33848892	1.08583	33854695	1.22161	33843105	4633.75614215518	33848892	15519.0038956374	33854695	527978.651124336	33859672	96493	33865459	2255494	33871263	1300322	33859672	0.87478	33865459	1.08639	33871263	1.22146	33859672	110305.448226983	33865459	2076136.56237631	33871263	1064563.71882829	33876223	27240	33882011	167003	33887814	3658599	33876223	0.87486	33882011	1.08528	33887814	1.22136	33876223	31136.4103970921	33882011	153880.104673448	33887814	2995512.37964237	33892806	86747	33898594	2317890	33904397	4098089	33892806	0.8747	33898594	1.08555	33904397	1.22211	33892806	99173.4308905911	33898594	2135221.77697941	33904397	3353289.80206364
284	33963116	4042	33968919	17043	33974722	645315	33963116	0.87432	33968919	1.08565	33974722	1.22233	33963116	4623.02131942538	33968919	15698.4295122738	33974722	527938.445427994	33979698	96629	33985486	2254058	33991289	1302532	33979698	0.87438	33985486	1.08624	33991289	1.22216	33979698	110511.448111805	33985486	2075101.26675505	33991289	1065762.25698763	33996266	27022	34002053	166903	34007856	3655653	33996266	0.87458	34002053	1.08612	34007856	1.22125	33996266	30897.1163301242	34002053	153669.023680625	34007856	2993369.90788127	34012817	87260	34018605	2321158	34024424	4092322	34012817	0.87524	34018605	1.08614	34024424	1.22114	34012817	99698.3684475115	34018605	2137070.72753052	34024424	3351230.81710533
285	34083127	4076	34088914	16865	34094717	643582	34083127	0.87396	34088914	1.08506	34094717	1.22121	34083127	4663.82900819259	34088914	15542.9192855695	34094717	527003.545663727	34099694	95340	34105481	2256107	34111285	1300811	34099694	0.87397	34105481	1.08501	34111285	1.2206	34099694	109088.412645743	34105481	2079342.12587902	34111285	1065714.40275274	34116245	27013	34122033	166142	34127836	3646004	34116245	0.87433	34122033	1.08464	34127836	1.22061	34116245	30895.6572461199	34122033	153177.091016374	34127836	2987034.35167662	34132813	86454	34138600	2318556	34144403	4095873	34132813	0.87419	34138600	1.08554	34144403	1.22092	34132813	98896.1209805649	34138600	2135854.96619194	34144403	3354743.14451397
286	34203138	3967	34208925	16907	34214728	645973	34203138	0.87409	34208925	1.08462	34214728	1.22099	34203138	4538.43425734192	34208925	15587.9478527042	34214728	529056.749031524	34219705	95715	34225492	2248628	34231296	1301230	34219705	0.87381	34225492	1.08512	34231296	1.22041	34219705	109537.542486353	34225492	2072239.01503981	34231296	1066223.6461517	34236272	26909	34242060	164898	34247863	3642366	34236272	0.87461	34242060	1.08533	34247863	1.22154	34236272	30766.8560844262	34242060	151933.513309316	34247863	2981782.012869	34252839	86864	34258627	2317639	34264430	4090414	34252839	0.8743	34258627	1.08583	34264430	1.22088	34252839	99352.6249571086	34258627	2134440.01363013	34264430	3350381.69189437
287	34323149	3972	34328921	16955	34334739	641754	34323149	0.8744	34328921	1.08521	34334739	1.22093	34323149	4542.54345837146	34328921	15623.7041678569	34334739	525627.18583375	34339700	96539	34345488	2255064	34351291	1300886	34339700	0.87408	34345488	1.08517	34351291	1.22029	34339700	110446.412227714	34345488	2078074.40308892	34351291	1066046.5954814	34356283	27224	34362055	165177	34367874	3635102	34356283	0.87412	34362055	1.08506	34367874	1.21996	34356283	31144.4652908068	34362055	152228.448196413	34367874	2979689.49801633	34372850	86947	34378638	2314389	34384457	4087774	34372850	0.87403	34378638	1.08437	34384457	1.22034	34372850	99478.2787776163	34378638	2134316.70001937	34384457	3349700.90302703
288	34443160	4135	34448947	16918	34454750	644451	34443160	0.8749	34448947	1.08509	34454750	1.22147	34443160	4726.25442907761	34448947	15591.3334377794	34454750	527602.806454518	34459727	95795	34465514	2244804	34471302	1301832	34459727	0.87404	34465514	1.08495	34471302	1.22016	34459727	109600.247128278	34465514	2069039.12622702	34471302	1066935.48387097	34476278	27140	34482066	165046	34487869	3640125	34476278	0.87433	34482066	1.08562	34487869	1.22114	34476278	31040.9113263871	34482066	152029.25517216	34487869	2980923.5632278	34492830	86905	34498618	2315356	34504437	4089237	34492830	0.8741	34498618	1.08485	34504437	1.22193	34492830	99422.2628989818	34498618	2134263.72309536	34504437	3346539.49080553
289	34563171	4076	34568958	16897	34574761	646854	34563171	0.8753	34568958	1.08616	34574761	1.22269	34563171	4656.68913515366	34568958	15556.6399057229	34574761	529041.703129984	34579738	96317	34585510	2246799	34591329	1302887	34579738	0.87473	34585510	1.08615	34591329	1.22196	34579738	110110.548397791	34585510	2068589.97376053	34591329	1066227.2087466	34596305	27133	34602093	164669	34607896	3630419	34596305	0.87418	34602093	1.08585	34607896	1.22097	34596305	31038.2301127914	34602093	151649.859557029	34607896	2973389.1905616	34612872	86692	34618660	2315895	34624463	4083911	34612872	0.87479	34618660	1.08487	34624463	1.22017	34612872	99100.3555138948	34618660	2134721.21083632	34624463	3347001.64731144
290	34683182	4001	34688969	16918	34694772	645020	34683182	0.87399	34688969	1.08525	34694772	1.22222	34683182	4577.85558187165	34688969	15589.0347846118	34694772	527744.595899265	34699764	96158	34705536	2245998	34711340	1303179	34699764	0.87457	34705536	1.08493	34711340	1.22141	34699764	109948.889168391	34705536	2070177.79948937	34711340	1066946.39801541	34716316	26790	34722104	164193	34727907	3627406	34716316	0.87454	34722104	1.08494	34727907	1.22097	34716316	30633.2471928099	34722104	151338.322856563	34727907	2970921.48046226	34732883	87020	34738671	2314840	34744474	4079137	34732883	0.87404	34738671	1.08565	34744474	1.22165	34732883	99560.6608393209	34738671	2132215.72329941	34744474	3339039.00462489
291	34803193	4170	34808980	16984	34814799	644761	34803193	0.87388	34808980	1.08552	34814799	1.2213	34803193	4771.82221815352	34808980	15645.9576976933	34814799	527930.074510767	34819760	96653	34825547	2251582	34831351	1306992	34819760	0.8746	34825547	1.0852	34831351	1.22196	34819760	110511.090784359	34825547	2074808.3302617	34831351	1069586.56584504	34836327	27364	34842115	164786	34847918	3625701	34836327	0.87426	34842115	1.08568	34847918	1.22202	34836327	31299.6133873219	34842115	151781.372043328	34847918	2966973.53562135	34852894	87238	34858682	2314513	34864501	4079754	34852894	0.87416	34858682	1.08556	34864501	1.22208	34852894	99796.3759494829	34858682	2132091.27086481	34864501	3338369.0102121
292	34923204	3975	34928976	16821	34934779	643338	34923204	0.87507	34928976	1.08552	34934779	1.22118	34923204	4542.49374335768	34928976	15495.7992482865	34934779	526816.685500909	34939755	96256	34945543	2255005	34951346	1305377	34939755	0.87457	34945543	1.0846	34951346	1.22134	34939755	110060.944235453	34945543	2079112.11506546	34951346	1068807.21175103	34956322	27332	34962110	164162	34967913	3620209	34956322	0.87413	34962110	1.0847	34967913	1.22143	34956322	31267.6604166428	34962110	151343.228542454	34967913	2963910.3346078	34972890	87011	34978677	2316424	34984496	4079701	34972890	0.87465	34978677	1.08549	34984496	1.22195	34972890	99480.9352312354	34978677	2133989.25830731	34984496	3338680.79708662
293	35043215	4038	35049018	16835	35054821	643741	35043215	0.87432	35049018	1.08492	35054821	1.22013	35043215	4618.44633543783	35049018	15517.2731629982	35054821	527600.337668937	35059782	96895	35065569	2256248	35071373	1309951	35059782	0.87482	35065569	1.08598	35071373	1.22252	35059782	110759.927756567	35065569	2077614.68903663	35071373	1071517.03039623	35076334	26981	35082121	165232	35087909	3624730	35076334	0.87513	35082121	1.08582	35087909	1.22236	35076334	30830.8479882989	35082121	152172.551619974	35087909	2965353.90555974	35092885	86299	35098673	2317351	35104476	4074684	35092885	0.87539	35098673	1.08614	35104476	1.2221	35092885	98583.4885022676	35098673	2133565.65451968	35104476	3334165.78021439
294	35163226	3981	35169013	16994	35174816	644320	35163226	0.8745	35169013	1.0853	35174816	1.22163	35163226	4552.31560891938	35169013	15658.3433152124	35174816	527426.471190131	35179808	95922	35185581	2257676	35191384	1308243	35179808	0.87494	35185581	1.08608	35191384	1.22202	35179808	109632.660525293	35185581	2078738.21449617	35191384	1070557.76501203	35196376	26970	35202163	163615	35207967	3614439	35196376	0.87467	35202163	1.0852	35207967	1.22148	35196376	30834.4861490619	35202163	150769.443420568	35207967	2959065.23234109	35212943	87188	35218731	2311414	35224549	4070668	35212943	0.87464	35218731	1.08519	35224549	1.22215	35212943	99684.4415988292	35218731	2129962.49504695	35224549	3330743.36210776
295	35283237	3946	35289024	17122	35294827	643797	35283237	0.87549	35289024	1.08602	35294827	1.22224	35283237	4507.19025916915	35289024	15765.8238338152	35294827	526735.338395078	35299804	96669	35305592	2254070	35311379	1311210	35299804	0.8751	35305592	1.08528	35311379	1.22228	35299804	110466.232430579	35305592	2076947.88441693	35311379	1072757.46964689	35316371	27095	35322159	164407	35327962	3613974	35316371	0.87534	35322159	1.08568	35327962	1.22293	35316371	30953.6865675052	35322159	151432.282072065	35327962	2955176.50233456	35332938	86673	35338726	2317445	35344529	4071636	35332938	0.8763	35338726	1.08554	35344529	1.22268	35332938	98907.9082505991	35338726	2134831.51242699	35344529	3330091.27490431
296	35403248	4051	35409020	17037	35414839	643970	35403248	0.87528	35409020	1.08666	35414839	1.22212	35403248	4628.23325107394	35409020	15678.3170448898	35414839	526928.615847871	35419815	96049	35425603	2255857	35431406	1311310	35419815	0.87517	35425603	1.08606	35431406	1.22267	35419815	109748.963058606	35425603	2077101.63342725	35431406	1072497.07607122	35436382	27096	35442170	163183	35447989	3611289	35436382	0.87557	35442170	1.08674	35447989	1.22344	35436382	30946.6975798623	35442170	150158.271527688	35447989	2951749.98365265	35452949	87121	35458737	2312630	35464540	4069411	35452949	0.87536	35458737	1.08511	35464540	1.22216	35452949	99525.9093401572	35458737	2131240.15076813	35464540	3329687.60227793
297	35523259	4004	35529046	16779	35534850	644665	35523259	0.87502	35529046	1.08588	35534850	1.22194	35523259	4575.89540810496	35529046	15451.9836446016	35534850	527575.003682669	35539826	96180	35545614	2251637	35551417	1308212	35539826	0.87476	35545614	1.08593	35551417	1.22174	35539826	109950.157757556	35545614	2073464.219609	35551417	1070777.74321869	35556393	27134	35562181	162776	35568000	3602660	35556393	0.87459	35562181	1.08612	35568000	1.22126	35556393	31024.8230599481	35562181	149869.25938202	35568000	2949953.3268919	35572976	86908	35578764	2313350	35584567	4068332	35572976	0.87475	35578764	1.08552	35584567	1.22221	35572976	99351.8148042298	35578764	2131098.45972437	35584567	3328668.55941287
298	35643270	4032	35649057	16768	35654861	644532	35643270	0.87479	35649057	1.08632	35654861	1.22179	35643270	4609.10618548452	35649057	15435.5990868252	35654861	527530.917751823	35659837	96147	35665609	2250098	35671428	1310662	35659837	0.87493	35665609	1.08575	35671428	1.22123	35659837	109891.077000446	35665609	2072390.51346995	35671428	1073231.08669129	35676404	27305	35682176	162813	35687979	3599186	35676404	0.87424	35682176	1.08595	35687979	1.22239	35676404	31232.8422401171	35682176	149926.792209586	35687979	2944384.36178306	35692956	86844	35698743	2315682	35704547	4062951	35692956	0.87468	35698743	1.08618	35704547	1.2218	35692956	99286.596240911	35698743	2131950.50544109	35704547	3325381.40448519
299	35763281	4202	35769068	16794	35774872	643732	35763281	0.87473	35769068	1.08615	35774872	1.22198	35763281	4803.76801984612	35769068	15461.9527689546	35774872	526794.219217991	35779848	96014	35785636	2247809	35791439	1312187	35779848	0.87475	35785636	1.08544	35791439	1.22241	35779848	109761.646184624	35785636	2070873.56279481	35791439	1073442.62563297	35796415	27312	35802203	162241	35808006	3594104	35796415	0.87547	35802203	1.08527	35808006	1.22206	35796415	31196.9570630633	35802203	149493.674385176	35808006	2941020.89913752	35812967	87011	35818754	2313403	35824558	4063009	35812967	0.87452	35818754	1.0862	35824558	1.22314	35812967	99495.7233682477	35818754	2129813.10992451	35824558	3321785.73180503
300	35883292	4058	35889079	16857	35894883	644222	35883292	0.87484	35889079	1.0854	35894883	1.22155	35883292	4638.56247999634	35889079	15530.679933665	35894883	527380.786705415	35899859	96545	35905647	2250633	35911450	1314460	35899859	0.87503	35905647	1.0852	35911450	1.22177	35899859	110333.359999086	35905647	2073933.83708072	35911450	1075865.34290415	35916426	26994	35922214	162599	35928033	3591615	35916426	0.8756	35922214	1.08653	35928033	1.22236	35916426	30829.1457286432	35922214	149649.802582533	35928033	2938262.86854936	35933025	87399	35938812	2315107	35944631	4054941	35933025	0.8749	35938812	1.08553	35944631	1.22194	35933025	99895.9881129272	35938812	2132697.39205734	35944631	3318445.25917803
301	36003303	4086	36009090	17106	36014894	642767	36003303	0.87407	36009090	1.0859	36014894	1.22194	36003303	4674.68280572494	36009090	15752.8317524634	36014894	526021.735928114	36019870	96642	36025658	2253464	36031461	1314708	36019870	0.87522	36025658	1.0857	36031461	1.22227	36019870	110420.237197505	36025658	2075586.25771392	36031461	1075628.13453656	36036437	27139	36042209	162194	36048012	3591317	36036437	0.87503	36042209	1.08638	36048012	1.22223	36036437	31014.9366307441	36042209	149297.667482833	36048012	2938331.57425362	36052989	86206	36058776	2316816	36064580	4054930	36052989	0.87525	36058776	1.08598	36064580	1.22256	36052989	98493.0019994287	36058776	2133387.35519991	36064580	3316753.36997775