HJY Multigroup Import
Application Version:	3.5.1.20
SystemConfiguration::	FL3-11_1602C-0213-FL
Experiment Time Stamp:	2/19/2025 3:59 PM
Export Time Stamp:	2/20/2025 11:28 AM
Experiment Comment:	None

Integration Time:	1
Time Sequence Interval Points:	301
Time Sequence Experiment Duration:	10:00:00	36000000 (ms)
Repetition Time Sequence Enabled:	False
Repetition Time Sequence Count:	2
Repetition Time Sequence Delay:	0 seconds
Time Sequence Interval Total Points:	301
Time Sequence Experiment Duration Total:	10:00:00	36000000 (ms)

Mono Count:	2
Mono Description:	Excitation 1 (Mono1)	Emission 1 (Mono2)
Mono Slit Width:		5	5
Mono Grating Index:		0	0
Mono Grating Value:		1200	1200

Mono Wavelength Group Count:	3
Mono Wavelength Group Description:	Group 1:(Excitation 1:596 Emission 1:615)	Group 2:(Excitation 1:549 Emission 1:565)	Group 3:(Excitation 1:495 Emission 1:520)

Detector Count:	3
Detector Description:	S1 (SCD1)	R (SCD2)	S1/R (SCD1/SCD2)
Detector High Voltage:	950	None	None

Accessory Sequential Type:	Temperature Controller
Accessory Sequential Description:	Temperature Control (TC1)
Accessory Sequential Scan Position Count:	1
Accessory Sequential Scan Positions:		37

Accessory Interleave Type:	Sample Changer
Accessory Interleave Description:	Sample Changer - 4 Position (SCH1)
Accessory Interleave Scan Position Count:	3
Accessory Interleave Scan Positions:	1	2	3

Axis	X	Y	X	Y	X	Y	X	Y	X	Y	X	Y	X	Y	X	Y	X	Y	X	Y	X	Y	X	Y	X	Y	X	Y	X	Y	X	Y	X	Y	X	Y	X	Y	X	Y	X	Y	X	Y	X	Y	X	Y	X	Y	X	Y	X	Y
Sequential: Temperature Controller	Idx:0(Pos:37.00)	Idx:0(Pos:37.00)	Idx:0(Pos:37.00)	Idx:0(Pos:37.00)	Idx:0(Pos:37.00)	Idx:0(Pos:37.00)	Idx:0(Pos:37.00)	Idx:0(Pos:37.00)	Idx:0(Pos:37.00)	Idx:0(Pos:37.00)	Idx:0(Pos:37.00)	Idx:0(Pos:37.00)	Idx:0(Pos:37.00)	Idx:0(Pos:37.00)	Idx:0(Pos:37.00)	Idx:0(Pos:37.00)	Idx:0(Pos:37.00)	Idx:0(Pos:37.00)	Idx:0(Pos:37.00)	Idx:0(Pos:37.00)	Idx:0(Pos:37.00)	Idx:0(Pos:37.00)	Idx:0(Pos:37.00)	Idx:0(Pos:37.00)	Idx:0(Pos:37.00)	Idx:0(Pos:37.00)	Idx:0(Pos:37.00)	Idx:0(Pos:37.00)	Idx:0(Pos:37.00)	Idx:0(Pos:37.00)	Idx:0(Pos:37.00)	Idx:0(Pos:37.00)	Idx:0(Pos:37.00)	Idx:0(Pos:37.00)	Idx:0(Pos:37.00)	Idx:0(Pos:37.00)	Idx:0(Pos:37.00)	Idx:0(Pos:37.00)	Idx:0(Pos:37.00)	Idx:0(Pos:37.00)	Idx:0(Pos:37.00)	Idx:0(Pos:37.00)	Idx:0(Pos:37.00)	Idx:0(Pos:37.00)	Idx:0(Pos:37.00)	Idx:0(Pos:37.00)	Idx:0(Pos:37.00)	Idx:0(Pos:37.00)	Idx:0(Pos:37.00)	Idx:0(Pos:37.00)	Idx:0(Pos:37.00)	Idx:0(Pos:37.00)	Idx:0(Pos:37.00)	Idx:0(Pos:37.00)
Interleave: Sample Changer	Idx:0(Pos:1)	Idx:0(Pos:1)	Idx:0(Pos:1)	Idx:0(Pos:1)	Idx:0(Pos:1)	Idx:0(Pos:1)	Idx:0(Pos:1)	Idx:0(Pos:1)	Idx:0(Pos:1)	Idx:0(Pos:1)	Idx:0(Pos:1)	Idx:0(Pos:1)	Idx:0(Pos:1)	Idx:0(Pos:1)	Idx:0(Pos:1)	Idx:0(Pos:1)	Idx:0(Pos:1)	Idx:0(Pos:1)	Idx:1(Pos:2)	Idx:1(Pos:2)	Idx:1(Pos:2)	Idx:1(Pos:2)	Idx:1(Pos:2)	Idx:1(Pos:2)	Idx:1(Pos:2)	Idx:1(Pos:2)	Idx:1(Pos:2)	Idx:1(Pos:2)	Idx:1(Pos:2)	Idx:1(Pos:2)	Idx:1(Pos:2)	Idx:1(Pos:2)	Idx:1(Pos:2)	Idx:1(Pos:2)	Idx:1(Pos:2)	Idx:1(Pos:2)	Idx:2(Pos:3)	Idx:2(Pos:3)	Idx:2(Pos:3)	Idx:2(Pos:3)	Idx:2(Pos:3)	Idx:2(Pos:3)	Idx:2(Pos:3)	Idx:2(Pos:3)	Idx:2(Pos:3)	Idx:2(Pos:3)	Idx:2(Pos:3)	Idx:2(Pos:3)	Idx:2(Pos:3)	Idx:2(Pos:3)	Idx:2(Pos:3)	Idx:2(Pos:3)	Idx:2(Pos:3)	Idx:2(Pos:3)
Detector	S1 (SCD1)	S1 (SCD1)	S1 (SCD1)	S1 (SCD1)	S1 (SCD1)	S1 (SCD1)	R (SCD2)	R (SCD2)	R (SCD2)	R (SCD2)	R (SCD2)	R (SCD2)	S1/R (SCD1/SCD2)	S1/R (SCD1/SCD2)	S1/R (SCD1/SCD2)	S1/R (SCD1/SCD2)	S1/R (SCD1/SCD2)	S1/R (SCD1/SCD2)	S1 (SCD1)	S1 (SCD1)	S1 (SCD1)	S1 (SCD1)	S1 (SCD1)	S1 (SCD1)	R (SCD2)	R (SCD2)	R (SCD2)	R (SCD2)	R (SCD2)	R (SCD2)	S1/R (SCD1/SCD2)	S1/R (SCD1/SCD2)	S1/R (SCD1/SCD2)	S1/R (SCD1/SCD2)	S1/R (SCD1/SCD2)	S1/R (SCD1/SCD2)	S1 (SCD1)	S1 (SCD1)	S1 (SCD1)	S1 (SCD1)	S1 (SCD1)	S1 (SCD1)	R (SCD2)	R (SCD2)	R (SCD2)	R (SCD2)	R (SCD2)	R (SCD2)	S1/R (SCD1/SCD2)	S1/R (SCD1/SCD2)	S1/R (SCD1/SCD2)	S1/R (SCD1/SCD2)	S1/R (SCD1/SCD2)	S1/R (SCD1/SCD2)
WL Group	1	1	2	2	3	3	1	1	2	2	3	3	1	1	2	2	3	3	1	1	2	2	3	3	1	1	2	2	3	3	1	1	2	2	3	3	1	1	2	2	3	3	1	1	2	2	3	3	1	1	2	2	3	3
Units	(ms)	CPS	(ms)	CPS	(ms)	CPS	(ms)	MicroAmps	(ms)	MicroAmps	(ms)	MicroAmps	(ms)	CPS	(ms)	CPS	(ms)	CPS	(ms)	CPS	(ms)	CPS	(ms)	CPS	(ms)	MicroAmps	(ms)	MicroAmps	(ms)	MicroAmps	(ms)	CPS	(ms)	CPS	(ms)	CPS	(ms)	CPS	(ms)	CPS	(ms)	CPS	(ms)	MicroAmps	(ms)	MicroAmps	(ms)	MicroAmps	(ms)	CPS	(ms)	CPS	(ms)	CPS
1	0	31188	5803	376901	11606	3818590	0	0.83536	5803	1.02492	11606	1.10736	0	37334.8017621145	5803	367736.994106857	11606	3448372.70625632	16582	34405	22370	965808	28189	3917381	16582	0.83617	22370	1.02429	28189	1.10857	16582	41145.9392228853	22370	942904.841402337	28189	3533724.52799553	33165	32287	38937	1761009	44740	3979567	33165	0.83564	38937	1.02486	44740	1.10697	33165	38637.4515341535	38937	1718292.25455184	44740	3595008.89816346
2	120011	30671	125814	319222	131617	3689973	120011	0.83555	125814	1.02544	131617	1.10724	120011	36707.5578959967	125814	311302.465283195	131617	3332586.43112604	136578	33630	142365	847668	148169	3816344	136578	0.83567	142365	1.02456	148169	1.10828	136578	40243.1581844508	142365	827348.325134692	148169	3443483.59620313	153145	31983	158948	1565173	164751	3874655	153145	0.83561	158948	1.02491	164751	1.10809	153145	38275.032610907	158948	1527132.13843167	164751	3496697.01919519
3	240022	30920	245809	310353	251628	3657165	240022	0.83625	245809	1.02531	251628	1.10674	240022	36974.5889387145	245809	302691.868800655	251628	3304448.19921572	256589	33627	262392	824244	268195	3794297	256589	0.83602	262392	1.02475	268195	1.10829	256589	40222.7219444511	262392	804336.667479873	268195	3423559.71812432	273172	32344	278959	1533120	284762	3849616	273172	0.83661	278959	1.02572	284762	1.10857	273172	38660.7857902727	278959	1494676.90987794	284762	3472596.22757246
4	360033	30958	365820	308277	371623	3645532	360033	0.83619	365820	1.02544	371623	1.10932	360033	37022.6862315981	365820	300628.998283664	371623	3286276.2773591	376600	33388	382403	820836	388191	3789188	376600	0.83687	382403	1.02627	388191	1.10938	376600	39896.2801868869	382403	799824.607559414	388191	3415590.69029548	393167	32649	398955	1525398	404758	3839827	393167	0.83687	398955	1.0255	404758	1.10845	393167	39013.2278609581	398955	1487467.57679181	404758	3464140.91749741
5	480044	30899	485831	307195	491650	3635309	480044	0.83635	485831	1.02629	491650	1.10947	480044	36945.0588868297	485831	299325.726646464	491650	3276617.66429016	496611	33687	502398	817203	508186	3779021	496611	0.83696	502398	1.02614	508186	1.10857	496611	40249.2353278532	502398	796385.483462296	508186	3408915.0888081	513162	33085	518950	1519883	524753	3839555	513162	0.83747	518950	1.02637	524753	1.11013	513162	39505.892748397	518950	1480833.42264486	524753	3458653.49103258
6	600055	30852	605842	307286	611661	3626743	600055	0.83669	605842	1.02681	611661	1.10875	600055	36873.8720434092	605842	299262.765263291	611661	3271019.61668546	616622	33661	622409	816393	628197	3777809	616622	0.83718	622409	1.02629	628197	1.10917	616622	40207.6017105043	622409	795479.835134319	628197	3405978.34416726	633173	33671	638961	1520465	644764	3828785	633173	0.83723	638961	1.02665	644764	1.10921	633173	40217.1446317022	638961	1480996.44474748	644764	3451812.55127523
7	720066	31291	725869	307880	731672	3623699	720066	0.83805	725869	1.02698	731672	1.11031	720066	37337.8676689935	725869	299791.62203743	731672	3263682.21487693	736648	33848	742436	818266	748239	3777465	736648	0.83792	742436	1.02729	748239	1.11006	736648	40395.264464388	742436	796528.730932843	748239	3402937.67904438	753216	34046	758988	1516134	764791	3819539	753216	0.83768	758988	1.02684	764791	1.1095	753216	40643.2050424983	758988	1476504.61610377	764791	3442576.8364128
8	840077	31572	845880	307234	851683	3620127	840077	0.83819	845880	1.02819	851683	1.11064	840077	37666.8774382897	845880	298810.531127515	851683	3259496.32644241	856659	33964	862431	815062	868250	3772077	856659	0.8382	862431	1.02797	868250	1.11062	856659	40520.1622524457	862431	792885.006371781	868250	3396370.49575913	873211	34200	878999	1518930	884802	3807967	873211	0.83744	878999	1.02673	884802	1.11023	873211	40838.7466564769	878999	1479386.01190186	884802	3429890.20293092
9	960088	31172	965875	306633	971694	3615270	960088	0.8385	965875	1.02791	971694	1.11071	960088	37175.9093619559	965875	298307.244797696	971694	3254918.02540717	976655	33610	982442	818344	988246	3766343	976655	0.83784	982442	1.0277	988246	1.11013	976655	40115.0577675929	982442	796286.854140313	988246	3392704.45803645	993222	34695	999010	1512999	1004813	3805286	993222	0.83797	999010	1.0269	1004813	1.11092	993222	41403.6302015585	999010	1473365.46888694	1004813	3425346.55960825
10	1080099	31204	1085886	306865	1091689	3608531	1080099	0.83814	1085886	1.02743	1091689	1.11052	1080099	37230.0570310449	1085886	298672.415639022	1091689	3249406.58430285	1096666	33787	1102438	811974	1108241	3758003	1096666	0.83784	1102438	1.02752	1108241	1.10991	1096666	40326.3152869283	1102438	790226.954219869	1108241	3385862.81770594	1113217	35110	1119005	1513207	1124793	3797061	1113217	0.8383	1119005	1.02768	1124793	1.11079	1113217	41882.3810091853	1119005	1472449.59520473	1124793	3418342.80106951
11	1200110	29144	1205897	205784	1211700	3457755	1200110	0.83785	1205897	1.02763	1211700	1.1107	1200110	34784.2692606075	1205897	200251.063125833	1211700	3113131.35860268	1216677	32067	1222464	527006	1228252	3640858	1216677	0.83798	1222464	1.02679	1228252	1.1107	1216677	38267.0230793098	1222464	513255.875105913	1228252	3277985.05447015	1233228	28960	1239016	1042281	1244819	3633103	1233228	0.83874	1239016	1.02836	1244819	1.11027	1233228	34527.9824498653	1239016	1013537.08817924	1244819	3272269.80824484
12	1320121	29377	1325908	118492	1331711	3451108	1320121	0.83825	1325908	1.02767	1331711	1.11035	1320121	35045.6307784074	1325908	115301.604600699	1331711	3108126.26649255	1336688	31402	1342475	270358	1348279	3627489	1336688	0.83786	1342475	1.02706	1348279	1.11077	1336688	37478.8150765044	1342475	263234.864564875	1348279	3265742.68300368	1353255	28042	1359043	562541	1364846	3624796	1353255	0.83882	1359043	1.02814	1364846	1.11101	1353255	33430.2949381274	1359043	547144.357772288	1364846	3262613.2978101
13	1440132	29145	1445919	72877	1451722	3441601	1440132	0.83881	1445919	1.02783	1451722	1.1111	1440132	34745.6515778305	1445919	70903.7486743917	1451722	3097471.87471875	1456699	30981	1462486	147387	1468274	3620440	1456699	0.83884	1462486	1.02822	1468274	1.11102	1456699	36933.1457727338	1462486	143341.891813036	1468274	3258663.21038325	1473250	27433	1479038	322954	1484841	3613484	1473250	0.83879	1479038	1.02734	1484841	1.11137	1473250	32705.4447477915	1479038	314359.41363132	1484841	3251378.02891926
14	1560143	29264	1565946	46685	1571749	3436204	1560143	0.83857	1565946	1.0276	1571749	1.11118	1560143	34897.504084334	1565946	45431.1015959517	1571749	3092391.87170395	1576710	31352	1582482	85368	1588285	3612487	1576710	0.83859	1582482	1.0274	1588285	1.11055	1576710	37386.565544545	1582482	83091.2984232042	1588285	3252881.00490748	1593277	27821	1599049	194203	1604852	3609176	1593277	0.83827	1599049	1.02808	1604852	1.11112	1593277	33188.5907881709	1599049	188898.723834721	1604852	3248232.41414069
15	1680154	29300	1685957	31873	1691760	3427604	1680154	0.83821	1685957	1.02758	1691760	1.11042	1680154	34955.4407606686	1685957	31017.536347535	1691760	3086763.56693864	1696736	30880	1702524	53639	1708343	3607651	1696736	0.83779	1702524	1.02726	1708343	1.11074	1696736	36858.8787166235	1702524	52215.6026711835	1708343	3247970.72222122	1713319	27498	1719107	122835	1724910	3596159	1713319	0.83807	1719107	1.02806	1724910	1.11046	1713319	32811.1016979489	1719107	119482.325934284	1724910	3238440.82632423
16	1800180	29229	1805952	23565	1811755	3424989	1800180	0.83846	1805952	1.02851	1811755	1.11115	1800180	34860.3391932829	1805952	22911.7850093825	1811755	3082382.21662242	1816732	30996	1822504	36297	1828307	3598542	1816732	0.83841	1822504	1.02805	1828307	1.11014	1816732	36969.9788886106	1822504	35306.6485093138	1828307	3241520.88925721	1833284	27370	1839071	82356	1844874	3595814	1833284	0.83905	1839071	1.0289	1844874	1.11125	1833284	32620.2252547524	1839071	80042.7641170182	1844874	3235828.12148481
17	1920191	29338	1925979	18770	1931782	3415898	1920191	0.83805	1925979	1.0267	1931782	1.11088	1920191	35007.4577889147	1925979	18281.873965131	1931782	3074947.78914014	1936759	30947	1942546	27384	1948334	3599387	1936759	0.8386	1942546	1.02877	1948334	1.112	1936759	36903.1719532554	1942546	26618.194542998	1948334	3236858.81294964	1953310	27430	1959098	58074	1964901	3589855	1953310	0.83932	1959098	1.02759	1964901	1.1116	1953310	32681.2181289615	1959098	56514.7578314308	1964901	3229448.54264124
18	2040202	29171	2045990	15879	2051793	3414827	2040202	0.83864	2045990	1.02817	2051793	1.11193	2040202	34783.6974148622	2045990	15443.9440948481	2051793	3071080.91336685	2056770	30831	2062557	21673	2068360	3591328	2056770	0.83893	2062557	1.02788	2068360	1.11153	2056770	36750.3844182471	2062557	21085.1461260069	2068360	3230977.12162515	2073337	27422	2079124	43618	2084928	3586843	2073337	0.83899	2079124	1.02885	2084928	1.11103	2073337	32684.5373603976	2079124	42394.9069349273	2084928	3228394.37278921
19	2160213	29179	2166017	14071	2171820	3407811	2160213	0.83872	2166017	1.02771	2171820	1.11149	2160213	34789.9179702404	2166017	13691.6056085861	2171820	3065984.39931983	2176796	30920	2182568	19086	2188387	3582715	2176796	0.83857	2182568	1.02799	2188387	1.1111	2176796	36872.2945013535	2182568	18566.3284662302	2188387	3224475.74475745	2193363	27583	2199151	35305	2204939	3580193	2193363	0.83803	2199151	1.02804	2204939	1.1111	2193363	32914.0961540756	2199151	34342.0489475118	2204939	3222205.92205922
20	2280224	29563	2286012	13200	2291815	3403406	2280224	0.8393	2286012	1.02846	2291815	1.11128	2280224	35223.4004527583	2286012	12834.7237617409	2291815	3062599.88481751	2296792	30778	2302579	17020	2308367	3578519	2296792	0.83851	2302579	1.02816	2308367	1.11151	2296792	36705.5849065604	2302579	16553.8437597261	2308367	3219511.29544494	2313343	27369	2319131	29928	2324934	3578327	2313343	0.83878	2319131	1.02802	2324934	1.11208	2313343	32629.5333698944	2319131	29112.2740802708	2324934	3217688.47564923
21	2400235	29407	2406039	12624	2411842	3395822	2400235	0.83894	2406039	1.02846	2411842	1.1127	2400235	35052.5663337068	2406039	12274.6630885013	2411842	3051875.61786645	2416818	30699	2422621	16115	2428425	3574031	2416818	0.83954	2422621	1.02922	2428425	1.11206	2416818	36566.4530576268	2422621	15657.4881949437	2428425	3213883.24370987	2433385	27372	2439173	25807	2444961	3572811	2433385	0.83977	2439173	1.02908	2444961	1.11215	2433385	32594.6390082999	2439173	25077.739339993	2444961	3212526.18801421
22	2520246	29336	2526034	11891	2531837	3394721	2520246	0.83926	2526034	1.02942	2531837	1.11185	2520246	34954.6028644282	2526034	11551.1647335393	2531837	3053218.50969106	2536798	31003	2542586	14874	2548389	3573267	2536798	0.83966	2542586	1.02973	2548389	1.11235	2536798	36923.2784698569	2542586	14444.5631379099	2548389	3212358.52024992	2553365	27152	2559137	23499	2564956	3570659	2553365	0.83868	2559137	1.02889	2564956	1.11218	2553365	32374.684027281	2559137	22839.1761995937	2564956	3210504.59458001
23	2640257	29575	2646061	11719	2651864	3387249	2640257	0.83907	2646061	1.02941	2651864	1.11199	2640257	35247.3571930828	2646061	11384.1909443273	2651864	3046114.62333294	2656840	31056	2662659	14362	2668462	3570837	2656840	0.83914	2662659	1.02832	2668462	1.11269	2656840	37009.3190647568	2662659	13966.4695814532	2668462	3209193.03669486	2673439	27409	2679211	21777	2685014	3569303	2673439	0.83987	2679211	1.02978	2685014	1.11348	2673439	32634.8125305107	2679211	21147.2353318184	2685014	3205538.49193519
24	2760268	29345	2766056	11474	2771859	3387145	2760268	0.83973	2766056	1.02986	2771859	1.11276	2760268	34945.7563740726	2766056	11141.3201794419	2771859	3043913.3326144	2776836	31027	2782608	13665	2788411	3569690	2776836	0.84037	2782608	1.02955	2788411	1.11389	2776836	36920.6420981234	2782608	13272.7890826089	2788411	3204706.03021842	2793403	27523	2799175	20412	2804978	3565387	2793403	0.84016	2799175	1.0298	2804978	1.11318	2793403	32759.236335936	2799175	19821.3245290348	2804978	3202884.52900699
25	2880279	29452	2886067	11557	2891886	3382753	2880279	0.84028	2886067	1.03015	2891886	1.11343	2880279	35050.2213547865	2886067	11218.7545503082	2891886	3038137.1078559	2896847	31082	2902634	13309	2908422	3563603	2896847	0.84017	2902634	1.02964	2908422	1.11392	2896847	36994.8938905222	2902634	12925.8770055553	2908422	3199155.23556449	2913398	27516	2919186	19468	2924989	3554289	2913398	0.84035	2919186	1.02943	2924989	1.11187	2913398	32743.4997322544	2919186	18911.4364259833	2924989	3196676.76976625
26	3000290	28282	3006078	10789	3011897	3273407	3000290	0.8402	3006078	1.02947	3011897	1.11293	3000290	33661.0330873602	3006078	10480.1499800868	3011897	2941251.47134141	3016858	29727	3022645	13695	3028433	3445765	3016858	0.8401	3022645	1.02916	3028433	1.11204	3016858	35385.0732055708	3022645	13306.9687900812	3028433	3098598.0720118	3033425	25920	3039197	18856	3045000	3430291	3033425	0.84018	3039197	1.03044	3045000	1.11275	3033425	30850.532028851	3039197	18298.9790768992	3045000	3082714.89552909
27	3120301	28015	3126089	10647	3131908	3262104	3120301	0.84075	3126089	1.03006	3131908	1.11264	3120301	33321.4391911983	3126089	10336.2910898394	3131908	2931859.36151855	3136884	29357	3142687	12467	3148506	3435470	3136884	0.84066	3142687	1.02989	3148506	1.11301	3136884	34921.3713034996	3142687	12105.176280962	3148506	3086647.91870693	3153483	25981	3159255	17681	3165042	3418177	3153483	0.83955	3159255	1.03057	3165042	1.11155	3153483	30946.3403013519	3159255	17156.5250298379	3165042	3075144.61787594
28	3240312	28041	3246100	10626	3251903	3258252	3240312	0.84083	3246100	1.03019	3251903	1.11364	3240312	33349.190680637	3246100	10314.6021607665	3251903	2925767.75259509	3256880	29339	3262667	12161	3268470	3424350	3256880	0.84036	3262667	1.0297	3268470	1.11204	3256880	34912.418487315	3262667	11810.2359910654	3268470	3079340.67119888	3273462	26077	3279234	17216	3285038	3415731	3273462	0.84042	3279234	1.03008	3285038	1.11336	3273462	31028.5333523714	3279234	16713.2649891271	3285038	3067948.37249407
29	3360323	27895	3366127	10442	3371930	3251669	3360323	0.8405	3366127	1.02904	3371930	1.11314	3360323	33188.5782272457	3366127	10147.3217756355	3371930	2921168.04714591	3376891	29403	3382678	11931	3388466	3423403	3376891	0.83996	3382678	1.03025	3388466	1.11301	3376891	35005.2383446831	3382678	11580.6842999272	3388466	3075806.14729427	3393458	26132	3399230	16622	3405033	3409032	3393458	0.84114	3399230	1.02949	3405033	1.11385	3393458	31067.3609625033	3399230	16145.8586290299	3405033	3060584.45930781
30	3480350	28245	3486138	10532	3491941	3247167	3480350	0.83967	3486138	1.02884	3491941	1.11275	3480350	33638.2150130408	3486138	10236.7715096614	3491941	2918146.03459897	3496917	29727	3502689	11561	3508492	3414065	3496917	0.83979	3502689	1.02916	3508492	1.11273	3496917	35398.1352480977	3502689	11233.4330910646	3508492	3068188.14986565	3513469	26189	3519256	16149	3525044	3404046	3513469	0.84048	3519256	1.03017	3525044	1.11311	3513469	31159.5754806777	3519256	15676.0534669035	3525044	3058139.80648813
31	3600361	25908	3606149	8647	3611952	3109889	3600361	0.84036	3606149	1.02932	3611952	1.11363	3600361	30829.644438098	3606149	8400.69171880465	3611952	2792569.34529422	3616928	28705	3622716	13538	3628503	3284761	3616928	0.83978	3622716	1.02998	3628503	1.11349	3616928	34181.5713639286	3622716	13143.9445426125	3628503	2949969.01633602	3633480	25120	3639267	17307	3645055	3262458	3633480	0.84056	3639267	1.02966	3645055	1.11326	3633480	29884.8386789759	3639267	16808.4610453936	3645055	2930544.526885
32	3720372	25371	3726175	8333	3731978	3099276	3720372	0.84022	3726175	1.02948	3731978	1.11273	3720372	30195.6630406322	3726175	8094.37774410382	3731978	2785290.23213178	3736955	27756	3742727	12933	3748530	3271333	3736955	0.84012	3742727	1.03003	3748530	1.11258	3736955	33038.1374089416	3742727	12555.9449724765	3748530	2940312.6067339	3753506	24833	3759294	17731	3765097	3243802	3753506	0.83981	3759294	1.02917	3765097	1.11226	3753506	29569.783641538	3759294	17228.446223656	3765097	2916406.23595203
33	3840383	25377	3846171	8464	3851974	3081180	3840383	0.83983	3846171	1.02927	3851974	1.11276	3840383	30216.829596466	3846171	8223.30389499354	3851974	2768952.87393508	3856950	27518	3862722	13907	3868525	3248519	3856950	0.84061	3862722	1.0302	3868525	1.1134	3856950	32735.7514186127	3862722	13499.3205202873	3868525	2917656.72714209	3873502	24339	3879290	19509	3885093	3213676	3873502	0.83955	3879290	1.02943	3885093	1.11287	3873502	28990.530641415	3879290	18951.2642918897	3885093	2887737.11215146
34	3960394	25203	3966182	9045	3971985	3062543	3960394	0.83996	3966182	1.03053	3971985	1.11331	3960394	30005.0002381066	3966182	8777.03705860091	3971985	2750844.77818397	3976961	27215	3982749	15592	3988537	3203907	3976961	0.84035	3982749	1.03063	3988537	1.11407	3976961	32385.3156422919	3982749	15128.6106556184	3988537	2875857.89043777	3993513	23686	3999301	23204	4005104	3141987	3993513	0.84064	3999301	1.03057	4005104	1.11383	3993513	28176.1515036163	3999301	22515.6951978032	4005104	2820885.59295404
35	4080405	24883	4086193	9812	4091996	3025025	4080405	0.8406	4086193	1.02984	4091996	1.11435	4080405	29601.475136807	4086193	9527.69362231026	4091996	2714609.41355947	4096972	26501	4102760	17351	4108548	3129875	4096972	0.84004	4102760	1.03102	4108548	1.11378	4096972	31547.3072710823	4102760	16828.9654904852	4108548	2810137.54960585	4113524	22614	4119312	27186	4125115	3016122	4113524	0.84125	4119312	1.0307	4125115	1.11366	4113524	26881.426448737	4119312	26376.2491510624	4125115	2708296.96675826
36	4200416	24225	4206204	10740	4212007	2970591	4200416	0.84085	4206204	1.03144	4212007	1.11506	4200416	28810.1326039127	4206204	10412.627006903	4212007	2664063.81719369	4216983	25567	4222771	19626	4228559	3021607	4216983	0.84109	4222771	1.03126	4228559	1.11377	4216983	30397.4604382409	4222771	19031.0881833873	4228559	2712954.20059797	4233551	21087	4239323	32730	4245126	2838655	4233551	0.84115	4239323	1.02893	4245126	1.11408	4233551	25069.2504309576	4239323	31809.7441030974	4245126	2547981.29398248
37	4320427	23682	4326230	11611	4332018	2895849	4320427	0.84116	4326230	1.02968	4332018	1.11389	4320427	28153.9778401255	4326230	11276.3188563437	4332018	2599762.0950004	4336994	24423	4342766	22282	4348570	2885794	4336994	0.84117	4342766	1.03085	4348570	1.11384	4336994	29034.5590070973	4342766	21615.1719454819	4348570	2590851.46879265	4353546	18806	4359334	39608	4365121	2617286	4353546	0.8405	4359334	1.03038	4365121	1.11441	4353546	22374.7769185009	4359334	38440.1871154331	4365121	2348584.45275976
38	4440438	23478	4446241	12897	4452045	2806741	4440438	0.84107	4446241	1.03001	4452045	1.11383	4440438	27914.4423175241	4446241	12521.2376578868	4452045	2519900.70297981	4457021	22806	4462793	25514	4468596	2717784	4457021	0.84081	4462793	1.03096	4468596	1.11413	4457021	27123.8448638813	4462793	24747.8078683945	4468596	2439377.8104889	4473573	16535	4479360	47455	4485163	2387424	4473573	0.84106	4479360	1.03097	4485163	1.11466	4473573	19659.7151213944	4479360	46029.4673947836	4485163	2141840.56124738
39	4560449	22642	4566237	14916	4572040	2702023	4560449	0.84197	4566237	1.03106	4572040	1.11532	4560449	26891.6944784256	4566237	14466.6653734991	4572040	2422643.72556755	4577016	20977	4582788	29371	4588592	2543400	4577016	0.84172	4582788	1.03287	4588592	1.11623	4577016	24921.5891270256	4582788	28436.2988565841	4588592	2278562.66181701	4593568	14324	4599356	57985	4605143	2166964	4593568	0.84233	4599356	1.03251	4605143	1.11596	4593568	17005.2117341185	4599356	56159.2623800254	4605143	1941793.61267429
40	4680460	21875	4686263	16723	4692067	2589154	4680460	0.84127	4686263	1.03148	4692067	1.11502	4680460	26002.3535844616	4686263	16212.6265172374	4692067	2322069.55929042	4697043	19144	4702831	34194	4708634	2359745	4697043	0.84177	4702831	1.031	4708634	1.11507	4697043	22742.5543794623	4702831	33165.8583899127	4708634	2116230.37118746	4713610	12764	4719398	69937	4725185	1975785	4713610	0.84207	4719398	1.0324	4725185	1.11524	4713610	15157.8847364233	4719398	67742.154203797	4725185	1771623.14838062
41	4800471	21021	4806259	19230	4812062	2465636	4800471	0.84217	4806259	1.032	4812062	1.11477	4800471	24960.518660128	4806259	18633.7209302326	4812062	2211788.97889251	4817038	17650	4822810	39451	4828614	2190899	4817038	0.84219	4822810	1.03125	4828614	1.11563	4817038	20957.2661750911	4822810	38255.5151515152	4828614	1963822.23497038	4833606	11537	4839378	83184	4845165	1818275	4833606	0.84146	4839378	1.03106	4845165	1.11525	4833606	13710.6933187555	4839378	80678.1370628286	4845165	1630374.35552567
42	4920482	20272	4926270	21700	4932073	2350819	4920482	0.84147	4926270	1.03188	4932073	1.1161	4920482	24091.1737792197	4926270	21029.5770826065	4932073	2106279.90323448	4937049	15744	4942837	45052	4948625	2038998	4937049	0.8415	4942837	1.03194	4948625	1.11621	4937049	18709.4474153298	4942837	43657.5769909103	4948625	1826715.40301556	4953617	10720	4959404	97902	4965192	1702122	4953617	0.84213	4959404	1.0314	4965192	1.11539	4953617	12729.6260672343	4959404	94921.4659685864	4965192	1526033.04673702
43	5040493	20009	5046281	24602	5052100	2218521	5040493	0.84247	5046281	1.03065	5052100	1.11483	5040493	23750.4006077368	5046281	23870.3730655412	5052100	1990008.34207906	5057060	14679	5062848	51499	5068636	1907703	5057060	0.84191	5062848	1.03108	5068636	1.11539	5057060	17435.3553230155	5062848	49946.6578732979	5068636	1710346.15694959	5073612	10137	5079400	113578	5085203	1616395	5073612	0.84218	5079400	1.03083	5085203	1.11514	5073612	12036.6192500416	5079400	110181.116187926	5085203	1449499.61439819
44	5160504	19502	5166292	27748	5172095	2098811	5160504	0.84201	5166292	1.03156	5172095	1.11459	5160504	23161.2451158537	5166292	26899.0654930397	5172095	1883034.12016975	5177071	13710	5182843	57404	5188647	1803061	5177071	0.84184	5182843	1.03162	5188647	1.11513	5177071	16285.755012829	5182843	55644.5202690913	5188647	1616906.54901222	5193623	9597	5199411	129531	5205214	1564141	5193623	0.84173	5199411	1.03145	5205214	1.11525	5193623	11401.5183015931	5199411	125581.462988996	5205214	1402502.57789733
45	5280515	18640	5286303	30768	5292106	1981341	5280515	0.84282	5286303	1.03221	5292106	1.11459	5280515	22116.2288507629	5286303	29807.8879297817	5292106	1777641.10569806	5297067	12924	5302854	64259	5308658	1718594	5297067	0.842	5302854	1.03152	5308658	1.11463	5297067	15349.1686460808	5302854	62295.4474949589	5308658	1541851.55612176	5313634	9194	5319422	145661	5325225	1530561	5313634	0.84166	5319422	1.03166	5325225	1.11435	5313634	10923.650880403	5319422	141190.896225501	5325225	1373501.14416476
46	5400526	18376	5406314	230579	5412133	1887745	5400526	0.84185	5406314	1.03071	5412133	1.11458	5400526	21828.1166478589	5406314	223708.899690505	5412133	1693682.822229	5417093	13479	5422897	617839	5428684	1658618	5417093	0.84151	5422897	1.03007	5428684	1.11534	5417093	16017.6349657164	5422897	599802.926014737	5428684	1487096.31143866	5433661	10400	5439448	1146172	5445236	1506297	5433661	0.84145	5439448	1.0316	5445236	1.1138	5433661	12359.6173272328	5439448	1111062.4272974	5445236	1352394.50529718
47	5520537	18033	5526325	232288	5532144	1786950	5520537	0.84138	5526325	1.03236	5532144	1.11405	5520537	21432.6463666833	5526325	225006.780580418	5532144	1604012.38723576	5537120	13078	5542892	627218	5548695	1612608	5537120	0.84149	5542892	1.03145	5548695	1.11499	5537120	15541.4799938205	5542892	608093.460662175	5548695	1446298.17307779	5553672	10171	5559459	1159682	5565262	1507318	5553672	0.84184	5559459	1.03158	5565262	1.11486	5553672	12081.8682885109	5559459	1124180.3834894	5565262	1352024.46944011
48	5640564	17433	5646336	234021	5652155	1703887	5640564	0.84177	5646336	1.03191	5652155	1.11453	5640564	20709.9326419331	5646336	226784.3125854	5652155	1528794.20024584	5657131	12214	5662903	628922	5668706	1594183	5657131	0.84114	5662903	1.03241	5668706	1.11499	5657131	14520.7694319614	5662903	609178.524035994	5668706	1429773.36119606	5673667	10223	5679455	1162731	5685258	1523563	5673667	0.84153	5679455	1.03049	5685258	1.1138	5673667	12148.1111784488	5679455	1128328.2710167	5685258	1367896.39073442
49	5760575	17279	5766362	233889	5772166	1630571	5760575	0.84139	5766362	1.03162	5772166	1.11472	5760575	20536.255482	5766362	226720.110118067	5772166	1462762.8462753	5777142	11684	5782914	629877	5788717	1581760	5777142	0.84165	5782914	1.03184	5788717	1.11454	5777142	13882.2550941603	5782914	610440.572181734	5788717	1419204.33542089	5793694	9721	5799481	1160472	5805284	1548069	5793694	0.84158	5799481	1.02976	5805284	1.11504	5793694	11550.8923691152	5799481	1126934.4313238	5805284	1388352.88420146
50	5880586	17061	5886373	233292	5892192	1572110	5880586	0.84164	5886373	1.03169	5892192	1.11542	5880586	20271.1373033601	5886373	226126.065000145	5892192	1409433.21798067	5897184	11674	5902987	628606	5908775	1584275	5897184	0.84131	5902987	1.02998	5908775	1.11458	5897184	13875.9791277888	5902987	610308.938037632	5908775	1421409.85842201	5913736	9905	5919508	1167019	5925311	1585385	5913736	0.84148	5919508	1.03143	5925311	1.11447	5913736	11770.9274136046	5919508	1131457.29715056	5925311	1422546.14300968
51	6000597	17032	6006369	233543	6012172	1517510	6000597	0.84137	6006369	1.03071	6012172	1.1148	6000597	20243.1748220165	6006369	226584.587323301	6012172	1361239.6842483	6017164	11371	6022936	631371	6028739	1598793	6017164	0.84171	6022936	1.03184	6028739	1.11358	6017164	13509.4034762567	6022936	611888.471080788	6028739	1435723.52233338	6033716	9561	6039519	1169421	6045322	1630753	6033716	0.84212	6039519	1.03157	6045322	1.11596	6033716	11353.4888139458	6039519	1133632.23048363	6045322	1461300.58425033
52	6120608	16793	6126395	234192	6132199	1476857	6120608	0.84181	6126395	1.03135	6132199	1.11575	6120608	19948.6820066286	6126395	227073.253502691	6132199	1323645.08178355	6137175	11268	6142963	631655	6148766	1623215	6137175	0.84145	6142963	1.03089	6148766	1.11498	6137175	13391.1700041595	6142963	612727.837111622	6148766	1455824.31971874	6153727	9315	6159514	1170870	6165318	1686014	6153727	0.84183	6159514	1.03206	6165318	1.11558	6153727	11065.1794305264	6159514	1134497.99430266	6165318	1511334.01459331
53	6240619	16590	6246406	234653	6252225	1439700	6240619	0.84164	6246406	1.03298	6252225	1.11489	6240619	19711.5156123758	6246406	227161.222869755	6252225	1291338.15892151	6257202	11327	6262989	630202	6268777	1654361	6257202	0.84232	6262989	1.03152	6268777	1.11456	6257202	13447.3834172286	6262989	610945.013184427	6268777	1484317.57823715	6273753	9721	6279541	1170457	6285329	1745046	6273753	0.84223	6279541	1.03098	6285329	1.1142	6273753	11541.9778445318	6279541	1135285.84453627	6285329	1566187.39903069
54	6360630	16398	6366417	235416	6372221	1409176	6360630	0.8412	6366417	1.03244	6372221	1.11488	6360630	19493.5805991441	6366417	228019.061640386	6372221	1263971.01033295	6377197	11061	6382985	630985	6388772	1692780	6377197	0.84144	6382985	1.0313	6388772	1.1142	6377197	13145.3223046207	6382985	611834.577717444	6388772	1519278.40603123	6393764	9589	6399536	1170647	6405340	1816894	6393764	0.84147	6399536	1.03105	6405340	1.11442	6393764	11395.5340059658	6399536	1135393.04592406	6405340	1630349.41942894
55	6480641	16354	6486428	234066	6492247	1383247	6480641	0.84182	6486428	1.03194	6492247	1.11386	6480641	19426.9558813048	6486428	226821.326821327	6492247	1241849.96319107	6497224	11084	6502996	633220	6508799	1733453	6497224	0.84234	6502996	1.03261	6508799	1.11359	6497224	13158.5820452549	6502996	613222.804350142	6508799	1556634.84765488	6513775	9496	6519563	1168894	6525366	1891034	6513775	0.84192	6519563	1.03177	6525366	1.11456	6513775	11278.9813759027	6519563	1132901.71259098	6525366	1696664.15446454
56	6600652	16061	6606440	234063	6612243	1365443	6600652	0.84275	6606440	1.03118	6612243	1.1149	6600652	19057.8463363987	6606440	226985.589324851	6612243	1224722.3966275	6617219	11054	6623007	631302	6628810	1782670	6617219	0.84171	6623007	1.03157	6628810	1.11437	6617219	13132.7892029321	6623007	611981.736576287	6628810	1599711.04749769	6633786	9495	6639574	1172339	6645377	1972468	6633786	0.84216	6639574	1.03144	6645377	1.11444	6633786	11274.5796523226	6639574	1136604.1650508	6645377	1769918.52410179
57	6720663	15981	6726435	234479	6732254	1343842	6720663	0.8407	6726435	1.03096	6732254	1.11425	6720663	19009.1590341382	6726435	227437.533948941	6732254	1206050.70675342	6737246	11181	6743018	631174	6748821	1833101	6737246	0.84119	6743018	1.03091	6748821	1.1142	6737246	13291.8841165492	6743018	612249.371914134	6748821	1645217.19619458	6753797	9274	6759585	1169383	6765373	2051763	6753797	0.84146	6759585	1.03005	6765373	1.1133	6753797	11021.3200865163	6759585	1135268.19086452	6765373	1842956.07652924
58	6840674	15896	6846462	233631	6852265	1332325	6840674	0.84163	6846462	1.03108	6852265	1.11522	6840674	18887.1594406093	6846462	226588.625518873	6852265	1194674.59335378	6857241	11347	6863029	632721	6868832	1881456	6857241	0.84268	6863029	1.03215	6868832	1.11338	6857241	13465.3723833484	6863029	613012.643511118	6868832	1689859.70647937	6873824	9680	6879596	1172623	6885399	2142215	6873824	0.84197	6879596	1.03111	6885399	1.11385	6873824	11496.8466809981	6879596	1137243.35909845	6885399	1923252.68213853
59	6960685	16021	6966473	234094	6972276	1318797	6960685	0.84273	6966473	1.03142	6972276	1.11603	6960685	19010.8338376467	6966473	226962.827945939	6972276	1181685.97618344	6977252	11275	6983024	632837	6988827	1936814	6977252	0.8424	6983024	1.03222	6988827	1.11456	6977252	13384.3779677113	6983024	613083.451202263	6988827	1737738.65920184	6993804	9639	6999591	1171944	7005395	2225780	6993804	0.8425	6999591	1.03216	7005395	1.11451	6993804	11440.9495548961	6999591	1135428.61571849	7005395	1997092.8928408
60	7080696	15957	7086484	234149	7092302	1309695	7080696	0.84163	7086484	1.03182	7092302	1.11519	7080696	18959.6378456091	7086484	226928.146382121	7092302	1174414.22537864	7097279	11427	7103066	631042	7108870	1988192	7097279	0.8415	7103066	1.03105	7108870	1.1143	7097279	13579.3226381462	7103066	612038.213471704	7108870	1784251.99676927	7113846	9568	7119634	1168702	7125452	2307551	7113846	0.8418	7119634	1.03037	7125452	1.11445	7113846	11366.1202185792	7119634	1134254.68521017	7125452	2070573.82565391
61	7200707	15967	7206510	233002	7212313	1298332	7200707	0.84223	7206510	1.03148	7212313	1.11578	7200707	18958.0043456063	7206510	225890.952805677	7212313	1163609.31366398	7217274	11291	7223077	632301	7228896	2037947	7217274	0.84222	7223077	1.03211	7228896	1.11501	7217274	13406.2359003586	7223077	612629.467789286	7228896	1827738.76467476	7233873	9529	7239660	1169419	7245463	2385652	7233873	0.84213	7239660	1.03084	7245463	1.11474	7233873	11315.3551114436	7239660	1134433.08369873	7245463	2140097.2424063
62	7320718	15748	7326506	233743	7332309	1289862	7320718	0.84208	7326506	1.03125	7332309	1.1146	7320718	18701.3110393312	7326506	226659.878787879	7332309	1157242.05993181	7337285	11375	7343073	632122	7348876	2085987	7337285	0.84259	7343073	1.03052	7348876	1.11466	7337285	13500.0415385894	7343073	613401.001436168	7348876	1871411.01322376	7353868	9446	7359640	1172971	7365459	2456761	7353868	0.8418	7359640	1.03213	7365459	1.11303	7353868	11221.1926823474	7359640	1136456.64790288	7365459	2207272.93963325
63	7440729	15412	7446532	234385	7452335	1283863	7440729	0.84131	7446532	1.03109	7452335	1.11427	7440729	18319.0500528937	7446532	227317.692926903	7452335	1152200.9925781	7457312	11391	7463099	631541	7468918	2129229	7457312	0.84165	7463099	1.03165	7468918	1.11382	7457312	13534.1293887008	7463099	612165.947753599	7468918	1911645.50825088	7473879	9662	7479667	1171016	7485470	2522391	7473879	0.84125	7479667	1.03112	7485470	1.11478	7473879	11485.2897473997	7479667	1135673.83039801	7485470	2262680.52889359
64	7560740	15792	7566528	234011	7572346	1279039	7560740	0.84151	7566528	1.03076	7572346	1.1138	7560740	18766.2654038574	7566528	227027.63009818	7572346	1148356.07829054	7577354	11695	7583142	632969	7588945	2168991	7577354	0.8404	7583142	1.0305	7588945	1.1144	7577354	13915.9923845788	7583142	614234.837457545	7588945	1946330.7609476	7593921	9657	7599709	1170642	7605512	2581257	7593921	0.84081	7599709	1.03098	7605512	1.11445	7593921	11485.3534092125	7599709	1135465.28545656	7605512	2316171.20552739
65	7680751	15772	7686554	234308	7692357	1273630	7680751	0.84226	7686554	1.03179	7692357	1.11444	7680751	18725.8091325719	7686554	227088.845598426	7692357	1142843.04224543	7697318	11617	7703090	631935	7708893	2207528	7697318	0.84244	7703090	1.03145	7708893	1.11449	7697318	13789.7060918285	7703090	612666.634349702	7708893	1980751.73397698	7713870	9895	7719642	1170438	7725445	2635214	7713870	0.842	7719642	1.03046	7725445	1.11458	7713870	11751.7814726841	7719642	1135840.3043301	7725445	2364311.22037
66	7800762	15897	7806550	234867	7812368	1271520	7800762	0.84233	7806550	1.03245	7812368	1.11468	7800762	18872.6508613014	7806550	227485.108237687	7812368	1140704.05856389	7817345	11720	7823117	632257	7828920	2241496	7817345	0.84191	7823117	1.03176	7828920	1.11481	7817345	13920.7278687746	7823117	612794.642164845	7828920	2010652.93637481	7833912	9630	7839684	1174618	7845487	2676512	7833912	0.84193	7839684	1.03146	7845487	1.11438	7833912	11438.005534902	7839684	1138791.61576794	7845487	2401794.71993395
67	7920773	15669	7926561	234118	7932379	1266236	7920773	0.84183	7926561	1.03078	7932379	1.11375	7920773	18613.0216314458	7926561	227127.030016104	7932379	1136912.23344557	7937340	11914	7943128	633514	7948931	2265500	7937340	0.84141	7943128	1.0311	7948931	1.11327	7937340	14159.5654912587	7943128	614405.974202308	7948931	2034996.00276662	7953907	9891	7959695	1170646	7965483	2710241	7953907	0.84181	7959695	1.03098	7965483	1.11457	7953907	11749.6822323327	7959695	1135469.16526024	7965483	2431647.18232143
68	8040784	15552	8046572	234497	8052375	1264188	8040784	0.84101	8046572	1.03085	8052375	1.11487	8040784	18492.0512241234	8046572	227479.264684484	8052375	1133933.10430813	8057351	11793	8063139	631117	8068942	2289425	8057351	0.84194	8063139	1.03179	8068942	1.11372	8057351	14006.9363612609	8063139	611671.948749261	8068942	2055655.82013432	8073918	9676	8079722	1169662	8085509	2735665	8073918	0.84194	8079722	1.03077	8085509	1.11351	8073918	11492.5054041856	8079722	1134745.86959263	8085509	2456794.281147
69	8160795	15751	8166583	233540	8172401	1257590	8160795	0.84226	8166583	1.0315	8172401	1.11356	8160795	18700.8762139957	8166583	226408.143480368	8172401	1129341.93038543	8177362	11830	8183150	631913	8188953	2308400	8177362	0.84173	8183150	1.03139	8188953	1.11368	8177362	14054.3879866466	8183150	612680.945132297	8188953	2072767.76093671	8193929	10145	8199733	1169576	8205536	2755173	8193929	0.84133	8199733	1.03138	8205536	1.11325	8193929	12058.2886619995	8199733	1133991.35139328	8205536	2474891.53379744
70	8280806	15767	8286594	233469	8292397	1256502	8280806	0.84182	8286594	1.03027	8292397	1.11462	8280806	18729.6571713668	8286594	226609.5295408	8292397	1127291.81245626	8297373	12227	8303145	631893	8308948	2323597	8297373	0.84195	8303145	1.03107	8308948	1.11429	8297373	14522.240038007	8303145	612851.69775088	8308948	2085271.33869998	8313925	9974	8319713	1173501	8325516	2778171	8313925	0.84216	8319713	1.03175	8325516	1.11458	8313925	11843.3551819132	8319713	1137388.90235038	8325516	2492572.08993522
71	8400817	15643	8406605	234136	8412423	1251402	8400817	0.84173	8406605	1.03252	8412423	1.11444	8400817	18584.3441483611	8406605	226761.709216286	8412423	1122897.59879401	8417400	12185	8423187	630286	8429006	2331442	8417400	0.84211	8423187	1.03115	8429006	1.11279	8417400	14469.6061084656	8423187	611245.696552393	8429006	2095132.05546419	8433983	10175	8439770	1170191	8445558	2787304	8433983	0.84148	8439770	1.02974	8445558	1.11467	8433983	12091.790654561	8439770	1136394.62388564	8445558	2500564.2925709
72	8520828	15565	8526631	233561	8532434	1249393	8520828	0.84193	8526631	1.03122	8532434	1.11475	8520828	18487.2851662252	8526631	226489.982738892	8532434	1120783.13523211	8537395	12279	8543199	632512	8549017	2342551	8537395	0.84082	8543199	1.03108	8549017	1.11495	8537395	14603.6012464023	8543199	613446.095356326	8549017	2101036.81779452	8553978	10235	8559766	1171932	8565569	2798937	8553978	0.84256	8559766	1.03164	8565569	1.11525	8553978	12147.5028484618	8559766	1135989.29859253	8565569	2509694.68728985
73	8640839	15621	8646611	233865	8652445	1248584	8640839	0.84144	8646611	1.03074	8652445	1.11478	8640839	18564.6035367941	8646611	226890.389428954	8652445	1120027.26995461	8657422	12335	8663210	631997	8668997	2348288	8657422	0.84202	8663210	1.03126	8668997	1.11462	8657422	14649.2957411938	8663210	612839.633070225	8668997	2106805.90694587	8673974	10239	8679761	1172127	8685549	2799343	8673974	0.84143	8679761	1.03212	8685549	1.11459	8673974	12168.5701722068	8679761	1135649.92442739	8685549	2511545.05244081
74	8760850	15709	8766653	233605	8772457	1245844	8760850	0.84176	8766653	1.03184	8772457	1.11447	8760850	18662.0889564722	8766653	226396.53434641	8772457	1117880.24801026	8777417	12411	8783205	632300	8789008	2352912	8777417	0.84243	8783205	1.03198	8789008	1.11467	8777417	14732.3813254514	8783205	612705.672590554	8789008	2110859.7163286	8794000	10192	8799772	1170704	8805575	2804984	8794000	0.84234	8799772	1.03196	8805575	1.11425	8794000	12099.6272289099	8799772	1134447.07159192	8805575	2517374.01839803
75	8880861	15416	8886649	233725	8892452	1243590	8880861	0.84218	8886649	1.03124	8892452	1.11586	8880861	18304.8754423045	8886649	226644.622008456	8892452	1114467.76477336	8897444	12578	8903216	631211	8909019	2353344	8897444	0.8424	8903216	1.03149	8909019	1.11537	8897444	14931.1490978158	8903216	611940.978584378	8909019	2109922.26794696	8913996	10332	8919783	1170668	8925586	2804430	8913996	0.84162	8919783	1.03146	8925586	1.11484	8913996	12276.3242318386	8919783	1134962.09256782	8925586	2515544.83154533
76	9000872	15529	9006660	234642	9012463	1238190	9000872	0.84241	9006660	1.03202	9012463	1.11433	9000872	18434.0166902102	9006660	227361.872831922	9012463	1111151.99267721	9017439	12516	9023227	632122	9029030	2348945	9017439	0.84212	9023227	1.03075	9029030	1.11455	9017439	14862.4899064266	9023227	613264.128062091	9029030	2107527.70176304	9034007	10430	9039810	1172005	9045613	2808293	9034007	0.84067	9039810	1.03238	9045613	1.11513	9034007	12406.7707899651	9039810	1135245.74284663	9045613	2518354.81064988
77	9120883	15489	9126671	234058	9132474	1235959	9120883	0.84228	9126671	1.03163	9132474	1.1144	9120883	18389.3717053711	9126671	226881.730853116	9132474	1109080.22254128	9137450	12585	9143238	632244	9149041	2340416	9137450	0.84214	9143238	1.03204	9149041	1.11445	9137450	14944.0710570689	9143238	612615.790085656	9149041	2100063.70855579	9154002	10418	9159774	1172225	9165577	2802757	9154002	0.84198	9159774	1.03159	9165577	1.11479	9154002	12373.215515808	9159774	1136328.38627749	9165577	2514156.92641664
78	9240894	15326	9246682	234533	9252485	1234288	9240894	0.84229	9246682	1.03179	9252485	1.11621	9240894	18195.6333329376	9246682	227306.913228467	9252485	1105784.75376497	9257461	12894	9263249	634509	9269052	2336948	9257461	0.84216	9263249	1.03299	9269052	1.11502	9257461	15310.6298090624	9263249	614245.055615253	9269052	2095879.89453104	9274029	10639	9279816	1170514	9285619	2802306	9274029	0.84303	9279816	1.03186	9285619	1.11445	9274029	12619.9542127801	9279816	1134372.88004187	9285619	2514519.26959487
79	9360905	15491	9366693	234059	9372512	1231276	9360905	0.84218	9366693	1.03215	9372512	1.11499	9360905	18393.9300387091	9366693	226768.396066463	9372512	1104293.31204764	9377472	13118	9383260	634097	9389063	2329966	9377472	0.842	9383260	1.03216	9389063	1.11502	9377472	15579.5724465558	9383260	614339.831033948	9389063	2089618.12344173	9394040	10652	9399827	1169797	9405630	2795865	9394040	0.84182	9399827	1.03045	9405630	1.11381	9394040	12653.5363854506	9399827	1135229.26876607	9405630	2510181.26969591
80	9480916	15318	9486704	233723	9492523	1225934	9480916	0.84286	9486704	1.03231	9492523	1.11614	9480916	18173.8366988586	9486704	226407.765109318	9492523	1098369.38018528	9497499	12898	9503287	632554	9509074	2315783	9497499	0.84167	9503287	1.03141	9509074	1.11354	9497499	15324.2957453634	9503287	613290.544012566	9509074	2079658.56637391	9514066	10527	9519838	1170450	9525657	2795553	9514066	0.8422	9519838	1.0303	9525657	1.11372	9514066	12499.4063167894	9519838	1136028.34125983	9525657	2510103.97586467
81	9600927	15523	9606730	234364	9612534	1222671	9600927	0.8412	9606730	1.03216	9612534	1.11519	9600927	18453.3999048978	9606730	227061.695861107	9612534	1096379.09235198	9617510	13226	9623282	633204	9629085	2306770	9617510	0.84254	9623282	1.03257	9629085	1.11469	9617510	15697.771025708	9623282	613231.064237776	9629085	2069427.37442697	9634062	10652	9639849	1171974	9645652	2789629	9634062	0.84191	9639849	1.03165	9645652	1.1149	9634062	12652.1837251013	9639849	1136018.99869142	9645652	2502133.82366132
82	9720938	15546	9726726	233914	9732529	1216988	9720938	0.84169	9726726	1.03156	9732529	1.11348	9720938	18469.983010372	9726726	226757.532281205	9732529	1092959.01138772	9737505	12949	9743293	633792	9749096	2295510	9737505	0.84225	9743293	1.03121	9749096	1.11388	9737505	15374.2950430395	9743293	614610.021237187	9749096	2060823.42801738	9754088	10700	9759876	1171325	9765679	2788820	9754088	0.84114	9759876	1.03084	9765679	1.11453	9754088	12720.8312528236	9759876	1136282.06123162	9765679	2502238.61179152
83	9840949	15566	9846737	233948	9852540	1217445	9840949	0.84206	9846737	1.03111	9852540	1.11441	9840949	18485.6186019999	9846737	226889.468630893	9852540	1092456.99518131	9857516	13209	9863304	631942	9869107	2281294	9857516	0.84227	9863304	1.03131	9869107	1.11501	9857516	15682.6195875432	9863304	612756.591131667	9869107	2045985.23780056	9874084	10765	9879871	1172538	9885674	2784750	9874084	0.84249	9879871	1.03217	9885674	1.11421	9874084	12777.5997341215	9879871	1135993.10191151	9885674	2499304.43991707
84	9960960	15316	9966763	233340	9972551	1211929	9960960	0.84188	9966763	1.03237	9972551	1.11408	9960960	18192.6165249204	9966763	226023.615564187	9972551	1087829.41979032	9977543	13479	9983315	631530	9989118	2266557	9977543	0.8419	9983315	1.03179	9989118	1.11387	9977543	16010.2149899038	9983315	612072.22399907	9989118	2034848.77050284	9994079	10946	9999867	1169918	10005670	2779940	9994079	0.84291	9999867	1.03183	10005670	1.11524	9994079	12985.9652869227	9999867	1133828.24690114	10005670	2492683.18926868
85	10080971	15603	10086759	233935	10092562	1208810	10080971	0.84164	10086759	1.03158	10092562	1.11388	10080971	18538.8051898674	10086759	226773.493088272	10092562	1085224.62024635	10097538	13627	10103326	632108	10109129	2253276	10097538	0.84097	10103326	1.03108	10109129	1.11451	10097538	16203.9073926537	10103326	613054.273189277	10109129	2021763.82446097	10114106	11181	10119893	1173452	10125696	2773006	10114106	0.84165	10119893	1.03128	10125696	1.11361	10114106	13284.6194974158	10119893	1137859.74711039	10125696	2490105.15350976
86	10200982	15710	10206770	233577	10212573	1204952	10200982	0.84215	10206770	1.03158	10212573	1.11444	10200982	18654.6339725702	10206770	226426.452626069	10212573	1081217.47245253	10217549	13729	10223337	631792	10229140	2235967	10217549	0.84206	10223337	1.03146	10229140	1.11526	10217549	16304.0638434316	10223337	612522.056114634	10229140	2004884.0629091	10234117	11291	10239904	1171886	10245707	2765655	10234117	0.84154	10239904	1.03163	10245707	1.11386	10234117	13417.0687073698	10239904	1135955.72055873	10245707	2482946.68988921
87	10320993	15488	10326781	233887	10332584	1201875	10320993	0.84191	10326781	1.03241	10332584	1.11346	10320993	18396.2656340939	10326781	226544.686703926	10332584	1079405.63648447	10337560	13793	10343348	632690	10349136	2220169	10337560	0.84193	10343348	1.03226	10349136	1.11405	10337560	16382.5971280273	10343348	612917.288280085	10349136	1992880.92994031	10354112	11161	10359884	1169560	10365687	2763900	10354112	0.84184	10359884	1.03098	10365687	1.11409	10354112	13257.863727074	10359884	1134415.79856059	10365687	2480858.81751026
88	10441004	15522	10446792	233351	10452595	1200226	10441004	0.84131	10446792	1.03194	10452595	1.11434	10441004	18449.7985284853	10446792	226128.457080838	10452595	1077073.42462803	10457571	13768	10463359	630539	10469162	2204890	10457571	0.84234	10463359	1.03226	10469162	1.11493	10457571	16344.9438469027	10463359	610833.510937167	10469162	1977603.97513745	10474123	11323	10479895	1171565	10485698	2757137	10474123	0.84225	10479895	1.03194	10485698	1.11484	10474123	13443.7518551499	10479895	1135303.40911293	10485698	2473123.49754225
89	10561015	15546	10566803	232623	10572606	1193893	10561015	0.84222	10566803	1.03145	10572606	1.11506	10561015	18458.3600484434	10566803	225530.079014979	10572606	1070698.43775223	10577598	13834	10583370	631057	10589173	2185888	10577598	0.84236	10583370	1.03155	10589173	1.11562	10577598	16422.9070706111	10583370	611756.095196549	10589173	1959348.16514584	10594150	11485	10599953	1169852	10605756	2752634	10594150	0.84217	10599953	1.03048	10605756	1.11443	10594150	13637.389125711	10599953	1135249.59242295	10605756	2469992.73171038
90	10681026	15546	10686814	233532	10692617	1190931	10681026	0.8424	10686814	1.03114	10692617	1.11424	10681026	18454.415954416	10686814	226479.430533196	10692617	1068828.08012636	10697593	13740	10703365	631701	10709169	2165250	10697593	0.8424	10703365	1.03136	10709169	1.11407	10697593	16310.5413105413	10703365	612493.212845175	10709169	1943549.32813917	10714145	11310	10719917	1170462	10725720	2749664	10714145	0.84291	10719917	1.03206	10725720	1.1156	10714145	13417.8026123785	10719917	1134102.66844951	10725720	2464740.0501972
91	10801037	15400	10806840	233964	10812644	1186965	10801037	0.84199	10806840	1.03127	10812644	1.115	10801037	18290.0034442214	10806840	226869.781919381	10812644	1064542.60089686	10817620	13914	10823392	631016	10829195	2145218	10817620	0.8424	10823392	1.03107	10829195	1.11356	10817620	16517.094017094	10823392	612001.125044856	10829195	1926450.30353102	10834172	11578	10839959	1170026	10845763	2743093	10834172	0.84242	10839959	1.03079	10845763	1.1144	10834172	13743.7382778187	10839959	1135076.9797922	10845763	2461497.66690596
92	10921048	15301	10926836	234095	10932639	1183519	10921048	0.84276	10926836	1.03137	10932639	1.1147	10921048	18155.8213489012	10926836	226974.800508062	10932639	1061737.68727012	10937631	14003	10943403	630829	10949206	2128083	10937631	0.84217	10943403	1.03202	10949206	1.11446	10937631	16627.2842775212	10943403	611256.564795256	10949206	1909519.40850277	10954183	11692	10959970	1171350	10965774	2738232	10954183	0.8417	10959970	1.03156	10965774	1.11449	10954183	13890.9350124748	10959970	1135513.20330373	10965774	2456937.25381116
93	11041059	15644	11046847	233640	11052666	1176840	11041059	0.84191	11046847	1.03078	11052666	1.11325	11041059	18581.5585989001	11046847	226663.303517724	11052666	1057121.04199416	11057642	14119	11063430	632054	11069217	2110359	11057642	0.84219	11063430	1.03175	11069217	1.11412	11057642	16764.6255595531	11063430	612603.828446814	11069217	1894193.62366711	11074209	11788	11079997	1170492	11085800	2727889	11074209	0.84229	11079997	1.03098	11085800	1.1137	11074209	13995.1798074297	11079997	1135319.79281848	11085800	2449393.01427674
94	11161070	15365	11166858	233386	11172661	1178350	11161070	0.84184	11166858	1.03156	11172661	1.11388	11161070	18251.6867813361	11166858	226245.686145256	11172661	1057878.76611484	11177638	14165	11183425	631904	11189228	2092088	11177638	0.84213	11183425	1.03229	11189228	1.11451	11177638	16820.4433994751	11183425	612138.061978708	11189228	1877137.03780137	11194205	11755	11199992	1172093	11205796	2727272	11194205	0.84257	11199992	1.03187	11205796	1.11515	11194205	13951.3630914939	11199992	1135892.11819318	11205796	2445654.84463973
95	11281081	15537	11286869	233160	11292672	1172589	11281081	0.8425	11286869	1.03243	11292672	1.11448	11281081	18441.5430267062	11286869	225836.134168902	11292672	1052140.01148518	11297649	14322	11303436	631682	11309224	2072055	11297649	0.84191	11303436	1.03151	11309224	1.11377	11297649	17011.319499709	11303436	612385.725780652	11309224	1860397.5686183	11314200	11759	11319972	1169627	11325775	2716672	11314200	0.84227	11319972	1.03209	11325775	1.11453	11314200	13961.0813634583	11319972	1133260.66525206	11325775	2437504.59835087
96	11401092	15554	11406880	234464	11412699	1168988	11401092	0.84092	11406880	1.03192	11412699	1.11398	11401092	18496.4086952385	11406880	227211.411737344	11412699	1049379.70161044	11417675	14195	11423463	632671	11429266	2053471	11417675	0.8415	11423463	1.03141	11429266	1.11375	11417675	16868.6868686869	11423463	613403.980958106	11429266	1843745.00561167	11434242	11745	11440046	1172085	11445849	2713296	11434242	0.84191	11440046	1.03218	11445849	1.11473	11434242	13950.4222541602	11440046	1135543.21920595	11445849	2434038.73583738
97	11521103	15496	11526875	233271	11532679	1164037	11521103	0.84099	11526875	1.03247	11532679	1.11337	11521103	18425.9028050274	11526875	225934.893992077	11532679	1045507.78267782	11537655	14402	11543443	632375	11549246	2029868	11537655	0.84267	11543443	1.03105	11549246	1.11334	11537655	17090.913406197	11543443	613331.070268173	11549246	1823223.81303106	11554222	12114	11560010	1169967	11565813	2697932	11554222	0.84273	11560010	1.03169	11565813	1.11371	11554222	14374.7107614538	11560010	1134029.6019153	11565813	2422472.63650322
98	11641114	15411	11646902	233418	11652705	1162742	11641114	0.84162	11646902	1.03135	11652705	1.11411	11641114	18311.1142796036	11646902	226322.780821254	11652705	1043650.98598882	11657682	14360	11663469	632796	11669272	2013945	11657682	0.84191	11663469	1.03261	11669272	1.11439	11657682	17056.4549654951	11663469	612812.194342491	11669272	1807217.40144833	11674249	11958	11680036	1171353	11685824	2699876	11674249	0.84253	11680036	1.03137	11685824	1.11474	11674249	14192.9664225606	11680036	1135725.29741994	11685824	2421978.2191363
99	11761125	15806	11766913	234079	11772732	1163463	11761125	0.84252	11766913	1.03273	11772732	1.11594	11761125	18760.3855101363	11766913	226660.404946114	11772732	1042585.62288295	11777708	14527	11783480	631924	11789299	1993875	11777708	0.84212	11783480	1.03227	11789299	1.11577	11777708	17250.5106160642	11783480	612169.296792506	11789299	1786994.63151008	11794275	12175	11800063	1169806	11805866	2689415	11794275	0.84174	11800063	1.03207	11805866	1.11469	11794275	14464.0862974315	11800063	1133456.06402666	11805866	2412702.18625806
100	11881136	15592	11886908	233244	11892712	1158241	11881136	0.84211	11886908	1.03153	11892712	1.11549	11881136	18515.3958508983	11886908	226114.606458368	11892712	1038324.86171996	11897688	14587	11903476	633323	11909279	1972050	11897688	0.84302	11903476	1.03199	11909279	1.11481	11897688	17303.2668264098	11903476	613691.024137831	11909279	1768956.14499332	11914255	12238	11920043	1174126	11925846	2683198	11914255	0.84228	11920043	1.0329	11925846	1.11492	11914255	14529.610105903	11920043	1136727.65998645	11925846	2406628.27826212
101	12001147	15614	12006935	233127	12012738	1152661	12001147	0.84281	12006935	1.03142	12012738	1.11405	12001147	18526.1209525279	12006935	226025.285528689	12012738	1034658.22898434	12017730	14489	12023502	631155	12029305	1952237	12017730	0.84223	12023502	1.03193	12029305	1.11525	12017730	17203.1392849934	12023502	611625.78857093	12029305	1750492.71463797	12034282	12368	12040069	1171126	12045873	2672855	12034282	0.84216	12040069	1.03178	12045873	1.1147	12034282	14686.0454070485	12040069	1135053.98437651	12045873	2397824.52677851
102	12121158	15761	12126946	232749	12132749	1149652	12121158	0.84283	12126946	1.03231	12132749	1.11475	12121158	18700.093731832	12126946	225464.250079918	12132749	1031309.2621664	12137726	14539	12143513	633129	12149316	1932582	12137726	0.84258	12143513	1.03239	12149316	1.11452	12137726	17255.3348050037	12143513	613265.335774271	12149316	1734003.8761081	12154293	12326	12160080	1171734	12165884	2670182	12154293	0.8419	12160080	1.03209	12165884	1.11461	12154293	14640.6936690818	12160080	1135302.15388193	12165884	2395619.99264317
103	12241169	15618	12246957	233285	12252760	1146497	12241169	0.842	12246957	1.0317	12252760	1.11438	12241169	18548.6935866983	12246957	226117.088300863	12252760	1028820.51005941	12257737	14959	12263524	632371	12269327	1914622	12257737	0.84218	12263524	1.03238	12269327	1.11607	12257737	17762.236101546	12263524	612537.050310932	12269327	1715503.50784449	12274304	12767	12280076	1173047	12285879	2660905	12274304	0.84199	12280076	1.03233	12285879	1.11534	12274304	15162.8879202841	12280076	1136310.09464028	12285879	2385734.39489304
104	12361180	15522	12366968	233384	12372771	1143524	12361180	0.84206	12366968	1.03256	12372771	1.11462	12361180	18433.3657934114	12366968	226024.637793445	12372771	1025931.70766719	12377748	14832	12383535	630389	12389338	1892003	12377748	0.84158	12383535	1.03149	12389338	1.11506	12377748	17623.9929656123	12383535	611144.073136918	12389338	1696772.37099349	12394315	12573	12400102	1170183	12405906	2653375	12394315	0.84242	12400102	1.03146	12405906	1.1139	12394315	14924.859333824	12400102	1134491.88528881	12405906	2382058.53308196
105	12481191	15409	12486979	233553	12492782	1144115	12481191	0.84196	12486979	1.03132	12492782	1.11544	12481191	18301.3444819231	12486979	226460.264515378	12492782	1025707.34418705	12497759	14944	12503546	631687	12509349	1877351	12497759	0.84225	12503546	1.03135	12509349	1.11545	12497759	17742.9504303948	12503546	612485.577156155	12509349	1683043.61468466	12514326	12760	12520098	1173930	12525901	2645980	12514326	0.84129	12520098	1.03194	12525901	1.11434	12514326	15167.1837297484	12520098	1137595.20902378	12525901	2374481.75601701
106	12601202	15635	12607006	233402	12612809	1139391	12601202	0.84216	12607006	1.03202	12612809	1.11482	12601202	18565.3557518761	12607006	226160.345729734	12612809	1022040.32938053	12617785	15412	12623573	634877	12629360	1854310	12617785	0.84252	12623573	1.03299	12629360	1.11497	12617785	18292.7408251436	12623573	614601.303013582	12629360	1663103.04313121	12634352	12668	12640140	1170505	12645943	2632065	12634352	0.84247	12640140	1.0318	12645943	1.11499	12634352	15036.7372131945	12640140	1134430.12211669	12645943	2360617.58401421
107	12721213	15688	12727001	232837	12732820	1135937	12721213	0.84246	12727001	1.03104	12732820	1.11513	12721213	18621.6556275669	12727001	225827.319987585	12732820	1018658.81108032	12737796	15626	12743584	634288	12749387	1834115	12737796	0.84236	12743584	1.03322	12749387	1.11407	12737796	18550.2635452776	12743584	613894.427130718	12749387	1646319.35156678	12754364	12972	12760151	1172905	12765970	2629819	12754364	0.8427	12760151	1.03217	12765970	1.11514	12754364	15393.3784264863	12760151	1136348.66349535	12765970	2358285.95512671
108	12841224	15945	12847012	232429	12852815	1132839	12841224	0.84267	12847012	1.03129	12852815	1.11454	12841224	18921.9979351348	12847012	225376.955075682	12852815	1016418.43271664	12857792	15581	12863579	633393	12869383	1812156	12857792	0.84252	12863579	1.03169	12869383	1.11422	12857792	18493.3295352039	12863579	613937.326134789	12869383	1626389.76144747	12874359	12848	12880147	1171220	12885950	2617638	12874359	0.8417	12880147	1.0313	12885950	1.11437	12874359	15264.3459664964	12880147	1135673.4218947	12885950	2348984.62808582
109	12961235	15854	12967023	232995	12972842	1130283	12961235	0.84252	12967023	1.03136	12972842	1.1139	12961235	18817.3574514552	12967023	225910.448340056	12972842	1014707.78346351	12977818	15113	12983590	633371	12989394	1796088	12977818	0.84273	12983590	1.03203	12989394	1.11528	12977818	17933.3831713597	12983590	613713.748631338	12989394	1610436.84097267	12994386	13131	13000158	1175227	13005976	2611368	12994386	0.84252	13000158	1.03237	13005976	1.11461	12994386	15585.3866970517	13000158	1138377.7134167	13005976	2342853.55415796
110	13081246	15735	13087034	232299	13092837	1126484	13081246	0.84241	13087034	1.03289	13092837	1.11476	13081246	18678.5531985613	13087034	224901.974072747	13092837	1010517.0619685	13097814	15313	13103601	631478	13109405	1773334	13097814	0.84199	13103601	1.03227	13109405	1.11525	13097814	18186.6768013872	13103601	611737.239288171	13109405	1590077.56108496	13114381	12886	13120169	1171863	13125956	2595852	13114381	0.84262	13120169	1.03199	13125956	1.11474	13114381	15292.7772898816	13120169	1135537.16605781	13125956	2328661.39189407
111	13201257	15833	13207045	233359	13212848	1123438	13201257	0.84246	13207045	1.03302	13212848	1.11497	13201257	18793.7706241246	13207045	225899.788968268	13212848	1007594.8231791	13217825	15290	13223612	632692	13229416	1753732	13217825	0.84266	13223612	1.03232	13229416	1.1146	13217825	18144.922032611	13223612	612883.601983881	13229416	1573418.26664274	13234392	13094	13240180	1170522	13245983	2595909	13234392	0.8429	13240180	1.03208	13245983	1.11575	13234392	15534.4643492704	13240180	1134138.82644756	13245983	2326604.52610352
112	13321268	15776	13327056	233235	13332859	1123834	13321268	0.84307	13327056	1.03139	13332859	1.11421	13321268	18712.5624206768	13327056	226136.572974336	13332859	1008637.50998465	13337851	15490	13343623	631733	13349427	1736685	13337851	0.84249	13343623	1.03194	13349427	1.11496	13337851	18385.974907714	13343623	612179.971703781	13349427	1557620.90119825	13354403	13209	13360175	1170163	13365978	2575360	13354403	0.84241	13360175	1.03168	13365978	1.1136	13354403	15680.0132951888	13360175	1134230.57537221	13365978	2312643.67816092
113	13441280	15904	13447067	232262	13452870	1119455	13441280	0.84185	13447067	1.0327	13452870	1.1146	13441280	18891.7265546119	13447067	224907.523966302	13452870	1004355.82271667	13457847	15393	13463634	631533	13469438	1716707	13457847	0.84219	13463634	1.03166	13469438	1.11425	13457847	18277.3483418231	13463634	612152.259465328	13469438	1540683.86807269	13474414	13333	13480217	1173682	13486020	2569491	13474414	0.84256	13480217	1.03327	13486020	1.11428	13474414	15824.3923281428	13480217	1135890.90944284	13486020	2305965.28700147
114	13561291	15632	13567094	232465	13572897	1116031	13561291	0.84281	13567094	1.03242	13572897	1.11394	13561291	18547.4780792824	13567094	225165.145967726	13572897	1001877.12085032	13577873	15460	13583677	631671	13589480	1697731	13577873	0.84229	13583677	1.03211	13589480	1.1149	13577873	18354.723432547	13583677	612019.067735028	13589480	1522765.27042784	13594441	13496	13600228	1169511	13606031	2557396	13594441	0.84328	13600228	1.03162	13606031	1.11464	13594441	16004.1741770231	13600228	1133664.52763615	13606031	2294369.48252351
115	13681302	15680	13687089	233018	13692892	1114774	13681302	0.84302	13687089	1.03214	13692892	1.11503	13681302	18599.7959716258	13687089	225762.009029783	13692892	999770.40976476	13697869	15732	13703656	632092	13709460	1680879	13697869	0.84288	13703656	1.03269	13709460	1.11533	13697869	18664.5785876993	13703656	612083.006516961	13709460	1507068.75991859	13714436	13552	13720208	1170297	13726011	2547707	13714436	0.84288	13720208	1.03226	13726011	1.11473	13714436	16078.2080485953	13720208	1133723.0930192	13726011	2285492.45108681
116	13801313	15905	13807100	232549	13812903	1114017	13801313	0.84271	13807100	1.03262	13812903	1.11476	13801313	18873.6338716759	13807100	225202.881989502	13812903	999333.488822707	13817880	15793	13823667	631557	13829471	1660586	13817880	0.84301	13823667	1.03266	13829471	1.11591	13817880	18734.0600941863	13823667	611582.708732787	13829471	1488100.29482664	13834447	13388	13840235	1172583	13846038	2537446	13834447	0.84234	13840235	1.03332	13846038	1.11512	13834447	15893.8195977871	13840235	1134772.3841598	13846038	2275491.42693163
117	13921324	15948	13927111	232431	13932914	1111937	13921324	0.84313	13927111	1.03247	13932914	1.11555	13921324	18915.2325264194	13927111	225121.311030829	13932914	996761.238850791	13937891	15852	13943678	631460	13949482	1642831	13937891	0.84277	13943678	1.03194	13949482	1.1146	13937891	18809.4023280373	13943678	611915.421439231	13949482	1473919.79185358	13954442	13681	13960230	1171776	13966033	2527413	13954442	0.84203	13960230	1.03252	13966033	1.1142	13954442	16247.6396327922	13960230	1134870.02673072	13966033	2268365.64351104
118	14041335	15815	14047122	232040	14052925	1112513	14041335	0.84271	14047122	1.03272	14052925	1.11663	14041335	18766.835566209	14047122	224688.202029592	14052925	996313.013263122	14057902	15487	14063689	632683	14069493	1625042	14057902	0.84324	14063689	1.03302	14069493	1.11548	14057902	18366.0642284522	14063689	612459.584519177	14069493	1456809.62455624	14074469	13603	14080241	1170067	14086044	2516371	14074469	0.84261	14080241	1.0324	14086044	1.11511	14074469	16143.886258174	14080241	1133346.57109647	14086044	2256612.35214463
119	14161346	15715	14167133	232727	14172936	1107836	14161346	0.84234	14167133	1.032	14172936	1.11489	14161346	18656.3620390816	14167133	225510.658914729	14172936	993672.918404506	14177913	15899	14183700	630772	14189504	1607878	14177913	0.84235	14183700	1.03181	14189504	1.11546	14177913	18874.5770760373	14183700	611325.728574059	14189504	1441448.37107561	14194480	13821	14200252	1169578	14206055	2507461	14194480	0.84239	14200252	1.0322	14206055	1.11584	14194480	16406.8899203457	14200252	1133092.42394885	14206055	2247151.02523659
120	14281357	15770	14287144	231025	14292947	1107905	14281357	0.8427	14287144	1.03171	14292947	1.11473	14281357	18713.6584786994	14287144	223924.358589138	14292947	993877.441174096	14297924	16165	14303711	633341	14309515	1593534	14297924	0.8419	14303711	1.03105	14309515	1.11599	14297924	19200.6176505523	14303711	614267.97924446	14309515	1427910.64436061	14314491	13874	14320263	1171792	14326066	2502511	14314491	0.8429	14320263	1.03199	14326066	1.11628	14314491	16459.8410250326	14320263	1135468.36694154	14326066	2241830.90264091
121	14401368	15987	14407155	232460	14412958	1104333	14401368	0.84203	14407155	1.03123	14412958	1.11604	14401368	18986.2593969336	14407155	225420.129360085	14412958	989510.23260815	14417935	15762	14423722	630766	14429526	1574952	14417935	0.84317	14423722	1.03207	14429526	1.1165	14417935	18693.7391036209	14423722	611165.909289099	14429526	1410615.31571876	14434502	13875	14440274	1169827	14446077	2483074	14434502	0.84321	14440274	1.03277	14446077	1.11573	14434502	16454.9756288469	14440274	1132708.15379997	14446077	2225515.13358967
122	14521379	15497	14527166	231349	14532985	1104515	14521379	0.84274	14527166	1.0319	14532985	1.11542	14521379	18388.8269217078	14527166	224197.112123268	14532985	990223.413602051	14537961	15642	14543749	631382	14549537	1559002	14537961	0.8424	14543749	1.0318	14549537	1.11543	14537961	18568.3760683761	14543749	611922.853266137	14549537	1397669.06036237	14554513	13905	14560301	1171862	14566119	2479778	14554513	0.84315	14560301	1.03196	14566119	1.11557	14554513	16491.7274506316	14560301	1135569.20810884	14566119	2222879.7834291
123	14641390	15989	14647177	233296	14652980	1104205	14641390	0.84303	14647177	1.03273	14652980	1.1157	14641390	18966.1103400828	14647177	225902.220328644	14652980	989697.051178632	14657972	15826	14663744	631302	14669548	1539283	14657972	0.84281	14663744	1.03174	14669548	1.11504	14657972	18777.6604454147	14663744	611880.900226802	14669548	1380473.34624767	14674524	13966	14680296	1171679	14686099	2462059	14674524	0.84345	14680296	1.03277	14686099	1.11604	14674524	16558.1836504831	14680296	1134501.38946716	14686099	2206066.98684635
124	14761401	15686	14767188	232453	14772991	1102200	14761401	0.84282	14767188	1.03205	14772991	1.11663	14761401	18611.3286348212	14767188	225234.242527009	14772991	987077.187609145	14777968	15816	14783755	630620	14789559	1524368	14777968	0.84276	14783755	1.03148	14789559	1.1152	14777968	18766.9087284636	14783755	611373.948113391	14789559	1366901.00430416	14794535	13903	14800323	1170533	14806126	2445228	14794535	0.84295	14800323	1.03216	14806126	1.11429	14794535	16493.2676908476	14800323	1134061.57960006	14806126	2194426.94451175
125	14881412	15835	14887199	232616	14893002	1100477	14881412	0.84258	14887199	1.03181	14893002	1.11526	14881412	18793.4676825939	14887199	225444.607049748	14893002	986744.79493571	14897979	16107	14903766	630693	14909570	1508585	14897979	0.84255	14903766	1.03127	14909570	1.11511	14897979	19116.9663521453	14903766	611569.230172506	14909570	1352857.56562133	14914546	14129	14920318	1166826	14926106	2437756	14914546	0.84208	14920318	1.03169	14926106	1.11479	14914546	16778.6908607258	14920318	1130985.08272834	14926106	2186740.10351725
126	15001423	15891	15007210	232908	15013013	1095870	15001423	0.84312	15007210	1.0326	15013013	1.11538	15001423	18847.8508397381	15007210	225554.909936084	15013013	982508.203482221	15017990	16234	15023777	630182	15029596	1492845	15017990	0.84226	15023777	1.03294	15029596	1.11519	15017990	19274.3333412485	15023777	610085.774585165	15029596	1338646.32932505	15034573	13988	15040345	1170247	15046148	2424398	15034573	0.84244	15040345	1.03143	15046148	1.11567	15034573	16604.1498504345	15040345	1134586.93270508	15046148	2173042.20782131
127	15121434	15774	15127221	232680	15133024	1096480	15121434	0.84276	15127221	1.03247	15133024	1.11545	15121434	18717.0724761498	15127221	225362.48026577	15133024	982993.410731095	15138001	16203	15143788	631006	15149592	1477273	15138001	0.84287	15143788	1.03134	15149592	1.1154	15138001	19223.6050636516	15143788	611831.209882289	15149592	1324433.38712569	15154568	14104	15160356	1171180	15166175	2413847	15154568	0.84282	15160356	1.03171	15166175	1.11678	15154568	16734.2967656202	15160356	1135183.33640267	15166175	2161434.66036283
128	15241445	16170	15247232	231426	15253035	1096004	15241445	0.84284	15247232	1.03123	15253035	1.11522	15241445	19185.1359688672	15247232	224417.443247384	15253035	982769.319058123	15258012	15745	15263784	631735	15269603	1459622	15258012	0.84236	15263784	1.03256	15269603	1.11558	15258012	18691.5333111734	15263784	611814.325559774	15269603	1308397.42555442	15274579	14101	15280367	1171570	15286154	2399168	15274579	0.84282	15280367	1.03224	15286154	1.11524	15274579	16730.7372867279	15280367	1134978.29962024	15286154	2151257.12851046
129	15361456	15973	15367243	232028	15373047	1093286	15361456	0.84322	15367243	1.03261	15373047	1.11417	15361456	18942.8618865776	15367243	224700.516167769	15373047	981256.002225872	15378039	16081	15383811	632943	15389645	1447810	15378039	0.84229	15383811	1.03331	15389645	1.11597	15378039	19091.9991926771	15383811	612539.315403896	15389645	1297355.66368272	15394606	14145	15400409	1171789	15406212	2385903	15394606	0.84346	15400409	1.03272	15406212	1.11476	15394606	16770.2084271928	15400409	1134662.83213262	15406212	2140284.00731996
130	15481467	16016	15487254	231845	15493058	1092801	15481467	0.84331	15487254	1.03297	15493058	1.11547	15481467	18991.8298134731	15487254	224445.046806781	15493058	979677.624678387	15498034	16282	15503822	629603	15509625	1433795	15498034	0.84311	15503822	1.03266	15509625	1.11506	15498034	19311.8335685735	15503822	609690.508008444	15509625	1285845.60472082	15514601	14112	15520389	1167495	15526192	2370558	15514601	0.84289	15520389	1.03328	15526192	1.11495	15514601	16742.3981776982	15520389	1129892.1879839	15526192	2126156.32988026
131	15601478	15867	15607265	232745	15613084	1089354	15601478	0.84323	15607265	1.03249	15613084	1.11454	15601478	18816.9301376849	15607265	225421.069453457	15613084	977402.336389901	15618045	16162	15623833	631715	15629636	1419996	15618045	0.84237	15623833	1.03212	15629636	1.11494	15618045	19186.3432933272	15623833	612055.768709065	15629636	1273607.54838825	15634612	14347	15640384	1170096	15646187	2360063	15634612	0.84344	15640384	1.03188	15646187	1.11418	15634612	17010.1014891397	15640384	1133945.80765205	15646187	2118206.21443573
132	15721489	15935	15727276	231746	15733080	1090171	15721489	0.84278	15727276	1.03224	15733080	1.11533	15721489	18907.6627352334	15727276	224507.866387662	15733080	977442.550635238	15738072	16368	15743844	630793	15749647	1405010	15738072	0.84285	15743844	1.03247	15749647	1.11523	15738072	19419.8255917423	15743844	610955.281993666	15749647	1259838.77765125	15754623	14403	15760411	1169059	15766214	2343873	15754623	0.84295	15760411	1.03267	15766214	1.11456	15754623	17086.4226822469	15760411	1132074.13791434	15766214	2102958.11800172
133	15841500	15990	15847287	232034	15853091	1088263	15841500	0.84281	15847287	1.03233	15853091	1.11526	15841500	18972.2476002895	15847287	224767.274030591	15853091	975793.088607141	15858067	16243	15863855	630478	15869658	1392181	15858067	0.84329	15863855	1.03238	15869658	1.11557	15858067	19261.4640277959	15863855	610703.42315814	15869658	1247954.85715822	15874634	14348	15880422	1169917	15886225	2332098	15874634	0.84292	15880422	1.03239	15886225	1.11603	15874634	17021.7814264699	15880422	1133212.25505865	15886225	2089637.37533937
134	15961511	15912	15967298	232355	15973102	1088905	15961511	0.84346	15967298	1.03229	15973102	1.11543	15961511	18865.1506888293	15967298	225086.942622713	15973102	976219.933119963	15978078	16582	15983866	630584	15989669	1379126	15978078	0.84255	15983866	1.0323	15989669	1.11519	15978078	19680.7311138805	15983866	610853.434079241	15989669	1236673.57131969	15994645	14442	16000433	1170594	16006236	2316812	15994645	0.84291	16000433	1.03258	16006236	1.11486	15994645	17133.5017973449	16000433	1133659.37748165	16006236	2078119.22573238
135	16081522	16196	16087309	230830	16093113	1088909	16081522	0.84235	16087309	1.03283	16093113	1.1161	16081522	19227.1621060129	16087309	223492.733557313	16093113	975637.487680315	16098105	16666	16103892	629275	16109695	1367031	16098105	0.84279	16103892	1.03208	16109695	1.11501	16098105	19774.795619312	16103892	609715.332144795	16109695	1226025.77555358	16114672	14593	16120459	1168764	16126247	2303796	16114672	0.84237	16120459	1.03246	16126247	1.11392	16114672	17323.7413488135	16120459	1132018.67384693	16126247	2068188.02068371
136	16201533	16105	16207320	230935	16213124	1086859	16201533	0.84319	16207320	1.03206	16213124	1.11419	16201533	19100.0842040347	16207320	223761.215433211	16213124	975470.072429298	16218100	16626	16223888	629875	16229706	1351743	16218100	0.84298	16223888	1.03226	16229706	1.11514	16218100	19722.8878502456	16223888	610190.262143258	16229706	1212173.35939882	16234683	14521	16240455	1168087	16246274	2294696	16234683	0.84263	16240455	1.03285	16246274	1.11572	16234683	17232.9492185182	16240455	1130935.76027497	16246274	2056695.22819345
137	16321544	16086	16327331	231201	16333135	1087907	16321544	0.84247	16327331	1.03273	16333135	1.11597	16321544	19093.8549740644	16327331	223873.616530942	16333135	974853.266664875	16338111	16497	16343899	628631	16349717	1339208	16338111	0.84313	16343899	1.03227	16349717	1.11511	16338111	19566.3776641799	16343899	608979.239927538	16349717	1200964.92722691	16354694	14635	16360466	1167127	16366285	2274919	16354694	0.84334	16360466	1.03266	16366285	1.11419	16354694	17353.6177579624	16360466	1130214.20409428	16366285	2041769.35711144
138	16441555	16367	16447342	231618	16453146	1084428	16441555	0.84266	16447342	1.03236	16453146	1.11483	16441555	19423.0175871645	16447342	224357.782169011	16453146	972729.474449019	16458122	16761	16463910	630439	16469713	1328718	16458122	0.84255	16463910	1.0324	16469713	1.11453	16458122	19893.181413566	16463910	610653.816350252	16469713	1192177.86869802	16474689	14776	16480461	1166678	16486264	2263065	16474689	0.84267	16480461	1.03238	16486264	1.11485	16474689	17534.7407644748	16480461	1130085.82111238	16486264	2029927.79297663
139	16561566	16171	16567353	231561	16573172	1084253	16561566	0.8428	16567353	1.03239	16573172	1.11496	16561566	19187.233032748	16567353	224296.050910993	16573172	972459.101671809	16578164	16689	16583936	631488	16589755	1317618	16578164	0.84248	16583936	1.032	16589755	1.11391	16578164	19809.3723293135	16583936	611906.976744186	16589755	1182876.53401083	16594731	14569	16600519	1167764	16606322	2245866	16594731	0.84271	16600519	1.03222	16606322	1.11345	16594731	17288.2723594119	16600519	1131313.09217027	16606322	2017033.54438906
140	16681577	16067	16687364	230668	16693168	1083459	16681577	0.84291	16687364	1.03262	16693168	1.11543	16681577	19061.3470002729	16687364	223381.30193101	16693168	971337.511094376	16698160	16754	16703947	630296	16709766	1305979	16698160	0.8428	16703947	1.03265	16709766	1.11491	16698160	19878.9748457523	16703947	610367.50108943	16709766	1171376.16489223	16714727	14866	16720514	1165346	16726318	2232585	16714727	0.84282	16720514	1.03186	16726318	1.11397	16714727	17638.4044042619	16720514	1129364.44866552	16726318	2004169.77117876
141	16801588	16014	16807375	231149	16813179	1081451	16801588	0.84255	16807375	1.03172	16813179	1.11448	16801588	19006.5871461634	16807375	224042.375838406	16813179	970363.757088508	16818155	16594	16823943	628978	16829761	1292358	16818155	0.84286	16823943	1.0321	16829761	1.1138	16818155	19687.7298721021	16823943	609415.754287375	16829761	1160314.23954031	16834738	14739	16840541	1162991	16846344	2218593	16834738	0.8422	16840541	1.03126	16846344	1.11516	16834738	17500.5936832106	16840541	1127737.91284448	16846344	1989484.02023028
142	16921599	15953	16927386	230799	16933190	1083579	16921599	0.84261	16927386	1.03161	16933190	1.11435	16921599	18932.8396292472	16927386	223726.989850816	16933190	972386.593081168	16938166	16596	16943954	627656	16949757	1283638	16938166	0.8417	16943954	1.03209	16949757	1.11452	16938166	19717.2389212308	16943954	608140.762917963	16949757	1151740.65965617	16954733	14722	16960521	1165432	16966324	2202376	16954733	0.84218	16960521	1.03221	16966324	1.11381	16954733	17480.8235769076	16960521	1129064.82208078	16966324	1977335.45218664
143	17041610	16382	17047397	230810	17053201	1080780	17041610	0.84286	17047397	1.03173	17053201	1.11362	17041610	19436.205300999	17047397	223711.629980712	17053201	970510.587094341	17058177	17051	17063965	629119	17069768	1272687	17058177	0.84251	17063965	1.03202	17069768	1.11458	17058177	20238.3354500243	17063965	609599.6201624	17069768	1141853.43358036	17074744	14869	17080532	1167917	17086320	2192393	17074744	0.84271	17080532	1.03263	17086320	1.11509	17074744	17644.2667109682	17080532	1131012.07596138	17086320	1966113.04917092
144	17161621	16373	17167408	230945	17173212	1079699	17161621	0.84284	17167408	1.0322	17173212	1.11441	17161621	19425.9883251863	17167408	223740.554156171	17173212	968852.576699778	17178188	16841	17183976	628801	17189779	1264538	17178188	0.84288	17183976	1.03186	17189779	1.11481	17178188	19980.3056188307	17183976	609385.963212064	17189779	1134308.0883738	17194755	14930	17200543	1164344	17206346	2173436	17194755	0.8426	17200543	1.03158	17206346	1.11368	17194755	17718.9651079991	17200543	1128699.66459218	17206346	1951580.34623949
145	17281632	16094	17287419	232105	17293223	1083665	17281632	0.84266	17287419	1.03267	17293223	1.11543	17281632	19099.043505091	17287419	224762.024654536	17293223	971522.193234896	17298215	17040	17304002	629406	17309821	1255169	17298215	0.84301	17304002	1.03317	17309821	1.11525	17298215	20213.2833536969	17304002	609198.873370307	17309821	1125459.76238512	17314813	14998	17320601	1165076	17326404	2159496	17314813	0.84246	17320601	1.03222	17326404	1.11356	17314813	17802.6256439475	17320601	1128708.99614423	17326404	1939272.24397428
146	17401643	16342	17407430	231040	17413234	1080903	17401643	0.84262	17407430	1.03333	17413234	1.11514	17401643	19394.2702523083	17407430	223587.818025219	17413234	969298.025360044	17418210	16772	17423998	629468	17429801	1244729	17418210	0.84268	17423998	1.03264	17429801	1.11475	17418210	19903.1660891442	17423998	609571.5835141	17429801	1116599.2374972	17434762	14970	17440549	1164150	17446353	2142361	17434762	0.84349	17440549	1.03269	17446353	1.11399	17434762	17747.691140381	17440549	1127298.60848851	17446353	1923142.03897701
147	17521654	16301	17527441	229842	17533245	1082339	17521654	0.84274	17527441	1.03334	17533245	1.11534	17521654	19342.8578209175	17527441	222426.306927052	17533245	970411.713020245	17538221	17030	17544009	629693	17549812	1233018	17538221	0.84278	17544009	1.0331	17549812	1.11505	17538221	20206.9341939771	17544009	609517.955667409	17549812	1105796.15263889	17554804	15248	17560576	1167356	17566379	2134573	17554804	0.84236	17560576	1.03244	17566379	1.11511	17554804	18101.5242889026	17560576	1130676.84320638	17566379	1914226.39918932
148	17641665	16262	17647452	230681	17653256	1081584	17641665	0.84233	17647452	1.03226	17653256	1.11523	17641665	19305.9727185307	17647452	223471.799740375	17653256	969830.438564243	17658248	17134	17664020	628183	17669823	1226306	17658248	0.84309	17664020	1.03283	17669823	1.1154	17658248	20322.8599556394	17664020	608215.291964796	17669823	1099431.59404698	17674799	15164	17680587	1166157	17686390	2117656	17674799	0.84249	17680587	1.03338	17686390	1.11562	17674799	17999.0266946789	17680587	1128488.06828079	17686390	1898187.55490221
149	17761676	16180	17767464	230712	17773267	1078502	17761676	0.84188	17767464	1.03247	17773267	1.11474	17761676	19218.8910533568	17767464	223456.371613703	17773267	967491.971221989	17778243	17110	17784031	628404	17789850	1216021	17778243	0.84225	17784031	1.03189	17789850	1.1147	17778243	20314.6334223805	17784031	608983.515684811	17789850	1090895.30815466	17794826	15154	17800598	1164583	17806401	2102319	17794826	0.84276	17800598	1.03258	17806401	1.11471	17794826	17981.3944658028	17800598	1127838.03676228	17806401	1885978.41591086
150	17881687	16327	17887475	229947	17893278	1081579	17881687	0.84338	17887475	1.03381	17893278	1.11627	17881687	19359.0078019398	17887475	222426.751530745	17893278	968922.393327779	17898254	16988	17904042	630553	17909861	1209895	17898254	0.8434	17904042	1.03274	17909861	1.11585	17898254	20142.2812425895	17904042	610563.162073707	17909861	1084281.04135861	17914837	14965	17920609	1166704	17926428	2086659	17914837	0.84295	17920609	1.03343	17926428	1.11515	17914837	17753.1288925796	17920609	1128962.77445013	17926428	1871191.31955342
151	18001698	16168	18007486	230257	18013289	1081506	18001698	0.84256	18007486	1.03248	18013289	1.11496	18001698	19189.1378655526	18007486	223013.520843019	18013289	969995.336155557	18018281	17085	18024053	630303	18029856	1200854	18018281	0.84263	18024053	1.03271	18029856	1.11567	18018281	20275.8031401683	18024053	610338.817286557	18029856	1076352.32640476	18034848	15171	18040636	1162796	18046423	2070340	18034848	0.84235	18040636	1.03204	18046423	1.11409	18034848	18010.3282483528	18040636	1126696.63966513	18046423	1858323.83380158
152	18121709	16388	18127497	228971	18133300	1081813	18121709	0.8425	18127497	1.03246	18133300	1.1155	18121709	19451.6320474777	18127497	221772.27204928	18133300	969800.986104886	18138276	17397	18144048	628201	18149851	1190106	18138276	0.84212	18144048	1.03151	18149851	1.11541	18138276	20658.5759749204	18144048	609011.061453597	18149851	1066967.30350275	18154843	15212	18160631	1164904	18166434	2056521	18154843	0.84215	18160631	1.03235	18166434	1.11435	18154843	18063.2903876982	18160631	1128400.25185257	18166434	1845489.29869431
153	18241720	16420	18247508	230509	18253311	1082467	18241720	0.84223	18247508	1.03285	18253311	1.11511	18241720	19495.8621754153	18247508	223177.615336206	18253311	970726.654769485	18258287	17130	18264075	630008	18269862	1179250	18258287	0.84326	18264075	1.03305	18269862	1.115	18258287	20314.0194008965	18264075	609852.378878079	18269862	1057623.31838565	18274839	15200	18280626	1164831	18286430	2040759	18274839	0.84229	18280626	1.03295	18286430	1.11434	18274839	18046.0411497228	18280626	1127674.13717992	18286430	1831361.16445609
154	18361731	16575	18367519	230895	18373337	1081787	18361731	0.84249	18367519	1.03299	18373337	1.11424	18361731	19673.8240216501	18367519	223521.040861964	18373337	970874.317920735	18378314	17346	18384086	629594	18389889	1175575	18378314	0.84244	18384086	1.03281	18389889	1.11476	18378314	20590.1903993163	18384086	609593.245611487	18389889	1054554.34353583	18394865	15171	18400653	1166231	18406456	2030711	18394865	0.84263	18400653	1.03301	18406456	1.11424	18394865	18004.3435434295	18400653	1128963.90160792	18406456	1822507.71826536
155	18481742	16287	18487530	230343	18493333	1083372	18481742	0.84243	18487530	1.03262	18493333	1.11491	18481742	19333.3570741783	18487530	223066.568534408	18493333	971712.514911518	18498309	17176	18504081	628778	18509900	1167435	18498309	0.84281	18504081	1.03298	18509900	1.11508	18498309	20379.4449520058	18504081	608702.975856261	18509900	1046951.7882125	18514876	15466	18520664	1162141	18526467	2013206	18514876	0.8426	18520664	1.03254	18526467	1.11554	18514876	18355.091383812	18520664	1125516.68700486	18526467	1804691.8980942
156	18601753	16335	18607541	230204	18613344	1079299	18601753	0.84338	18607541	1.03274	18613344	1.11405	18601753	19368.4934430506	18607541	222906.055735229	18613344	968806.606525739	18618320	17268	18624108	629749	18629895	1159088	18618320	0.84307	18624108	1.03299	18629895	1.11476	18618320	20482.2849822672	18624108	609637.072962952	18629895	1039764.61301087	18634887	15345	18640675	1162816	18646463	1997296	18634887	0.8426	18640675	1.03251	18646463	1.11473	18634887	18211.4882506527	18640675	1126203.13604711	18646463	1791730.73300261
157	18721764	16434	18727552	230120	18733370	1081592	18721764	0.84273	18727552	1.03228	18733370	1.11482	18721764	19500.9077640525	18727552	222924.012864727	18733370	970194.291455123	18738331	17149	18744119	629395	18749906	1151486	18738331	0.84264	18744119	1.03293	18749906	1.11469	18738331	20351.5142884269	18744119	609329.770652416	18749906	1033010.07454987	18754883	15188	18760670	1163318	18766474	1981156	18754883	0.84291	18760670	1.03311	18766474	1.11478	18754883	18018.5310412737	18760670	1126034.98175412	18766474	1777172.17746999
158	18841775	16213	18847563	229783	18853381	1080733	18841775	0.84349	18847563	1.03289	18853381	1.11505	18841775	19221.3304247827	18847563	222466.09029035	18853381	969223.801623245	18858358	17434	18864130	628754	18869917	1145456	18858358	0.84331	18864130	1.03312	18869917	1.11588	18858358	20673.2992612444	18864130	608597.258788911	18869917	1026504.64207621	18874894	15508	18880681	1165814	18886485	1967229	18874894	0.84381	18880681	1.0335	18886485	1.11507	18874894	18378.5449331011	18880681	1128025.1572327	18886485	1764220.18348624
159	18961786	16396	18967574	230242	18973377	1082999	18961786	0.84295	18967574	1.0333	18973377	1.11544	18961786	19450.7384779643	18967574	222822.026516984	18973377	970916.409667934	18978353	17527	18984141	628287	18989928	1134281	18978353	0.84346	18984141	1.03245	18989928	1.11477	18978353	20779.8828634434	18984141	608539.880865902	18989928	1017502.26504122	18994905	15353	19000692	1163215	19006496	1950899	18994905	0.84313	19000692	1.03278	19006496	1.11537	18994905	18209.5287796662	19000692	1126295.0483162	19006496	1749104.781373
160	19081797	16490	19087600	229787	19093403	1081940	19081797	0.84305	19087600	1.03314	19093403	1.11473	19081797	19559.9312021826	19087600	222416.129469385	19093403	970584.805289173	19098395	17446	19104183	627850	19109986	1130959	19098395	0.84265	19104183	1.03273	19109986	1.1151	19098395	20703.7322731858	19104183	607951.739564068	19109986	1014222.04286611	19114963	15512	19120750	1162475	19126538	1937337	19114963	0.8423	19120750	1.03318	19126538	1.11531	19114963	18416.2412442123	19120750	1125142.76311969	19126538	1737039.02950749
161	19201808	16283	19207596	228406	19213399	1083282	19201808	0.8431	19207596	1.03285	19213399	1.11481	19201808	19313.2487249437	19207596	221141.501670136	19213399	971718.947623362	19218360	17779	19224147	627261	19229950	1123780	19218360	0.8433	19224147	1.03302	19229950	1.1152	19218360	21082.6514882011	19224147	607210.896207237	19229950	1007693.68723099	19234942	15367	19240730	1164536	19246533	1922048	19234942	0.84355	19240730	1.03303	19246533	1.11515	19234942	18217.0588583961	19240730	1127301.24004143	19246533	1723577.99399184
162	19321819	16454	19327607	229721	19333425	1084133	19321819	0.843	19327607	1.03274	19333425	1.1147	19321819	19518.3867141163	19327607	222438.367837016	19333425	972578.272180856	19338386	17697	19344174	628657	19349977	1118063	19338386	0.84293	19344174	1.03264	19349977	1.11509	19338386	20994.6258882707	19344174	608786.217849396	19349977	1002666.15250787	19354953	15692	19360741	1163961	19366544	1905016	19354953	0.84281	19360741	1.03259	19366544	1.11531	19354953	18618.6685017976	19360741	1127224.74554276	19366544	1708059.64261057
163	19441830	16303	19447633	230309	19453436	1085044	19441830	0.8434	19447633	1.03335	19453436	1.11593	19441830	19330.0924828077	19447633	222876.082643828	19453436	972322.636724526	19458413	17786	19464216	629958	19470035	1110644	19458413	0.84358	19464216	1.03327	19470035	1.11598	19458413	21083.9517295337	19464216	609674.141318339	19470035	995218.552303805	19474996	15686	19480783	1164537	19486602	1892433	19474996	0.84324	19480783	1.03301	19486602	1.115	19474996	18602.0587258669	19480783	1127324.03364924	19486602	1697249.32735426
164	19561841	16541	19567629	229303	19573432	1083666	19561841	0.84312	19567629	1.03279	19573432	1.11538	19561841	19618.796849796	19567629	222022.870089757	19573432	971566.640965411	19578408	17734	19584196	627412	19589999	1104056	19578408	0.8435	19584196	1.03331	19589999	1.11537	19578408	21024.3034973325	19584196	607186.613891281	19589999	989856.280875405	19594991	15645	19600794	1162269	19606582	1878882	19594991	0.84284	19600794	1.03347	19606582	1.11506	19594991	18562.2419439039	19600794	1124627.71052861	19606582	1685005.29119509
165	19681852	16455	19687640	229379	19693443	1084395	19681852	0.84306	19687640	1.03415	19693443	1.11597	19681852	19518.1837591631	19687640	221804.380409032	19693443	971706.228662061	19698419	17612	19704207	628504	19710010	1099008	19698419	0.84391	19704207	1.03323	19710010	1.11533	19698419	20869.5240013746	19704207	608290.506470002	19710010	985365.766185793	19714987	15566	19720774	1160864	19726577	1859675	19714987	0.84266	19720774	1.03268	19726577	1.11517	19714987	18472.4562694325	19720774	1124127.51287911	19726577	1667615.69984845
166	19801863	16598	19807651	229970	19813454	1083985	19801863	0.84212	19807651	1.0323	19813454	1.1154	19801863	19709.7800788486	19807651	222774.387290516	19813454	971835.216065985	19818430	17876	19824202	628228	19830006	1092693	19818430	0.8431	19824202	1.03351	19830006	1.11539	19818430	21202.7043055391	19824202	607858.656423257	19830006	979651.063753485	19834982	15531	19840770	1161689	19846573	1846638	19834982	0.8427	19840770	1.03272	19846573	1.11514	19834982	18430.0462798149	19840770	1124882.83368193	19846573	1655969.65403447
167	19921874	16503	19927677	228112	19933481	1085334	19921874	0.84345	19927677	1.03367	19933481	1.11577	19921874	19566.0679352659	19927677	220681.648882138	19933481	972721.976751481	19938457	17948	19944245	630031	19950048	1090759	19938457	0.84289	19944245	1.03396	19950048	1.1151	19938457	21293.4072061598	19944245	609337.885411428	19950048	978171.464442651	19955024	15778	19960796	1163105	19966599	1835047	19955024	0.84283	19960796	1.03332	19966599	1.11546	19955024	18720.2638729044	19960796	1125600.00774204	19966599	1645103.36542772
168	20041885	16557	20047673	229304	20053476	1088619	20041885	0.84366	20047673	1.03316	20053476	1.11629	20041885	19625.2044662542	20047673	221944.326145031	20053476	975211.638552706	20058452	17712	20064224	628355	20070028	1080813	20058452	0.84311	20064224	1.03306	20070028	1.11541	20058452	21007.9349076633	20064224	608246.37484754	20070028	968982.705910831	20075020	15808	20080792	1160419	20086579	1817729	20075020	0.8426	20080792	1.03303	20086579	1.11486	20075020	18760.9779254688	20080792	1123315.87659603	20086579	1630454.94501552
169	20161896	16419	20167699	229112	20173503	1086536	20161896	0.8432	20167699	1.03338	20173503	1.11559	20161896	19472.2485768501	20167699	221711.277555207	20173503	973956.381824864	20178479	17926	20184298	629304	20190101	1078353	20178479	0.84392	20184298	1.03339	20190101	1.11617	20178479	21241.3498909849	20184298	608970.475812617	20190101	966118.96037342	20195077	15668	20200865	1163838	20206668	1804993	20195077	0.84324	20200865	1.0324	20206668	1.11484	20195077	18580.7124899198	20200865	1127313.05695467	20206668	1619060.13418966
170	20281907	16439	20287710	229628	20293514	1085721	20281907	0.84326	20287710	1.03288	20293514	1.11524	20281907	19494.580556412	20287710	222318.178297576	20293514	973531.257845845	20298490	17785	20304278	627832	20310081	1071594	20298490	0.84341	20304278	1.03294	20310081	1.11561	20298490	21087.0158048873	20304278	607810.715046373	20310081	960545.351870277	20315057	15827	20320845	1161759	20326648	1792037	20315057	0.84386	20320845	1.03313	20326648	1.115	20315057	18755.4807669519	20320845	1124504.1766283	20326648	1607208.07174888
171	20401918	16527	20407706	229083	20413525	1088114	20401918	0.84296	20407706	1.03275	20413525	1.11452	20401918	19605.9124988137	20407706	221818.445896877	20413525	976307.289236622	20418501	18076	20424289	628165	20430092	1067024	20418501	0.8429	20424289	1.03309	20430092	1.11575	20418501	21445.0112706134	20424289	608044.797645897	20430092	956328.926730899	20435068	15748	20440856	1161927	20446659	1778868	20435068	0.84321	20440856	1.03344	20446659	1.11572	20435068	18676.2490957176	20440856	1124329.42405945	20446659	1594367.76252106
172	20521929	16408	20527717	229309	20533536	1090467	20521929	0.84324	20527717	1.03308	20533536	1.11551	20521929	19458.2799677435	20527717	221966.353041391	20533536	977550.178841965	20538496	17857	20544284	626943	20550087	1061487	20538496	0.84333	20544284	1.03324	20550087	1.11509	20538496	21174.3919936442	20544284	606773.837636948	20550087	951929.44067295	20555079	15869	20560851	1162712	20566670	1762317	20555079	0.84261	20560851	1.03259	20566670	1.11523	20555079	18833.1493810897	20560851	1126015.16574826	20566670	1580227.39703918
173	20641940	16825	20647728	228902	20653547	1087462	20641940	0.8436	20647728	1.03303	20653547	1.11585	20641940	19944.2863916548	20647728	221583.109880642	20653547	974559.304566026	20658523	17982	20664311	627100	20670114	1059473	20658523	0.84422	20664311	1.0332	20670114	1.11541	20658523	21300.1350358911	20664311	606949.283778552	20670114	949850.727535166	20675090	15942	20680878	1160449	20686681	1747951	20675090	0.84368	20680878	1.03343	20686681	1.11602	20675090	18895.7898729376	20680878	1122910.11486022	20686681	1566236.26816724
174	20761951	16732	20767739	229243	20773558	1090005	20761951	0.84391	20767739	1.03363	20773558	1.11586	20761951	19826.7587775948	20767739	221784.390932926	20773558	976829.530586274	20778550	18100	20784337	627158	20790140	1051512	20778550	0.84341	20784337	1.03373	20790140	1.11538	20778550	21460.4996383728	20784337	606694.204482795	20790140	942738.797539852	20795117	16132	20800904	1163102	20806708	1734331	20795117	0.84363	20800904	1.03367	20806708	1.11554	20795117	19122.1269988028	20800904	1125215.97802006	20806708	1554700.86236262
175	20881962	16516	20887765	228872	20893569	1092599	20881962	0.84263	20887765	1.03352	20893569	1.11597	20881962	19600.5364157459	20887765	221449.028562582	20893569	979057.680762028	20898545	17825	20904333	626085	20910151	1047678	20898545	0.84266	20904333	1.03319	20910151	1.11515	20898545	21153.2527947215	20904333	605972.763964034	20910151	939495.135183607	20915128	15635	20920900	1161095	20926719	1720902	20915128	0.84321	20920900	1.03371	20926719	1.11552	20915128	18542.2374023078	20920900	1123230.88680578	20926719	1542690.40447504
176	21001973	16651	21007776	228685	21013580	1092036	21001973	0.84432	21007776	1.03418	21013580	1.11617	21001973	19721.1957551639	21007776	221126.883134464	21013580	978377.84566867	21018540	18183	21024328	627967	21030131	1045446	21018540	0.84383	21024328	1.03468	21030131	1.11628	21018540	21548.1791356079	21024328	606919.047434956	21030131	936544.594546171	21035108	15987	21040895	1160298	21046683	1708772	21035108	0.84413	21040895	1.03416	21046683	1.11653	21035108	18939.0259794108	21040895	1121971.45509399	21046683	1530430.88855651
177	21121984	16648	21127787	228906	21133591	1091003	21121984	0.84476	21127787	1.0344	21133591	1.11577	21121984	19707.372508168	21127787	221293.503480278	21133591	977802.772972924	21138567	18093	21144355	629664	21150173	1038702	21138567	0.84431	21144355	1.03357	21150173	1.11558	21138567	21429.3328279897	21144355	609212.728697621	21150173	931086.968213844	21155150	15821	21160922	1162909	21166725	1694056	21155150	0.84378	21160922	1.03394	21166725	1.11626	21155150	18750.1481428808	21160922	1124735.47788073	21166725	1517617.75930339
178	21241995	16680	21247783	229688	21253602	1093447	21241995	0.84333	21247783	1.03336	21253602	1.11613	21241995	19778.7343032976	21247783	222272.973600681	21253602	979677.098545868	21258578	18392	21264366	627935	21270169	1036821	21258578	0.84375	21264366	1.03343	21270169	1.11575	21258578	21797.9259259259	21264366	607622.190182209	21270169	929259.242661887	21275130	15918	21280933	1159507	21286720	1679170	21275130	0.84404	21280933	1.03321	21286720	1.11549	21275130	18859.2957679731	21280933	1122237.49286205	21286720	1505320.53178424
179	21362006	16753	21367794	228883	21373597	1090173	21362006	0.84381	21367794	1.0342	21373597	1.11524	21362006	19853.9955677226	21367794	221314.059176175	21373597	977523.223700728	21378558	18301	21384345	627856	21390149	1032194	21378558	0.84347	21384345	1.03355	21390149	1.11573	21378558	21697.2743547488	21384345	607475.206811475	21390149	925128.839414554	21395141	15853	21400913	1155552	21406716	1665174	21395141	0.84328	21400913	1.03316	21406716	1.11515	21395141	18799.2125984252	21400913	1118463.74230516	21406716	1493228.71362597
180	21482017	16731	21487805	228279	21493624	1093853	21482017	0.84335	21487805	1.03312	21493624	1.11571	21482017	19838.7383648545	21487805	220960.778999535	21493624	980409.78390442	21498600	18413	21504372	627228	21510175	1028395	21498600	0.84313	21504372	1.03339	21510175	1.11583	21498600	21838.8623343968	21504372	606961.553721248	21510175	921641.289443733	21515167	16108	21520939	1161766	21526727	1655986	21515167	0.84341	21520939	1.03373	21526727	1.11555	21515167	19098.6590151883	21520939	1123858.26086115	21526727	1484456.99430774
181	21602028	16486	21607800	228651	21613635	1094068	21602028	0.84321	21607800	1.03387	21613635	1.11459	21602028	19551.4759075438	21607800	221160.300618066	21613635	981587.848446514	21618611	18214	21624383	626589	21630186	1022710	21618611	0.84352	21624383	1.034	21630186	1.11513	21618611	21592.8490136571	21624383	605985.493230174	21630186	917121.770555899	21635163	16109	21640950	1159214	21646754	1641579	21635163	0.84402	21640950	1.03368	21646754	1.11543	21635163	19086.0406151513	21640950	1121443.77370173	21646754	1471700.5997687
182	21722055	16870	21727842	228424	21733646	1095548	21722055	0.84369	21727842	1.03336	21733646	1.11569	21722055	19995.4959760101	21727842	221049.779360533	21733646	981946.598069356	21738622	18476	21744410	627127	21750197	1022792	21738622	0.84318	21744410	1.03335	21750197	1.11542	21738622	21912.2844469746	21744410	606887.308269221	21750197	916956.84136917	21755189	16282	21760961	1159348	21766765	1628519	21755189	0.84353	21760961	1.03336	21766765	1.11536	21755189	19302.21805982	21760961	1121920.72462646	21766765	1460083.73977908
183	21842066	16714	21847853	229501	21853672	1095344	21842066	0.84348	21847853	1.03363	21853672	1.11539	21842066	19815.5261535543	21847853	222033.996691273	21853672	982027.810900223	21858633	18525	21864421	626310	21870255	1014784	21858633	0.84313	21864421	1.03326	21870255	1.11558	21858633	21971.7006867268	21864421	606149.46867197	21870255	909646.999766937	21875216	16032	21881004	1156896	21886807	1616829	21875216	0.84339	21881004	1.033	21886807	1.11534	21875216	19008.9993952975	21881004	1119938.04453049	21886807	1449628.81273872
184	21962077	16774	21967864	228832	21973668	1095570	21962077	0.84367	21967864	1.03337	21973668	1.11484	21962077	19882.1814216459	21967864	221442.464944792	21973668	982715.008431703	21978644	18123	21984432	626621	21990235	1010154	21978644	0.84296	21984432	1.03313	21990235	1.1147	21978644	21499.2407706178	21984432	606526.768170511	21990235	906211.536736342	21995211	16144	22000999	1158758	22006787	1601930	21995211	0.84288	22000999	1.03412	22006787	1.11548	21995211	19153.3788914199	22000999	1120525.66433296	22006787	1436090.29296805
185	22082088	16961	22087875	228951	22093694	1097512	22082088	0.84476	22087875	1.03428	22093694	1.11516	22082088	20077.8919456414	22087875	221362.687086669	22093694	984174.468237742	22098655	18451	22104443	626705	22110246	1008364	22098655	0.84397	22104443	1.0341	22110246	1.11538	22098655	21862.151498276	22104443	606039.067788415	22110246	904054.22367265	22115222	16228	22120994	1160474	22126798	1590576	22115222	0.84399	22120994	1.03432	22126798	1.11551	22115222	19227.7159681987	22120994	1121968.05630753	22126798	1425873.36733871
186	22202099	16738	22207887	228390	22213690	1097394	22202099	0.84333	22207887	1.03332	22213690	1.11522	22202099	19847.5092786928	22207887	221025.432586227	22213690	984015.709904772	22218666	18193	22224438	628386	22230241	1004496	22218666	0.84328	22224438	1.03308	22230241	1.11541	22218666	21574.0916421592	22224438	608264.60680683	22230241	900562.125137842	22235218	16241	22241005	1158813	22246809	1577674	22235218	0.84218	22241005	1.03392	22246809	1.11494	22235218	19284.4760027548	22241005	1120795.61281337	22246809	1415030.4052236
187	22322110	16749	22327898	228459	22333701	1097586	22322110	0.843	22327898	1.0331	22333701	1.11456	22322110	19868.3274021352	22327898	221139.289516988	22333701	984770.671834625	22338677	18605	22344465	628336	22350268	1000922	22338677	0.84309	22344465	1.03346	22350268	1.11518	22338677	22067.6321626398	22344465	607992.568652875	22350268	897542.997542998	22355260	16156	22361048	1158480	22366851	1565774	22355260	0.84201	22361048	1.032	22366851	1.11431	22355260	19187.4205769528	22361048	1122558.13953488	22366851	1405151.1697822
188	22442121	16788	22447909	228746	22453727	1100661	22442121	0.84346	22447909	1.03325	22453727	1.11585	22442121	19903.7298745643	22447909	221384.950399226	22453727	986387.955370346	22458704	18592	22464476	626731	22470279	999804	22458704	0.84346	22464476	1.03331	22470279	1.11563	22458704	22042.5390652787	22464476	606527.566751507	22470279	896178.840655056	22475255	16246	22481043	1157438	22486831	1550984	22475255	0.8428	22481043	1.03252	22486831	1.11586	22475255	19276.2221167537	22481043	1120983.61290822	22486831	1389944.9751761
189	22562132	16711	22567920	228685	22573738	1101044	22562132	0.84312	22567920	1.03295	22573738	1.11549	22562132	19820.4288831957	22567920	221390.193136163	22573738	987049.637379089	22578699	18659	22584471	628723	22590274	994868	22578699	0.84258	22584471	1.03247	22590274	1.11518	22578699	22145.0782121579	22584471	608950.381124875	22590274	892114.277515737	22595251	16451	22601038	1160830	22606842	1543989	22595251	0.84321	22601038	1.03289	22606842	1.11568	22595251	19509.9678609125	22601038	1123866.04575511	22606842	1383899.50523448
190	22682143	16836	22687931	229105	22693734	1101187	22682143	0.84248	22687931	1.03253	22693734	1.11459	22682143	19983.8571835533	22687931	221887.015389383	22693734	987974.950430203	22698710	18580	22704513	627606	22710332	992037	22698710	0.84302	22704513	1.03247	22710332	1.1146	22698710	22039.8092571944	22704513	607868.509496644	22710332	890038.578862372	22715309	16168	22721096	1157106	22726899	1528106	22715309	0.84237	22721096	1.0321	22726899	1.11393	22715309	19193.4660541092	22721096	1121118.1087104	22726899	1371815.10507842
191	22802154	16800	22807957	228595	22813760	1100012	22802154	0.8418	22807957	1.0318	22813760	1.11378	22802154	19957.2344975053	22807957	221549.718937779	22813760	987638.492341396	22818752	18774	22824540	626097	22830359	988991	22818752	0.84225	22824540	1.03225	22830359	1.11448	22818752	22290.2938557435	22824540	606536.20731412	22830359	887401.299260642	22835335	16109	22841138	1158158	22846942	1516504	22835335	0.84258	22841138	1.03179	22846942	1.11315	22835335	19118.6593557882	22841138	1122474.53454676	22846942	1362353.68099537
192	22922165	16850	22927968	229243	22933771	1105273	22922165	0.84208	22927968	1.03181	22933771	1.1154	22922165	20009.975299259	22927968	222175.59434392	22933771	990920.745920746	22938748	18704	22944551	626535	22950354	986085	22938748	0.8421	22944551	1.0318	22950354	1.11305	22938748	22211.1388196176	22944551	607225.237449118	22950354	885930.551188177	22955331	16252	22961118	1159384	22966921	1504392	22955331	0.84218	22961118	1.03298	22966921	1.1142	22955331	19297.5373435608	22961118	1122368.29367461	22966921	1350199.24609585
193	23042176	16811	23047964	229354	23053782	1101414	23042176	0.84034	23047964	1.03253	23053782	1.11322	23042176	20004.9979770093	23047964	222128.170610055	23053782	989394.728804729	23058743	18547	23064531	626539	23070334	982301	23058743	0.84151	23064531	1.03096	23070334	1.11321	23058743	22040.1421254649	23064531	607723.869015287	23070334	882404.038770762	23075310	16362	23081098	1155640	23086886	1493522	23075310	0.84118	23081098	1.03123	23086886	1.11327	23075310	19451.2470577047	23081098	1120642.33973023	23086886	1341563.14281351
194	23162187	16689	23167990	228905	23173793	1102414	23162187	0.84145	23167990	1.032	23173793	1.11396	23162187	19833.6205359796	23167990	221807.170542636	23173793	989635.175410248	23178770	18723	23184557	626487	23190361	981034	23178770	0.84185	23184557	1.03134	23190361	1.11318	23178770	22240.3040921779	23184557	607449.531677236	23190361	881289.638692754	23195337	16486	23201125	1159520	23206928	1480586	23195337	0.84138	23201125	1.0317	23206928	1.11362	23195337	19594.0003327866	23201125	1123892.60443927	23206928	1329525.33180079
195	23282198	16751	23287986	227822	23293789	1103272	23282198	0.84117	23287986	1.03129	23293789	1.11335	23282198	19913.9294078486	23287986	220909.734410302	23293789	990948.039700005	23298765	18584	23304553	626826	23310356	976885	23298765	0.84223	23304553	1.03058	23310356	1.11246	23298765	22065.2315875711	23304553	608226.435599371	23310356	878130.449634144	23315332	16321	23321120	1154346	23326923	1471027	23315332	0.84118	23321120	1.03002	23326923	1.11278	23315332	19402.5060034713	23321120	1120702.51063086	23326923	1321938.7480005
196	23402209	16859	23407997	229059	23413800	1105321	23402209	0.84169	23407997	1.03217	23413800	1.1135	23402209	20029.9397640461	23407997	221919.838786246	23413800	992654.692411316	23418776	18754	23424564	626001	23430351	973314	23418776	0.84199	23424564	1.03154	23430351	1.1132	23418776	22273.4236748655	23424564	606860.616166121	23430351	874338.842975207	23435328	16458	23441115	1156603	23446919	1460694	23435328	0.8416	23441115	1.03148	23446919	1.11372	23435328	19555.608365019	23441115	1121304.33939582	23446919	1311545.09212369
197	23522220	16922	23528008	227226	23533811	1104578	23522220	0.84111	23528008	1.0318	23533811	1.11223	23522220	20118.6527326985	23528008	220222.911416941	23533811	993120.128031073	23538787	18500	23544575	627128	23550362	974984	23538787	0.8411	23544575	1.03105	23550362	1.11298	23538787	21995.006539056	23544575	608242.083313127	23550362	876012.147567791	23555354	16602	23561142	1157079	23566945	1444989	23555354	0.84141	23561142	1.03114	23566945	1.11174	23555354	19731.1655435519	23561142	1122135.69447408	23566945	1299754.43898753
198	23642231	16948	23648034	227911	23653837	1106446	23642231	0.84232	23648034	1.03119	23653837	1.1135	23642231	20120.6192420933	23648034	221017.465258585	23653837	993665.020206556	23658798	18916	23664586	625932	23670389	971158	23658798	0.84186	23664586	1.03143	23670389	1.11308	23658798	22469.2941819305	23664586	606858.439254239	23670389	872496.13684551	23675365	16478	23681153	1156747	23686941	1438890	23675365	0.84185	23681153	1.03176	23686941	1.11351	23675365	19573.5582348399	23681153	1121139.60610995	23686941	1292211.11620012
199	23762242	16868	23768045	228706	23773848	1108462	23762242	0.84201	23768045	1.03036	23773848	1.11337	23762242	20033.0162349616	23768045	221967.079467371	23773848	995591.76194796	23778809	19025	23784597	625974	23790400	970816	23778809	0.84238	23784597	1.03187	23790400	1.1133	23778809	22584.8192027351	23784597	606640.37136461	23790400	872016.527440941	23795376	16654	23801149	1157456	23806952	1430345	23795376	0.84188	23801149	1.03148	23806952	1.11383	23795376	19781.9166627073	23801149	1122131.30647225	23806952	1284168.14056005
200	23882253	17018	23888041	228919	23893859	1110025	23882253	0.84237	23888041	1.03063	23893859	1.11324	23882253	20202.5238315705	23888041	222115.599196608	23893859	997112.033344113	23898836	18965	23904639	625526	23910458	967423	23898836	0.84174	23904639	1.03126	23910458	1.11392	23898836	22530.7101955473	23904639	606564.784826329	23910458	868485.169491525	23915419	16530	23921191	1160788	23926994	1419942	23915419	0.84201	23921191	1.03075	23926994	1.11288	23915419	19631.5958242776	23921191	1126158.62236236	23926994	1275916.54086694
201	24002264	16818	24008052	228242	24013855	1112941	24002264	0.84185	24008052	1.03184	24013855	1.11366	24002264	19977.4306586684	24008052	221199.023104357	24013855	999354.381049872	24018831	18731	24024619	627927	24030422	963837	24018831	0.84247	24024619	1.03267	24030422	1.113	24018831	22233.4326444859	24024619	608061.626657112	24030422	865981.132075472	24035399	16765	24041202	1158409	24047005	1405256	24035399	0.84285	24041202	1.03188	24047005	1.11294	24035399	19890.8465325977	24041202	1122619.87828042	24047005	1262652.07468507
202	24122275	16880	24128078	228494	24133881	1111470	24122275	0.84186	24128078	1.03175	24133881	1.11214	24122275	20050.8398070938	24128078	221462.563605525	24133881	999397.55786142	24138858	19148	24144646	625623	24150449	963364	24138858	0.84162	24144646	1.03061	24150449	1.11286	24138858	22751.3604714717	24144646	607041.46088239	24150449	865665.043221969	24155441	16741	24161213	1157921	24167016	1397944	24155441	0.84178	24161213	1.03089	24167016	1.11264	24155441	19887.6190928746	24161213	1123224.59234254	24167016	1256420.76502732
203	24242286	16952	24248089	227808	24253892	1113800	24242286	0.84173	24248089	1.03066	24253892	1.11248	24242286	20139.4746533924	24248089	221031.183901578	24253892	1001186.53818496	24258869	18959	24264657	627149	24270460	961295	24258869	0.84232	24264657	1.03191	24270460	1.11331	24258869	22508.0729413999	24264657	607755.521314843	24270460	863456.719152797	24275436	16894	24281224	1156798	24287027	1388452	24275436	0.84197	24281224	1.03052	24287027	1.11372	24275436	20064.8479161965	24281224	1122538.13608664	24287027	1246679.59630787
204	24362297	16998	24368085	228075	24373904	1113228	24362297	0.84163	24368085	1.03092	24373904	1.1128	24362297	20196.5234129012	24368085	221234.431381679	24373904	1000384.61538462	24378880	18967	24384668	626774	24390486	959387	24378880	0.84159	24384668	1.03091	24390486	1.11155	24378880	22537.1023895246	24384668	607981.298076457	24390486	863107.372587828	24395447	16688	24401235	1159119	24407038	1376678	24395447	0.84097	24401235	1.03162	24407038	1.11207	24395447	19843.7518579735	24401235	1123591.05096838	24407038	1237941.85617812
205	24482308	16984	24488096	228272	24493899	1117915	24482308	0.8428	24488096	1.03256	24493899	1.114	24482308	20151.8747033697	24488096	221073.835902998	24493899	1003514.36265709	24498875	18994	24504647	627180	24510451	960151	24498875	0.84312	24504647	1.03212	24510451	1.1145	24498875	22528.228484676	24504647	607661.899779096	24510451	861508.299685958	24515427	16871	24521215	1158541	24527018	1369394	24515427	0.84263	24521215	1.03322	24527018	1.11325	24515427	20021.8363931975	24521215	1121291.69005633	24527018	1230086.68313497
206	24602319	16698	24608107	228789	24613910	1115119	24602319	0.84185	24608107	1.03166	24613910	1.11267	24602319	19834.8874502584	24608107	221767.830486788	24613910	1002201.01198019	24618886	18674	24624658	627700	24630462	956538	24618886	0.84273	24624658	1.0315	24630462	1.11314	24618886	22158.9358394741	24624658	608531.265147843	24630462	859315.090644483	24635438	16609	24641210	1158362	24647013	1361136	24635438	0.8421	24641210	1.03165	24647013	1.11288	24635438	19723.3107706923	24641210	1122824.60136674	24647013	1223075.26417943
207	24722330	17051	24728118	228963	24733921	1118784	24722330	0.84292	24728118	1.03141	24733921	1.1127	24722330	20228.4914345371	24728118	221990.285143638	24733921	1005467.78107307	24738897	19145	24744685	626496	24750504	952324	24738897	0.84174	24744685	1.03179	24750504	1.11232	24738897	22744.552949842	24744685	607193.324222952	24750504	856160.097813579	24755480	16552	24761252	1158396	24767055	1349935	24755480	0.84189	24761252	1.03152	24767055	1.11203	24755480	19660.5257218877	24761252	1122999.06933457	24767055	1213937.57362661
208	24842341	16937	24848129	228854	24853948	1118865	24842341	0.84126	24848129	1.0304	24853948	1.1123	24842341	20132.8958942539	24848129	222102.096273292	24853948	1005902.18466241	24858924	18977	24864712	627095	24870530	952041	24858924	0.8416	24864712	1.03092	24870530	1.11232	24858924	22548.716730038	24864712	608286.772979475	24870530	855905.674626007	24875507	16816	24881294	1157565	24887113	1339003	24875507	0.84107	24881294	1.03076	24887113	1.11064	24875507	19993.5796069293	24881294	1123020.87779891	24887113	1205613.88028524
209	24962352	16790	24968140	228576	24973959	1118493	24962352	0.84168	24968140	1.0303	24973959	1.1116	24962352	19948.1988404144	24968140	221853.82898185	24973959	1006200.97157251	24978935	19106	24984707	624556	24990510	949154	24978935	0.84175	24984707	1.03009	24990510	1.11128	24978935	22697.9506979507	24984707	606312.069819142	24990510	854108.775466129	24995487	16900	25001259	1157827	25007062	1331763	24995487	0.84089	25001259	1.03092	25007062	1.11197	24995487	20097.7535706216	25001259	1123100.72556551	25007062	1197660.90811802
210	25082363	16789	25088166	229038	25093970	1120128	25082363	0.84075	25088166	1.02948	25093970	1.11117	25082363	19969.075230449	25088166	222479.309942884	25093970	1008061.77272605	25098930	19352	25104718	624140	25110506	945662	25098930	0.84038	25104718	1.02907	25110506	1.11093	25098930	23027.6779552107	25104718	606508.789489539	25110506	851234.551231851	25115498	17056	25121285	1157218	25127073	1322049	25115498	0.84101	25121285	1.03032	25127073	1.11057	25115498	20280.3771655509	25121285	1123163.67730414	25127073	1190423.83640833
211	25202374	17054	25208162	228339	25213981	1122829	25202374	0.84141	25208162	1.03	25213981	1.11117	25202374	20268.3590639522	25208162	221688.349514563	25213981	1010492.54389517	25218957	19441	25224745	626186	25230548	946068	25218957	0.84108	25224745	1.02952	25230548	1.11088	25218957	23114.3291957959	25224745	608231.020281296	25230548	851638.340774881	25235524	16821	25241327	1158294	25247115	1311833	25235524	0.84181	25241327	1.03039	25247115	1.11127	25235524	19981.9436689989	25241327	1124131.63947631	25247115	1180480.89123255
212	25322385	16910	25328173	228082	25333992	1124019	25322385	0.84056	25328173	1.02992	25333992	1.11122	25322385	20117.5406871609	25328173	221456.035420227	25333992	1011517.97123882	25338952	19076	25344740	627985	25350543	946319	25338952	0.84091	25344740	1.0304	25350543	1.11157	25338952	22684.9484487044	25344740	609457.492236025	25350543	851335.498439145	25355520	16687	25361292	1157057	25367095	1302170	25355520	0.8411	25361292	1.02937	25367095	1.11112	25355520	19839.4958982285	25361292	1124043.8326355	25367095	1171943.624451
213	25442396	17307	25448184	228429	25454003	1125607	25442396	0.84226	25448184	1.03166	25454003	1.11273	25442396	20548.2867523093	25448184	221418.878312622	25454003	1011572.43895644	25458963	19247	25464751	628824	25470554	943640	25458963	0.84143	25464751	1.03125	25470554	1.11253	25458963	22874.1547128103	25464751	609768.727272727	25470554	848192.857720691	25475531	17208	25481318	1159563	25487121	1298901	25475531	0.84156	25481318	1.03094	25487121	1.11169	25475531	20447.7399115928	25481318	1124762.83779851	25487121	1168402.16247335
214	25562407	16900	25568210	229241	25574014	1125885	25562407	0.8422	25568210	1.03187	25574014	1.1129	25562407	20066.4925195915	25568210	222160.73730218	25574014	1011667.71497888	25578990	19181	25584778	626774	25590565	944003	25578990	0.84212	25584778	1.03144	25590565	1.11258	25578990	22777.0389018192	25584778	607668.890095401	25590565	848481.008107282	25595542	16726	25601329	1159004	25607117	1290649	25595542	0.84159	25601329	1.03195	25607117	1.11225	25595542	19874.2855784883	25601329	1123120.30621639	25607117	1160394.69543718
215	25682418	17125	25688221	229509	25694025	1125508	25682418	0.84146	25688221	1.031	25694025	1.11171	25682418	20351.5318612887	25688221	222608.14742968	25694025	1012411.510196	25699001	19182	25704773	628044	25710576	942785	25699001	0.84156	25704773	1.03049	25710576	1.11198	25699001	22793.3837159561	25704773	609461.518306825	25710576	847843.48639364	25715553	17033	25721356	1160582	25727143	1280889	25715553	0.84131	25721356	1.03061	25727143	1.11136	25715553	20245.8071341123	25721356	1126111.72024335	25727143	1152541.93060754
216	25802429	17012	25808217	228045	25814036	1126535	25802429	0.84091	25808217	1.02966	25814036	1.11064	25802429	20230.4646157139	25808217	221476.021210885	25814036	1014311.56810488	25819012	19279	25824784	625202	25830587	937925	25819012	0.84076	25824784	1.02952	25830587	1.11055	25819012	22930.4438841049	25824784	607275.235060999	25830587	844559.00229616	25835564	17103	25841351	1156709	25847139	1269277	25835564	0.84052	25841351	1.0292	25847139	1.10977	25835564	20348.1178318184	25841351	1123891.37193937	25847139	1143729.78184669
217	25922440	16992	25928243	227434	25934047	1128754	25922440	0.8404	25928243	1.0296	25934047	1.11059	25922440	20218.9433603046	25928243	220895.493395493	25934047	1016355.27062192	25939023	19474	25944795	626588	25950598	938964	25939023	0.84139	25944795	1.0297	25950598	1.11101	25939023	23145.033813095	25944795	608515.10148587	25950598	845144.508150242	25955590	16890	25961362	1158871	25967166	1263748	25955590	0.84085	25961362	1.03076	25967166	1.1108	25955590	20086.8169114586	25961362	1124287.90407078	25967166	1137691.75369103
218	26042451	16920	26048239	228989	26054058	1129916	26042451	0.84094	26048239	1.03002	26054058	1.11032	26042451	20120.3415225819	26048239	222315.100677657	26054058	1017648.96606384	26059018	19215	26064806	627618	26070625	936713	26059018	0.84043	26064806	1.02997	26070625	1.1106	26059018	22863.2961698178	26064806	609355.612299387	26070625	843429.67765172	26075601	16724	26081405	1157826	26087208	1255699	26075601	0.8406	26081405	1.02995	26087208	1.11036	26075601	19895.3128717583	26081405	1124157.48337298	26087208	1130893.58406283
219	26162462	17008	26168250	228843	26174069	1129257	26162462	0.8405	26168250	1.02863	26174069	1.11003	26162462	20235.5740630577	26168250	222473.581365506	26174069	1017321.15348234	26179045	19372	26184817	627142	26190620	935457	26179045	0.84074	26184817	1.0299	26190620	1.11036	26179045	23041.6062040583	26184817	608934.8480435	26190620	842480.817032314	26195612	17061	26201400	1160019	26207188	1249093	26195612	0.84012	26201400	1.02933	26207188	1.11009	26195612	20307.8131695472	26201400	1126965.11322899	26207188	1125217.77513535
220	26282473	17016	26288261	229492	26294080	1132752	26282473	0.84053	26288261	1.02942	26294080	1.10987	26282473	20244.3696239278	26288261	222933.302247868	26294080	1020616.82899799	26299040	19401	26304813	627797	26310616	934618	26299040	0.84021	26304813	1.02904	26310616	1.11081	26299040	23090.6559074517	26304813	610080.268988572	26310616	841384.215122298	26315592	17073	26321380	1158852	26327183	1241494	26315592	0.84051	26321380	1.02915	26327183	1.1098	26315592	20312.6673091337	26321380	1126028.27576155	26327183	1118664.62425662
221	26402484	16989	26408287	228945	26414091	1132744	26402484	0.84018	26408287	1.02926	26414091	1.10912	26402484	20220.6669999286	26408287	222436.50778229	26414091	1021299.76918638	26419052	19545	26424839	626839	26430642	931636	26419052	0.84019	26424839	1.0286	26430642	1.10924	26419052	23262.595365334	26424839	609409.877503403	26430642	839886.769319534	26435619	17117	26441406	1158323	26447210	1234750	26435619	0.84028	26441406	1.02895	26447210	1.10985	26435619	20370.5907554625	26441406	1125733.02881578	26447210	1112537.73032392
222	26522495	16990	26528283	228673	26534102	1135939	26522495	0.84007	26528283	1.02871	26534102	1.10967	26522495	20224.5051007654	26528283	222291.024681397	26534102	1023672.8036263	26539078	19742	26544866	627404	26550669	932181	26539078	0.84089	26544866	1.02888	26550669	1.11007	26539078	23477.5059758113	26544866	609793.173159163	26550669	839749.745511544	26555645	17063	26561433	1159416	26567236	1227564	26555645	0.84045	26561433	1.02916	26567236	1.11009	26555645	20302.2190493188	26561433	1126565.3542695	26567236	1105823.8521201
223	26642506	17038	26648310	229393	26654113	1136614	26642506	0.84024	26648310	1.02893	26654113	1.10965	26642506	20277.5397505475	26648310	222943.251727523	26654113	1024299.5539134	26659089	19707	26664861	625566	26670664	931929	26659089	0.83981	26664861	1.02766	26670664	1.10939	26659089	23466.0220764221	26664861	608728.567814258	26670664	840037.31780528	26675641	17026	26681428	1157913	26687216	1218385	26675641	0.83962	26681428	1.02881	26687216	1.10936	26675641	20278.2211000214	26681428	1125487.69938084	26687216	1098277.38515901
224	26762517	17273	26768305	228998	26774124	1137510	26762517	0.84	26768305	1.02919	26774124	1.10962	26762517	20563.0952380952	26768305	222503.133532195	26774124	1025134.73080875	26779085	19505	26784872	628633	26790675	929002	26779085	0.84012	26784872	1.02831	26790675	1.10913	26779085	23216.9213921821	26784872	611326.351003102	26790675	837595.23229919	26795652	17031	26801439	1160388	26807227	1211388	26795652	0.8402	26801439	1.02841	26807227	1.10916	26795652	20270.1737681504	26801439	1128332.0854523	26807227	1092167.0453316
225	26882528	17168	26888332	229370	26894135	1140388	26882528	0.83963	26888332	1.0282	26894135	1.10962	26882528	20447.1016995581	26888332	223079.167477145	26894135	1027728.41152827	26899111	19840	26904883	627526	26910686	928694	26899111	0.84037	26904883	1.02926	26910686	1.1097	26899111	23608.6485714626	26904883	609686.570934458	26910686	836887.447057763	26915678	17222	26921466	1159235	26927269	1203955	26915678	0.83975	26921466	1.02877	26927269	1.10935	26915678	20508.484668056	26921466	1126816.48959437	26927269	1085279.66827421
226	27002539	17130	27008327	227441	27014146	1140315	27002539	0.83959	27008327	1.02791	27014146	1.10896	27002539	20402.8156600245	27008327	221265.480440895	27014146	1028274.23892656	27019107	19623	27024894	627410	27030682	927213	27019107	0.83981	27024894	1.02798	27030682	1.10953	27019107	23365.9994522571	27024894	610332.88585381	27030682	835680.873883536	27035674	17098	27041446	1159678	27047265	1197461	27035674	0.83953	27041446	1.02849	27047265	1.10839	27035674	20366.1572546544	27041446	1127553.98691285	27047265	1080360.70336253
227	27122550	17501	27128354	228390	27134157	1142786	27122550	0.84026	27128354	1.02946	27134157	1.10964	27122550	20828.0770237784	27128354	221854.175975754	27134157	1029870.94913666	27139133	19852	27144921	627952	27150708	928708	27139133	0.84035	27144921	1.02914	27150708	1.10992	27139133	23623.4902124115	27144921	610171.599588006	27150708	836734.179039931	27155685	17075	27161472	1159881	27167276	1193008	27155685	0.83962	27161472	1.0287	27167276	1.10961	27155685	20336.5808341869	27161472	1127521.14319043	27167276	1075159.74080983
228	27242561	17114	27248349	229094	27254168	1145044	27242561	0.83952	27248349	1.02849	27254168	1.10957	27242561	20385.4583571565	27248349	222747.911987477	27254168	1031970.94369891	27259129	19827	27264916	627601	27270719	926863	27259129	0.8397	27264916	1.02823	27270719	1.10931	27259129	23612.0042872454	27264916	610370.247901734	27270719	835531.095906464	27275711	17123	27281499	1162263	27287302	1186386	27275711	0.83932	27281499	1.02848	27287302	1.1091	27275711	20401.0389362818	27281499	1130078.36807716	27287302	1069683.5271842
229	27362588	17255	27368360	228971	27374179	1145374	27362588	0.83941	27368360	1.02841	27374179	1.10946	27362588	20556.1048831918	27368360	222645.63744032	27374179	1032370.70286446	27379140	19895	27384927	628590	27390715	923898	27379140	0.83908	27384927	1.02847	27390715	1.10844	27379140	23710.4924441055	27384927	611189.436736123	27390715	833511.962758471	27395707	17461	27401479	1161130	27407282	1178192	27395707	0.83983	27401479	1.02811	27407282	1.10864	27395707	20791.112487051	27401479	1129383.04267053	27407282	1062736.32558811
230	27482599	17176	27488387	229439	27494190	1146966	27482599	0.83881	27488387	1.02738	27494190	1.10858	27482599	20476.6276033905	27488387	223324.378516226	27494190	1034626.27866279	27499166	20085	27504954	626106	27510757	923593	27499166	0.83946	27504954	1.02678	27510757	1.10807	27499166	23926.0953470088	27504954	609776.193537077	27510757	833515.030638859	27515733	17096	27521521	1159251	27527324	1173256	27515733	0.83858	27521521	1.02789	27527324	1.10826	27515733	20386.8444274846	27521521	1127796.74867933	27527324	1058646.88791439
231	27602610	16934	27608398	229639	27614216	1144836	27602610	0.83912	27608398	1.02833	27614216	1.10736	27602610	20180.6654590523	27608398	223312.555308121	27614216	1033842.65279584	27619193	19715	27624996	628066	27630799	923262	27619193	0.83925	27624996	1.02821	27630799	1.10866	27619193	23491.2123920167	27624996	610834.362630202	27630799	832772.897010806	27635760	17361	27641548	1159416	27647351	1165532	27635760	0.83989	27641548	1.02739	27647351	1.10757	27635760	20670.5640024289	27641548	1128506.21477725	27647351	1052332.58394503
232	27722621	17140	27728424	228552	27734227	1150041	27722621	0.83967	27728424	1.0279	27734227	1.10904	27722621	20412.7812116665	27728424	222348.477478354	27734227	1036969.81172906	27739204	19792	27744991	627796	27750795	922294	27739204	0.8398	27744991	1.02891	27750795	1.10799	27739204	23567.516075256	27744991	610156.379080775	27750795	832402.819520032	27755771	17402	27761543	1161528	27767346	1159961	27755771	0.83957	27761543	1.0283	27767346	1.10758	27755771	20727.2770584942	27761543	1129561.41203929	27767346	1047293.19778255
233	27842632	17121	27848420	228960	27854238	1148652	27842632	0.83916	27848420	1.02745	27854238	1.1072	27842632	20402.5454025454	27848420	222842.960728016	27854238	1037438.58381503	27859215	19795	27865002	629125	27870821	920718	27859215	0.83931	27865002	1.02755	27870821	1.10707	27859215	23584.8494596752	27865002	612257.311079753	27870821	831670.987381105	27875782	17230	27881554	1162505	27887357	1153139	27875782	0.83943	27881554	1.02776	27887357	1.10758	27875782	20525.8330057301	27881554	1131105.51101424	27887357	1041133.82329042
234	27962643	17253	27968431	230441	27974249	1153124	27962643	0.83873	27968431	1.02826	27974249	1.10808	27962643	20570.3861791041	27968431	224107.715947329	27974249	1040650.49454913	27979241	19981	27985029	629242	27990832	919644	27979241	0.83907	27985029	1.02758	27990832	1.10847	27979241	23813.269453085	27985029	612353.296093735	27990832	829651.682048229	27995809	17402	28001596	1161741	28007384	1148101	27995809	0.84004	28001596	1.02762	28007384	1.10753	27995809	20715.6802057045	28001596	1130516.14409996	28007384	1036631.96482262
235	28082654	17153	28088442	228775	28094245	1151970	28082654	0.83884	28088442	1.02644	28094245	1.10757	28082654	20448.4764675027	28088442	222881.999922061	28094245	1040087.75969013	28099221	19941	28105009	628321	28110812	919457	28099221	0.8381	28105009	1.02705	28110812	1.10677	28099221	23793.1034482759	28105009	611772.552456063	28110812	830757.067864145	28115804	17293	28121576	1160730	28127379	1142643	28115804	0.83812	28121576	1.02645	28127379	1.1064	28115804	20633.0835679855	28121576	1130819.81587023	28127379	1032757.59219089
236	28202665	17131	28208468	229020	28214271	1154252	28202665	0.83909	28208468	1.02714	28214271	1.10742	28202665	20416.1651312732	28208468	222968.631345289	28214271	1042289.28500479	28219248	19893	28225051	628234	28230870	919083	28219248	0.83857	28225051	1.02666	28230870	1.10658	28219248	23722.5276363333	28225051	611920.207274073	28230870	830561.730737949	28235831	17349	28241603	1159304	28247406	1136920	28235831	0.83851	28241603	1.0268	28247406	1.10734	28235831	20690.2720301487	28241603	1129045.5784963	28247406	1026712.66277747
237	28322676	17182	28328464	229972	28334282	1154006	28322676	0.83915	28328464	1.02708	28334282	1.10737	28322676	20475.4811416314	28328464	223908.556295517	28334282	1042114.19850637	28339259	19854	28345062	629947	28350881	918677	28339259	0.83861	28345062	1.02714	28350881	1.10794	28339259	23674.8905927666	28345062	613301.984150165	28350881	829175.767640847	28355842	17368	28361629	1162903	28367433	1129340	28355842	0.83877	28361629	1.02673	28367433	1.10703	28355842	20706.5107240364	28361629	1132627.85737243	28367433	1020153.02204999
238	28442687	17252	28448475	229084	28454293	1157701	28442687	0.8386	28448475	1.02767	28454293	1.10741	28442687	20572.3825423325	28448475	222915.91658801	28454293	1045413.17127351	28459254	19869	28465073	630928	28470892	919611	28459254	0.83954	28465073	1.02744	28470892	1.10739	28459254	23666.5316721062	28465073	614077.707700693	28470892	830431.013464091	28475868	17288	28481640	1163110	28487444	1127409	28475868	0.83878	28481640	1.02651	28487444	1.10767	28475868	20610.8872409929	28481640	1133072.25453235	28487444	1017820.28943638
239	28562698	17187	28568486	228982	28574304	1156374	28562698	0.83859	28568486	1.02694	28574304	1.10713	28562698	20495.1168032054	28568486	222975.05209652	28574304	1044478.96814286	28579265	19940	28585053	627815	28590856	916880	28579265	0.83864	28585053	1.02737	28590856	1.10768	28579265	23776.5906706096	28585053	611089.48090756	28590856	827748.086089846	28595833	17735	28601620	1161899	28607408	1123038	28595833	0.83884	28601620	1.02711	28607408	1.10798	28595833	21142.2917362071	28601620	1131231.31894344	28607408	1013590.49802343
240	28682709	17558	28688497	230147	28694315	1162197	28682709	0.83866	28688497	1.02714	28694315	1.10701	28682709	20935.7785038037	28688497	224065.852756197	28694315	1049852.30485723	28699276	20176	28705064	630038	28710867	917510	28699276	0.8388	28705064	1.02608	28710867	1.10657	28699276	24053.4096328088	28705064	614024.247622018	28710867	829147.726759265	28715844	17365	28721631	1161312	28727434	1116219	28715844	0.83854	28721631	1.02689	28727434	1.10652	28715844	20708.6125885468	28721631	1130902.04403588	28727434	1008765.3182952
241	28802720	17017	28808523	230179	28814327	1160377	28802720	0.83759	28808523	1.02701	28814327	1.10752	28802720	20316.6226912929	28808523	224125.373657511	28814327	1047725.54897429	28819319	20053	28825106	628661	28830909	915944	28819319	0.83801	28825106	1.02674	28830909	1.10687	28819319	23929.3087194664	28825106	612288.407970859	28830909	827508.1987948	28835886	17373	28841673	1159012	28847477	1109132	28835886	0.83878	28841673	1.02643	28847477	1.1061	28835886	20712.2248980662	28841673	1129168.08744873	28847477	1002741.16264352
242	28922731	17327	28928519	229793	28934338	1163464	28922731	0.83886	28928519	1.02615	28934338	1.10795	28922731	20655.413299001	28928519	223937.046240803	28934338	1050105.14914933	28939314	20073	28945102	628903	28950936	916362	28939314	0.83842	28945102	1.02729	28950936	1.1069	28939314	23941.4613201021	28945102	612196.166613128	28950936	827863.402294697	28955912	17645	28961684	1162343	28967488	1104604	28955912	0.83883	28961684	1.02737	28967488	1.10667	28955912	21035.2514812298	28961684	1131377.2058752	28967488	998133.138153199
243	29042742	17562	29048530	229770	29054349	1164600	29042742	0.83903	29048530	1.0265	29054349	1.10761	29042742	20931.3135406362	29048530	223838.285435947	29054349	1051453.12880888	29059325	20313	29065113	629567	29070900	915657	29059325	0.83871	29065113	1.02778	29070900	1.10694	29059325	24219.3368387166	29065113	612550.351242484	29070900	827196.596021465	29075877	17521	29081664	1163913	29087467	1099211	29075877	0.83902	29081664	1.0282	29087467	1.10645	29075877	20882.6964792258	29081664	1131990.85780976	29087467	993457.454019612
244	29162753	17194	29168556	229011	29174360	1163853	29162753	0.8386	29168556	1.02758	29174360	1.1075	29162753	20503.2196518006	29168556	222864.39985208	29174360	1050883.06997743	29179336	20048	29185108	629488	29190911	917121	29179336	0.83879	29185108	1.02689	29190911	1.1073	29179336	23901.095625842	29185108	613004.313996631	29190911	828249.796803034	29195888	17750	29201675	1165082	29207463	1097629	29195888	0.83926	29201675	1.02687	29207463	1.10728	29195888	21149.5841574721	29201675	1134595.42103674	29207463	991284.04739542
245	29282764	17106	29288552	230357	29294371	1167553	29282764	0.83851	29288552	1.02686	29294371	1.10759	29282764	20400.4722662819	29288552	224331.45706328	29294371	1054138.26415912	29299347	20207	29305166	630199	29310969	914200	29299347	0.83829	29305166	1.0268	29310969	1.10656	29299347	24105.023321285	29305166	613750.486949747	29310969	826163.967611336	29315945	17500	29321717	1164795	29327521	1088642	29315945	0.8385	29321717	1.02697	29327521	1.10623	29315945	20870.6022659511	29321717	1134205.47825156	29327521	984100.955497501
246	29402775	17313	29408578	229275	29414382	1168021	29402775	0.83837	29408578	1.02643	29414382	1.10637	29402775	20650.7866455145	29408578	223371.296630067	29414382	1055723.67291232	29419358	20288	29425130	628577	29430933	915183	29419358	0.8387	29425130	1.02599	29430933	1.10659	29419358	24189.8175748182	29425130	612654.119435862	29430933	827029.884600439	29435910	17551	29441697	1165367	29447500	1085352	29435910	0.83875	29441697	1.02611	29447500	1.10608	29435910	20925.1862891207	29441697	1135713.51999298	29447500	981259.945031101
247	29522786	17106	29528574	229681	29534393	1169682	29522786	0.83858	29528574	1.02625	29534393	1.10646	29522786	20398.7693481838	29528574	223806.090133983	29534393	1057138.98378613	29539369	20020	29545157	628688	29550944	912154	29539369	0.83803	29545157	1.02657	29550944	1.10624	29539369	23889.3595694665	29545157	612416.104113699	29550944	824553.442291004	29555921	17588	29561708	1163115	29567496	1081889	29555921	0.83774	29561708	1.02517	29567496	1.10708	29555921	20994.5806574832	29561708	1134558.17083996	29567496	977245.54684395
248	29642797	17668	29648600	229792	29654404	1168748	29642797	0.83874	29648600	1.02647	29654404	1.10656	29642797	21064.9307294275	29648600	223866.260095278	29654404	1056199.39271255	29659380	19989	29665152	629813	29670955	914790	29659380	0.83834	29665152	1.02672	29670955	1.10662	29659380	23843.5479638333	29665152	613422.354682874	29670955	826652.328712657	29675932	17531	29681719	1165395	29687507	1077592	29675932	0.83858	29681719	1.02677	29687507	1.10639	29675932	20905.5784779031	29681719	1135010.76190383	29687507	973971.203644285
249	29762808	17315	29768596	230205	29774415	1173713	29762808	0.83819	29768596	1.0258	29774415	1.10569	29762808	20657.6074637015	29768596	224415.090660948	29774415	1061520.86027729	29779391	19980	29785163	628505	29790966	914366	29779391	0.83811	29785163	1.02539	29790966	1.10542	29779391	23839.3528295808	29785163	612942.392650601	29790966	827166.144994663	29795943	17875	29801730	1163511	29807518	1071106	29795943	0.83756	29801730	1.02576	29807518	1.10486	29795943	21341.7546205645	29801730	1134291.64716893	29807518	969449.523016491
250	29882819	17158	29888607	228457	29894426	1173210	29882819	0.83791	29888607	1.02584	29894426	1.10571	29882819	20477.1395495936	29888607	222702.370740076	29894426	1061046.74824321	29899386	20440	29905174	629515	29910977	912741	29899386	0.83805	29905174	1.02607	29910977	1.10563	29899386	24389.9528667741	29905174	613520.520042492	29910977	825539.285294357	29915954	17684	29921741	1163660	29927544	1067280	29915954	0.83839	29921741	1.02668	29927544	1.10578	29915954	21092.8088359833	29921741	1133420.34519032	29927544	965182.947783465
251	30002830	17351	30008618	229720	30014421	1174974	30002830	0.83795	30008618	1.02616	30014421	1.10523	30002830	20706.4860671878	30008618	223863.724955173	30014421	1063103.60739394	30019413	20585	30025185	630814	30030988	910832	30019413	0.83751	30025185	1.02625	30030988	1.10604	30019413	24578.8109992717	30025185	614678.68453106	30030988	823507.28725905	30035965	17750	30041752	1166432	30047555	1064050	30035965	0.8372	30041752	1.02579	30047555	1.10564	30035965	21201.624462494	30041752	1137106.03534837	30047555	962383.777721501
252	30122841	17487	30128644	229837	30134448	1176200	30122841	0.83806	30128644	1.02587	30134448	1.10525	30122841	20866.0477770088	30128644	224041.057833839	30134448	1064193.62135264	30139424	20563	30145196	629261	30151015	910458	30139424	0.83838	30145196	1.02606	30151015	1.10553	30139424	24527.0640998115	30145196	613278.950548701	30151015	823548.886054653	30155991	17626	30161779	1163728	30167582	1060045	30155991	0.83763	30161779	1.02573	30167582	1.1046	30155991	21042.7038191087	30161779	1134536.37896912	30167582	959664.131812421
253	30242852	17033	30248655	228953	30254459	1177083	30242852	0.83827	30248655	1.02603	30254459	1.10563	30242852	20319.2288880671	30248655	223144.547430387	30254459	1064626.50253701	30259435	20371	30265223	629346	30271057	911094	30259435	0.83772	30265223	1.02626	30271057	1.10543	30259435	24317.1942892613	30265223	613242.258297118	30271057	824198.728096759	30276018	17803	30281805	1163477	30287609	1055581	30276018	0.83735	30281805	1.02527	30287609	1.10558	30276018	21261.1213948767	30281805	1134800.58911311	30287609	954775.773801986
254	30362863	17358	30368651	229676	30374470	1178179	30362863	0.83746	30368651	1.02617	30374470	1.10566	30362863	20726.9600936164	30368651	223818.665523256	30374470	1065588.87904057	30379446	20318	30385218	630215	30391021	911146	30379446	0.83745	30385218	1.02573	30391021	1.10516	30379446	24261.7469699684	30385218	614406.325251285	30391021	824447.138875819	30395998	17900	30401770	1164333	30407573	1051344	30395998	0.83767	30401770	1.02538	30407573	1.1052	30395998	21368.7967815488	30401770	1135513.66322729	30407573	951270.358306189
255	30482874	17247	30488662	229623	30494481	1179453	30482874	0.8377	30488662	1.02546	30494481	1.10462	30482874	20588.5161752417	30488662	223921.947223685	30494481	1067745.46903007	30499441	20615	30505213	630692	30511017	911376	30499441	0.83745	30505213	1.0259	30511017	1.10516	30499441	24616.3950086572	30505213	614769.470708646	30511017	824655.253537949	30516009	17687	30521796	1163872	30527584	1050220	30516009	0.83762	30521796	1.02557	30527584	1.10492	30516009	21115.7804254913	30521796	1134853.78862486	30527584	950494.153422872
256	30602885	17568	30608688	229779	30614492	1180499	30602885	0.83743	30608688	1.02567	30614492	1.10462	30602885	20978.4698422555	30608688	224028.196203457	30614492	1068692.40100668	30619468	20508	30625240	630995	30631043	909270	30619468	0.83762	30625240	1.0256	30631043	1.10442	30619468	24483.6560731597	30625240	615244.734789392	30631043	823300.918128973	30636035	17851	30641807	1163425	30647611	1043929	30636035	0.83743	30641807	1.02564	30647611	1.10528	30636035	21316.4085356388	30641807	1134340.50934051	30647611	944492.79820498
257	30722896	17065	30728684	230077	30734503	1181011	30722896	0.83703	30728684	1.02541	30734503	1.10437	30722896	20387.5607803782	30728684	224375.615607416	30734503	1069397.93728551	30739463	20355	30745282	630382	30751101	908512	30739463	0.83753	30745282	1.02588	30751101	1.10436	30739463	24303.6070349719	30745282	614479.276328616	30751101	822659.277771741	30756078	17867	30761850	1162590	30767653	1039134	30756078	0.83763	30761850	1.02543	30767653	1.10407	30756078	21330.4203526617	30761850	1133758.52081566	30767653	941184.888639307
258	30842907	17276	30848695	230676	30854498	1182748	30842907	0.83801	30848695	1.02573	30854498	1.1054	30842907	20615.5057815539	30848695	224889.590827996	30854498	1069972.86050299	30859475	20543	30865262	630861	30871065	911711	30859475	0.83741	30865262	1.02569	30871065	1.10499	30859475	24531.5914546041	30865262	615060.105879944	30871065	825085.294889547	30876042	17976	30881829	1168991	30887633	1037152	30876042	0.83767	30881829	1.02613	30887633	1.10459	30876042	21459.5246338057	30881829	1139223.10038689	30887633	938947.482776415
259	30962918	17519	30968706	230110	30974525	1184250	30962918	0.83685	30968706	1.02559	30974525	1.1055	30962918	20934.4565931768	30968706	224368.412328513	30974525	1071234.73541384	30979501	20542	30985273	629515	30991076	908475	30979501	0.83797	30985273	1.02501	30991076	1.10404	30979501	24514.0040812917	30985273	614154.983853816	30991076	822864.207818557	30996068	17802	31001840	1165226	31007644	1031610	30996068	0.83814	31001840	1.02532	31007644	1.10472	30996068	21239.8883241463	31001840	1136451.05918152	31007644	933820.334564415
260	31082929	17143	31088717	229925	31094536	1188393	31082929	0.83713	31088717	1.02478	31094536	1.10515	31082929	20478.300861276	31088717	224365.229610258	31094536	1075322.8068588	31099512	20512	31105300	632493	31111119	910068	31099512	0.83718	31105300	1.0259	31111119	1.105	31099512	24501.3019900141	31105300	616525.002436885	31111119	823590.950226244	31116095	17880	31121867	1165767	31127670	1029739	31116095	0.83757	31121867	1.02553	31127670	1.10458	31116095	21347.4694652387	31121867	1136745.87774127	31127670	932244.835140959
261	31202940	17578	31208728	230145	31214547	1187617	31202940	0.83759	31208728	1.02543	31214547	1.10485	31202940	20986.4014613355	31208728	224437.553026535	31214547	1074912.43155179	31219508	20646	31225295	630042	31231098	909102	31219508	0.83704	31225295	1.02444	31231098	1.10463	31219508	24665.4879097773	31225295	615011.128030924	31231098	822992.314168545	31236075	17889	31241862	1164729	31247650	1022805	31236075	0.83717	31241862	1.02556	31247650	1.10463	31236075	21368.4197952626	31241862	1135700.49533913	31247650	925925.422992314
262	31322951	17308	31328755	230333	31334558	1192042	31322951	0.83713	31328755	1.02513	31334558	1.10443	31322951	20675.4028645491	31328755	224686.625110962	31334558	1079327.79804967	31339519	20706	31345306	631149	31351109	909616	31339519	0.83698	31345306	1.02423	31351109	1.10378	31339519	24738.9423881096	31345306	616218.036964354	31351109	824091.757415427	31356101	17880	31361873	1166995	31367692	1022094	31356101	0.83705	31361873	1.02487	31367692	1.10473	31356101	21360.7311391195	31361873	1138676.1247768	31367692	925198.012183973
263	31442962	17538	31448750	229045	31454569	1193086	31442962	0.83727	31448750	1.02537	31454569	1.10503	31442962	20946.6480346842	31448750	223377.902610765	31454569	1079686.52434776	31459530	20817	31465317	631553	31471120	908972	31459530	0.83738	31465317	1.02581	31471120	1.10441	31459530	24859.6813871838	31465317	615662.744562833	31471120	823038.545467716	31476097	17971	31481884	1164849	31487672	1019135	31476097	0.83693	31481884	1.02506	31487672	1.10442	31476097	21472.5245838959	31481884	1136371.52947145	31487672	922778.471958132
264	31562973	17510	31568761	230450	31574564	1192622	31562973	0.83704	31568761	1.02518	31574564	1.10376	31562973	20918.9524992832	31568761	224789.793011959	31574564	1080508.44386461	31579541	20657	31585328	632350	31591131	910809	31579541	0.83736	31585328	1.02502	31591131	1.10481	31579541	24669.1984331709	31585328	616914.7919065	31591131	824403.291063622	31596123	17965	31601895	1166351	31607699	1017104	31596123	0.83664	31601895	1.02457	31607699	1.10439	31596123	21472.7959456875	31601895	1138380.97933767	31607699	920964.514347287
265	31682984	17606	31688772	229625	31694575	1194928	31682984	0.83737	31688772	1.02512	31694575	1.1046	31682984	21025.3531891517	31688772	223998.166068363	31694575	1081774.39797212	31699552	20668	31705339	629241	31711142	909569	31699552	0.83702	31705339	1.02504	31711142	1.10401	31699552	24692.3609949583	31705339	613869.70264575	31711142	823877.501109591	31716134	18044	31721906	1165568	31727710	1011609	31716134	0.83681	31721906	1.02476	31727710	1.10416	31716134	21562.83983222	31721906	1137405.83160935	31727710	916179.720330387
266	31802995	17413	31808783	229882	31814602	1196783	31802995	0.83675	31808783	1.02427	31814602	1.10444	31802995	20810.2778607708	31808783	224434.963437375	31814602	1083610.6986346	31819578	20648	31825366	630393	31831169	909318	31819578	0.83722	31825366	1.02432	31831169	1.10411	31819578	24662.573756002	31825366	615425.843486411	31831169	823575.549537637	31836161	18194	31841949	1165878	31847752	1009635	31836161	0.83766	31841949	1.025	31847752	1.10417	31836161	21720.0296062842	31841949	1137441.95121951	31847752	914383.654690854
267	31923006	17243	31928794	230187	31934597	1199353	31923006	0.83737	31928794	1.02498	31934597	1.10474	31923006	20591.8530637592	31928794	224577.06491834	31934597	1085642.77567572	31939574	20696	31945361	630882	31951149	910478	31939574	0.83707	31945361	1.02585	31951149	1.10552	31939574	24724.3360770306	31945361	614984.646878199	31951149	823574.426514219	31956125	18051	31961913	1166917	31967716	1008848	31956125	0.83756	31961913	1.02574	31967716	1.10554	31956125	21551.8888199054	31961913	1137634.2932907	31967716	912538.668885793
268	32043017	17470	32048805	229597	32054608	1199135	32043017	0.83703	32048805	1.02544	32054608	1.10471	32043017	20871.4144056963	32048805	223900.959588079	32054608	1085474.92102	32059585	20629	32065372	632262	32071175	910046	32059585	0.83738	32065372	1.02464	32071175	1.10497	32059585	24635.171606678	32065372	617057.698313554	32071175	823593.400725812	32076152	18189	32081939	1168218	32087727	1002604	32076152	0.8376	32081939	1.02507	32087727	1.10392	32076152	21715.6160458453	32081939	1139647.04849425	32087727	908221.610261613
269	32163028	17525	32168816	229623	32174635	1199971	32163028	0.83687	32168816	1.02449	32174635	1.10425	32163028	20941.1258618423	32168816	224133.959335865	32174635	1086684.17477926	32179611	20922	32185399	632528	32191202	910087	32179611	0.83696	32185399	1.02494	32191202	1.10443	32179611	24997.6103995412	32185399	617136.6128749	32191202	824033.211701964	32196178	17949	32201966	1167502	32207769	999583	32196178	0.83677	32201966	1.02409	32207769	1.1039	32196178	21450.3388027773	32201966	1140038.47318107	32207769	905501.404112691
270	32283039	17416	32288827	229665	32294646	1200828	32283039	0.83676	32288827	1.0246	32294646	1.10404	32283039	20813.6144175152	32288827	224150.888151474	32294646	1087667.11351038	32299622	20425	32305410	629362	32311197	907622	32299622	0.83694	32305410	1.02412	32311197	1.10411	32299622	24404.3778526537	32305410	614539.311799399	32311197	822039.470704912	32316174	17917	32321961	1165978	32327765	994998	32316174	0.83685	32321961	1.02456	32327765	1.10306	32316174	21410.0495907271	32321961	1138028.03154525	32327765	902034.340833681
271	32403050	17515	32408838	229913	32414641	1200255	32403050	0.83634	32408838	1.02473	32414641	1.10321	32403050	20942.4396776431	32408838	224364.46673758	32414641	1087966.02641383	32419618	20799	32425405	631495	32431193	909422	32419618	0.83602	32425405	1.02433	32431193	1.10433	32419618	24878.5914212579	32425405	616495.660578134	32431193	823505.655012542	32436185	18423	32441957	1165922	32447760	991510	32436185	0.83677	32441957	1.0242	32447760	1.10299	32436185	22016.8027056419	32441957	1138373.36457723	32447760	898929.274064135
272	32523061	17622	32528849	229967	32534652	1205903	32523061	0.83706	32528849	1.02499	32534652	1.10413	32523061	21052.2543186868	32528849	224360.237660855	32534652	1092174.83448507	32539629	20650	32545416	631898	32551219	907735	32539629	0.83673	32545416	1.02421	32551219	1.1041	32539629	24679.4067381354	32545416	616961.365344998	32551219	822149.261842224	32556196	17983	32561983	1166128	32567787	991025	32556196	0.83665	32561983	1.02483	32567787	1.10383	32556196	21494.0536664077	32561983	1137874.57431964	32567787	897805.821548608
273	32643072	17683	32648876	230212	32654679	1205550	32643072	0.83702	32648876	1.02381	32654679	1.10393	32643072	21126.13796564	32648876	224858.127972964	32654679	1092052.93813919	32659655	20763	32665443	631519	32671230	910686	32659655	0.83747	32665443	1.02454	32671230	1.10375	32659655	24792.5298816674	32665443	616392.722587698	32671230	825083.578708947	32676222	18208	32682010	1166241	32687813	989222	32676222	0.83654	32682010	1.02451	32687813	1.10333	32676222	21765.845028331	32682010	1138340.27974349	32687813	896578.539512204
274	32763083	17244	32768871	229910	32774674	1206496	32763083	0.83611	32768871	1.02383	32774674	1.10368	32763083	20624.0805635622	32768871	224558.764638661	32774674	1093157.43693824	32779651	20816	32785438	630190	32791241	911612	32779651	0.8363	32785438	1.02479	32791241	1.10435	32779651	24890.5895013751	32785438	614945.501029479	32791241	825473.808122425	32796218	18202	32802006	1167406	32807809	985670	32796218	0.83664	32802006	1.02432	32807809	1.10337	32796218	21756.0719066743	32802006	1139688.76913465	32807809	893326.807870433
275	32883094	17567	32888882	229647	32894685	1205497	32883094	0.8362	32888882	1.02375	32894685	1.10306	32883094	21008.1320258311	32888882	224319.413919414	32894685	1092866.20854713	32899662	20966	32905449	630637	32911253	908926	32899662	0.83581	32905449	1.02359	32911253	1.10347	32899662	25084.6484248813	32905449	616103.127228676	32911253	823697.970946197	32916229	18243	32922032	1169093	32927835	982253	32916229	0.8365	32922032	1.02395	32927835	1.10283	32916229	21808.7268380155	32922032	1141748.13223302	32927835	890665.832449244
276	33003105	17282	33008893	231046	33014681	1211650	33003105	0.83572	33008893	1.02353	33014681	1.10276	33003105	20679.1748432489	33008893	225734.467968697	33014681	1098743.15354202	33019657	21367	33025445	633127	33031232	908505	33019657	0.83598	33025445	1.0234	33031232	1.10199	33019657	25559.2239048781	33025445	618650.576509674	33031232	824422.181689489	33036224	18235	33042012	1167388	33047815	980733	33036224	0.83574	33042012	1.02339	33047815	1.10283	33036224	21818.9867662192	33042012	1140706.86639502	33047815	889287.560186067
277	33123116	17371	33128904	230045	33134723	1211516	33123116	0.83579	33128904	1.02316	33134723	1.10216	33123116	20783.9289773747	33128904	224837.757535478	33134723	1099219.71401611	33139699	20748	33145487	629335	33151306	908269	33139699	0.83594	33145487	1.02376	33151306	1.10218	33139699	24819.9631552504	33145487	614729.038055794	33151306	824065.942042135	33156282	18269	33162070	1169372	33167873	976980	33156282	0.83653	33162070	1.02319	33167873	1.10277	33156282	21839.0254981889	33162070	1142868.8708842	33167873	885932.696754536
278	33243127	17501	33248915	230868	33254718	1213969	33243127	0.83604	33248915	1.0234	33254718	1.10297	33243127	20933.2089373714	33248915	225589.212429158	33254718	1100636.46336709	33259695	20761	33265482	631629	33271286	910513	33259695	0.83654	33265482	1.02292	33271286	1.1025	33259695	24817.7014846869	33265482	617476.439995308	33271286	825862.131519274	33276278	18110	33282065	1168968	33287868	976381	33276278	0.83589	33282065	1.02278	33287868	1.10208	33276278	21665.5301534891	33282065	1142932.00883866	33287868	885943.851626016
279	33363138	17460	33368926	229922	33374729	1214287	33363138	0.83572	33368926	1.0236	33374729	1.10305	33363138	20892.1648398985	33368926	224620.945681907	33374729	1100844.92996691	33379706	20906	33385493	631038	33391297	910087	33379706	0.83614	33385493	1.02316	33391297	1.10266	33379706	25002.989929916	33385493	616753.977872474	33391297	825355.957412076	33396273	18072	33402061	1165506	33407864	972954	33396273	0.83616	33402061	1.0233	33407864	1.1032	33396273	21613.0884041332	33402061	1138968.04456171	33407864	881937.998549674
280	33483150	17529	33488953	230555	33494756	1217400	33483150	0.83599	33488953	1.0238	33494756	1.10267	33483150	20967.9541621311	33488953	225195.350654425	33494756	1104047.448466	33499732	21088	33505520	632268	33511308	910078	33499732	0.83589	33505520	1.02381	33511308	1.10266	33499732	25228.1998827597	33505520	617563.805784276	33511308	825347.79533129	33516284	18370	33522072	1169052	33527875	968257	33516284	0.83578	33522072	1.02298	33527875	1.10201	33516284	21979.4682811266	33522072	1142790.67039434	33527875	878628.143120298
281	33603161	17313	33608948	230379	33614767	1213459	33603161	0.83565	33608948	1.02266	33614767	1.10279	33603161	20718.0039490217	33608948	225274.284708505	33614767	1100353.64847342	33619743	21141	33625531	631465	33631319	909642	33619743	0.83587	33625531	1.02398	33631319	1.10248	33619743	25292.2105112039	33625531	616677.083536788	33631319	825087.076409549	33636311	18252	33642098	1168030	33647901	965770	33636311	0.83608	33642098	1.02276	33647901	1.10261	33636311	21830.4468471917	33642098	1142037.23258634	33647901	875894.468579099
282	33723172	17526	33728959	229907	33734778	1218259	33723172	0.83623	33728959	1.0241	33734778	1.10291	33723172	20958.348779642	33728959	224496.631188361	33734778	1104586.04963234	33739739	20785	33745526	632693	33751314	909002	33739739	0.8357	33745526	1.02382	33751314	1.10242	33739739	24871.3653224841	33745526	617972.885858842	33751314	824551.441374431	33756306	18280	33762094	1169281	33767881	966299	33756306	0.83581	33762094	1.02365	33767881	1.1026	33756306	21870.9993898135	33762094	1142266.39964832	33767881	876382.187556684
283	33843183	17441	33848970	229762	33854773	1218820	33843183	0.8361	33848970	1.02367	33854773	1.10278	33843183	20859.9449826576	33848970	224449.285414245	33854773	1105224.97687662	33859750	20860	33865537	631993	33871341	909731	33859750	0.83618	33865537	1.02408	33871341	1.10221	33859750	24946.7817933938	33865537	617132.450589798	33871341	825369.938577948	33876317	18380	33882105	1168719	33887908	961564	33876317	0.83651	33882105	1.02304	33887908	1.10298	33876317	21972.2418142043	33882105	1142398.14670003	33887908	871787.339752308
284	33963194	17712	33968981	230696	33974784	1220928	33963194	0.83589	33968981	1.02391	33974784	1.10255	33963194	21189.3909485698	33968981	225308.865036966	33974784	1107367.46632806	33979761	20884	33985548	631115	33991352	912734	33979761	0.83591	33985548	1.02344	33991352	1.10358	33979761	24983.5508607386	33985548	616660.478386618	33991352	827066.456441762	33996344	18414	34002116	1169528	34007919	961360	33996344	0.83634	34002116	1.02338	34007919	1.10193	33996344	22017.3613602124	34002116	1142809.12271102	34007919	872432.913161453
285	34083205	17683	34088992	230824	34094795	1223136	34083205	0.83556	34088992	1.02305	34094795	1.10243	34083205	21163.0523241898	34088992	225623.381066419	34094795	1109490.85202689	34099772	20831	34105559	632445	34111363	907673	34099772	0.83627	34105559	1.02396	34111363	1.10259	34099772	24909.4192067155	34105559	617646.197117075	34111363	823218.966252188	34116339	18201	34122127	1171132	34127930	958807	34116339	0.83611	34122127	1.02357	34127930	1.10205	34116339	21768.666802215	34122127	1144164.05326455	34127930	870021.323896375
286	34203216	17712	34209003	230570	34214806	1223637	34203216	0.83637	34209003	1.02391	34214806	1.10285	34203216	21177.2301732487	34209003	225185.807346349	34214806	1109522.60053498	34219783	20998	34225570	632407	34231358	909554	34219783	0.83573	34225570	1.02346	34231358	1.10236	34219783	25125.3395235303	34225570	617910.812342446	34231358	825097.064479843	34236334	18270	34242138	1169765	34247925	956757	34236334	0.83646	34242138	1.02392	34247925	1.10313	34236334	21842.048633527	34242138	1142437.88577233	34247925	867311.19632319
287	34323227	17558	34329014	230314	34334817	1227269	34323227	0.83632	34329014	1.02389	34334817	1.1026	34323227	20994.3562272814	34329014	224940.179120804	34334817	1113068.20243062	34339809	20892	34345581	632318	34351385	909945	34339809	0.83629	34345581	1.02346	34351385	1.10173	34339809	24981.7646988485	34345581	617823.852422176	34351385	825923.774427491	34356361	18320	34362149	1169065	34367952	955477	34356361	0.83616	34362149	1.02343	34367952	1.10156	34356361	21909.6823574436	34362149	1142300.89014393	34367952	867385.34442064
288	34443238	17564	34449025	230382	34454860	1230588	34443238	0.83596	34449025	1.02348	34454860	1.10322	34443238	21010.5746686444	34449025	225096.728807598	34454860	1115451.13395334	34459836	21113	34465608	631786	34471411	909923	34459836	0.83642	34465608	1.02291	34471411	1.10209	34459836	25242.1032495636	34465608	617635.960152897	34471411	825634.022629731	34476403	18400	34482175	1170621	34487994	950981	34476403	0.83584	34482175	1.023	34487994	1.10235	34476403	22013.7825421133	34482175	1144302.05278592	34487994	862685.172585839
289	34563249	17499	34569036	230592	34574855	1230779	34563249	0.83593	34569036	1.02343	34574855	1.10243	34563249	20933.5709927865	34569036	225312.918323676	34574855	1116423.71851274	34579816	21322	34585603	632660	34591407	912879	34579816	0.83594	34585603	1.02318	34591407	1.10237	34579816	25506.6153073187	34585603	618327.176058954	34591407	828105.808394641	34596399	18401	34602186	1170012	34607974	953696	34596399	0.83561	34602186	1.02359	34607974	1.1022	34596399	22021.0385227558	34602186	1143047.50925664	34607974	865265.831972419
290	34683260	17591	34689047	230411	34694866	1231979	34683260	0.83589	34689047	1.02309	34694866	1.10277	34683260	21044.635059637	34689047	225210.880763178	34694866	1117167.67775692	34699842	21122	34705630	632057	34711433	912318	34699842	0.8358	34705630	1.02303	34711433	1.10235	34699842	25271.5960756162	34705630	617828.411679032	34711433	827611.919989114	34716410	18410	34722197	1170728	34727985	949370	34716410	0.83607	34722197	1.02365	34727985	1.10306	34716410	22019.6873467533	34722197	1143679.96873932	34727985	860669.410548837
291	34803271	17530	34809058	230818	34814877	1232701	34803271	0.83603	34809058	1.02282	34814877	1.10196	34803271	20968.1470760619	34809058	225668.250523064	34814877	1118644.0524157	34819853	21424	34825641	632481	34831444	910973	34819853	0.83551	34825641	1.02199	34831444	1.10265	34819853	25641.8235568695	34825641	618872.004618441	34831444	826166.961411146	34836436	18242	34842208	1171305	34848012	945679	34836436	0.83569	34842208	1.0233	34848012	1.10135	34836436	21828.6685254101	34842208	1144635.00439754	34848012	858654.378717029
292	34923282	17558	34929054	231795	34934857	1234627	34923282	0.8356	34929054	1.02271	34934857	1.10167	34923282	21012.4461464816	34929054	226647.827829981	34934857	1120686.77553169	34939833	21224	34945621	633070	34951424	910730	34939833	0.83549	34945621	1.02355	34951424	1.10205	34939833	25403.0568887719	34945621	618504.225489717	34951424	826396.261512636	34956400	18515	34962188	1169652	34967991	944992	34956400	0.83542	34962188	1.02259	34967991	1.10206	34956400	22162.5050872615	34962188	1143813.2584907	34967991	857477.814275085
293	35043293	17263	35049080	230067	35054883	1232482	35043293	0.83561	35049080	1.02309	35054883	1.10149	35043293	20659.1591771281	35049080	224874.644459432	35054883	1118922.5503636	35059860	21128	35065663	632578	35071466	911420	35059860	0.83545	35065663	1.02289	35071466	1.10185	35059860	25289.3650128673	35065663	618422.313249714	35071466	827172.482642828	35076443	18408	35082230	1170907	35088034	941373	35076443	0.83563	35082230	1.02281	35088034	1.10196	35076443	22028.8883836148	35082230	1144794.2433101	35088034	854271.479908527
294	35163304	17573	35169091	230336	35174910	1235807	35163304	0.83527	35169091	1.02414	35174910	1.10217	35163304	21038.7060471464	35169091	224906.751030133	35174910	1121248.99062758	35179902	21565	35185690	634718	35191493	912793	35179902	0.8362	35185690	1.02287	35191493	1.10335	35179902	25789.2848600813	35185690	620526.557627069	35191493	827292.336973762	35196469	18365	35202257	1172746	35208060	941012	35196469	0.83564	35202257	1.02274	35208060	1.1019	35196469	21977.1672011871	35202257	1146670.70809785	35208060	853990.380252291
295	35283315	17616	35289102	230791	35294905	1238214	35283315	0.83621	35289102	1.02301	35294905	1.10297	35283315	21066.4785161622	35289102	225599.945259577	35294905	1122618.02224902	35299898	21110	35305670	633279	35311473	912730	35299898	0.83525	35305670	1.02315	35311473	1.10199	35299898	25273.8700987728	35305670	618950.300542443	35311473	828256.154774544	35316465	18548	35322252	1172877	35328040	937752	35316465	0.83619	35322252	1.02359	35328040	1.10191	35316465	22181.5616068119	35322252	1145846.48150138	35328040	851024.130827382
296	35403326	17799	35409113	230668	35414917	1238899	35403326	0.83588	35409113	1.02233	35414917	1.10181	35403326	21293.7263722065	35409113	225629.689043655	35414917	1124421.63349398	35419909	21168	35425681	632568	35431484	911671	35419909	0.83591	35425681	1.02312	35431484	1.10207	35419909	25323.3003553014	35425681	618273.516303073	35431484	827235.112107217	35436460	18482	35442248	1169836	35448051	936279	35436460	0.83576	35442248	1.02259	35448051	1.10274	35436460	22114.0040202929	35442248	1143993.19375312	35448051	849047.826323522
297	35523337	17793	35529124	230572	35534928	1240679	35523337	0.83633	35529124	1.02376	35534928	1.10225	35523337	21275.0947592458	35529124	225220.754864421	35534928	1125587.66160127	35539904	21180	35545692	632808	35551495	912997	35539904	0.83595	35545692	1.02303	35551495	1.1024	35539904	25336.443567199	35545692	618562.505498372	35551495	828190.312046444	35556471	18309	35562274	1171193	35568078	933604	35556471	0.83569	35562274	1.02297	35568078	1.1018	35556471	21908.8417954026	35562274	1144894.76719747	35568078	847344.345616264
298	35643348	17452	35649135	231023	35654939	1242660	35643348	0.83558	35649135	1.0235	35654939	1.1027	35643348	20886.0910983987	35649135	225718.61260381	35654939	1126924.82089417	35659931	21456	35665703	633361	35671521	914432	35659931	0.83567	35665703	1.02279	35671521	1.10152	35659931	25675.2067203561	35665703	619248.330546838	35671521	830154.695330089	35676513	18527	35682285	1172550	35688089	932987	35676513	0.83542	35682285	1.02261	35688089	1.10159	35676513	22176.8691197242	35682285	1146624.81297855	35688089	846945.778374895
299	35763359	17567	35769146	230190	35774950	1238937	35763359	0.8354	35769146	1.02284	35774950	1.10088	35763359	21028.2499401484	35769146	225049.861170858	35774950	1125406.03880532	35779926	21409	35785714	632928	35791517	914957	35779926	0.8355	35785714	1.02365	35791517	1.10109	35779926	25624.1771394375	35785714	618305.084745763	35791517	830955.689362359	35796493	18576	35802281	1170500	35808084	930456	35796493	0.83595	35802281	1.0234	35808084	1.10106	35796493	22221.4247263592	35802281	1143736.5643932	35808084	845054.76540788
300	35883370	17533	35889157	231376	35894961	1242389	35883370	0.83694	35889157	1.02435	35894961	1.10377	35883370	20948.9330178985	35889157	225875.921315956	35894961	1125586.85233337	35899937	21054	35905725	634594	35911512	916051	35899937	0.83696	35905725	1.02439	35911512	1.10311	35899937	25155.3240298222	35905725	619484.766543992	35911512	830425.796158135	35916504	18379	35922292	1172260	35928095	929913	35916504	0.83634	35922292	1.02368	35928095	1.10302	35916504	21975.512351436	35922292	1145143.0134417	35928095	843060.869249878
301	36003381	17567	36009168	231716	36014972	1245194	36003381	0.83552	36009168	1.02403	36014972	1.10214	36003381	21025.2297970126	36009168	226278.526996279	36014972	1129796.57756728	36019964	21407	36025736	633036	36031539	915687	36019964	0.83621	36025736	1.0234	36031539	1.10325	36019964	25600.0287009244	36025736	618561.657221028	36031539	829990.482664854	36036515	18676	36042303	1174262	36048106	927858	36036515	0.83558	36042303	1.02396	36048106	1.10231	36036515	22350.9418607434	36042303	1146785.03066526	36048106	841739.619526268