HJY Multigroup Import
Application Version:	3.5.1.20
SystemConfiguration::	FL3-11_1602C-0213-FL
Experiment Time Stamp:	3/7/2025 2:07 PM
Export Time Stamp:	3/12/2025 1:54 PM
Experiment Comment:	None

Integration Time:	1
Time Sequence Interval Points:	301
Time Sequence Experiment Duration:	10:00:00	36000000 (ms)
Repetition Time Sequence Enabled:	False
Repetition Time Sequence Count:	2
Repetition Time Sequence Delay:	0 seconds
Time Sequence Interval Total Points:	301
Time Sequence Experiment Duration Total:	10:00:00	36000000 (ms)

Mono Count:	2
Mono Description:	Excitation 1 (Mono1)	Emission 1 (Mono2)
Mono Slit Width:		5	5
Mono Grating Index:		0	0
Mono Grating Value:		1200	1200

Mono Wavelength Group Count:	3
Mono Wavelength Group Description:	Group 1:(Excitation 1:596 Emission 1:615)	Group 2:(Excitation 1:549 Emission 1:565)	Group 3:(Excitation 1:495 Emission 1:520)

Detector Count:	3
Detector Description:	S1 (SCD1)	R (SCD2)	S1/R (SCD1/SCD2)
Detector High Voltage:	950	None	None

Accessory Sequential Type:	Temperature Controller
Accessory Sequential Description:	Temperature Control (TC1)
Accessory Sequential Scan Position Count:	1
Accessory Sequential Scan Positions:		37

Accessory Interleave Type:	Sample Changer
Accessory Interleave Description:	Sample Changer - 4 Position (SCH1)
Accessory Interleave Scan Position Count:	4
Accessory Interleave Scan Positions:	1	2	3	4

Axis	X	Y	X	Y	X	Y	X	Y	X	Y	X	Y	X	Y	X	Y	X	Y	X	Y	X	Y	X	Y	X	Y	X	Y	X	Y	X	Y	X	Y	X	Y	X	Y	X	Y	X	Y	X	Y	X	Y	X	Y	X	Y	X	Y	X	Y	X	Y	X	Y	X	Y	X	Y	X	Y	X	Y	X	Y	X	Y	X	Y
Sequential: Temperature Controller	Idx:0(Pos:37.00)	Idx:0(Pos:37.00)	Idx:0(Pos:37.00)	Idx:0(Pos:37.00)	Idx:0(Pos:37.00)	Idx:0(Pos:37.00)	Idx:0(Pos:37.00)	Idx:0(Pos:37.00)	Idx:0(Pos:37.00)	Idx:0(Pos:37.00)	Idx:0(Pos:37.00)	Idx:0(Pos:37.00)	Idx:0(Pos:37.00)	Idx:0(Pos:37.00)	Idx:0(Pos:37.00)	Idx:0(Pos:37.00)	Idx:0(Pos:37.00)	Idx:0(Pos:37.00)	Idx:0(Pos:37.00)	Idx:0(Pos:37.00)	Idx:0(Pos:37.00)	Idx:0(Pos:37.00)	Idx:0(Pos:37.00)	Idx:0(Pos:37.00)	Idx:0(Pos:37.00)	Idx:0(Pos:37.00)	Idx:0(Pos:37.00)	Idx:0(Pos:37.00)	Idx:0(Pos:37.00)	Idx:0(Pos:37.00)	Idx:0(Pos:37.00)	Idx:0(Pos:37.00)	Idx:0(Pos:37.00)	Idx:0(Pos:37.00)	Idx:0(Pos:37.00)	Idx:0(Pos:37.00)	Idx:0(Pos:37.00)	Idx:0(Pos:37.00)	Idx:0(Pos:37.00)	Idx:0(Pos:37.00)	Idx:0(Pos:37.00)	Idx:0(Pos:37.00)	Idx:0(Pos:37.00)	Idx:0(Pos:37.00)	Idx:0(Pos:37.00)	Idx:0(Pos:37.00)	Idx:0(Pos:37.00)	Idx:0(Pos:37.00)	Idx:0(Pos:37.00)	Idx:0(Pos:37.00)	Idx:0(Pos:37.00)	Idx:0(Pos:37.00)	Idx:0(Pos:37.00)	Idx:0(Pos:37.00)	Idx:0(Pos:37.00)	Idx:0(Pos:37.00)	Idx:0(Pos:37.00)	Idx:0(Pos:37.00)	Idx:0(Pos:37.00)	Idx:0(Pos:37.00)	Idx:0(Pos:37.00)	Idx:0(Pos:37.00)	Idx:0(Pos:37.00)	Idx:0(Pos:37.00)	Idx:0(Pos:37.00)	Idx:0(Pos:37.00)	Idx:0(Pos:37.00)	Idx:0(Pos:37.00)	Idx:0(Pos:37.00)	Idx:0(Pos:37.00)	Idx:0(Pos:37.00)	Idx:0(Pos:37.00)
Interleave: Sample Changer	Idx:0(Pos:1)	Idx:0(Pos:1)	Idx:0(Pos:1)	Idx:0(Pos:1)	Idx:0(Pos:1)	Idx:0(Pos:1)	Idx:0(Pos:1)	Idx:0(Pos:1)	Idx:0(Pos:1)	Idx:0(Pos:1)	Idx:0(Pos:1)	Idx:0(Pos:1)	Idx:0(Pos:1)	Idx:0(Pos:1)	Idx:0(Pos:1)	Idx:0(Pos:1)	Idx:0(Pos:1)	Idx:0(Pos:1)	Idx:1(Pos:2)	Idx:1(Pos:2)	Idx:1(Pos:2)	Idx:1(Pos:2)	Idx:1(Pos:2)	Idx:1(Pos:2)	Idx:1(Pos:2)	Idx:1(Pos:2)	Idx:1(Pos:2)	Idx:1(Pos:2)	Idx:1(Pos:2)	Idx:1(Pos:2)	Idx:1(Pos:2)	Idx:1(Pos:2)	Idx:1(Pos:2)	Idx:1(Pos:2)	Idx:1(Pos:2)	Idx:1(Pos:2)	Idx:2(Pos:3)	Idx:2(Pos:3)	Idx:2(Pos:3)	Idx:2(Pos:3)	Idx:2(Pos:3)	Idx:2(Pos:3)	Idx:2(Pos:3)	Idx:2(Pos:3)	Idx:2(Pos:3)	Idx:2(Pos:3)	Idx:2(Pos:3)	Idx:2(Pos:3)	Idx:2(Pos:3)	Idx:2(Pos:3)	Idx:2(Pos:3)	Idx:2(Pos:3)	Idx:2(Pos:3)	Idx:2(Pos:3)	Idx:3(Pos:4)	Idx:3(Pos:4)	Idx:3(Pos:4)	Idx:3(Pos:4)	Idx:3(Pos:4)	Idx:3(Pos:4)	Idx:3(Pos:4)	Idx:3(Pos:4)	Idx:3(Pos:4)	Idx:3(Pos:4)	Idx:3(Pos:4)	Idx:3(Pos:4)	Idx:3(Pos:4)	Idx:3(Pos:4)	Idx:3(Pos:4)	Idx:3(Pos:4)	Idx:3(Pos:4)	Idx:3(Pos:4)
Detector	S1 (SCD1)	S1 (SCD1)	S1 (SCD1)	S1 (SCD1)	S1 (SCD1)	S1 (SCD1)	R (SCD2)	R (SCD2)	R (SCD2)	R (SCD2)	R (SCD2)	R (SCD2)	S1/R (SCD1/SCD2)	S1/R (SCD1/SCD2)	S1/R (SCD1/SCD2)	S1/R (SCD1/SCD2)	S1/R (SCD1/SCD2)	S1/R (SCD1/SCD2)	S1 (SCD1)	S1 (SCD1)	S1 (SCD1)	S1 (SCD1)	S1 (SCD1)	S1 (SCD1)	R (SCD2)	R (SCD2)	R (SCD2)	R (SCD2)	R (SCD2)	R (SCD2)	S1/R (SCD1/SCD2)	S1/R (SCD1/SCD2)	S1/R (SCD1/SCD2)	S1/R (SCD1/SCD2)	S1/R (SCD1/SCD2)	S1/R (SCD1/SCD2)	S1 (SCD1)	S1 (SCD1)	S1 (SCD1)	S1 (SCD1)	S1 (SCD1)	S1 (SCD1)	R (SCD2)	R (SCD2)	R (SCD2)	R (SCD2)	R (SCD2)	R (SCD2)	S1/R (SCD1/SCD2)	S1/R (SCD1/SCD2)	S1/R (SCD1/SCD2)	S1/R (SCD1/SCD2)	S1/R (SCD1/SCD2)	S1/R (SCD1/SCD2)	S1 (SCD1)	S1 (SCD1)	S1 (SCD1)	S1 (SCD1)	S1 (SCD1)	S1 (SCD1)	R (SCD2)	R (SCD2)	R (SCD2)	R (SCD2)	R (SCD2)	R (SCD2)	S1/R (SCD1/SCD2)	S1/R (SCD1/SCD2)	S1/R (SCD1/SCD2)	S1/R (SCD1/SCD2)	S1/R (SCD1/SCD2)	S1/R (SCD1/SCD2)
WL Group	1	1	2	2	3	3	1	1	2	2	3	3	1	1	2	2	3	3	1	1	2	2	3	3	1	1	2	2	3	3	1	1	2	2	3	3	1	1	2	2	3	3	1	1	2	2	3	3	1	1	2	2	3	3	1	1	2	2	3	3	1	1	2	2	3	3	1	1	2	2	3	3
Units	(ms)	CPS	(ms)	CPS	(ms)	CPS	(ms)	MicroAmps	(ms)	MicroAmps	(ms)	MicroAmps	(ms)	CPS	(ms)	CPS	(ms)	CPS	(ms)	CPS	(ms)	CPS	(ms)	CPS	(ms)	MicroAmps	(ms)	MicroAmps	(ms)	MicroAmps	(ms)	CPS	(ms)	CPS	(ms)	CPS	(ms)	CPS	(ms)	CPS	(ms)	CPS	(ms)	MicroAmps	(ms)	MicroAmps	(ms)	MicroAmps	(ms)	CPS	(ms)	CPS	(ms)	CPS	(ms)	CPS	(ms)	CPS	(ms)	CPS	(ms)	MicroAmps	(ms)	MicroAmps	(ms)	MicroAmps	(ms)	CPS	(ms)	CPS	(ms)	CPS
1	0	23228	5803	350593	11606	4641904	0	0.83844	5803	1.02427	11606	1.09566	0	27703.8309240971	5803	342285.725443487	11606	4236628.15106876	16567	24906	22354	851803	28142	4363232	16567	0.83731	22354	1.02409	28142	1.09623	16567	29745.2556400855	22354	831765.762774756	28142	3980215.83061949	33118	28382	38906	1620145	44694	3866897	33118	0.83861	38906	1.0237	44694	1.09704	33118	33844.099164093	38906	1582636.51460389	44694	3524845.9490994	49654	31815	55442	718078	61245	2274912	49654	0.83792	55442	1.02503	61245	1.09656	49654	37969.0185220546	55442	700543.398729793	61245	2074589.62573867
2	120011	23368	125814	335502	131617	4598036	120011	0.83897	125814	1.02595	131617	1.09848	120011	27853.2009487824	125814	327015.936449145	131617	4185816.76498434	136578	24647	142365	818431	148153	4326745	136578	0.83932	142365	1.02557	148153	1.09807	136578	29365.4386884621	142365	798025.488265062	148153	3940318.01251286	153129	28169	158917	1560100	164705	3830297	153129	0.8396	158917	1.02594	164705	1.09785	153129	33550.5002382087	158917	1520654.22929216	164705	3488907.40993761	169697	31985	175469	692076	181287	2257960	169697	0.83865	175469	1.02581	181287	1.09719	169697	38138.6752518929	175469	674662.949279106	181287	2057948.03087888
3	240022	23617	245825	331734	251612	4574110	240022	0.8396	245825	1.02591	251612	1.09837	240022	28128.8708909004	245825	323355.849928356	251612	4164452.78002859	256573	24842	262345	811453	268148	4318681	256573	0.83933	262345	1.02706	268148	1.0988	256573	29597.416987359	262345	790073.608163106	268148	3930361.3032399	273125	28115	278912	1546145	284716	3826396	273125	0.83937	278912	1.02701	284716	1.09903	273125	33495.3596149493	278912	1505481.93298994	284716	3481611.96691628	289692	31666	295464	685876	301267	2254513	289692	0.83967	295464	1.02713	301267	1.09904	289692	37712.4346469446	295464	667759.679884727	301267	2051347.53967099
4	360033	23498	365820	330096	371623	4561948	360033	0.84086	365820	1.02731	371623	1.10046	360033	27945.1989629665	365820	321320.730840739	371623	4145491.88521164	376584	24956	382372	806502	388175	4309713	376584	0.84128	382372	1.02809	388175	1.10017	376584	29664.3210346139	382372	784466.340495482	388175	3917315.50578547	393151	28042	398923	1539686	404727	3817883	393151	0.84036	398923	1.0276	404727	1.10044	393151	33369.0323194821	398923	1498332.0358116	404727	3469414.96128821	409687	31730	415459	684382	421263	2249203	409687	0.84097	415459	1.02748	421263	1.09925	409687	37730.2400799077	415459	666078.171837895	421263	2046125.08528542
5	480044	23628	485847	330146	491650	4553518	480044	0.84079	485847	1.02804	491650	1.10111	480044	28102.1420330879	485847	321141.200731489	491650	4135388.83490296	496611	24722	502398	805795	508202	4302116	496611	0.84093	502398	1.02861	508202	1.09994	496611	29398.4041477888	502398	783382.428714479	508202	3911227.88515737	513178	28109	518966	1538901	524769	3814715	513178	0.84126	518966	1.02862	524769	1.10091	513178	33412.9757744336	518966	1496083.10163131	524769	3465056.18079589	529745	32198	535533	683299	541336	2246748	529745	0.84141	535533	1.02857	541336	1.0998	529745	38266.7189598412	535533	664319.394888048	541336	2042869.61265685
6	600055	23451	605842	329566	611645	4543843	600055	0.84125	605842	1.02817	611645	1.10088	600055	27876.3744427935	605842	320536.487156793	611645	4127464.39212267	616622	24916	622409	802449	628197	4298188	616622	0.8414	622409	1.02812	628197	1.10052	616622	29612.550511053	622409	780501.303349804	628197	3905597.35397812	633189	27966	638977	1532387	644780	3807870	633189	0.84054	638977	1.0275	644780	1.10062	633189	33271.4683417803	638977	1491374.20924574	644780	3459749.95911395	649756	31894	655544	681498	661347	2240253	649756	0.84144	655544	1.02748	661347	1.10001	649756	37904.0692146796	655544	663271.30455094	661347	2036575.12204435
7	720066	23776	725853	327662	731656	4534534	720066	0.84161	725853	1.02811	731656	1.09948	720066	28250.6148928839	725853	318703.251597592	731656	4124253.28337032	736633	24610	742420	802234	748208	4281148	736633	0.84046	742420	1.02763	748208	1.09867	736633	29281.5838945339	742420	780664.246859278	748208	3896664.14847042	753184	28279	758956	1531429	764760	3802587	753184	0.84063	758956	1.02777	764760	1.10117	753184	33640.2460059717	758956	1490050.30308337	764760	3453224.29779235	769736	32268	775539	683780	781342	2238153	769736	0.84128	775539	1.0285	781342	1.10007	769736	38355.8387219475	775539	664832.280019446	781342	2034555.07376803
8	840077	23929	845864	328802	851683	4533373	840077	0.84138	845864	1.02874	851683	1.10067	840077	28440.1816064085	845864	319616.229562377	851683	4118739.49503484	856659	24861	862447	798186	868250	4271202	856659	0.84044	862447	1.02794	868250	1.10008	856659	29580.9337965827	862447	776490.845769208	868250	3882628.53610647	873227	28141	878999	1532004	884802	3792586	873227	0.84043	878999	1.02843	884802	1.10058	873227	33484.0498316338	878999	1489653.16064292	884802	3445988.47880209	889778	32005	895566	681726	901369	2230476	889778	0.84086	895566	1.02833	901369	1.10022	889778	38062.2220107985	895566	662944.774537357	901369	2027299.99454655
9	960088	23845	965891	327179	971694	4525479	960088	0.84131	965891	1.02895	971694	1.10136	960088	28342.7036407507	965891	317973.662471452	971694	4108991.61037263	976655	24776	982427	800457	988230	4267144	976655	0.84098	982427	1.0298	988230	1.10219	976655	29460.8670836405	982427	777293.649252282	988230	3871513.98579192	993206	28060	998994	1530440	1004797	3787600	993206	0.8409	998994	1.0291	1004797	1.10269	993206	33369.0093946962	998994	1487163.54095812	1004797	3434872.90172215	1009789	32109	1015577	682976	1021380	2236597	1009789	0.84153	1015577	1.03	1021380	1.1029	1009789	38155.50247763	1015577	663083.495145631	1021380	2027923.65581648
10	1080099	23972	1085886	328069	1091689	4524089	1080099	0.84228	1085886	1.03093	1091689	1.10335	1080099	28460.8443747922	1085886	318226.26172485	1091689	4100320.84107491	1096666	24653	1102438	799570	1108241	4260952	1096666	0.84168	1102438	1.02996	1108241	1.10344	1096666	29290.2290656782	1102438	776311.701425298	1108241	3861516.71137534	1113217	28346	1119005	1531901	1124808	3784365	1113217	0.84176	1119005	1.03049	1124808	1.10294	1113217	33674.681619464	1119005	1486575.31853778	1124808	3431161.25990534	1129785	32331	1135588	682581	1141376	2230450	1129785	0.84153	1135588	1.03035	1141376	1.10302	1129785	38419.3076895654	1135588	662474.887174261	1141376	2022130.15176515
11	1200110	22433	1205897	221658	1211716	4371400	1200110	0.84232	1205897	1.03019	1211716	1.10298	1200110	26632.3962389591	1205897	215162.251623487	1211716	3963263.15980344	1216692	22880	1222464	554798	1228268	4067529	1216692	0.84226	1222464	1.03028	1228268	1.10256	1216692	27165.008429701	1222464	538492.448654735	1228268	3689167.93643883	1233244	28424	1239032	1531339	1244819	3780350	1233244	0.84263	1239032	1.03062	1244819	1.10272	1233244	33732.4804481208	1239032	1485842.50257127	1244819	3428204.80266976	1249811	32363	1255599	682926	1261402	2229631	1249811	0.84181	1255599	1.03085	1261402	1.103	1249811	38444.54211758	1255599	662488.237861959	1261402	2021424.29737081
12	1320121	22099	1325924	117005	1331727	4362096	1320121	0.84178	1325924	1.03119	1331727	1.10259	1320121	26252.7026063817	1325924	113465.99559732	1331727	3956226.7025821	1336703	22594	1342507	311509	1348310	4058377	1336703	0.84271	1342507	1.0295	1348310	1.10277	1336703	26811.1212635426	1342507	302582.807187955	1348310	3680166.30847774	1353286	26036	1359058	906561	1364861	3622022	1353286	0.84205	1359058	1.03012	1364861	1.1027	1353286	30919.7791105041	1359058	880053.780142119	1364861	3284684.86442369	1369838	29865	1375626	430077	1381413	2145093	1369838	0.84166	1375626	1.03099	1381413	1.10423	1369838	35483.4493738564	1375626	417149.535882986	1381413	1942614.31042446
13	1440132	21980	1445935	65829	1451738	4360707	1440132	0.84302	1445935	1.03016	1451738	1.1035	1440132	26072.9282816541	1445935	63901.7240040382	1451738	3951705.48255551	1456699	22401	1462486	183418	1468274	4049415	1456699	0.84235	1462486	1.03117	1468274	1.10328	1456699	26593.4587760432	1462486	177873.677473162	1468274	3670342.07091582	1473250	25381	1479038	507232	1484826	3611732	1473250	0.84289	1479038	1.03052	1484826	1.10389	1473250	30111.8769946256	1479038	492209.758180336	1484826	3271822.37360607	1489818	29777	1495605	244990	1501409	2129283	1489818	0.84329	1495605	1.03079	1501409	1.10351	1489818	35310.5100262069	1495605	237672.076756662	1501409	1929554.78427925
14	1560143	21815	1565930	40425	1571733	4352858	1560143	0.84461	1565930	1.03074	1571733	1.10562	1560143	25828.4888883627	1565930	39219.39577391	1571733	3937028.99730468	1576710	22031	1582482	112817	1588285	4047699	1576710	0.84346	1582482	1.03253	1588285	1.10566	1576710	26119.7922841629	1582482	109262.684861457	1588285	3660889.42351175	1593246	24824	1599034	300963	1604837	3604270	1593246	0.84388	1599034	1.03222	1604837	1.1053	1593246	29416.5047163104	1599034	291568.657844258	1604837	3260897.49389306	1609813	29903	1615585	148939	1621388	2130582	1609813	0.84344	1615585	1.03196	1621388	1.10482	1609813	35453.6185146543	1615585	144326.330477926	1621388	1928442.64224037
15	1680154	21898	1685941	27050	1691744	4340487	1680154	0.8427	1685941	1.03126	1691744	1.10394	1680154	25985.5227245758	1685941	26230.0486783158	1691744	3931814.22903419	1696705	22441	1702493	73088	1708296	4040049	1696705	0.84295	1702493	1.03079	1708296	1.10424	1696705	26621.9823239813	1702493	70904.8399771049	1708296	3658669.31101934	1713273	24519	1719060	186435	1724863	3598428	1713273	0.84355	1719060	1.03217	1724863	1.1038	1713273	29066.4453796455	1719060	180624.315761938	1724863	3260036.23844899	1729840	29425	1735643	92141	1741446	2127403	1729840	0.84402	1735643	1.03186	1741446	1.10467	1729840	34862.9179403332	1735643	89296.0285310023	1741446	1925826.71748124
16	1800165	22140	1805968	20002	1811771	4340667	1800165	0.84365	1805968	1.03187	1811771	1.10484	1800165	26243.1102945534	1805968	19384.2247569946	1811771	3928774.3021614	1816747	21905	1822520	49700	1828323	4032286	1816747	0.84384	1822520	1.03268	1828323	1.10532	1816747	25958.7125521426	1822520	48127.2030057714	1828323	3648071.14681721	1833299	24852	1839102	119933	1844906	3594771	1833299	0.84382	1839102	1.03134	1844906	1.10529	1833299	29451.7788153872	1839102	116288.517850563	1844906	3252332.87191597	1849898	29520	1855685	59324	1861488	2117769	1849898	0.84328	1855685	1.03223	1861488	1.10456	1849898	35006.166397875	1855685	57471.6875115042	1861488	1917296.48004635
17	1920176	21920	1925963	15987	1931766	4329822	1920176	0.84369	1925963	1.03195	1931766	1.1051	1920176	25981.106804632	1925963	15492.0296525994	1931766	3918036.37679848	1936743	22043	1942515	35958	1948318	4025111	1936743	0.84359	1942515	1.03185	1948318	1.10461	1936743	26129.9920577532	1942515	34848.0883849397	1948318	3643920.478721	1953310	24476	1959098	81563	1964885	3585844	1953310	0.84351	1959098	1.03259	1964885	1.10416	1953310	29016.8462733103	1959098	78988.7564280111	1964885	3247576.43819736	1969877	28934	1975665	40728	1981468	2114249	1969877	0.84393	1975665	1.0317	1981468	1.10509	1969877	34284.8340502174	1975665	39476.5920325676	1981468	1913191.68574505
18	2040187	21896	2045974	13978	2051778	4320016	2040187	0.84377	2045974	1.03245	2051778	1.10514	2040187	25950.1996989701	2045974	13538.6701535183	2051778	3909021.48144127	2056770	22006	2062542	28086	2068360	4016361	2056770	0.84368	2062542	1.03133	2068360	1.10414	2056770	26083.3491371136	2062542	27232.7964860908	2068360	3637546.86905646	2073337	24758	2079124	59490	2084928	3582808	2073337	0.84404	2079124	1.03169	2084928	1.10483	2073337	29332.7330458272	2079124	57662.6699880778	2084928	3242859.08239277	2089904	29384	2095692	29172	2101479	2113300	2089904	0.844	2095692	1.03154	2101479	1.10459	2089904	34815.1658767773	2095692	28280.0473079086	2101479	1913198.56236251
19	2160198	21960	2165985	12361	2171789	4311138	2160198	0.84471	2165985	1.03197	2171789	1.1046	2160198	25997.0877579288	2165985	11978.0613777532	2171789	3902895.16567083	2176765	22029	2182537	23061	2188340	4008805	2176765	0.84395	2182537	1.03097	2188340	1.10449	2176765	26102.2572427277	2182537	22368.2551383648	2188340	3629553.00636493	2193317	24269	2199104	45493	2204907	3570937	2193317	0.84356	2199104	1.03138	2204907	1.10438	2193317	28769.7377779885	2199104	44108.8638523144	2204907	3233431.42758833	2209868	29242	2215656	22409	2221459	2109931	2209868	0.8434	2215656	1.03199	2221459	1.10514	2209868	34671.5674650225	2215656	21714.3576972645	2221459	1909197.92967407
20	2280209	21928	2285996	11715	2291800	4309728	2280209	0.84433	2285996	1.03275	2291800	1.10576	2280209	25970.8881598427	2285996	11343.5003631082	2291800	3897525.68369266	2296776	22252	2302564	19842	2308367	4013704	2296776	0.84438	2302564	1.03211	2308367	1.10659	2296776	26353.0637864469	2302564	19224.6950421951	2308367	3627092.23831772	2313343	24701	2319131	36953	2324918	3578310	2313343	0.84459	2319131	1.03266	2324918	1.10549	2313343	29246.1430990185	2319131	35784.2852439331	2324918	3236854.24562863	2329895	29585	2335682	18258	2341486	2108982	2329895	0.84469	2335682	1.03206	2341486	1.10584	2329895	35024.6836117392	2335682	17690.8319283763	2341486	1907131.23055777
21	2400220	22181	2406007	11066	2411826	4307935	2400220	0.84361	2406007	1.03278	2411826	1.10594	2400220	26292.955275542	2406007	10714.7698444974	2411826	3895270.08698483	2416803	21877	2422575	18064	2428378	4001141	2416803	0.84456	2422575	1.03214	2428378	1.10584	2416803	25903.429004452	2422575	17501.5017342609	2428378	3618191.60095493	2433354	24632	2439142	31874	2444945	3567879	2433354	0.84428	2439142	1.03266	2444945	1.10538	2433354	29175.1551617947	2439142	30865.9190827571	2444945	3227739.7817945	2449937	29483	2455709	15396	2461512	2099973	2449937	0.84442	2455709	1.03274	2461512	1.10601	2449937	34915.0896473319	2455709	14907.9148672464	2461512	1898692.59771611
22	2520231	22056	2526034	10901	2531837	4294719	2520231	0.84434	2526034	1.03281	2531837	1.10483	2520231	26122.1782694175	2526034	10554.7002836921	2531837	3887221.56349846	2536814	22316	2542586	16565	2548389	3988960	2536814	0.84461	2542586	1.03232	2548389	1.10517	2536814	26421.6620688839	2542586	16046.380967142	2548389	3609363.26537999	2553365	24552	2559153	28615	2564940	3561118	2553365	0.84493	2559153	1.03215	2564940	1.10576	2553365	29058.0284757317	2559153	27723.6835731241	2564940	3220516.20604833	2569917	29233	2575704	13523	2581508	2102126	2569917	0.844	2575704	1.03297	2581508	1.10514	2569917	34636.2559241706	2575704	13091.3772907248	2581508	1902135.47604828
23	2640257	21894	2646045	10521	2651848	4292176	2640257	0.84417	2646045	1.03274	2651848	1.10533	2640257	25935.5343118092	2646045	10187.4624784554	2651848	3883162.49445867	2656825	21798	2662612	15460	2668400	3987745	2656825	0.84391	2662612	1.03249	2668400	1.10592	2656825	25829.768577218	2662612	14973.5106393282	2668400	3605816.87644676	2673376	24628	2679164	25599	2684967	3560041	2673376	0.84491	2679164	1.03256	2684967	1.1059	2673376	29148.6667218994	2679164	24791.7796544511	2684967	3219134.64146849	2689928	29434	2695715	12598	2701550	2096491	2689928	0.84438	2695715	1.03276	2701550	1.10511	2689928	34858.7129017741	2695715	12198.3810372207	2701550	1897088.07268055
24	2760268	22118	2766056	10085	2771875	4286965	2760268	0.84507	2766056	1.03282	2771875	1.10609	2760268	26172.9797531565	2766056	9764.52818496931	2771875	3875783.16411865	2776836	22035	2782623	15011	2788442	3988568	2776836	0.84449	2782623	1.03318	2788442	1.10672	2776836	26092.6713164158	2782623	14528.9300993051	2788442	3603954.02631199	2793418	24535	2799206	23718	2805009	3554314	2793418	0.8447	2799206	1.03345	2805009	1.10613	2793418	29045.8150822777	2799206	22950.3120615414	2805009	3213287.76906874	2809986	29357	2815773	11743	2821561	2093938	2809986	0.84501	2815773	1.03257	2821561	1.10522	2809986	34741.6006911161	2815773	11372.5945940711	2821561	1894589.31253506
25	2880279	21921	2886083	10128	2891886	4280106	2880279	0.84479	2886083	1.03272	2891886	1.10712	2880279	25948.4605641639	2886083	9807.11131768533	2891886	3865982.00737048	2896862	22261	2902650	14164	2908437	3979998	2896862	0.84523	2902650	1.03248	2908437	1.10708	2896862	26337.2099901802	2902650	13718.4255385092	2908437	3595041.00877985	2913414	24518	2919201	22851	2925005	3547023	2913414	0.84556	2919201	1.03303	2925005	1.10668	2913414	28996.168219878	2919201	22120.3643650233	2925005	3205102.64936567	2929981	29331	2935769	11133	2941572	2093545	2929981	0.84522	2935769	1.03405	2941572	1.10615	2929981	34702.2077092355	2935769	10766.4039456506	2941572	1892641.14270217
26	3000290	21054	3006078	9751	3011897	4142414	3000290	0.8447	3006078	1.0334	3011897	1.10739	3000290	24924.8253817924	3006078	9435.84284884846	3011897	3740700.2049865	3016873	20965	3022661	14306	3028480	3854831	3016873	0.84473	3022661	1.03314	3028480	1.1062	3016873	24818.5810850804	3022661	13847.1068780611	3028480	3484750.49719761	3033440	24486	3039228	21311	3045031	3545695	3033440	0.84516	3039228	1.03346	3045031	1.10618	3033440	28972.0289649297	3039228	20621.0206490817	3045031	3205350.84705925	3050008	29017	3055795	10497	3061583	2090891	3050008	0.84527	3055795	1.03379	3061583	1.10599	3050008	34328.6760443409	3055795	10153.8997281846	3061583	1890515.28494833
27	3120301	20913	3126089	9584	3131908	4125405	3120301	0.84448	3126089	1.03353	3131908	1.10701	3120301	24764.3520272831	3126089	9273.07383433475	3131908	3726619.4523988	3136884	20985	3142656	13680	3148459	3837868	3136884	0.84528	3142656	1.03305	3148459	1.10637	3136884	24826.093128904	3142656	13242.3406417889	3148459	3468882.92343429	3153436	24458	3159223	20741	3165027	3547821	3153436	0.84596	3159223	1.03477	3165027	1.10852	3153436	28911.5324601636	3159223	20044.0677638509	3165027	3200502.47176415	3170003	28993	3175791	10267	3181594	2091411	3170003	0.84609	3175791	1.03499	3181594	1.10752	3170003	34267.0401493931	3175791	9919.90260775467	3181594	1888373.12193008
28	3240312	20858	3246100	9283	3251903	4120057	3240312	0.84582	3246100	1.03491	3251903	1.10852	3240312	24660.0931640302	3246100	8969.86211361374	3251903	3716718.68798037	3256880	21225	3262667	13148	3268455	3835651	3256880	0.84591	3262667	1.03468	3268455	1.10757	3256880	25091.3217718197	3262667	12707.3104728032	3268455	3463122.87259496	3273431	23465	3279219	21034	3285022	3422888	3273431	0.84612	3279219	1.03408	3285022	1.10794	3273431	27732.4729352811	3279219	20340.7860126876	3285022	3089416.39438959	3289998	27907	3295786	10311	3301589	2018346	3289998	0.84698	3295786	1.03601	3301589	1.10777	3289998	32948.8299605658	3295786	9952.60663507109	3301589	1821990.12430378
29	3360323	21059	3366111	9294	3371914	4116170	3360323	0.84667	3366111	1.03536	3371914	1.10823	3360323	24872.736721509	3366111	8976.58785350023	3371914	3714183.87879772	3376891	20934	3382663	12916	3388466	3833915	3376891	0.84596	3382663	1.03494	3388466	1.10776	3376891	24745.8508676533	3382663	12479.9505285331	3388466	3460961.76067018	3393458	23507	3399245	19885	3405033	3410369	3393458	0.8462	3399245	1.03488	3405033	1.10765	3393458	27779.484755377	3399245	19214.7881880025	3405033	3078922.94497359	3409994	27683	3415781	9873	3421585	2006440	3409994	0.84697	3415781	1.03413	3421585	1.10778	3409994	32684.7468033106	3415781	9547.1555800528	3421585	1811226.05571503
30	3480334	20885	3486138	9301	3491941	4105795	3480334	0.84647	3486138	1.03493	3491941	1.10772	3480334	24673.0539771049	3486138	8987.08125187211	3491941	3706527.82291554	3496917	20998	3502705	12650	3508508	3830279	3496917	0.84611	3502705	1.03545	3508508	1.10937	3496917	24817.1041590337	3502705	12216.9105219953	3508508	3452661.42044584	3513469	23115	3519272	18719	3525091	3405432	3513469	0.84652	3519272	1.03508	3525091	1.10863	3513469	27305.9112602183	3519272	18084.5924952661	3525091	3071748.01331373	3530067	28149	3535839	9552	3541627	2006112	3530067	0.84666	3535839	1.03505	3541627	1.10897	3530067	33247.1121819857	3535839	9228.53968407323	3541627	1808986.71740444
31	3600345	24280	3606117	9440	3611921	3945874	3600345	0.85129	3606117	1.0351	3611921	1.10855	3600345	28521.4204325201	3606117	9119.89179789393	3611921	3559491.22727888	3616897	20261	3622685	12919	3628488	3682840	3616897	0.8467	3622685	1.03535	3628488	1.10811	3616897	23929.3728593363	3622685	12477.9060221181	3628488	3323532.86226097	3633464	23185	3639252	18390	3645040	3397233	3633464	0.84616	3639252	1.03496	3645040	1.10719	3633464	27400.2552708708	3639252	17768.80265904	3645040	3068337.8643232	3650016	28394	3655804	9130	3661591	2001521	3650016	0.84604	3655804	1.03475	3661591	1.10714	3650016	33561.060942745	3655804	8823.38729161633	3661591	1807830.0847228
32	3720356	19480	3726144	9193	3731947	3937465	3720356	0.84558	3726144	1.03426	3731947	1.108	3720356	23037.4417559545	3726144	8888.48065283391	3731947	3553668.77256318	3736924	19852	3742711	13179	3748514	3658043	3736924	0.84645	3742711	1.03457	3748514	1.10694	3736924	23453.2459093863	3742711	12738.6257092319	3748514	3304644.33483296	3753491	22459	3759263	19389	3765051	3260088	3753491	0.84673	3759263	1.03417	3765051	1.10683	3753491	26524.3938445549	3759263	18748.3682566696	3765051	2945427.93382904	3770027	27148	3775799	9996	3781602	1914283	3770027	0.84663	3775799	1.03428	3781602	1.10696	3770027	32065.9556122509	3775799	9664.6942800789	3781602	1729315.42241815
33	3840367	19375	3846155	9847	3851958	3913258	3840367	0.84632	3846155	1.03476	3851958	1.10749	3840367	22893.2318744683	3846155	9516.21632069272	3851958	3533447.7060741	3856935	19880	3862722	14158	3868510	3643765	3856935	0.84601	3862722	1.03438	3868510	1.10707	3856935	23498.5402063805	3862722	13687.4262843442	3868510	3291359.17331334	3873486	22430	3879274	19880	3885062	3243463	3873486	0.84623	3879274	1.03441	3885062	1.10719	3873486	26505.7962965151	3879274	19218.685047515	3885062	2929454.74579792	3890038	26327	3895810	9682	3901613	1908822	3890038	0.8465	3895810	1.03433	3901613	1.10796	3890038	31101.0041346722	3895810	9360.64892249089	3901613	1722825.733781
34	3960378	19388	3966166	10195	3971969	3884063	3960378	0.84673	3966166	1.03518	3971969	1.10666	3960378	22897.4997933225	3966166	9848.52875828358	3971969	3509716.62479894	3976946	19563	3982733	15057	3988537	3607529	3976946	0.8462	3982733	1.03444	3988537	1.1084	3976946	23118.6480737414	3982733	14555.7016356676	3988537	3254717.61097077	3993513	22064	3999301	22171	4005088	3207945	3993513	0.84663	3999301	1.03504	4005088	1.10783	3993513	26060.9711444196	3999301	21420.4281960117	4005088	2895701.50654884	4010080	25919	4015868	10378	4021671	1897059	4010080	0.84604	4015868	1.03485	4021671	1.10788	4010080	30635.6673443336	4015868	10028.5065468425	4021671	1712332.56309348
35	4080389	19309	4086177	10943	4091980	3843899	4080389	0.84707	4086177	1.0348	4091980	1.10773	4080389	22795.0464542482	4086177	10574.9903362969	4091980	3470068.5185018	4096972	19370	4102744	16544	4108548	3539401	4096972	0.84696	4102744	1.03466	4108548	1.10829	4096972	22870.0292811939	4102744	15989.7937486711	4108548	3193569.37263713	4113524	21505	4119312	24992	4125099	3120817	4113524	0.84694	4119312	1.03546	4125099	1.10826	4113524	25391.4090726616	4119312	24136.132733278	4125099	2815961.05606988	4130076	26277	4135863	11372	4141666	1871721	4130076	0.84769	4135863	1.03633	4141666	1.10807	4130076	30998.3602496196	4135863	10973.3386083583	4141666	1689172.16421345
36	4200400	18929	4206188	11859	4211991	3773648	4200400	0.84695	4206188	1.03572	4211991	1.10834	4200400	22349.6074148415	4206188	11450.0057930715	4211991	3404774.70812206	4216968	19247	4222755	18242	4228559	3440066	4216968	0.84751	4222755	1.03527	4228559	1.10947	4216968	22710.0565185072	4222755	17620.5241144822	4228559	3100639.04386779	4233535	20837	4239323	28949	4245141	2980459	4233535	0.8474	4239323	1.0356	4245141	1.10907	4233535	24589.3320745811	4239323	27953.843182696	4245141	2687349.7615119	4250118	25620	4255890	12885	4261693	1834567	4250118	0.84685	4255890	1.0347	4261693	1.10873	4250118	30253.2916100844	4255890	12452.8848941722	4261693	1654656.22829724
37	4320411	18625	4326199	12966	4332002	3688678	4320411	0.84692	4326199	1.03479	4332002	1.10833	4320411	21991.4513767534	4326199	12530.0785666657	4332002	3328140.53576101	4336963	18768	4342751	19962	4348554	3301790	4336963	0.84731	4342751	1.03541	4348554	1.10891	4336963	22150.0985471669	4342751	19279.3193034643	4348554	2977509.44621295	4353546	19696	4359318	33691	4365106	2793106	4353546	0.84594	4359318	1.03548	4365106	1.10864	4353546	23282.975151902	4359318	32536.6013829335	4365106	2519398.54235821	4370082	25602	4375870	14344	4381673	1778592	4370082	0.84729	4375870	1.03456	4381673	1.10932	4370082	30216.3367914173	4375870	13864.8314259202	4381673	1603317.34756427
38	4440422	18226	4446210	14195	4452013	3572872	4440422	0.84683	4446210	1.0354	4452013	1.10859	4440422	21522.6196521144	4446210	13709.6774193548	4452013	3222897.55455128	4456990	18391	4462777	22312	4468581	3131478	4456990	0.84673	4462777	1.03513	4468581	1.10857	4456990	21720.0288167421	4462777	21554.7805589636	4468581	2824790.49586404	4473557	18292	4479329	39952	4485132	2559113	4473557	0.84715	4479329	1.03512	4485132	1.10787	4473557	21592.3980404887	4479329	38596.4912280702	4485132	2309939.79438021	4490093	24850	4495881	16387	4501684	1704942	4490093	0.84718	4495881	1.03519	4501684	1.10922	4490093	29332.6093628273	4495881	15829.9442614399	4501684	1537063.8827284
39	4560434	18104	4566221	15891	4572040	3441759	4560434	0.8472	4566221	1.03512	4572040	1.10856	4560434	21369.2162417375	4566221	15351.843264549	4572040	3104711.51764451	4577016	17819	4582788	25119	4588592	2941056	4577016	0.84679	4582788	1.03505	4588592	1.10889	4577016	21042.9976735672	4582788	24268.3928312642	4588592	2652252.25225225	4593568	16794	4599356	47329	4605159	2328310	4593568	0.84738	4599356	1.03551	4605159	1.10938	4593568	19818.7353961623	4599356	45705.9806279032	4605159	2098748.85070941	4610135	24034	4615923	19121	4621726	1617257	4610135	0.8468	4615923	1.03607	4621726	1.10904	4610135	28382.1445441663	4615923	18455.3167257039	4621726	1458249.47702518
40	4680445	17650	4686232	17562	4692051	3298228	4680445	0.84786	4686232	1.03539	4692051	1.1098	4680445	20817.1160333074	4686232	16961.7245675543	4692051	2971912.05622635	4697027	17361	4702799	27491	4708603	2740751	4697027	0.84745	4702799	1.03725	4708603	1.10896	4697027	20486.1643754794	4702799	26503.7358399614	4708603	2471460.64781417	4713579	14806	4719351	56437	4725139	2103362	4713579	0.84732	4719351	1.03634	4725139	1.10916	4713579	17473.9177642449	4719351	54457.9964104444	4725139	1896355.80078618	4730115	22982	4735887	22117	4741690	1520477	4730115	0.8472	4735887	1.03667	4741690	1.10846	4730115	27127.0066100094	4735887	21334.6580879161	4741690	1371702.18140483
41	4800456	17287	4806243	19723	4812046	3130840	4800456	0.84725	4806243	1.03605	4812046	1.10922	4800456	20403.6588964296	4806243	19036.7260267362	4812046	2822559.99711509	4817023	16644	4822810	30348	4828614	2533295	4817023	0.84781	4822810	1.03654	4828614	1.10906	4817023	19631.7571153914	4822810	29278.1754683852	4828614	2284182.10015689	4833574	13420	4839362	66889	4845165	1899108	4833574	0.8473	4839362	1.03506	4845165	1.10817	4833574	15838.5459695503	4839362	64623.306861438	4845165	1713733.45244863	4850126	22534	4855914	25818	4861717	1421385	4850126	0.84804	4855914	1.03545	4861717	1.10933	4850126	26571.8598179331	4855914	24934.0866290019	4861717	1281300.4245806
42	4920467	16599	4926254	21972	4932057	2961899	4920467	0.84761	4926254	1.03589	4932057	1.10868	4920467	19583.2989228537	4926254	21210.7463147632	4932057	2671554.46116102	4937034	16442	4942821	33845	4948625	2341010	4937034	0.84775	4942821	1.03635	4948625	1.10964	4937034	19394.8687702743	4942821	32657.8858493752	4948625	2109702.2457734	4953601	12421	4959389	79344	4965176	1743197	4953601	0.8473	4959389	1.03555	4965176	1.10992	4953601	14659.5066682403	4959389	76620.1535415963	4965176	1570560.9413291	4970168	21484	4975956	29958	4981759	1321772	4970168	0.84747	4975956	1.0365	4981759	1.10834	4970168	25350.7498790518	4975956	28903.0390738061	4981759	1192569.06725373
43	5040478	16614	5046265	24176	5052084	2802269	5040478	0.84814	5046265	1.03609	5052084	1.11047	5040478	19588.7471408022	5046265	23333.8802613673	5052084	2523498.15843742	5057045	15592	5062832	36694	5068636	2156984	5057045	0.84814	5062832	1.03644	5068636	1.10945	5057045	18383.7573985427	5062832	35403.8825209371	5068636	1944192.1672901	5073612	11401	5079400	93288	5085203	1620276	5073612	0.84814	5079400	1.0367	5085203	1.10896	5073612	13442.3562147759	5079400	89985.5310118646	5085203	1461077.04515943	5090179	20409	5095967	35224	5101770	1223593	5090179	0.8482	5095967	1.03619	5101770	1.10895	5090179	24061.5420891299	5095967	33993.7656221349	5101770	1103379.77365977
44	5160489	16469	5166276	26868	5172079	2640312	5160489	0.84769	5166276	1.03627	5172079	1.10937	5160489	19428.0928169496	5166276	25927.6057398168	5172079	2380010.27610265	5177056	14865	5182843	39650	5188631	1995384	5177056	0.84802	5182843	1.03684	5188631	1.10938	5177056	17529.0677106672	5182843	38241.1943983643	5188631	1798647.89341795	5193607	10600	5199395	107723	5205198	1529106	5193607	0.84797	5199395	1.03638	5205198	1.10972	5193607	12500.4422326262	5199395	103941.604430807	5205198	1377920.55653678	5210159	19613	5215947	41059	5221734	1140400	5210159	0.84867	5215947	1.03638	5221734	1.10909	5210159	23110.2784356699	5215947	39617.7077905788	5221734	1028230.35100848
45	5280500	16002	5286303	29071	5292090	2496189	5280500	0.84674	5286303	1.03687	5292090	1.11105	5280500	18898.3631339018	5286303	28037.2660024883	5292090	2246693.66815175	5297067	14514	5302854	42382	5308658	1856409	5297067	0.84823	5302854	1.03657	5308658	1.10952	5297067	17110.9251028613	5302854	40886.7707921317	5308658	1673164.0709496	5313634	9941	5319422	124543	5325225	1472080	5313634	0.84886	5319422	1.03612	5325225	1.1092	5313634	11711.0006361473	5319422	120201.328031502	5325225	1327154.70609448	5330201	18361	5335989	47703	5341792	1064439	5330201	0.848	5335989	1.03595	5341792	1.11014	5330201	21652.1226415094	5335989	46047.5891693614	5341792	958833.120147009
46	5400511	16215	5406298	247272	5412101	2370171	5400511	0.84789	5406298	1.03667	5412101	1.11015	5400511	19123.9429642996	5406298	238525.278053768	5412101	2135000.67558438	5417078	15201	5422865	595258	5428669	1741805	5417078	0.84759	5422865	1.03624	5428669	1.10932	5417078	17934.3786500549	5422865	574440.284104069	5428669	1570155.59081239	5433645	9568	5439417	139677	5445220	1439886	5433645	0.84801	5439417	1.03615	5445220	1.11105	5433645	11282.8858150258	5439417	134803.841142692	5445220	1295968.67827731	5450181	17586	5455969	54913	5461772	1001761	5450181	0.84795	5455969	1.03661	5461772	1.11001	5450181	20739.4303909429	5455969	52973.6352147867	5461772	902479.256943631
47	5520522	15831	5526309	250602	5532112	2225078	5520522	0.848	5526309	1.0371	5532112	1.10942	5520522	18668.6320754717	5526309	241637.257737923	5532112	2005622.75783743	5537089	14837	5542876	611228	5548680	1644643	5537089	0.84806	5542876	1.03633	5548680	1.1077	5537089	17495.2243945004	5542876	589800.546158077	5548680	1484736.84210526	5553672	10814	5559459	1168083	5565262	1411714	5553672	0.84776	5559459	1.03672	5565262	1.10988	5553672	12755.9686703784	5559459	1126710.20140443	5565262	1271951.92273039	5570239	18131	5576026	521565	5581814	954934	5570239	0.84844	5576026	1.03599	5581814	1.10873	5570239	21369.8081184291	5576026	503445.979208294	5581814	861286.336619376
48	5640533	15416	5646320	250220	5652123	2112584	5640533	0.847	5646320	1.03533	5652123	1.10885	5640533	18200.7083825266	5646320	241681.396269788	5652123	1905202.687469	5657100	14644	5662887	613824	5668691	1564678	5657100	0.84779	5662887	1.0364	5668691	1.10882	5657100	17273.1454723457	5662887	592265.534542648	5668691	1411119.9292942	5673667	10533	5679455	1173001	5685242	1410786	5673667	0.84763	5679455	1.0356	5685242	1.10925	5673667	12426.4124677041	5679455	1132677.67477791	5685242	1271837.72819473	5690234	17297	5696022	523816	5701825	909988	5690234	0.84774	5696022	1.03577	5701825	1.10799	5690234	20403.6614999882	5696022	505726.174729911	5701825	821296.221085028
49	5760544	15432	5766316	250839	5772119	2020441	5760544	0.84635	5766316	1.03524	5772119	1.10957	5760544	18233.5913038341	5766316	242300.336153935	5772119	1820922.51953459	5777095	14410	5782883	614156	5788686	1503491	5777095	0.84775	5782883	1.03701	5788686	1.10956	5777095	16997.9357121793	5782883	592237.297615259	5788686	1355033.52680342	5793678	10370	5799450	1177475	5805238	1427233	5793678	0.84786	5799450	1.0357	5805238	1.10911	5793678	12230.7928195693	5799450	1136888.09500821	5805238	1286827.27592394	5810214	17092	5816002	525806	5821789	878612	5810214	0.84766	5816002	1.03563	5821789	1.10865	5810214	20163.7448977184	5816002	507716.076204822	5821789	792506.201235737
50	5880555	15061	5886358	251289	5892161	1937342	5880555	0.84786	5886358	1.036	5892161	1.10951	5880555	17763.5458684217	5886358	242556.94980695	5892161	1746123.96463304	5897137	14313	5902925	614288	5908728	1456206	5897137	0.84789	5902925	1.03582	5908728	1.10931	5897137	16880.7274528536	5902925	593045.123670136	5908728	1312713.30827271	5913689	10441	5919477	1179118	5925280	1448873	5913689	0.84797	5919477	1.03646	5925280	1.10895	5913689	12312.9355991368	5919477	1137639.65806688	5925280	1306526.89481041	5930256	16433	5936044	526221	5941847	858758	5930256	0.84774	5936044	1.03612	5941847	1.11007	5930256	19384.4810909005	5936044	507876.500791414	5941847	773607.069824426
51	6000566	15233	6006353	252862	6012156	1872951	6000566	0.84727	6006353	1.03741	6012156	1.10923	6000566	17978.920533006	6006353	243743.553657667	6012156	1688514.55514186	6017133	14254	6022920	614773	6028739	1416428	6017133	0.84777	6022920	1.03631	6028739	1.10973	6017133	16813.5225355934	6022920	593232.719939015	6028739	1276371.73006047	6033716	9963	6039488	1185977	6045275	1489235	6033716	0.84809	6039488	1.03586	6045275	1.10917	6033716	11747.5739603108	6039488	1144920.16295638	6045275	1342657.12199212	6050267	16055	6056055	528278	6061858	845281	6050267	0.84741	6056055	1.03566	6061858	1.10828	6050267	18945.9647632197	6056055	510088.252901531	6061858	762696.250045115
52	6120577	15119	6126364	252014	6132167	1818247	6120577	0.84811	6126364	1.0367	6132167	1.11012	6120577	17826.6970086428	6126364	243092.505064146	6132167	1637883.29189637	6137144	14140	6142916	619035	6148735	1382405	6137144	0.84806	6142916	1.03659	6148735	1.10935	6137144	16673.3485838266	6142916	597184.036118427	6148735	1246139.63131564	6153711	9807	6159483	1188354	6165286	1530570	6153711	0.84848	6159483	1.03522	6165286	1.10949	6153711	11558.3160475203	6159483	1147924.11274898	6165286	1379525.72803721	6170263	15692	6176050	528697	6181869	841215	6170263	0.8481	6176050	1.036	6181869	1.11013	6170263	18502.5350784106	6176050	510325.28957529	6181869	757762.604379667
53	6240588	14937	6246375	251795	6252178	1765201	6240588	0.84814	6246375	1.03614	6252178	1.10893	6240588	17611.4792369184	6246375	243012.527264655	6252178	1591805.61442111	6257155	14375	6262943	619508	6268746	1353872	6257155	0.8475	6262943	1.03598	6268746	1.10933	6257155	16961.6519174041	6262943	597992.239232418	6268746	1220441.16719101	6273738	9679	6279510	1186110	6285313	1585840	6273738	0.84866	6279510	1.03691	6285313	1.10877	6273738	11405.0385313317	6279510	1143889.05498066	6285313	1430269.57800085	6290289	15600	6296077	526212	6301880	839311	6290289	0.84799	6296077	1.03595	6301880	1.10966	6290289	18396.4433542848	6296077	507951.15594382	6301880	756367.716237406
54	6360599	14779	6366386	251891	6372189	1728751	6360599	0.84851	6366386	1.0374	6372189	1.11054	6360599	17417.5908357002	6366386	242809.909388857	6372189	1556676.03148018	6377166	14243	6382938	615816	6388741	1334957	6377166	0.84813	6382938	1.03659	6388741	1.11031	6377166	16793.4161036634	6382938	594078.661765983	6388741	1202328.17861678	6393733	9733	6399505	1183126	6405308	1652709	6393733	0.84827	6399505	1.03749	6405308	1.10993	6393733	11473.9410800806	6399505	1140373.40118941	6405308	1489020.92924779	6410285	15596	6416088	527137	6421876	844736	6410285	0.84801	6416088	1.03722	6421876	1.10984	6410285	18391.2925555123	6416088	508221.013863983	6421876	761133.136307936
55	6480610	14938	6486397	251148	6492201	1694873	6480610	0.84786	6486397	1.03705	6492201	1.11076	6480610	17618.4747481896	6486397	242175.401378911	6492201	1525867.87424826	6497177	14065	6502965	615145	6508783	1311690	6497177	0.8483	6502965	1.0368	6508783	1.11086	6497177	16580.2192620535	6502965	593311.149691358	6508783	1180787.85805592	6513760	9789	6519532	1181524	6525335	1725159	6513760	0.84793	6519532	1.0363	6525335	1.11052	6513760	11544.5850482941	6519532	1140137.02595773	6525335	1553469.54579837	6530296	15239	6536083	526254	6541887	855157	6530296	0.84792	6536083	1.03641	6541887	1.11101	6530296	17972.2143598453	6536083	507766.231510696	6541887	769711.34373228
56	6600621	14646	6606408	250783	6612212	1658414	6600621	0.84702	6606408	1.03683	6612212	1.1101	6600621	17291.2091804208	6606408	241874.752852444	6612212	1493932.07819115	6617204	14258	6622991	617797	6628779	1292534	6617204	0.84852	6622991	1.03684	6628779	1.11012	6617204	16803.375288738	6622991	595846.032174685	6628779	1164319.17270205	6633755	9698	6639543	1181192	6645346	1810258	6633755	0.84835	6639543	1.03721	6645346	1.11078	6633755	11431.6025225438	6639543	1138816.63308298	6645346	1629717.85592106	6650322	15359	6656110	526537	6661913	870113	6650322	0.84858	6656110	1.03687	6661913	1.1094	6650322	18099.648825096	6656110	507813.901453413	6661913	784309.536686497
57	6720632	14636	6726419	251860	6732223	1637071	6720632	0.84778	6726419	1.03711	6732223	1.11053	6720632	17263.912807568	6726419	242847.913914628	6732223	1474134.87253834	6737199	14213	6742987	617486	6748774	1275827	6737199	0.84867	6742987	1.03798	6748774	1.11116	6737199	16747.3811964603	6742987	594892.001772674	6748774	1148193.7794737	6753766	9774	6759538	1182526	6765341	1904751	6753766	0.84883	6759538	1.03775	6765341	1.1111	6753766	11514.6731383198	6759538	1139509.51577933	6765341	1714293.04293043	6770318	15098	6776105	527597	6781909	888666	6770318	0.84887	6776105	1.0368	6781909	1.11031	6770318	17785.9978559732	6776105	508870.563271605	6781909	800376.471435906
58	6840643	14747	6846430	251636	6852234	1613980	6840643	0.8488	6846430	1.03786	6852234	1.11089	6840643	17373.9396795476	6846430	242456.593374829	6852234	1452871.12135315	6857210	14187	6862998	618114	6868801	1258846	6857210	0.84922	6862998	1.03735	6868801	1.11071	6857210	16705.9183721533	6862998	595858.678363137	6868801	1133370.54676738	6873762	9748	6879534	1182591	6885337	1998195	6873762	0.84865	6879534	1.03822	6885337	1.11034	6873762	11486.4785247157	6879534	1139056.26938414	6885337	1799624.43936092	6890313	15100	6896101	526086	6901904	913268	6890313	0.8488	6896101	1.03741	6901904	1.11102	6890313	17789.8209236569	6896101	507114.834057894	6901904	822008.604705586
59	6960654	14703	6966441	252036	6972245	1588876	6960654	0.84925	6966441	1.03764	6972245	1.11119	6960654	17312.9231675007	6966441	242893.489071354	6972245	1429886.87803166	6977221	14049	6983009	618496	6988812	1244486	6977221	0.84903	6983009	1.03775	6988812	1.11115	6977221	16547.1184763789	6983009	595997.10913033	6988812	1119998.200063	6993788	9628	6999576	1183316	7005379	2107814	6993788	0.84863	6999576	1.03817	7005379	1.1109	6993788	11345.3448499346	6999576	1139809.47243708	7005379	1897393.10468989	7010355	15001	7016143	527809	7021946	937776	7010355	0.84934	7016143	1.03847	7021946	1.11027	7010355	17661.9492782631	7016143	508256.37717026	7021946	844637.790807641
60	7080665	14426	7086437	251397	7092256	1573891	7080665	0.84828	7086437	1.03786	7092256	1.11052	7080665	17006.1772056396	7086437	242226.311833966	7092256	1417255.88012823	7097232	14495	7103020	619413	7108807	1231849	7097232	0.84925	7103020	1.03845	7108807	1.11113	7097232	17068.0011775096	7103020	596478.405315615	7108807	1108645.2530307	7113799	9800	7119571	1183050	7125374	2215217	7113799	0.85005	7119571	1.03717	7125374	1.11059	7113799	11528.7336039057	7119571	1140651.96640859	7125374	1994630.78183668	7130351	15179	7136123	525754	7141926	970221	7130351	0.849	7136123	1.0374	7141926	1.1105	7130351	17878.6808009423	7136123	506799.691536534	7141926	873679.423683026
61	7200676	14349	7206463	250834	7212267	1556810	7200676	0.84881	7206463	1.0378	7212267	1.11211	7200676	16904.8432511398	7206463	241697.822316439	7212267	1399870.51640575	7217243	14501	7223031	618798	7228834	1217044	7217243	0.84966	7223031	1.03853	7228834	1.11157	7217243	17066.8267306923	7223031	595840.274233773	7228834	1094887.41149905	7233795	9676	7239567	1179713	7245370	2318108	7233795	0.84939	7239567	1.03817	7245370	1.11107	7233795	11391.7046350911	7239567	1136338.94256239	7245370	2086374.39585265	7250346	14961	7256118	527900	7261921	1005163	7250346	0.84887	7256118	1.03843	7261921	1.11091	7250346	17624.6068302567	7256118	508363.587338578	7261921	904810.470695196
62	7320687	14459	7326474	250937	7332278	1541833	7320687	0.84983	7326474	1.03922	7332278	1.11123	7320687	17013.9910335008	7326474	241466.676930775	7332278	1387501.2373676	7337254	14526	7343026	618362	7348829	1201566	7337254	0.84933	7343026	1.03865	7348829	1.11058	7337254	17102.8928684963	7343026	595351.658402734	7348829	1081926.56089611	7353806	9769	7359593	1183417	7365396	2422837	7353806	0.84989	7359593	1.03882	7365396	1.11086	7353806	11494.4286907717	7359593	1139193.50801871	7365396	2181046.21644492	7370373	14880	7376160	526666	7381964	1042936	7370373	0.84909	7376160	1.03889	7381964	1.11083	7370373	17524.6440306681	7376160	506950.687753275	7381964	938879.936623966
63	7440698	14274	7446485	251506	7452289	1529624	7440698	0.84864	7446485	1.03753	7452289	1.11193	7440698	16819.8529411765	7446485	242408.412286874	7452289	1375647.74761001	7457265	14368	7463053	617774	7468840	1189593	7457265	0.84907	7463053	1.03786	7468840	1.11136	7457265	16922.0441188595	7463053	595238.278765922	7468840	1070393.93175929	7473817	9962	7479589	1183658	7485392	2519571	7473817	0.84912	7479589	1.03809	7485392	1.11042	7473817	11732.146221971	7479589	1140226.7626121	7485392	2269025.23369536	7490368	14851	7496156	524994	7501943	1083528	7490368	0.84857	7496156	1.03769	7501943	1.11028	7490368	17501.2079144914	7496156	505925.661806513	7501943	975905.17707245
64	7560709	14459	7566496	251341	7572300	1512943	7560709	0.84921	7566496	1.03827	7572300	1.11053	7560709	17026.412783646	7566496	242076.723780905	7572300	1362361.2149154	7577276	14377	7583064	617969	7588867	1180438	7577276	0.84956	7583064	1.03699	7588867	1.11109	7577276	16922.87772494	7583064	595925.708058901	7588867	1062414.38587333	7593828	10061	7599615	1181618	7605418	2607941	7593828	0.84978	7599615	1.03835	7605418	1.11109	7593828	11839.5349384547	7599615	1137976.5974864	7605418	2347191.49663844	7610395	14892	7616182	526014	7621986	1126853	7610395	0.84984	7616182	1.03821	7621986	1.10991	7610395	17523.2985032477	7616182	506654.723032912	7621986	1015265.20168302
65	7680720	14356	7686507	251797	7692311	1500258	7680720	0.84845	7686507	1.03821	7692311	1.11025	7680720	16920.266368083	7686507	242529.931324106	7692311	1351279.44156721	7697287	14372	7703059	619508	7708862	1166820	7697287	0.84935	7703059	1.03874	7708862	1.11061	7697287	16921.1750161888	7703059	596403.334809481	7708862	1050611.8259335	7713854	10172	7719642	1182709	7725445	2676806	7713854	0.84925	7719642	1.03796	7725445	1.11016	7713854	11977.627318222	7719642	1139455.27766003	7725445	2411189.37810766	7730421	14643	7736209	527242	7742012	1175994	7730421	0.84935	7736209	1.03843	7742012	1.11108	7730421	17240.2425384117	7736209	507729.938464798	7742012	1058424.2358786
66	7800731	14392	7806518	251030	7812322	1491773	7800731	0.84932	7806518	1.03778	7812322	1.11048	7800731	16945.3209626525	7806518	241891.344986413	7812322	1343358.72775737	7817298	14387	7823086	618812	7828889	1154718	7817298	0.84903	7823086	1.03816	7828889	1.1106	7817298	16945.2198391105	7823086	596066.116976189	7828889	1039724.4732577	7833865	9953	7839653	1180954	7845456	2737834	7833865	0.84939	7839653	1.03747	7845456	1.11038	7833865	11717.8210244999	7839653	1138301.83041437	7845456	2465673.01284245	7850432	15055	7856220	526728	7862023	1222234	7850432	0.84896	7856220	1.03868	7862023	1.11123	7850432	17733.4621183566	7856220	507112.874032426	7862023	1099892.91145847
67	7920742	14574	7926529	251127	7932333	1478580	7920742	0.84932	7926529	1.03855	7932333	1.11147	7920742	17159.610040974	7926529	241805.401762072	7932333	1330292.31558207	7937309	14359	7943097	617382	7948900	1144265	7937309	0.84884	7943097	1.03769	7948900	1.11025	7937309	16916.0265774469	7943097	594958.031782131	7948900	1030637.24386399	7953876	10206	7959664	1182073	7965467	2783607	7953876	0.84951	7959664	1.03905	7965467	1.10961	7953876	12013.9845322598	7959664	1137647.85140272	7965467	2508635.46651526	7970443	14956	7976231	527183	7982034	1266944	7970443	0.84897	7976231	1.03826	7982034	1.10915	7970443	17616.6413418613	7976231	507756.246027007	7982034	1142265.69895866
68	8040753	14386	8046540	251681	8052344	1470390	8040753	0.84952	8046540	1.03826	8052344	1.11162	8040753	16934.2687635371	8046540	242406.526303623	8052344	1322745.18270632	8057320	14222	8063092	618977	8068911	1133840	8057320	0.84932	8063092	1.03722	8068911	1.11118	8057320	16745.16083455	8063092	596765.392105821	8068911	1020392.73565039	8073887	10257	8079659	1183732	8085463	2823607	8073887	0.84948	8079659	1.03825	8085463	1.11157	8073887	12074.4455431558	8079659	1140122.32121358	8085463	2540197.198557	8090439	14967	8096227	525640	8102030	1313663	8090439	0.849	8096227	1.03755	8102030	1.10989	8090439	17628.9752650177	8096227	506616.548600068	8102030	1183597.47362351
69	8160764	14249	8166551	251670	8172355	1459923	8160764	0.84979	8166551	1.03822	8172355	1.11169	8160764	16767.6720130856	8166551	242405.270559226	8172355	1313246.49857424	8177331	14388	8183119	616664	8188922	1124757	8177331	0.84992	8183119	1.03804	8188922	1.1108	8177331	16928.6521084337	8183119	594065.73927787	8188922	1012564.81814908	8193898	10331	8199686	1181174	8205505	2843033	8193898	0.84936	8199686	1.03825	8205505	1.11163	8193898	12163.2758783084	8199686	1137658.56007705	8205505	2557535.33100042	8210481	15149	8216253	526268	8222056	1359542	8210481	0.84932	8216253	1.0382	8222056	1.11058	8210481	17836.6222389676	8216253	506904.257368523	8222056	1224172.95467233
70	8280775	14423	8286562	251303	8292366	1450768	8280775	0.85002	8286562	1.03814	8292366	1.11264	8280775	16967.8360509164	8286562	242070.4336602	8292366	1303897.03767616	8297342	14381	8303130	618152	8308917	1114668	8297342	0.84919	8303130	1.03879	8308917	1.11192	8297342	16934.9615515962	8303130	595069.263277467	8308917	1002471.4008202	8313894	10389	8319681	1181009	8325485	2860095	8313894	0.85001	8319681	1.03767	8325485	1.11173	8313894	12222.2091504806	8319681	1138135.43804871	8325485	2572652.53253938	8330461	15018	8336249	526271	8342052	1400082	8330461	0.84918	8336249	1.03761	8342052	1.11096	8330461	17685.2964035893	8336249	507195.381694471	8342052	1260245.1933463
71	8400786	14323	8406573	252439	8412377	1444442	8400786	0.8498	8406573	1.03765	8412377	1.11274	8400786	16854.5540127089	8406573	243279.525851684	8412377	1298094.79303341	8417353	14472	8423141	618023	8428928	1102957	8417353	0.84953	8423141	1.03854	8428928	1.11155	8417353	17035.3018728003	8423141	595088.297032372	8428928	992269.353605326	8433905	10212	8439692	1183881	8445496	2878170	8433905	0.84962	8439692	1.03881	8445496	1.11177	8433905	12019.4910665945	8439692	1139651.13928437	8445496	2588817.8310262	8450472	14907	8456260	525843	8462063	1435658	8450472	0.84959	8456260	1.03833	8462063	1.11078	8450472	17546.1104768182	8456260	506431.481320967	8462063	1292477.35825276
72	8520797	14376	8526569	251490	8532388	1431269	8520797	0.84969	8526569	1.03923	8532388	1.11193	8520797	16919.111676023	8526569	241996.478161716	8532388	1287193.43843587	8537364	14387	8543152	618361	8548955	1097767	8537364	0.85023	8543152	1.03822	8548955	1.11137	8537364	16921.3036472484	8543152	595597.272254435	8548955	987760.151884611	8553931	10282	8559719	1181262	8565522	2869222	8553931	0.84962	8559719	1.03803	8565522	1.11046	8553931	12101.8808408465	8559719	1137984.45131644	8565522	2583813.91495416	8570499	15067	8576286	526593	8582074	1467997	8570499	0.84979	8576286	1.03853	8582074	1.11019	8570499	17730.2627708022	8576286	507056.12741086	8582074	1322293.48129599
73	8640808	14256	8646595	251664	8652399	1422612	8640808	0.84959	8646595	1.03867	8652399	1.11105	8640808	16779.858519992	8646595	242294.472739176	8652399	1280421.22316727	8657375	14478	8663163	618689	8668966	1089761	8657375	0.84843	8663163	1.03832	8668966	1.11151	8657375	17064.4602383226	8663163	595855.805532013	8668966	980432.924580076	8673942	10313	8679714	1180898	8685518	2878621	8673942	0.84919	8679714	1.038	8685518	1.11101	8673942	12144.5141841049	8679714	1137666.66666667	8685518	2590994.68051593	8690478	14942	8696266	525412	8702054	1498215	8690478	0.84888	8696266	1.03798	8702054	1.11107	8690478	17602.0167750448	8696266	506187.017090888	8702054	1348443.39240552
74	8760819	14457	8766606	251664	8772410	1416197	8760819	0.85017	8766606	1.03795	8772410	1.11206	8760819	17004.8343272522	8766606	242462.546365432	8772410	1273489.73976224	8777386	14800	8783174	617836	8788961	1078745	8777386	0.84905	8783174	1.03865	8788961	1.11116	8777386	17431.2466874742	8783174	594845.231791268	8788961	970827.783577523	8793938	10323	8799710	1181007	8805513	2880182	8793938	0.84991	8799710	1.03863	8805513	1.11183	8793938	12145.9919285571	8799710	1137081.54010572	8805513	2590487.75442289	8810505	15158	8816293	525536	8822096	1524201	8810505	0.8495	8816293	1.03861	8822096	1.11205	8810505	17843.4373160683	8816293	505999.364535292	8822096	1370622.72379839
75	8880830	14388	8886618	251978	8892421	1407659	8880830	0.84872	8886618	1.03909	8892421	1.11107	8880830	16952.5874257706	8886618	242498.724845779	8892421	1266939.97677914	8897397	14446	8903185	618840	8908972	1073388	8897397	0.84927	8903185	1.03826	8908972	1.11182	8897397	17009.9026222521	8903185	596035.675071755	8908972	965433.253584213	8913949	10149	8919736	1177464	8925524	2877857	8913949	0.84968	8919736	1.03948	8925524	1.11121	8913949	11944.4967517183	8919736	1132743.29472429	8925524	2589840.80416843	8930500	15118	8936288	526375	8942076	1539397	8930500	0.84934	8936288	1.03922	8942076	1.11193	8930500	17799.7032990322	8936288	506509.689959778	8942076	1384436.96995314
76	9000841	14249	9006629	251617	9012432	1400630	9000841	0.84956	9006629	1.0386	9012432	1.11159	9000841	16772.2114977165	9006629	242265.549778548	9012432	1260023.92968631	9017408	14459	9023180	619573	9028983	1066025	9017408	0.84977	9023180	1.03884	9028983	1.11259	9017408	17015.1923461643	9023180	596408.494089562	9028983	958147.206068723	9033975	10363	9039747	1180786	9045566	2877896	9033975	0.84953	9039747	1.0387	9045566	1.11162	9033975	12198.5097642226	9039747	1136792.14402619	9045566	2588920.67433116	9050558	15184	9056330	525984	9062133	1557917	9050558	0.84969	9056330	1.03903	9062133	1.11198	9050558	17870.0467229225	9056330	506225.9992493	9062133	1401029.69477868
77	9120852	14474	9126640	251470	9132443	1393217	9120852	0.84926	9126640	1.03808	9132443	1.1116	9120852	17043.0727927843	9126640	242245.299013563	9132443	1253343.82871537	9137419	14601	9143191	617986	9148994	1057926	9137419	0.84963	9143191	1.03959	9148994	1.11148	9137419	17185.1276437979	9143191	594451.658827038	9148994	951817.396624321	9153971	10414	9159743	1180994	9165546	2876896	9153971	0.84953	9159743	1.03857	9165546	1.11323	9153971	12258.5429590479	9159743	1137134.71407801	9165546	2584278.18150786	9170522	15211	9176326	526102	9182129	1567450	9170522	0.85049	9176326	1.04012	9182129	1.11172	9170522	17884.9839504286	9176326	505808.945121717	9182129	1409932.35706833
78	9240863	14279	9246635	252225	9252438	1388589	9240863	0.84913	9246635	1.03806	9252438	1.11223	9240863	16816.0352360651	9246635	242977.284550026	9252438	1248472.88780198	9257415	14804	9263202	619184	9269005	1050783	9257415	0.85016	9263202	1.03858	9269005	1.11113	9257415	17413.192810765	9263202	596183.250207014	9269005	945688.623293404	9273997	10400	9279769	1177954	9285557	2865973	9273997	0.84903	9279769	1.0384	9285557	1.11155	9273997	12249.2726994335	9279769	1134393.29738059	9285557	2578357.24888669	9290533	15283	9296305	525643	9302109	1577458	9290533	0.84971	9296305	1.03882	9302109	1.11262	9290533	17986.1364465524	9296305	506000.077010454	9302109	1417786.84546386
79	9360874	14294	9366662	251514	9372480	1381892	9360874	0.8498	9366662	1.03888	9372480	1.1119	9360874	16820.4283360791	9366662	242101.108886493	9372480	1242820.39751776	9377457	14566	9383244	618091	9389032	1046045	9377457	0.84925	9383244	1.0392	9389032	1.11261	9377457	17151.6043567854	9383244	594775.789068514	9389032	940172.207691824	9394008	10616	9399796	1180259	9405599	2867440	9394008	0.84972	9399796	1.03894	9405599	1.11228	9394008	12493.5272795744	9399796	1136022.29195141	9405599	2577983.96087316	9410576	15145	9416363	525048	9422182	1580281	9410576	0.84987	9416363	1.03884	9422182	1.11107	9410576	17820.372527563	9416363	505417.581148204	9422182	1422305.52530444
80	9480885	14277	9486673	251009	9492476	1374687	9480885	0.84992	9486673	1.03871	9492476	1.1116	9480885	16798.0515813253	9486673	241654.552281195	9492476	1236674.16336812	9497452	14844	9503240	615226	9509043	1041376	9497452	0.84925	9503240	1.0378	9509043	1.11229	9497452	17478.9520164851	9503240	592817.498554635	9509043	936245.044008307	9514019	10795	9519807	1180889	9525595	2860805	9514019	0.84992	9519807	1.0386	9525595	1.11064	9514019	12701.1954066265	9519807	1137000.77026767	9525595	2575816.64625801	9530587	15141	9536374	524064	9542177	1586670	9530587	0.84984	9536374	1.03853	9542177	1.11143	9530587	17816.2948319684	9536374	504620.954618547	9542177	1427593.28072843
81	9600896	14328	9606699	251183	9612502	1368985	9600896	0.84914	9606699	1.03828	9612502	1.1113	9600896	16873.5426431448	9606699	241922.21751358	9612502	1231877.08089625	9617479	14793	9623251	617913	9629054	1032137	9617479	0.85005	9623251	1.03932	9629054	1.11171	9617479	17402.5057349568	9623251	594535.850363699	9629054	928422.880067644	9634030	10633	9639818	1179160	9645606	2857396	9634030	0.84961	9639818	1.03916	9645606	1.11153	9634030	12515.1540118407	9639818	1134724.20031564	9645606	2570687.25090641	9650582	15404	9656370	524770	9662173	1586330	9650582	0.84979	9656370	1.03832	9662173	1.11086	9650582	18126.8313348004	9656370	505402.958625472	9662173	1428019.73245954
82	9720907	14299	9726679	250927	9732482	1362424	9720907	0.85	9726679	1.03827	9732482	1.111	9720907	16822.3529411765	9726679	241677.983568821	9732482	1226304.23042304	9737459	14769	9743246	618828	9749049	1029239	9737459	0.8494	9743246	1.03827	9749049	1.11155	9737459	17387.5676948434	9743246	596018.376722818	9749049	925949.350006747	9754026	10663	9759813	1178243	9765617	2858275	9754026	0.84932	9759813	1.03807	9765617	1.1118	9754026	12554.7496820986	9759813	1135032.31959309	9765617	2570853.57078611	9770593	15327	9776365	526323	9782184	1587472	9770593	0.84933	9776365	1.03845	9782184	1.11073	9770593	18045.9891914803	9776365	506835.187057634	9782184	1429215.02075212
83	9840918	14354	9846706	250146	9852509	1358365	9840918	0.84935	9846706	1.03862	9852509	1.11155	9840918	16899.982339436	9846706	240844.582234118	9852509	1222045.79191219	9857485	14682	9863273	616898	9869076	1022035	9857485	0.84954	9863273	1.03786	9869076	1.11126	9857485	17282.2939473127	9863273	594394.234289789	9869076	919708.259093282	9874052	10745	9879840	1178625	9885628	2853432	9874052	0.84967	9879840	1.03777	9885628	1.11125	9874052	12646.0861275554	9879840	1135728.53329736	9885628	2567767.82902137	9890620	15477	9896407	525412	9902210	1588690	9890620	0.84939	9896407	1.0388	9902210	1.11113	9890620	18221.3117649136	9896407	505787.447054293	9902210	1429796.69345621
84	9960929	14135	9966717	250979	9972520	1350037	9960929	0.85029	9966717	1.03838	9972520	1.11042	9960929	16623.7401357184	9966717	241702.459600532	9972520	1215789.52108211	9977496	14651	9983284	617410	9989087	1017039	9977496	0.84974	9983284	1.03815	9989087	1.11097	9977496	17241.7445336221	9983284	594721.379376776	9989087	915451.362323015	9994063	11058	9999835	1180529	10005639	2851397	9994063	0.84898	9999835	1.03851	10005639	1.11122	9994063	13025.0418148837	9999835	1136752.65524646	10005639	2566005.83142852	10010615	15458	10016387	524658	10022190	1583779	10010615	0.85003	10016387	1.0381	10022190	1.11035	10010615	18185.2405209228	10016387	505402.177054234	10022190	1426378.1690458
85	10080940	14325	10086728	251197	10092531	1347618	10080940	0.84998	10086728	1.03867	10092531	1.11186	10080940	16853.3377255935	10086728	241844.859291209	10092531	1212039.28552156	10097507	14895	10103295	619256	10109082	1011262	10097507	0.85006	10103295	1.03881	10109082	1.1124	10097507	17522.2925440557	10103295	596120.561026559	10109082	909081.265731751	10114059	10997	10119846	1181113	10125650	2850929	10114059	0.85038	10119846	1.03886	10125650	1.11148	10114059	12931.8657541334	10119846	1136931.82912038	10125650	2564984.52513765	10130626	15416	10136414	524274	10142186	1587097	10130626	0.85035	10136414	1.03958	10142186	1.11257	10130626	18129.0057035338	10136414	504313.280363224	10142186	1426514.28674151
86	10200951	14163	10206739	250540	10212542	1343880	10200951	0.84964	10206739	1.03898	10212542	1.11302	10200951	16669.4129278283	10206739	241140.349188627	10212542	1207417.65646619	10217518	14785	10223306	616996	10229109	1009505	10217518	0.85087	10223306	1.03964	10229109	1.11203	10217518	17376.3324597177	10223306	593470.816821207	10229109	907803.746301809	10234085	11004	10239857	1179817	10245661	2842864	10234085	0.85006	10239857	1.03932	10245661	1.1117	10234085	12944.9685904524	10239857	1135181.65723742	10245661	2557222.27219574	10250622	15576	10256394	525131	10262197	1583416	10250622	0.85041	10256394	1.0391	10262197	1.11171	10250622	18315.8711680248	10256394	505370.994129535	10262197	1424306.69868941
87	10320962	14167	10326750	250520	10332553	1337660	10320962	0.84958	10326750	1.03847	10332553	1.11121	10320962	16675.2983827303	10326750	241239.515826167	10332553	1203786.8629692	10337529	14872	10343317	615922	10349120	1004130	10337529	0.84924	10343317	1.03802	10349120	1.11162	10337529	17512.128491357	10343317	593362.362960251	10349120	903303.287094511	10354096	11161	10359868	1179208	10365672	2836963	10354096	0.84942	10359868	1.03763	10365672	1.11146	10354096	13139.554048645	10359868	1136443.6263408	10365672	2552465.22591906	10370648	15535	10376420	524444	10382223	1582850	10370648	0.84987	10376420	1.03886	10382223	1.11152	10370648	18279.2662407192	10376420	504826.444371715	10382223	1424040.95292932
88	10440973	14718	10446761	250680	10452564	1335589	10440973	0.84972	10446761	1.03851	10452564	1.11099	10440973	17320.999858777	10446761	241384.290955311	10452564	1202161.13556378	10457540	14900	10463328	617141	10469131	997850	10457540	0.85037	10463328	1.03812	10469131	1.11069	10457540	17521.7846349236	10463328	594479.443609602	10469131	898405.495682864	10474123	11104	10479911	1178502	10485714	2840964	10474123	0.84957	10479911	1.03819	10485714	1.11126	10474123	13070.141365632	10479911	1135150.59863801	10485714	2556525.02564656	10490675	15367	10496462	523504	10502281	1580869	10490675	0.84928	10496462	1.03875	10502281	1.11136	10490675	18094.1503391108	10496462	503974.969915764	10502281	1422463.46818313
89	10560984	14278	10566772	249971	10572575	1331060	10560984	0.85046	10566772	1.03897	10572575	1.11141	10560984	16788.5614843732	10566772	240595.012368018	10572575	1197631.83703584	10577536	15079	10583323	615352	10589126	995719	10577536	0.85033	10583323	1.03886	10589126	1.11172	10577536	17733.1153787353	10583323	592333.90447221	10589126	895656.280358364	10594103	11070	10599891	1175994	10605694	2830181	10594103	0.84952	10599891	1.03855	10605694	1.11116	10594103	13030.888030888	10599891	1132342.20788599	10605694	2547050.82976349	10610670	15665	10616473	524654	10622277	1576015	10610670	0.84966	10616473	1.03809	10622277	1.11089	10610670	18436.7864792976	10616473	505403.19240143	10622277	1418695.82046827
90	10680995	14196	10686783	251631	10692586	1328689	10680995	0.84986	10686783	1.03857	10692586	1.11092	10680995	16703.9277057398	10686783	242286.027903752	10692586	1196025.81644043	10697562	14961	10703350	616583	10709153	992590	10697562	0.84992	10703350	1.03828	10709153	1.11167	10697562	17602.8332078313	10703350	593850.406441422	10709153	892881.880414152	10714114	11113	10719902	1178233	10725705	2829277	10714114	0.84983	10719902	1.03838	10725705	1.11204	10714114	13076.7329936576	10719902	1134683.83443441	10725705	2544222.33013201	10730681	15630	10736469	525470	10742272	1575137	10730681	0.8505	10736469	1.03948	10742272	1.11196	10730681	18377.4250440917	10736469	505512.371570401	10742272	1416541.06262815
91	10801006	14445	10806794	249501	10812612	1328177	10801006	0.85029	10806794	1.03895	10812612	1.11189	10801006	16988.3216314434	10806794	240147.264064681	10812612	1194521.94011998	10817589	15089	10823361	615504	10829164	986266	10817589	0.85001	10823361	1.03864	10829164	1.11188	10817589	17751.5558640487	10823361	592605.715165986	10829164	887025.578299817	10834141	11190	10839928	1179837	10845747	2828680	10834141	0.85028	10839928	1.0389	10845747	1.11168	10834141	13160.370701416	10839928	1135659.83251516	10845747	2544509.21128382	10850723	15808	10856511	523400	10862299	1575513	10850723	0.84951	10856511	1.03881	10862299	1.1122	10850723	18608.3742392673	10856511	503845.746575408	10862299	1416573.45801115
92	10921017	14501	10926805	249328	10932608	1322974	10921017	0.84965	10926805	1.03881	10932608	1.11225	10921017	17067.0275995998	10926805	240013.091903235	10932608	1189457.40615869	10937584	14959	10943372	617101	10949175	984129	10937584	0.85075	10943372	1.03875	10949175	1.11177	10937584	17583.3088451366	10943372	594080.385078219	10949175	885191.181629294	10954152	11442	10959924	1177818	10965727	2824892	10954152	0.8501	10959924	1.03882	10965727	1.11179	10954152	13459.5929890601	10959924	1133803.73885755	10965727	2540850.34044199	10970688	15873	10976460	524784	10982263	1568377	10970688	0.84948	10976460	1.03845	10982263	1.11096	10970688	18685.5488063286	10976460	505353.170590784	10982263	1411731.29545618
93	11041028	14481	11046816	250875	11052619	1322454	11041028	0.84943	11046816	1.03761	11052619	1.11227	11041028	17047.9027112299	11046816	241781.594240611	11052619	1188968.5058484	11057595	14886	11063383	617386	11069186	979552	11057595	0.84972	11063383	1.03873	11069186	1.11124	11057595	17518.7120463211	11063383	594366.197183099	11069186	881494.546632591	11074163	11432	11079966	1181462	11085769	2823043	11074163	0.84963	11079966	1.03888	11085769	1.11136	11074163	13455.2687640502	11079966	1137245.88017865	11085769	2540169.70198675	11090745	15491	11096517	523790	11102336	1569671	11090745	0.8492	11096517	1.03875	11102336	1.11118	11090745	18241.8747056053	11096517	504250.300842359	11102336	1412616.3177883
94	11161039	14245	11166827	249980	11172646	1318846	11161039	0.84977	11166827	1.0388	11172646	1.11184	11161039	16763.3594972757	11166827	240643.049672699	11172646	1186183.26377896	11177622	14920	11183394	615231	11189197	976010	11177622	0.8494	11183394	1.03785	11189197	1.1113	11177622	17565.3402401695	11183394	592793.756323168	11189197	878259.695851705	11194174	11468	11199961	1175071	11205780	2810837	11194174	0.84984	11199961	1.03818	11205780	1.11044	11194174	13494.3048103172	11199961	1131856.71078233	11205780	2531282.19444544	11210756	15446	11216544	524776	11222347	1566141	11210756	0.85004	11216544	1.0392	11222347	1.11197	11210756	18170.9096042539	11216544	504980.754426482	11222347	1408438.17728896
95	11281050	14161	11286838	250947	11292641	1315401	11281050	0.84988	11286838	1.03886	11292641	1.11219	11281050	16662.3523320939	11286838	241559.979207978	11292641	1182712.48617592	11297617	15176	11303405	615984	11309208	974770	11297617	0.85036	11303405	1.03802	11309208	1.11147	11297617	17846.5591043793	11303405	593422.092059883	11309208	877009.725858548	11314185	11536	11319957	1179016	11325760	2808879	11314185	0.8499	11319957	1.03824	11325760	1.11023	11314185	13573.3615719496	11319957	1135591.00015411	11325760	2529997.38792863	11330736	15749	11336508	523834	11342311	1562566	11330736	0.85022	11336508	1.03815	11342311	1.11137	11330736	18523.4409917433	11336508	504584.115975533	11342311	1405981.80623915
96	11401061	14371	11406833	250043	11412652	1315322	11401061	0.84913	11406833	1.03843	11412652	1.11148	11401061	16924.3814256945	11406833	240789.46101326	11412652	1183396.91222514	11417628	14815	11423416	618095	11429219	969636	11417628	0.85006	11423416	1.03872	11429219	1.11119	11417628	17428.1815401266	11423416	595054.490141713	11429219	872610.444658429	11434180	11669	11439968	1183996	11445771	2812453	11434180	0.84948	11439968	1.03839	11445771	1.11176	11434180	13736.6388849649	11439968	1140222.84498117	11445771	2529730.33748291	11450747	15724	11456535	526828	11462338	1559132	11450747	0.84957	11456535	1.03839	11462338	1.11133	11450747	18508.1864943442	11456535	507350.802684926	11462338	1402942.42034319
97	11521072	14336	11526860	250842	11532663	1312073	11521072	0.84953	11526860	1.03807	11532663	1.11074	11521072	16875.2133532659	11526860	241642.663789533	11532663	1181260.24092047	11537639	15237	11543427	616436	11549230	966402	11537639	0.84889	11543427	1.03795	11549230	1.11072	11537639	17949.3220558612	11543427	593897.586588949	11549230	870068.063958513	11554207	11832	11559979	1176832	11565782	2808371	11554207	0.84945	11559979	1.03745	11565782	1.11136	11554207	13929.012890694	11559979	1134350.57111186	11565782	2526967.85919954	11570743	15798	11576515	524815	11582318	1556754	11570743	0.85026	11576515	1.03897	11582318	1.11255	11570743	18580.1989979536	11576515	505130.080753054	11582318	1399266.54981799
98	11641083	14251	11646871	249124	11652690	1310465	11641083	0.85018	11646871	1.03813	11652690	1.11094	11641083	16762.3326824908	11646871	239973.799042509	11652690	1179600.1584244	11657666	15228	11663454	616393	11669257	964353	11657666	0.8498	11663454	1.03808	11669257	1.11134	11657666	17919.5104730525	11663454	593781.78945746	11669257	867738.94577717	11674218	11656	11680005	1181476	11685808	2804626	11674218	0.84991	11680005	1.03861	11685808	1.11124	11674218	13714.3932887012	11680005	1137555.0013961	11685808	2523870.6310068	11690785	15707	11696572	524465	11702376	1552618	11690785	0.8493	11696572	1.03744	11702376	1.11156	11690785	18494.0539267632	11696572	505537.669648365	11702376	1396791.89607399
99	11761094	14244	11766882	251695	11772685	1314420	11761094	0.85008	11766882	1.03855	11772685	1.11295	11761094	16756.0700169396	11766882	242352.318135862	11772685	1181023.40626264	11777677	15209	11783449	618685	11789252	963070	11777677	0.851	11783449	1.03967	11789252	1.1116	11777677	17871.9153936545	11783449	595078.245981898	11789252	866381.792011515	11794229	11806	11800016	1179572	11805804	2802986	11794229	0.85004	11800016	1.03859	11805804	1.11186	11794229	13888.7581760858	11800016	1135743.65245188	11805804	2520988.25391686	11810765	15830	11816537	524754	11822340	1548110	11810765	0.85028	11816537	1.03885	11822340	1.11109	11810765	18617.3966222891	11816537	505129.710737835	11822340	1393325.47318399
100	11881105	14476	11886893	250949	11892696	1308226	11881105	0.85032	11886893	1.03922	11892696	1.11175	11881105	17024.1791325619	11886893	241478.224052655	11892696	1176726.78210029	11897657	15178	11903460	618346	11909263	960812	11897657	0.85005	11903460	1.03924	11909263	1.112	11897657	17855.4202693959	11903460	594998.267965051	11909263	864039.568345324	11914224	11743	11920012	1176868	11925799	2796130	11914224	0.85064	11920012	1.03914	11925799	1.11171	11914224	13804.8998401204	11920012	1132540.36992128	11925799	2515161.32804418	11930776	16053	11936563	524411	11942351	1550725	11930776	0.85049	11936563	1.03876	11942351	1.11262	11930776	18875.001469741	11936563	504843.274673649	11942351	1393759.7742266
101	12001116	14357	12006904	249738	12012723	1310723	12001116	0.85009	12006904	1.03863	12012723	1.11246	12001116	16888.8000094108	12006904	240449.438202247	12012723	1178220.34050663	12017699	15343	12023471	616092	12029274	959594	12017699	0.8499	12023471	1.03915	12029274	1.11219	12017699	18052.7120837746	12023471	592880.719819083	12029274	862796.824283621	12034251	11880	12040023	1175730	12045826	2797117	12034251	0.85014	12040023	1.03914	12045826	1.11234	12034251	13974.1689604065	12040023	1131445.23355852	12045826	2514624.12571696	12050802	16030	12056574	523739	12062393	1545302	12050802	0.85028	12056574	1.03893	12062393	1.11186	12050802	18852.6132568095	12056574	504113.847901206	12062393	1389835.05117551
102	12121127	14262	12126915	250129	12132718	1311871	12121127	0.85017	12126915	1.03945	12132718	1.11234	12121127	16775.4684357246	12126915	240635.913223339	12132718	1179379.50626607	12137694	15404	12143482	616028	12149285	956802	12137694	0.85054	12143482	1.03942	12149285	1.11219	12137694	18110.8472264679	12143482	592665.140174328	12149285	860286.461845548	12154246	12039	12160034	1175550	12165837	2794913	12154246	0.84977	12160034	1.03932	12165837	1.11178	12154246	14167.3629334997	12160034	1131076.08821152	12165837	2513908.32718703	12170813	15963	12176601	522879	12182404	1542781	12170813	0.84955	12176601	1.03875	12182404	1.11224	12170813	18789.9476193279	12176601	503373.285198556	12182404	1387093.6128893
103	12241138	14444	12246941	250313	12252745	1312048	12241138	0.8512	12246941	1.04014	12252745	1.11316	12241138	16968.984962406	12246941	240653.181302517	12252745	1178669.73301233	12257737	15359	12263509	614680	12269296	954249	12257737	0.85074	12263509	1.03946	12269296	1.11234	12257737	18053.6944307309	12263509	591345.50632059	12269296	857875.289929338	12274273	12026	12280060	1177835	12285863	2789474	12274273	0.85018	12280060	1.04006	12285863	1.11181	12274273	14145.2398315651	12280060	1132468.31913543	12285863	2508948.47141148	12290855	15922	12296627	522982	12302431	1542728	12290855	0.85132	12296627	1.04014	12302431	1.11225	12290855	18702.7204811352	12296627	502799.623127656	12302431	1387033.49067206
104	12361149	14168	12366937	249558	12372740	1307653	12361149	0.85033	12366937	1.03977	12372740	1.11154	12361149	16661.766608258	12366937	240012.695115266	12372740	1176433.5966317	12377716	15184	12383504	615370	12389307	950925	12377716	0.85083	12383504	1.03921	12389307	1.11083	12377716	17846.1032168588	12383504	592151.730641545	12389307	856049.080417346	12394284	12033	12400056	1176548	12405859	2785766	12394284	0.85075	12400056	1.03939	12405859	1.11166	12394284	14143.9905965325	12400056	1131960.09197703	12405859	2505951.45997877	12410835	15837	12416623	523714	12422426	1534819	12410835	0.85048	12416623	1.03906	12422426	1.1108	12410835	18621.2491769354	12416623	504026.716455258	12422426	1381723.98271516
105	12481160	14424	12486948	249820	12492767	1305670	12481160	0.85097	12486948	1.0396	12492767	1.11103	12481160	16950.0687450791	12486948	240303.963062716	12492767	1175188.78878158	12497743	15094	12503531	614913	12509318	950748	12497743	0.85007	12503531	1.03904	12509318	1.11268	12497743	17756.1847847824	12503531	591808.785032338	12509318	854466.693029442	12514295	12268	12520082	1176606	12525901	2781904	12514295	0.85057	12520082	1.03977	12525901	1.11237	12514295	14423.2691018964	12520082	1131602.18125162	12525901	2500880.10284348	12530878	16130	12536665	522438	12542468	1533957	12530878	0.85029	12536665	1.03976	12542468	1.1118	12530878	18969.9984711099	12536665	502460.183119181	12542468	1379705.88235294
106	12601171	14454	12606959	249632	12612762	1310423	12601171	0.85096	12606959	1.0394	12612762	1.11269	12601171	16985.5222337125	12606959	240169.328458726	12612762	1177707.17809992	12617738	15367	12623526	614233	12629329	947671	12617738	0.85109	12623526	1.03983	12629329	1.11308	12617738	18055.669788154	12623526	590705.211428791	12629329	851395.227656593	12634306	12229	12640093	1177876	12645897	2780125	12634306	0.85066	12640093	1.03987	12645897	1.11177	12634306	14375.8963628242	12640093	1132714.66625636	12645897	2500629.62663141	12650889	15765	12656661	521882	12662464	1532460	12650889	0.85056	12656661	1.03957	12662464	1.11256	12650889	18534.8476297968	12656661	502017.180180267	12662464	1377417.84712735
107	12721182	14251	12726970	249950	12732773	1309293	12721182	0.85036	12726970	1.03937	12732773	1.11145	12721182	16758.7845147937	12726970	240482.215188047	12732773	1178004.40865536	12737734	15184	12743521	616420	12749325	948159	12737734	0.85043	12743521	1.04065	12749325	1.1123	12737734	17854.4971367426	12743521	592341.32513333	12749325	852430.998831251	12754301	12425	12760073	1177769	12765876	2778090	12754301	0.85021	12760073	1.03945	12765876	1.11193	12754301	14614.0365321509	12760073	1133069.41170811	12765876	2498439.64997797	12770853	16026	12776640	523221	12782459	1529095	12770853	0.85139	12776640	1.03938	12782459	1.11147	12770853	18823.3359564947	12776640	503397.217572014	12782459	1375741.1356132
108	12841193	14389	12846981	250201	12852784	1310632	12841193	0.85052	12846981	1.03908	12852784	1.11228	12841193	16917.8855288529	12846981	240790.891942873	12852784	1178329.19768404	12857760	15310	12863532	614499	12869351	945457	12857760	0.85078	12863532	1.03996	12869351	1.11245	12857760	17995.2514163474	12863532	590887.14950575	12869351	849887.185940941	12874328	12406	12880115	1176395	12885919	2772707	12874328	0.85043	12880115	1.03945	12885919	1.11188	12874328	14587.9143492116	12880115	1131747.55880514	12885919	2493710.65222866	12890895	16075	12896683	521875	12902486	1528981	12890895	0.85026	12896683	1.03903	12902486	1.11242	12890895	18905.9816997154	12896683	502271.349239194	12902486	1374463.7816652
109	12961204	14188	12966992	249354	12972795	1307278	12961204	0.84967	12966992	1.04018	12972795	1.11156	12961204	16698.2475549331	12966992	239721.971197293	12972795	1176075.06567347	12977771	15475	12983544	614270	12989362	942481	12977771	0.85018	12983544	1.04016	12989362	1.11169	12977771	18202.0278058764	12983544	590553.37640363	12989362	847791.200784391	12994339	12416	13000126	1179011	13005930	2768343	12994339	0.85027	13000126	1.03993	13005930	1.11197	12994339	14602.4204076352	13000126	1133740.73254931	13005930	2489584.25137369	13010890	16412	13016678	522470	13022481	1523437	13010890	0.8508	13016678	1.03998	13022481	1.11202	13010890	19290.0799247767	13016678	502384.661243486	13022481	1369972.66236219
110	13081215	14393	13086987	250338	13092806	1311055	13081215	0.8507	13086987	1.03942	13092806	1.11219	13081215	16919.0078758669	13086987	240843.932192954	13092806	1178804.88046107	13097783	15332	13103570	614256	13109373	943561	13097783	0.85063	13103570	1.0389	13109373	1.11218	13097783	18024.2878807472	13103570	591256.136298008	13109373	848388.750022478	13114350	12474	13120137	1175245	13125941	2767299	13114350	0.85068	13120137	1.03948	13125941	1.11143	13114350	14663.5632670334	13120137	1130608.57351753	13125941	2489854.51175513	13130917	16023	13136720	520913	13142508	1521101	13130917	0.85097	13136720	1.03953	13142508	1.11166	13130917	18829.1009083752	13136720	501104.345232942	13142508	1368314.95241351
111	13201226	14221	13207014	249813	13212817	1309751	13201226	0.85049	13207014	1.03967	13212817	1.11115	13201226	16720.9490999306	13207014	240281.050718016	13212817	1178734.64428745	13217794	15536	13223581	614130	13229384	940375	13217794	0.85082	13223581	1.03954	13229384	1.11244	13217794	18260.0314990245	13223581	590770.917905997	13229384	845326.489518536	13234361	12419	13240148	1175664	13245952	2762639	13234361	0.84977	13240148	1.03955	13245952	1.11237	13234361	14614.5427586288	13240148	1130935.50093791	13245952	2483561.22513193	13250928	16236	13256700	523563	13262519	1522203	13250928	0.85074	13256700	1.03929	13262519	1.11258	13250928	19084.5616757176	13256700	503769.881361314	13262519	1368173.97400636
112	13321237	14367	13327025	249782	13332828	1313905	13321237	0.85002	13327025	1.0395	13332828	1.11278	13321237	16901.9552481118	13327025	240290.524290524	13332828	1180741.02697748	13337805	15373	13343577	613887	13349380	937712	13337805	0.85124	13343577	1.0392	13349380	1.11256	13337805	18059.5366759081	13343577	590730.369515012	13349380	842841.734378371	13354356	12446	13360144	1175397	13365931	2759256	13354356	0.85093	13360144	1.03941	13365931	1.11207	13354356	14626.3499935365	13360144	1130830.95217479	13365931	2481189.13377755	13370923	16429	13376695	521902	13382514	1515702	13370923	0.85101	13376695	1.04024	13382514	1.11206	13370923	19305.2960599758	13376695	501713.066215489	13382514	1362967.82547704
113	13441248	14359	13447036	250369	13452839	1315404	13441248	0.85141	13447036	1.04011	13452839	1.11257	13441248	16864.9651754149	13447036	240713.962946227	13452839	1182311.2253611	13457816	15479	13463603	615605	13469422	937775	13457816	0.85085	13463603	1.03949	13469422	1.1122	13457816	18192.3958394547	13463603	592218.299358339	13469422	843171.192231613	13474398	12579	13480186	1175645	13485974	2758391	13474398	0.85123	13480186	1.04003	13485974	1.11235	13474398	14777.4397048976	13480186	1130395.27705932	13485974	2479786.93756462	13490966	16159	13496753	522968	13502556	1514439	13490966	0.85071	13496753	1.04046	13502556	1.11147	13490966	18994.7220556947	13496753	502631.528362455	13502556	1362554.9947367
114	13561259	14416	13567047	249262	13572850	1316120	13561259	0.85031	13567047	1.03912	13572850	1.11233	13561259	16953.8168432689	13567047	239877.973670029	13572850	1183210.01860959	13577827	15421	13583614	613634	13589417	936007	13577827	0.85073	13583614	1.03932	13589417	1.11189	13577827	18126.7852315071	13583614	590418.735326945	13589417	841816.186853016	13594394	12539	13600181	1175301	13605985	2750798	13594394	0.85086	13600181	1.03967	13605985	1.11198	13594394	14736.8544766472	13600181	1130455.81771139	13605985	2473783.7011457	13610945	16182	13616733	522751	13622536	1511150	13610945	0.85015	13616733	1.03976	13622536	1.11085	13610945	19034.2880668117	13616733	502761.214126337	13622536	1360354.68335059
115	13681270	14474	13687058	249214	13692861	1314043	13681270	0.85036	13687058	1.03911	13692861	1.11118	13681270	17021.0263888236	13687058	239834.08878752	13692861	1182565.38094638	13697838	15505	13703625	615355	13709444	936144	13697838	0.84991	13703625	1.03905	13709444	1.11179	13697838	18243.1080937982	13703625	592228.477936577	13709444	842015.12875633	13714420	12455	13720192	1174064	13725996	2747557	13714420	0.85073	13720192	1.03939	13725996	1.11159	13714420	14640.3676842241	13720192	1129570.22869183	13725996	2471735.98179185	13730956	16398	13736744	523943	13742547	1510945	13730956	0.851	13736744	1.03975	13742547	1.11198	13730956	19269.0951821387	13736744	503912.478961289	13742547	1358787.92784043
116	13801281	14419	13807069	249480	13812872	1317283	13801281	0.85034	13807069	1.03934	13812872	1.11203	13801281	16956.7467130795	13807069	240036.946523755	13812872	1184575.05642833	13817849	15332	13823636	614236	13829439	933840	13817849	0.85049	13823636	1.03926	13829439	1.11151	13817849	18027.2548766005	13823636	591032.080518831	13829439	840154.384575937	13834416	12672	13840203	1174356	13846007	2744599	13834416	0.8503	13840203	1.03992	13846007	1.11179	13834416	14902.9754204398	13840203	1129275.32887145	13846007	2468630.76660161	13850983	16226	13856771	521723	13862574	1510719	13850983	0.85117	13856771	1.03966	13862574	1.11338	13850983	19063.1718693093	13856771	501820.787565166	13862574	1356876.35847599
117	13921292	14416	13927080	249312	13932883	1320790	13921292	0.8515	13927080	1.04033	13932883	1.11267	13921292	16930.1233118027	13927080	239647.035075409	13932883	1187045.57505819	13937860	15493	13943647	614562	13949466	933205	13937860	0.85091	13943647	1.04026	13949466	1.11289	13937860	18207.5660175577	13943647	590777.305673582	13949466	838541.994267178	13954442	12711	13960214	1175323	13966018	2745220	13954442	0.85121	13960214	1.04048	13966018	1.11334	13954442	14932.8602812467	13960214	1129596.91680763	13966018	2465751.70208562	13970978	16391	13976766	522888	13982569	1505092	13970978	0.85197	13976766	1.04038	13982569	1.11296	13970978	19238.9403382748	13976766	502593.283223438	13982569	1352332.5186889
118	14041303	14335	14047091	248936	14052894	1318867	14041303	0.85162	14047091	1.04009	14052894	1.11156	14041303	16832.6248796412	14047091	239340.826274649	14052894	1186500.95361474	14057871	15546	14063658	615446	14069461	932058	14057871	0.85138	14063658	1.04004	14069461	1.11238	14057871	18259.7664967465	14063658	591752.24029845	14069461	837895.323540517	14074438	12925	14080225	1175603	14086013	2739218	14074438	0.85126	14080225	1.04013	14086013	1.11224	14074438	15183.375232009	14080225	1130246.2192226	14086013	2462794.00129468	14091005	16261	14096793	520827	14102596	1498880	14091005	0.85124	14096793	1.03977	14102596	1.11145	14091005	19102.7207368075	14096793	500905.969589428	14102596	1348580.68289172
119	14161314	14411	14167102	249622	14172905	1321829	14161314	0.85189	14167102	1.04059	14172905	1.11233	14161314	16916.5033044172	14167102	239885.065203394	14172905	1188342.48829035	14177882	15666	14183669	612207	14189472	932009	14177882	0.85137	14183669	1.04023	14189472	1.11282	14177882	18400.930265337	14183669	588530.421156859	14189472	837519.994248845	14194449	12691	14200236	1176584	14206040	2732317	14194449	0.85079	14200236	1.04116	14206040	1.11166	14194449	14916.7244560937	14200236	1130070.30619693	14206040	2457871.11167083	14211016	16296	14216788	521406	14222591	1496499	14211016	0.85111	14216788	1.03983	14222591	1.11232	14211016	19146.7612882001	14216788	501433.88823173	14222591	1345385.320771
120	14281325	14305	14287113	248689	14292916	1325817	14281325	0.85077	14287113	1.04001	14292916	1.112	14281325	16814.180095678	14287113	239121.739214046	14292916	1192281.47482014	14297877	15709	14303665	615566	14309468	930764	14297877	0.85099	14303665	1.04069	14309468	1.11165	14297877	18459.6763769257	14303665	591497.948476492	14309468	837281.518463545	14314444	13013	14320232	1175367	14326035	2728903	14314444	0.85024	14320232	1.04003	14326035	1.11204	14314444	15305.090327437	14320232	1130127.97707758	14326035	2453961.18844646	14331011	16514	14336799	524226	14342602	1496610	14331011	0.85092	14336799	1.03988	14342602	1.11162	14331011	19407.2298218399	14336799	504121.629418779	14342602	1346332.37977007
121	14401336	14436	14407124	248194	14412927	1326713	14401336	0.85125	14407124	1.03928	14412927	1.11216	14401336	16958.59030837	14407124	238813.40928335	14412927	1192915.58768523	14417919	15647	14423707	613268	14429510	928385	14417919	0.85053	14423707	1.03991	14429510	1.11179	14417919	18396.7643704514	14423707	589731.803713783	14429510	835036.292825084	14434471	12919	14440274	1173154	14446062	2726156	14434471	0.85051	14440274	1.03965	14446062	1.11221	14434471	15189.7097035896	14440274	1128412.44649642	14446062	2451116.24603267	14451038	16367	14456826	521243	14462629	1491445	14451038	0.8509	14456826	1.03971	14462629	1.11137	14451038	19234.9277235868	14456826	501334.987640784	14462629	1341987.81683868
122	14521347	14127	14527135	248635	14532938	1326891	14521347	0.85062	14527135	1.04017	14532938	1.11136	14521347	16607.8860125555	14527135	239033.042675716	14532938	1193934.45868126	14537915	15663	14543687	614169	14549505	928794	14537915	0.85099	14543687	1.0394	14549505	1.11241	14537915	18405.6216876814	14543687	590888.012314797	14549505	834938.556827069	14554482	13020	14560269	1173462	14566073	2721552	14554482	0.8516	14560269	1.04056	14566073	1.11166	14554482	15288.8680131517	14560269	1127721.61143999	14566073	2448187.39542666	14571049	16438	14576837	521074	14582640	1490729	14571049	0.8506	14576837	1.03957	14582640	1.11209	14571049	19325.1822243122	14576837	501239.935742663	14582640	1340475.14140043
123	14641358	14415	14647146	248449	14652949	1329137	14641358	0.84919	14647146	1.03978	14652949	1.1128	14641358	16974.9997056018	14647146	238943.815037796	14652949	1194407.80014378	14657926	15523	14663713	613367	14669516	927033	14657926	0.85077	14663713	1.03972	14669516	1.11121	14657926	18245.824370864	14663713	589934.790135806	14669516	834255.451264838	14674493	12957	14680280	1172654	14686068	2715711	14674493	0.85098	14680280	1.03925	14686068	1.11222	14674493	15225.9747585137	14680280	1128365.64830407	14686068	2441703.08032583	14691045	16448	14696832	521209	14702635	1487507	14691045	0.85112	14696832	1.03989	14702635	1.11147	14691045	19325.1245417802	14696832	501215.513179279	14702635	1338324.02134111
124	14761369	14369	14767157	248938	14772960	1331087	14761369	0.85016	14767157	1.03932	14772960	1.11159	14761369	16901.5244189329	14767157	239520.070815533	14772960	1197462.19379447	14777937	15492	14783724	612736	14789527	926493	14777937	0.85024	14783724	1.03866	14789527	1.11151	14777937	18220.7376740685	14783724	589929.332023954	14789527	833544.457539743	14794504	12865	14800276	1173243	14806079	2712144	14794504	0.84997	14800276	1.03883	14806079	1.1108	14794504	15135.8283233526	14800276	1129388.83166639	14806079	2441613.25171048	14811071	16599	14816859	521705	14822662	1483134	14811071	0.85028	14816859	1.0393	14822662	1.11085	14811071	19521.80458202	14816859	501977.292408352	14822662	1335134.35657379
125	14881380	14412	14887168	249039	14892971	1333041	14881380	0.85124	14887168	1.03995	14892971	1.11166	14881380	16930.5953667591	14887168	239472.090004327	14892971	1199144.52260583	14897948	15798	14903720	613664	14909523	926808	14897948	0.85096	14903720	1.03997	14909523	1.11189	14897948	18564.9149196202	14903720	590078.55995846	14909523	833542.886436608	14914499	13006	14920287	1169560	14926090	2711078	14914499	0.85107	14920287	1.03982	14926090	1.11246	14914499	15281.9392059408	14920287	1124771.59508376	14926090	2437011.66783525	14931067	16448	14936854	523382	14942657	1482973	14931067	0.8513	14936854	1.04071	14942657	1.11207	14931067	19321.0384118407	14936854	502908.591250204	14942657	1333524.86803888
126	15001391	14368	15007179	248316	15012982	1334837	15001391	0.85075	15007179	1.03996	15012982	1.11208	15001391	16888.6276814575	15007179	238774.568252625	15012982	1200306.63261636	15017943	15807	15023731	612380	15029534	926088	15017943	0.85103	15023731	1.03956	15029534	1.11167	15017943	18573.9633150418	15023731	589076.147600908	15029534	833060.170734121	15034510	13015	15040298	1171743	15046117	2705552	15034510	0.85084	15040298	1.03883	15046117	1.11112	15034510	15296.6480184288	15040298	1127944.89955046	15046117	2434977.32018144	15051078	16699	15056865	520280	15062684	1481767	15051078	0.85019	15056865	1.03983	15062684	1.11159	15051078	19641.4919018102	15056865	500351.018916554	15062684	1333015.77020304
127	15121402	14440	15127190	249137	15132993	1338173	15121402	0.85073	15127190	1.0388	15132993	1.11139	15121402	16973.6579173181	15127190	239831.53638814	15132993	1204053.48257587	15137985	15623	15143757	614676	15149576	927204	15137985	0.85048	15143757	1.03869	15149576	1.11196	15137985	18369.6265638228	15143757	591780.030615487	15149576	833846.541242491	15154553	13089	15160340	1171624	15166143	2705158	15154553	0.84982	15160340	1.03805	15166143	1.11159	15154553	15402.085147443	15160340	1128677.80935408	15166143	2433593.32127853	15171120	16746	15176907	522090	15182695	1476093	15171120	0.8493	15176907	1.03892	15182695	1.11042	15171120	19717.4143412222	15176907	502531.474993262	15182695	1329310.53115038
128	15241413	14433	15247201	248515	15253004	1339349	15241413	0.85017	15247201	1.03925	15253004	1.11164	15241413	16976.6046790642	15247201	239129.179696897	15253004	1204840.59587636	15257981	15826	15263753	613849	15269587	926628	15257981	0.85057	15263753	1.03883	15269587	1.11178	15257981	18606.3463324594	15263753	590904.190291001	15269587	833463.45500009	15274564	13161	15280336	1170817	15286139	2697135	15274564	0.85014	15280336	1.03834	15286139	1.11126	15274564	15480.9796033594	15280336	1127585.3766589	15286139	2427096.26909994	15291115	16840	15296903	520973	15302706	1471142	15291115	0.85038	15296903	1.03892	15302706	1.11005	15291115	19802.9116395023	15296903	501456.320024641	15302706	1325293.45524976
129	15361424	14533	15367212	248260	15373015	1341664	15361424	0.84995	15367212	1.03917	15373015	1.11193	15361424	17098.6528619331	15367212	238902.200794865	15373015	1206608.32966104	15378007	15657	15383795	614948	15389583	926193	15378007	0.84917	15383795	1.03784	15389583	1.11154	15378007	18438.0041687766	15383795	592526.786402528	15389583	833252.064703025	15394559	13191	15400347	1177001	15406150	2697926	15394559	0.84957	15400347	1.03998	15406150	1.11125	15394559	15526.6782019139	15400347	1131753.49525952	15406150	2427829.92125984	15411126	16411	15416914	522072	15422717	1469317	15411126	0.84962	15416914	1.03979	15422717	1.11118	15411126	19315.6940749982	15416914	502093.691995499	15422717	1322303.31719433
130	15481435	14455	15487223	248817	15493026	1344339	15481435	0.85006	15487223	1.03927	15493026	1.11065	15481435	17004.6820224455	15487223	239415.166414887	15493026	1210407.41907892	15498003	15474	15503790	612306	15509594	925104	15498003	0.84978	15503790	1.0384	15509594	1.11053	15498003	18209.4189084234	15503790	589662.942989214	15509594	833029.274310464	15514570	13101	15520342	1171609	15526145	2695655	15514570	0.85049	15520342	1.03987	15526145	1.11148	15514570	15404.0611882562	15520342	1126687.95137854	15526145	2425284.30561054	15531137	16600	15536909	521573	15542712	1467049	15531137	0.84959	15536909	1.03962	15542712	1.11115	15531137	19538.8363799009	15536909	501695.811931283	15542712	1320297.88957386
131	15601447	14470	15607234	248500	15613037	1346851	15601447	0.85	15607234	1.03828	15613037	1.11179	15601447	17023.5294117647	15607234	239338.136148245	15613037	1211425.71888576	15618014	15846	15623801	613386	15629620	925993	15618014	0.85065	15623801	1.03929	15629620	1.11139	15618014	18628.1079174749	15623801	590197.15382617	15629620	833184.570672761	15634597	13257	15640369	1169903	15646156	2685622	15634597	0.84961	15640369	1.03943	15646156	1.11006	15634597	15603.629900778	15640369	1125523.60428312	15646156	2419348.50368449	15651133	16805	15656920	520181	15662723	1463431	15651133	0.84942	15656920	1.03864	15662723	1.11041	15651133	19784.0879659061	15656920	500828.968651313	15662723	1317919.50720905
132	15721458	14331	15727245	248800	15733048	1347586	15721458	0.84912	15727245	1.03882	15733048	1.11036	15721458	16877.4731486716	15727245	239502.512466067	15733048	1213647.82593033	15738025	15739	15743812	614736	15749616	924884	15738025	0.84928	15743812	1.0396	15749616	1.11187	15738025	18532.1684250188	15743812	591319.738360908	15749616	831827.461843561	15754576	13313	15760364	1170971	15766167	2682982	15754576	0.84997	15760364	1.03921	15766167	1.11189	15754576	15662.9057496147	15760364	1126789.58054676	15766167	2412992.29240303	15771159	16672	15776931	520767	15782750	1463004	15771159	0.85037	15776931	1.03942	15782750	1.11094	15771159	19605.5834519092	15776931	501016.913278559	15782750	1316906.40358615
133	15841469	14485	15847256	247997	15853059	1351585	15841469	0.85069	15847256	1.03907	15853059	1.11123	15841469	17027.3542653611	15847256	238672.081765425	15853059	1216296.35628988	15858036	15818	15863808	613230	15869627	922851	15858036	0.85111	15863808	1.03954	15869627	1.11111	15858036	18585.1417560597	15863808	589905.150354965	15869627	830566.730566731	15874603	13090	15880391	1168480	15886178	2676381	15874603	0.85062	15880391	1.03922	15886178	1.11042	15874603	15388.7752462909	15880391	1124381.74784935	15886178	2410242.07056789	15891155	16748	15896942	520376	15902761	1459952	15891155	0.85023	15896942	1.04017	15902761	1.11121	15891155	19698.1993107747	15896942	500279.761961987	15902761	1313839.86825173
134	15961480	14530	15967267	247975	15973070	1350800	15961480	0.85034	15967267	1.03907	15973070	1.11087	15961480	17087.2827339652	15967267	238650.90898592	15973070	1215983.86849946	15978031	15781	15983819	613748	15989606	926787	15978031	0.85034	15983819	1.04003	15989606	1.11174	15978031	18558.4589693534	15983819	590125.284847552	15989606	833636.461762642	15994598	13364	16000370	1170126	16006189	2675534	15994598	0.85079	16000370	1.03869	16006189	1.11126	15994598	15707.7539698398	16000370	1126540.16116454	16006189	2407657.97383151	16011166	16813	16016953	520454	16022756	1456534	16011166	0.85036	16016953	1.03949	16022756	1.11126	16011166	19771.6261348135	16016953	500682.065243533	16022756	1310704.96553462
135	16081491	14606	16087294	249403	16093097	1357540	16081491	0.85026	16087294	1.03913	16093097	1.11082	16081491	17178.2748806248	16087294	240011.355653287	16093097	1222106.19182226	16098073	15912	16103861	613947	16109664	924721	16098073	0.84969	16103861	1.03883	16109664	1.11063	16098073	18726.8297849804	16103861	590998.527189242	16109664	832609.419878808	16114641	13320	16120428	1169174	16126231	2672489	16114641	0.85034	16120428	1.03938	16126231	1.11103	16114641	15664.3225062916	16120428	1124876.36860436	16126231	2405415.69534576	16131208	16909	16136995	520135	16142799	1454623	16131208	0.85089	16136995	1.03877	16142799	1.11124	16131208	19872.1338833457	16136995	500722.007759177	16142799	1309008.85497282
136	16201502	14453	16207305	248867	16213108	1357957	16201502	0.85004	16207305	1.0381	16213108	1.11072	16201502	17002.7292833278	16207305	239733.166361622	16213108	1222591.6522616	16218069	15653	16223841	613736	16229644	924136	16218069	0.84974	16223841	1.03861	16229644	1.11008	16218069	18420.9287546779	16223841	590920.557283292	16229644	832494.955318536	16234636	13607	16240424	1168457	16246211	2664299	16234636	0.85004	16240424	1.03809	16246211	1.1109	16234636	16007.482000847	16240424	1125583.52358659	16246211	2398324.78170852	16251188	16895	16256975	521247	16262778	1451011	16251188	0.84945	16256975	1.03948	16262778	1.10986	16251188	19889.3401612808	16256975	501449.76334321	16262778	1307382.01214568
137	16321513	14419	16327316	249594	16333119	1361918	16321513	0.8494	16327316	1.03886	16333119	1.11051	16321513	16975.5121262067	16327316	240257.590050632	16333119	1226389.67681516	16338095	16135	16343883	613310	16349686	925456	16338095	0.85024	16343883	1.03805	16349686	1.11011	16338095	18976.9947308995	16343883	590828.958142671	16349686	833661.529037663	16354663	13329	16360435	1169992	16366238	2659863	16354663	0.85051	16360435	1.03813	16366238	1.10994	16354663	15671.7734065443	16360435	1127018.77414197	16366238	2396402.50824369	16371214	16868	16377002	522259	16382805	1449607	16371214	0.85001	16377002	1.03855	16382805	1.11099	16371214	19844.4724179716	16377002	502873.236724279	16382805	1304788.52194889
138	16441524	14535	16447311	247556	16453114	1364429	16441524	0.8493	16447311	1.03869	16453114	1.11041	16441524	17114.0939597315	16447311	238334.825597628	16453114	1228761.44847399	16458091	16031	16463878	611900	16469682	925643	16458091	0.84992	16463878	1.03731	16469682	1.10895	16458091	18861.7752259036	16463878	589891.160790892	16469682	834702.195770774	16474658	13301	16480446	1169260	16486233	2657793	16474658	0.85002	16480446	1.03769	16486233	1.10978	16474658	15647.8671090092	16480446	1126791.23823107	16486233	2394882.76955793	16491225	16854	16497013	518730	16502816	1447489	16491225	0.85014	16497013	1.03808	16502816	1.11005	16491225	19824.9700049404	16497013	499701.371763255	16502816	1303985.40606279
139	16561535	14252	16567338	248860	16573141	1366209	16561535	0.84935	16567338	1.03831	16573141	1.1095	16561535	16779.8905045034	16567338	239677.938188017	16573141	1231373.59170798	16578117	15800	16583905	611644	16589708	926037	16578117	0.84978	16583905	1.03793	16589708	1.10969	16578117	18593.0476123232	16583905	589292.148796162	16589708	834500.626301039	16594685	13681	16600457	1164979	16606260	2650685	16594685	0.84962	16600457	1.03782	16606260	1.10935	16594685	16102.4928791695	16600457	1122525.10069183	16606260	2389403.70487222	16611252	16835	16617024	521230	16622827	1442243	16611252	0.84971	16617024	1.03837	16622827	1.10995	16611252	19812.6419601982	16617024	501969.432861119	16622827	1299376.54849318
140	16681546	14368	16687333	247665	16693136	1366107	16681546	0.84889	16687333	1.03859	16693136	1.1095	16681546	16925.6322962928	16687333	238462.72350013	16693136	1231281.65840469	16698113	15963	16703885	613786	16709688	923759	16698113	0.84934	16703885	1.03723	16709688	1.11015	16698113	18794.593449031	16703885	591754.962737291	16709688	832102.868981669	16714664	13772	16720452	1169018	16726240	2644372	16714664	0.84948	16720452	1.03757	16726240	1.1092	16714664	16212.2710363987	16720452	1126688.3198242	16726240	2384035.34078615	16731216	17173	16736988	519532	16742791	1443933	16731216	0.84915	16736988	1.03806	16742791	1.11069	16731216	20223.7531649296	16736988	500483.594397241	16742791	1300032.41228426
141	16801557	14602	16807344	248829	16813163	1373582	16801557	0.85013	16807344	1.03829	16813163	1.11148	16801557	17176.1965816993	16807344	239652.698186441	16813163	1235813.50991471	16818124	15833	16823896	611660	16829699	925516	16818124	0.84963	16823896	1.03816	16829699	1.11074	16818124	18635.1706036745	16823896	589177.005471218	16829699	833242.703062823	16834675	13604	16840463	1167307	16846266	2643866	16834675	0.85039	16840463	1.03881	16846266	1.10905	16834675	15997.3659144628	16840463	1123696.34485613	16846266	2383901.53735179	16851227	16809	16857015	519616	16862818	1439157	16851227	0.85051	16857015	1.03929	16862818	1.1111	16851227	19763.4360560135	16857015	499972.096334998	16862818	1295254.25254253
142	16921568	14500	16927355	247806	16933174	1372558	16921568	0.84956	16927355	1.03844	16933174	1.1097	16921568	17067.6585526626	16927355	238632.949424136	16933174	1236873.02874651	16938150	16218	16943954	613077	16949757	925583	16938150	0.8492	16943954	1.03679	16949757	1.10962	16938150	19097.9745642958	16943954	591322.25426557	16949757	834144.121410934	16954733	13844	16960521	1166321	16966324	2642930	16954733	0.84994	16960521	1.03815	16966324	1.10979	16954733	16288.2085794291	16960521	1123460.96421519	16966324	2381468.56612512	16971301	17152	16977088	521267	16982891	1435859	16971301	0.84928	16977088	1.03835	16982891	1.10951	16971301	20195.9306706858	16977088	502014.734915973	16982891	1294137.95278997
143	17041579	14597	17047366	248424	17053185	1379045	17041579	0.84929	17047366	1.03881	17053185	1.11029	17041579	17187.2976250751	17047366	239142.865394057	17053185	1242058.38114367	17058161	15955	17063949	614606	17069737	925027	17058161	0.84972	17063949	1.0391	17069737	1.1095	17058161	18776.7735253966	17063949	591479.164661727	17069737	833733.213159081	17074713	13828	17080501	1169435	17086304	2635616	17074713	0.85012	17080501	1.03899	17086304	1.10977	17074713	16265.9389262692	17080501	1125549.81279897	17086304	2374920.92956198	17091280	17073	17097068	518406	17102871	1434657	17091280	0.85018	17097068	1.0387	17102871	1.11046	17091280	20081.6297725188	17097068	499091.171656879	17102871	1291948.38175171
144	17161590	14731	17167377	247809	17173180	1380119	17161590	0.85031	17167377	1.03837	17173180	1.10935	17161590	17324.2699721278	17167377	238651.925614184	17173180	1244078.96515978	17178157	16062	17183929	613349	17189732	926202	17178157	0.8497	17183929	1.03852	17189732	1.11018	17178157	18903.1422855125	17183929	590599.121827216	17189732	834280.927417176	17194709	14125	17200496	1164231	17206299	2634510	17194709	0.85061	17200496	1.03786	17206299	1.11031	17194709	16605.7300055254	17200496	1121761.123851	17206299	2372769.76700201	17211260	16975	17217048	519874	17222851	1430440	17211260	0.8495	17217048	1.03813	17222851	1.11008	17211260	19982.3425544438	17217048	500779.285831254	17222851	1288591.81320265
145	17281601	14512	17287404	247579	17293207	1382648	17281601	0.84959	17287404	1.03767	17293207	1.11001	17281601	17081.1803340435	17287404	238591.266973123	17293207	1245617.60704859	17298183	16030	17303987	611662	17309790	927681	17298183	0.85023	17303987	1.0377	17309790	1.11002	17298183	18853.7219340649	17303987	589440.107931001	17309790	835733.590385759	17314766	13971	17320538	1165216	17326342	2631292	17314766	0.84984	17320538	1.03771	17326342	1.11085	17314766	16439.565094606	17320538	1122872.47882356	17326342	2368719.44907053	17331318	17107	17337106	520047	17342893	1423672	17331318	0.85016	17337106	1.03842	17342893	1.10961	17331318	20122.0946645337	17337106	500806.03224129	17342893	1283038.18458738
146	17401612	14533	17407399	248588	17413202	1384496	17401612	0.85006	17407399	1.03827	17413202	1.10852	17401612	17096.4402512764	17407399	239425.19768461	17413202	1248958.97232346	17418179	15900	17423967	612964	17429754	926688	17418179	0.85016	17423967	1.03816	17429754	1.10926	17418179	18702.3619083467	17423967	590433.073899977	17429754	835410.994717199	17434731	14032	17440518	1166457	17446321	2625815	17434731	0.8495	17440518	1.0376	17446321	1.11067	17434731	16517.9517363155	17440518	1124187.54818813	17446321	2364172.0763143	17451282	17338	17457054	519632	17462857	1424825	17451282	0.84927	17457054	1.03768	17462857	1.1097	17451282	20415.180095847	17457054	500763.241076247	17462857	1283973.14589529
147	17521623	14439	17527410	248429	17533213	1390412	17521623	0.84958	17527410	1.03848	17533213	1.10922	17521623	16995.4565785447	17527410	239223.673060627	17533213	1253504.26425777	17538190	16239	17543962	612304	17549765	928508	17538190	0.84957	17543962	1.03823	17549765	1.11033	17538190	19114.3755076097	17543962	589757.568168903	17549765	836245.080291445	17554757	13928	17560529	1164973	17566332	2612568	17554757	0.84962	17560529	1.03789	17566332	1.10942	17554757	16393.2110826016	17560529	1122443.61155807	17566332	2354895.3507238	17571309	17175	17577112	521378	17582900	1421636	17571309	0.84961	17577112	1.03881	17582900	1.10937	17571309	20215.1575428726	17577112	501899.288609082	17582900	1281480.47991202
148	17641634	14597	17647421	247485	17653240	1390777	17641634	0.85037	17647421	1.0382	17653240	1.11012	17641634	17165.4691487235	17647421	238378.925062608	17653240	1252816.81259684	17658217	15972	17664020	613879	17669823	928579	17658217	0.85024	17664020	1.03791	17669823	1.10991	17658217	18785.2841550621	17664020	591456.870056171	17669823	836625.492157022	17674799	13815	17680571	1166937	17686375	2613861	17674799	0.8495	17680571	1.03868	17686375	1.11031	17674799	16262.507357269	17680571	1123480.76404667	17686375	2354172.25819816	17691367	17050	17697154	519721	17702942	1418859	17691367	0.85021	17697154	1.03805	17702942	1.11026	17691367	20053.8690441185	17697154	500670.487934107	17702942	1277952.01124061
149	17761645	14705	17767432	247401	17773251	1394127	17761645	0.84979	17767432	1.03731	17773251	1.10942	17761645	17304.2751738665	17767432	238502.472741996	17773251	1256626.88612068	17778228	16333	17784015	613243	17789803	928806	17778228	0.84963	17784015	1.03797	17789803	1.10879	17778228	19223.6620646634	17784015	590809.946337563	17789803	837675.303709449	17794779	14056	17800567	1166662	17806370	2609561	17794779	0.8502	17800567	1.03793	17806370	1.10968	17794779	16532.5805692778	17800567	1124027.63192123	17806370	2351633.80433999	17811346	17233	17817134	520623	17822937	1413640	17811346	0.85008	17817134	1.0394	17822937	1.10912	17811346	20272.2096743836	17817134	500888.012314797	17822937	1274560.01154068
150	17881656	14523	17887443	249432	17893262	1399221	17881656	0.84968	17887443	1.03837	17893262	1.11016	17881656	17092.317107617	17887443	240214.952280979	17893262	1260377.78338258	17898223	16011	17904011	613523	17909814	929810	17898223	0.84947	17904011	1.03852	17909814	1.10926	17898223	18848.2230096413	17904011	590766.667950545	17909814	838225.483655771	17914806	13945	17920578	1166296	17926381	2605476	17914806	0.84994	17920578	1.03801	17926381	1.10967	17914806	16407.0404969763	17920578	1123588.40473599	17926381	2347973.72191733	17931357	17217	17937145	519157	17942964	1410313	17931357	0.85	17937145	1.03758	17942964	1.10799	17931357	20255.2941176471	17937145	500353.707665915	17942964	1272857.1557505
151	18001667	14698	18007454	247611	18013273	1398970	18001667	0.85009	18007454	1.03789	18013273	1.10883	18001667	17289.9340069875	18007454	238571.524920753	18013273	1261663.19453839	18018250	16104	18024022	614826	18029825	929966	18018250	0.8497	18024022	1.03876	18029825	1.10905	18018250	18952.5714958221	18024022	591884.554661327	18029825	838524.863622019	18034801	14051	18040589	1167002	18046392	2596759	18034801	0.84972	18040589	1.03841	18046392	1.10901	18034801	16536.0353998964	18040589	1123835.4792423	18046392	2341510.89710643	18051384	17234	18057172	518496	18062975	1409753	18051384	0.84898	18057172	1.0378	18062975	1.10944	18051384	20299.6537020896	18057172	499610.714973983	18062975	1270688.81597923
152	18121678	14427	18127481	248143	18133284	1405073	18121678	0.85058	18127481	1.03778	18133284	1.11049	18121678	16961.367537445	18127481	239109.445161788	18133284	1265272.98760007	18138261	16080	18144048	614557	18149851	932155	18138261	0.8498	18144048	1.03827	18149851	1.11048	18138261	18922.0993174865	18144048	591904.803182217	18149851	839416.288451841	18154828	13913	18160615	1166039	18166403	2597569	18154828	0.84987	18160615	1.03882	18166403	1.11042	18154828	16370.7390542083	18160615	1122464.91211182	18166403	2339267.12415122	18171395	17303	18177167	517282	18182970	1408059	18171395	0.84992	18177167	1.03912	18182970	1.10928	18171395	20358.3866716867	18177167	497807.760412657	18182970	1269344.98052791
153	18241689	14678	18247492	248590	18253295	1404907	18241689	0.84991	18247492	1.03914	18253295	1.11031	18241689	17270.0638891177	18247492	239226.668206401	18253295	1265328.60192199	18258272	16300	18264075	612652	18269878	934188	18258272	0.85067	18264075	1.03931	18269878	1.10998	18258272	19161.3669225434	18264075	589479.558553271	18269878	841625.975242797	18274854	14411	18280626	1164557	18286430	2591688	18274854	0.85011	18280626	1.0388	18286430	1.11036	18274854	16951.9238686758	18280626	1121059.8767809	18286430	2334097.04960553	18291406	17349	18297194	517063	18302997	1403416	18291406	0.85024	18297194	1.03833	18302997	1.10916	18291406	20404.8268724125	18297194	497975.595427273	18302997	1265296.26023297
154	18361700	14583	18367487	247325	18373306	1408014	18361700	0.85052	18367487	1.03919	18373306	1.11025	18361700	17145.9812820392	18367487	237997.863720783	18373306	1268195.45147489	18378267	16340	18384055	612569	18389842	932979	18378267	0.84967	18384055	1.0386	18389842	1.11002	18378267	19230.9955629833	18384055	589802.618910071	18389842	840506.477360768	18394819	14011	18400606	1160704	18406409	2587120	18394819	0.84986	18400606	1.0388	18406409	1.10974	18394819	16486.2447932601	18400606	1117350.78937235	18406409	2331284.80544993	18411386	17377	18417189	516113	18422992	1397447	18411386	0.84941	18417189	1.03864	18422992	1.10909	18411386	20457.7294828175	18417189	496912.308403297	18422992	1259994.22950347
155	18481711	14717	18487498	247152	18493317	1413539	18481711	0.85019	18487498	1.03905	18493317	1.10907	18481711	17310.2482974394	18487498	237863.432943554	18493317	1274526.405006	18498278	16299	18504050	610710	18509853	932708	18498278	0.84978	18504050	1.03831	18509853	1.11001	18498278	19180.2584198263	18504050	588176.94137589	18509853	840269.907478311	18514830	14030	18520617	1162752	18526420	2582044	18514830	0.85005	18520617	1.03844	18526420	1.11014	18514830	16504.9114757955	18520617	1119710.33473287	18526420	2325872.41248852	18531397	17573	18537184	516637	18542988	1398839	18531397	0.85055	18537184	1.0389	18542988	1.1104	18531397	20660.7489271648	18537184	497292.328424295	18542988	1259761.34726225
156	18601722	14740	18607509	247712	18613328	1417376	18601722	0.85036	18607509	1.03963	18613328	1.10969	18601722	17333.8350816125	18607509	238269.384300184	18613328	1277272.03092756	18618289	16125	18624077	612311	18629880	936547	18618289	0.85065	18624077	1.03839	18629880	1.10984	18618289	18956.0923999295	18624077	589673.436762681	18629880	843857.673178116	18634856	14254	18640644	1160727	18646431	2579201	18634856	0.85104	18640644	1.03826	18646431	1.11121	18634856	16748.9189697312	18640644	1117954.07701346	18646431	2321074.32438513	18651423	17225	18657211	517174	18663014	1394198	18651423	0.85066	18657211	1.03815	18663014	1.10993	18651423	20248.9831425011	18657211	498168.858064827	18663014	1256113.44859586
157	18721733	14650	18727520	246363	18733324	1416847	18721733	0.8502	18727520	1.03818	18733324	1.10909	18721733	17231.2397083039	18727520	237302.779864763	18733324	1277486.04711971	18738300	16327	18744088	610830	18749891	936135	18738300	0.84953	18744088	1.03802	18749891	1.11009	18738300	19218.8621943898	18744088	588456.86980983	18749891	843296.489473826	18754867	14208	18760639	1160684	18766442	2571380	18754867	0.8499	18760639	1.03809	18766442	1.1091	18754867	16717.2608542181	18760639	1118095.73351058	18766442	2318438.37345596	18771403	17345	18777191	516865	18783010	1393065	18771403	0.84972	18777191	1.03804	18783010	1.10875	18771403	20412.6065056725	18777191	497923.972101268	18783010	1256428.41037204
158	18841744	14684	18847531	247478	18853335	1421240	18841744	0.85025	18847531	1.03814	18853335	1.109	18841744	17270.2146427521	18847531	238385.959504498	18853335	1281550.94679892	18858311	16465	18864083	613160	18869886	936038	18858311	0.84973	18864083	1.03809	18869886	1.10947	18858311	19376.7432007814	18864083	590661.695999383	18869886	843680.315826476	18874863	14168	18880650	1160852	18886453	2568109	18874863	0.85016	18880650	1.03857	18886453	1.10907	18874863	16665.0983344312	18880650	1117740.73967089	18886453	2315551.76859892	18891430	17455	18897217	517947	18903021	1389716	18891430	0.84957	18897217	1.03765	18903021	1.10945	18891430	20545.6878185435	18897217	499153.857273647	18903021	1252617.06250845
159	18961755	14746	18967542	248024	18973346	1425007	18961755	0.84936	18967542	1.03822	18973346	1.10894	18961755	17361.3073372893	18967542	238893.4907823	18973346	1285017.22365502	18978322	16227	18984110	611250	18989897	936571	18978322	0.85023	18984110	1.0388	18989897	1.10968	18978322	19085.4239441092	18984110	588419.329996149	18989897	844000.973253551	18994874	14079	19000661	1158774	19006449	2565148	18994874	0.85034	19000661	1.03931	19006449	1.11	18994874	16556.9066491051	19000661	1114945.49268265	19006449	2310944.14414414	19011441	17531	19017229	517729	19023032	1384413	19011441	0.85052	19017229	1.03888	19023032	1.10958	19011441	20612.0961294267	19017229	498353.034036655	19023032	1247691.01822311
160	19081766	14740	19087553	247487	19093357	1428094	19081766	0.84969	19087553	1.03884	19093357	1.10967	19081766	17347.503207052	19087553	238233.99176004	19093357	1286953.77905143	19098333	16221	19104121	611122	19109908	939119	19098333	0.85104	19104121	1.03801	19109908	1.11009	19098333	19060.2086858432	19104121	588743.846398397	19109908	845984.559810466	19114885	14128	19120657	1160247	19126444	2556709	19114885	0.85074	19120657	1.03954	19126444	1.10972	19114885	16606.7188565249	19120657	1116115.78198049	19126444	2303922.61110911	19131421	17498	19137208	515606	19143012	1386211	19131421	0.84972	19137208	1.03848	19143012	1.10925	19131421	20592.6658193287	19137208	496500.654803174	19143012	1249683.1192247
161	19201777	14466	19207564	248015	19213368	1434083	19201777	0.85036	19207564	1.03894	19213368	1.10966	19201777	17011.6186085893	19207564	238719.271565249	19213368	1292362.52545825	19218328	16199	19224116	612905	19229919	938929	19218328	0.85037	19224116	1.0387	19229919	1.10937	19218328	19049.3549866529	19224116	590069.317416001	19229919	846362.34980214	19234896	14362	19240683	1160491	19246487	2555606	19234896	0.85046	19240683	1.03812	19246487	1.10989	19234896	16887.3315617431	19240683	1117877.50934381	19246487	2302575.93094811	19251463	17652	19257251	517275	19263038	1379995	19251463	0.85038	19257251	1.03794	19263038	1.1089	19251463	20757.7788753263	19257251	498366.957627609	19263038	1244471.99927856
162	19321788	14559	19327575	247201	19333394	1434195	19321788	0.84956	19327575	1.03735	19333394	1.10983	19321788	17137.1062667734	19327575	238300.477177423	19333394	1292265.48210086	19338371	16372	19344143	611833	19349946	938522	19338371	0.85009	19344143	1.03875	19349946	1.10902	19338371	19259.1372678187	19344143	589008.904933815	19349946	846262.465960938	19354922	14193	19360710	1158528	19366513	2547461	19354922	0.84974	19360710	1.03799	19366513	1.10942	19354922	16702.7561371714	19360710	1116126.35959884	19366513	2296209.7312109	19371490	17663	19377277	515838	19383080	1376356	19371490	0.85003	19377277	1.03849	19383080	1.10893	19371490	20779.2666141195	19377277	496719.275101349	19383080	1241156.7907803
163	19441799	14842	19447586	248053	19453390	1439167	19441799	0.8503	19447586	1.03751	19453390	1.10955	19441799	17455.0158767494	19447586	239084.924482656	19453390	1297072.68712541	19458366	16369	19464154	612661	19469941	941531	19458366	0.85004	19464154	1.03789	19469941	1.1088	19458366	19256.7408592537	19464154	590294.732582451	19469941	849144.11976912	19474933	14393	19480705	1157050	19486509	2542144	19474933	0.84967	19480705	1.03767	19486509	1.10873	19474933	16939.5176951052	19480705	1115046.20929583	19486509	2292843.16289809	19491485	17456	19497273	515180	19503076	1372063	19491485	0.84948	19497273	1.03806	19503076	1.10854	19491485	20549.0417667279	19497273	496291.158507215	19503076	1237720.78589857
164	19561810	14728	19567597	247496	19573416	1438919	19561810	0.84875	19567597	1.03726	19573416	1.10741	19561810	17352.5773195876	19567597	238605.556948113	19573416	1299355.25234556	19578377	16251	19584165	612887	19589952	943423	19578377	0.84934	19584165	1.03764	19589952	1.10913	19578377	19133.6802693856	19584165	590654.755021009	19589952	850597.315012668	19594929	14319	19600716	1158198	19606520	2541130	19594929	0.84982	19600716	1.03806	19606520	1.10963	19594929	16849.4504718646	19600716	1115733.19461303	19606520	2290069.66286059	19611480	17574	19617268	516165	19623087	1370908	19611480	0.85065	19617268	1.03919	19623087	1.10947	19611480	20659.4956797743	19617268	496699.352380219	19623087	1235642.24359379
165	19681821	14712	19687608	246521	19693427	1443925	19681821	0.84964	19687608	1.03767	19693427	1.10931	19681821	17315.5689468481	19687608	237571.67500265	19693427	1301642.4624316	19698388	16571	19704176	612633	19709979	942948	19698388	0.85029	19704176	1.0389	19709979	1.10809	19698388	19488.6450505122	19704176	589693.907017037	19709979	850966.97921649	19714955	14203	19720727	1159875	19726531	2530212	19714955	0.84965	19720727	1.03726	19726531	1.10864	19714955	16716.2949449773	19720727	1118210.47760446	19726531	2282266.56083129	19731523	17833	19737310	516955	19743113	1366139	19731523	0.84979	19737310	1.03755	19743113	1.10818	19731523	20985.1845750127	19737310	498245.867669028	19743113	1232777.16616434
166	19801832	14625	19807619	247205	19813438	1445119	19801832	0.84982	19807619	1.03764	19813438	1.10914	19801832	17209.5267233061	19807619	238237.731775953	19813438	1302918.47737887	19818399	16580	19824187	613911	19829990	944882	19818399	0.84952	19824187	1.03937	19829990	1.10963	19818399	19516.9036632451	19824187	590656.840201276	19829990	851528.888007714	19834966	14248	19840754	1158428	19846542	2525048	19834966	0.85069	19840754	1.03775	19846542	1.10888	19834966	16748.7568914646	19840754	1116288.12334377	19846542	2277115.64822163	19851518	17554	19857321	515672	19863124	1364844	19851518	0.84972	19857321	1.0376	19863124	1.10931	19851518	20658.5698818434	19857321	496985.350809561	19863124	1230354.00384023
167	19921843	14903	19927631	246598	19933434	1454100	19921843	0.85007	19927631	1.03853	19933434	1.10959	19921843	17531.497406096	19927631	237449.08668984	19933434	1310484.0526681	19938426	16428	19944198	612634	19950001	946628	19938426	0.8503	19944198	1.03902	19950001	1.10987	19938426	19320.239915324	19944198	589626.763681161	19950001	852917.909304693	19954993	14156	19960765	1159533	19966568	2527839	19954993	0.85	19960765	1.03896	19966568	1.10913	19954993	16654.1176470588	19960765	1116051.62855163	19966568	2279118.76876471	19971545	17650	19977332	515414	19983135	1362188	19971545	0.84999	19977332	1.03829	19983135	1.10895	19971545	20764.9501758844	19977332	496406.591607354	19983135	1228358.35700437
168	20041854	14602	20047642	247242	20053460	1455412	20041854	0.84966	20047642	1.0381	20053460	1.10977	20041854	17185.6978085352	20047642	238167.806569695	20053460	1311453.72464565	20058421	16325	20064209	611854	20070012	952583	20058421	0.85044	20064209	1.03861	20070012	1.11087	20058421	19195.9456281454	20064209	589108.520041209	20070012	857510.779839225	20074988	14413	20080776	1155600	20086564	2522107	20074988	0.85032	20080776	1.03894	20086564	1.10975	20074988	16950.0893781165	20080776	1112287.52382236	20086564	2272680.33340843	20091556	17687	20097343	515223	20103146	1360331	20091556	0.84967	20097343	1.039	20103146	1.10928	20091556	20816.3169230407	20097343	495883.54186718	20103146	1226318.87350353
169	20161865	14779	20167653	247149	20173471	1455611	20161865	0.84976	20167653	1.03852	20173471	1.10915	20161865	17391.9694972698	20167653	237981.935831761	20173471	1312366.22638958	20178448	16457	20184251	612627	20190070	949214	20178448	0.84975	20184251	1.03867	20190070	1.10963	20178448	19366.8726095911	20184251	589818.710466269	20190070	855432.892045096	20195046	14468	20200818	1152982	20206621	2517342	20195046	0.84966	20200818	1.03756	20206621	1.10949	20195046	17027.9876656545	20200818	1111243.68711207	20206621	2268918.15158316	20211598	17837	20217385	515815	20223189	1357472	20211598	0.85058	20217385	1.03816	20223189	1.10942	20211598	20970.3966705072	20217385	496855.012714803	20223189	1223587.09956554
170	20281876	14672	20287679	246664	20293482	1462131	20281876	0.84979	20287679	1.03909	20293482	1.11048	20281876	17265.4420503889	20287679	237384.634632226	20293482	1316665.76615518	20298459	16622	20304231	611556	20310034	951539	20298459	0.85059	20304231	1.03921	20310034	1.10949	20298459	19541.7298580985	20304231	588481.635088192	20310034	857636.391495192	20315026	14580	20320798	1157344	20326601	2511318	20315026	0.85044	20320798	1.03913	20326601	1.10939	20315026	17144.0666008184	20320798	1113762.4743776	20326601	2263692.65993023	20331593	17921	20337381	513689	20343184	1352956	20331593	0.85005	20337381	1.03821	20343184	1.1088	20331593	21082.2892771014	20337381	494783.32899895	20343184	1220198.41269841
171	20401887	14645	20407690	246644	20413493	1463414	20401887	0.85001	20407690	1.03824	20413493	1.10926	20401887	17229.2090681286	20407690	237559.716443212	20413493	1319270.50466076	20418454	16473	20424257	611983	20430076	949520	20418454	0.84992	20424257	1.03875	20430076	1.10844	20418454	19381.8241716867	20424257	589153.309265945	20430076	856627.332106384	20435037	14427	20440825	1156796	20446628	2501262	20435037	0.85036	20440825	1.03873	20446628	1.10819	20435037	16965.7556799473	20440825	1113663.80098774	20446628	2257069.63607324	20451604	17637	20457392	514300	20463195	1350958	20451604	0.85002	20457392	1.0384	20463195	1.10892	20451604	20748.9235547399	20457392	495281.201848999	20463195	1218264.61782635
172	20521898	14661	20527686	246664	20533504	1465744	20521898	0.84944	20527686	1.03801	20533504	1.1091	20521898	17259.6063288755	20527686	237631.62204603	20533504	1321561.62654405	20538481	16622	20544268	610459	20550056	951436	20538481	0.85057	20544268	1.03776	20550056	1.10873	20538481	19542.1893553735	20544268	588246.800801727	20550056	858131.375537778	20555048	14422	20560820	1152052	20566623	2499402	20555048	0.84987	20560820	1.038	20566623	1.10907	20555048	16969.6541824044	20560820	1109876.68593449	20566623	2253601.66626092	20571600	17551	20577403	513089	20583206	1348750	20571600	0.8502	20577403	1.03799	20583206	1.10922	20571600	20643.3780286991	20577403	494310.157130608	20583206	1215944.537603
173	20641909	14849	20647697	248085	20653515	1469613	20641909	0.84951	20647697	1.03806	20653515	1.10835	20641909	17479.4881755365	20647697	238989.075775967	20653515	1325946.67749357	20658476	16446	20664248	611338	20670051	954895	20658476	0.84955	20664248	1.03813	20670051	1.10792	20658476	19358.4839032429	20664248	588883.858476299	20670051	861880.82171998	20675028	14611	20680815	1156264	20686619	2492077	20675028	0.85044	20680815	1.03909	20686619	1.1085	20675028	17180.5183199285	20680815	1112765.97792299	20686619	2248152.45827695	20691595	17873	20697398	513995	20703201	1343190	20691595	0.85043	20697398	1.03876	20703201	1.10877	20691595	21016.4269839963	20697398	494815.934383303	20703201	1211423.46924971
174	20761920	14681	20767708	247486	20773526	1474513	20761920	0.85036	20767708	1.03881	20773526	1.10927	20761920	17264.4527023849	20767708	238239.909126789	20773526	1329264.29093007	20778503	16234	20784290	611303	20790078	955678	20778503	0.85096	20784290	1.03882	20790078	1.10933	20778503	19077.2774278462	20784290	588459.020812075	20790078	861491.170346065	20795054	14718	20800826	1153368	20806630	2489214	20795054	0.85047	20800826	1.03877	20806630	1.10987	20795054	17305.7250696674	20800826	1110320.86024818	20806630	2242797.80514835	20811590	17889	20817394	513787	20823212	1343578	20811590	0.85079	20817394	1.03895	20823212	1.11101	20811590	21026.3402249674	20817394	494525.241830694	20823212	1209330.24905266
175	20881931	14702	20887719	246870	20893537	1477276	20881931	0.85091	20887719	1.03907	20893537	1.10965	20881931	17277.9729936186	20887719	237587.458015341	20893537	1331299.05826161	20898498	16549	20904286	612644	20910089	959027	20898498	0.85116	20904286	1.03913	20910089	1.10995	20898498	19442.8779547911	20904286	589573.970533042	20910089	864027.208432812	20915081	14471	20920853	1153770	20926656	2485766	20915081	0.85035	20920853	1.03932	20926656	1.10963	20915081	17017.6985946963	20920853	1110120.07851287	20926656	2240175.5540135	20931648	17792	20937436	513620	20943239	1338768	20931648	0.85097	20937436	1.03852	20943239	1.10931	20931648	20907.9050965369	20937436	494569.194623117	20943239	1206847.49979717
176	21001942	14777	21007745	247306	21013548	1483140	21001942	0.85086	21007745	1.03954	21013548	1.11012	21001942	17367.1344286957	21007745	237899.455528407	21013548	1336017.72781321	21018525	16609	21024297	612928	21030100	956522	21018525	0.85126	21024297	1.03983	21030100	1.10906	21018525	19511.0776965909	21024297	589450.198590154	21030100	862461.904676032	21035076	14469	21040864	1151579	21046652	2478301	21035076	0.85018	21040864	1.03918	21046652	1.10932	21035076	17018.7489708062	21040864	1108161.24251814	21046652	2234072.22442577	21051644	17792	21057447	512148	21063250	1334424	21051644	0.85105	21057447	1.0393	21063250	1.1097	21051644	20905.9397215205	21057447	492781.679976908	21063250	1202508.78615842
177	21121953	14689	21127741	246622	21133559	1483656	21121953	0.84987	21127741	1.0384	21133559	1.10849	21121953	17283.8198783343	21127741	237501.926040062	21133559	1338447.79835632	21138536	16647	21144323	610766	21150158	959121	21138536	0.85037	21144323	1.03863	21150158	1.10855	21138536	19576.1844844009	21144323	588049.642317284	21150158	865203.193360696	21155119	14692	21160906	1148767	21166709	2466602	21155119	0.84963	21160906	1.03831	21166709	1.1085	21155119	17292.2330896979	21160906	1106381.52382237	21166709	2225170.95173658	21171701	18051	21177473	513511	21183277	1326128	21171701	0.84968	21177473	1.03833	21183277	1.10775	21171701	21244.4685057904	21177473	494554.717671646	21183277	1197136.53802753
178	21241964	14616	21247752	245516	21253570	1484991	21241964	0.85012	21247752	1.03773	21253570	1.1089	21241964	17192.8668893803	21247752	236589.478958881	21253570	1339156.82207593	21258547	16623	21264319	612048	21270122	957974	21258547	0.84955	21264319	1.03826	21270122	1.10898	21258547	19566.8294979695	21264319	589493.961050219	21270122	863833.43252358	21275114	14732	21280886	1151195	21286689	2465628	21275114	0.85054	21280886	1.03789	21286689	1.10892	21275114	17320.7609283514	21280886	1109168.60168226	21286689	2223449.84309057	21291650	17816	21297453	512550	21303257	1328246	21291650	0.85014	21297453	1.03797	21303257	1.10864	21291650	20956.5483332157	21297453	493800.398855458	21303257	1198085.94313754
179	21361975	14792	21367763	246306	21373581	1491669	21361975	0.84956	21367763	1.03787	21373581	1.10809	21361975	17411.3658835162	21367763	237318.739341151	21373581	1346162.3153354	21378542	16399	21384330	611521	21390133	962779	21378542	0.85025	21384330	1.03959	21390133	1.10895	21378542	19287.2684504558	21384330	588232.861031753	21390133	868189.72902295	21395109	14677	21400897	1153591	21406685	2461991	21395109	0.84967	21400897	1.03846	21406685	1.1083	21395109	17273.765108807	21400897	1110867.05313638	21406685	2221412.07254354	21411677	17855	21417464	512601	21423268	1325733	21411677	0.84952	21417464	1.0386	21423268	1.10879	21411677	21017.751200678	21417464	493549.971114962	21423268	1195657.42836786
180	21481986	14642	21487774	246663	21493592	1495865	21481986	0.84872	21487774	1.0376	21493592	1.1084	21481986	17251.8616269205	21487774	237724.556669237	21493592	1349571.45434861	21498569	16761	21504356	611488	21510144	962082	21498569	0.84905	21504356	1.03677	21510144	1.10728	21498569	19740.8868735646	21504356	589801.016618922	21510144	868869.662596633	21515120	14740	21520892	1146902	21526696	2453657	21515120	0.84904	21520892	1.03813	21526696	1.10866	21515120	17360.7839442194	21520892	1104776.8583896	21526696	2213173.56087529	21531657	17754	21537460	513359	21543279	1318521	21531657	0.84893	21537460	1.03772	21543279	1.10691	21531657	20913.3850847538	21537460	494698.955402228	21543279	1191172.72406971
181	21601997	14702	21607800	247536	21613603	1497412	21601997	0.84941	21607800	1.03849	21613603	1.10873	21601997	17308.4847129184	21607800	238361.46713016	21613603	1350565.06092556	21618580	16595	21624336	609982	21630139	964376	21618580	0.84929	21624336	1.03761	21630139	1.10872	21618580	19539.8509343098	21624336	587872.129220035	21630139	869810.231618443	21635116	14652	21640904	1150382	21646707	2447186	21635116	0.84879	21640904	1.03874	21646707	1.10792	21635116	17262.2203371859	21640904	1107478.29100641	21646707	2208811.10549498	21651683	18062	21657471	512677	21663274	1318712	21651683	0.84911	21657471	1.03804	21663274	1.10766	21651683	21271.6844696211	21657471	493889.44549343	21663274	1190538.61293177
182	21722008	14838	21727811	245671	21733614	1501846	21722008	0.84921	21727811	1.03761	21733614	1.10835	21722008	17472.7099304059	21727811	236766.222376423	21733614	1355028.64618577	21738591	16504	21744394	610924	21750213	965509	21738591	0.84895	21744394	1.03884	21750213	1.10758	21738591	19440.4853053772	21744394	588082.861653383	21750213	871728.453023709	21755174	14757	21760961	1146775	21766765	2442194	21755174	0.84885	21760961	1.03764	21766765	1.10793	21755174	17384.6969429228	21760961	1105176.16899888	21766765	2204285.4692986	21771757	17993	21777544	510864	21783347	1312663	21771757	0.84963	21777544	1.03752	21783347	1.10854	21771757	21177.4537151466	21777544	492389.544297941	21783347	1184136.79253793
183	21842019	14939	21847807	246117	21853610	1501784	21842019	0.84921	21847807	1.0375	21853610	1.10671	21842019	17591.6439985398	21847807	237221.204819277	21853610	1356980.60015722	21858586	16665	21864374	609390	21870177	966502	21858586	0.84909	21864374	1.03712	21870177	1.1073	21858586	19626.8946754761	21864374	587579.065103363	21870177	872845.660615913	21875154	14520	21880941	1147113	21886729	2434707	21875154	0.84909	21880941	1.03661	21886729	1.10785	21875154	17100.6607073455	21880941	1106600.36079143	21886729	2197686.50990658	21891705	17955	21897493	511036	21903312	1309358	21891705	0.84925	21897493	1.03734	21903312	1.10732	21891705	21142.1842802473	21897493	492640.792796962	21903312	1182456.74240509
184	21962030	14882	21967818	245575	21973636	1503642	21962030	0.84841	21967818	1.03737	21973636	1.10715	21962030	17541.0473709645	21967818	236728.457541668	21973636	1358119.49600325	21978613	16691	21984385	610974	21990188	968750	21978613	0.8494	21984385	1.0368	21990188	1.10674	21978613	19650.3414174712	21984385	589288.194444445	21990188	875318.502990766	21995165	14610	22000952	1145934	22006755	2431452	21995165	0.84895	22000952	1.03637	22006755	1.10787	21995165	17209.4940809235	22000952	1105718.99997105	22006755	2194708.76546887	22011732	17997	22017519	509434	22023323	1306453	22011732	0.84863	22017519	1.03689	22023323	1.10753	22011732	21207.1220673321	22017519	491309.589252476	22023323	1179609.58168176
185	22082041	14682	22087829	244974	22093648	1512463	22082041	0.84904	22087829	1.03721	22093648	1.10784	22082041	17292.4714972204	22087829	236185.53619807	22093648	1365235.95465049	22098624	16549	22104427	611638	22110246	971334	22098624	0.8487	22104427	1.03749	22110246	1.10683	22098624	19499.234122776	22104427	589536.284687081	22110246	877581.923149897	22115222	14632	22120994	1147762	22126798	2423251	22115222	0.84876	22120994	1.03768	22126798	1.10709	22115222	17239.2666949432	22120994	1106084.72746897	22126798	2188847.3385181	22131758	17851	22137546	511144	22143349	1303003	22131758	0.84887	22137546	1.03681	22143349	1.10723	22131758	21029.1328471969	22137546	492996.788225422	22143349	1176813.30888795
186	22202052	14865	22207855	247093	22213659	1513399	22202052	0.84898	22207855	1.03785	22213659	1.10706	22202052	17509.2463897854	22207855	238081.611022788	22213659	1367043.3400177	22218635	16794	22224407	609955	22230195	972918	22218635	0.84966	22224407	1.03797	22230195	1.10764	22218635	19765.5532801356	22224407	587642.224727112	22230195	878370.228594128	22235171	14913	22240959	1144064	22246762	2415770	22235171	0.84972	22240959	1.0376	22246762	1.10694	22235171	17550.4872193193	22240959	1102606.01387818	22246762	2182385.67582705	22251738	18139	22257526	511785	22263345	1301795	22251738	0.84871	22257526	1.03708	22263345	1.10742	22251738	21372.4358143535	22257526	493486.519844178	22263345	1175520.57936465
187	22322063	14716	22327851	245123	22333670	1517817	22322063	0.84909	22327851	1.03724	22333670	1.10729	22322063	17331.4960722656	22327851	236322.355481856	22333670	1370749.30686631	22338630	16769	22344418	610172	22350221	972120	22338630	0.84922	22344418	1.03734	22350221	1.10737	22338630	19746.3554791456	22344418	588208.302003201	22350221	877863.767304514	22355198	14800	22360985	1144425	22366773	2412783	22355198	0.84883	22360985	1.03709	22366773	1.10756	22355198	17435.7645229316	22360985	1103496.32143787	22366773	2178467.08079021	22371765	18338	22377552	510851	22383356	1299356	22371765	0.84931	22377552	1.03736	22383356	1.10808	22371765	21591.6449823975	22377552	492452.957507519	22383356	1172619.30546531
188	22442074	14797	22447862	245917	22453665	1520498	22442074	0.84857	22447862	1.03658	22453665	1.10856	22442074	17437.571443723	22447862	237238.804530282	22453665	1371597.38760193	22458641	16590	22464429	609731	22470217	976386	22458641	0.8493	22464429	1.03749	22470217	1.10796	22458641	19533.7336630166	22464429	587698.194681395	22470217	881246.615401278	22475209	14993	22480981	1145730	22486784	2409631	22475209	0.84957	22480981	1.03748	22486784	1.10775	22475209	17647.7512153207	22480981	1104339.36075876	22486784	2175248.02527646	22491760	18062	22497548	509805	22503351	1294984	22491760	0.84943	22497548	1.03717	22503351	1.10801	22491760	21263.6709322722	22497548	491534.656806502	22503351	1168747.57448038
189	22562085	15222	22567873	245779	22573692	1523940	22562085	0.84899	22567873	1.03761	22573692	1.10759	22562085	17929.5398061226	22567873	236870.30772641	22573692	1375906.24689642	22578652	16893	22584440	610115	22590243	978491	22578652	0.84933	22584440	1.03702	22590243	1.10773	22578652	19889.7954858536	22584440	588334.844072438	22590243	883329.872802939	22595235	14835	22601007	1141737	22606795	2396703	22595235	0.84914	22601007	1.03658	22606795	1.10731	22595235	17470.6173304755	22601007	1101446.10160335	22606795	2164437.23979735	22611771	18031	22617559	510340	22623346	1291786	22611771	0.84971	22617559	1.03751	22623346	1.10817	22611771	21220.1810029304	22617559	491889.234802556	22623346	1165692.98934279
190	22682096	14877	22687868	245734	22693671	1526477	22682096	0.8494	22687868	1.03644	22693671	1.10752	22682096	17514.7162703085	22687868	237094.284280807	22693671	1378283.91360878	22698648	17031	22704435	610787	22710239	978762	22698648	0.84832	22704435	1.03614	22710239	1.10708	22698648	20076.1505092418	22704435	589483.081436871	22710239	884093.290457781	22715199	14836	22720987	1146466	22726790	2398724	22715199	0.84864	22720987	1.03883	22726790	1.10785	22715199	17482.0889894419	22720987	1103612.71815408	22726790	2165206.4810218	22731751	18218	22737539	510179	22743342	1289152	22731751	0.84901	22737539	1.03779	22743342	1.10829	22731751	21457.9333576754	22737539	491601.383709614	22743342	1163190.13976486
191	22802107	14937	22807895	246565	22813714	1532283	22802107	0.84922	22807895	1.03805	22813714	1.10715	22802107	17589.0817456018	22807895	237527.094070613	22813714	1383988.61942826	22818674	16623	22824462	610787	22830265	980830	22818674	0.84866	22824462	1.03735	22830265	1.10724	22818674	19587.349468574	22824462	588795.488504362	22830265	885833.243018677	22835257	14968	22841045	1142367	22846848	2393031	22835257	0.84875	22841045	1.03655	22846848	1.10788	22835257	17635.3460972018	22841045	1102085.76527905	22846848	2160009.2067733	22851824	18129	22857612	508458	22863415	1282140	22851824	0.84856	22857612	1.03788	22863415	1.10627	22851824	21364.429150561	22857612	489900.566539484	22863415	1158975.65693728
192	22922118	14785	22927906	246083	22933709	1535658	22922118	0.84861	22927906	1.03752	22933709	1.10767	22922118	17422.6087366399	22927906	237183.861515923	22933709	1386385.83693699	22938685	16703	22944457	610291	22950261	980797	22938685	0.85029	22944457	1.03737	22950261	1.10694	22938685	19643.8862035306	22944457	588306.004607806	22950261	886043.507326504	22955237	14869	22961025	1142062	22966828	2380288	22955237	0.84857	22961025	1.03699	22966828	1.10748	22955237	17522.4200714143	22961025	1101324.02433968	22966828	2149283.05703038	22971804	18259	22977592	510430	22983411	1279148	22971804	0.8489	22977592	1.03736	22983411	1.10718	22971804	21509.011662151	22977592	492047.119611321	22983411	1155320.72472407
193	23042129	14826	23047917	245517	23053720	1537365	23042129	0.84906	23047917	1.03639	23053720	1.1075	23042129	17461.6634866794	23047917	236896.342110595	23053720	1388139.95485327	23058696	16961	23064484	610552	23070287	984347	23058696	0.84888	23064484	1.03793	23070287	1.10892	23058696	19980.4448214117	23064484	588240.054724307	23070287	887662.770984381	23075264	14913	23081051	1143664	23086854	2380137	23075264	0.8488	23081051	1.03825	23086854	1.10839	23075264	17569.5098963242	23081051	1101530.4599085	23086854	2147382.23910356	23091815	18081	23097618	509544	23103422	1278837	23091815	0.84883	23097618	1.03793	23103422	1.10754	23091815	21301.0850229139	23097618	490923.27998998	23103422	1154664.39135381
194	23162140	14803	23167928	246218	23173747	1543326	23162140	0.84924	23167928	1.03748	23173747	1.10755	23162140	17430.8793744996	23167928	237323.129120561	23173747	1393459.43749718	23178723	17050	23184495	611567	23190298	988359	23178723	0.8497	23184495	1.03832	23190298	1.10845	23178723	20065.905613746	23184495	588996.648432083	23190298	891658.62240065	23195290	14818	23201062	1144456	23206865	2372455	23195290	0.84952	23201062	1.03779	23206865	1.10776	23195290	17442.791223279	23201062	1102781.87301863	23206865	2141668.77301943	23211826	18096	23217629	507343	23223433	1273359	23211826	0.84919	23217629	1.03759	23223433	1.10809	23211826	21309.7186730885	23217629	488962.885147313	23223433	1149147.63241253
195	23282151	15125	23287939	246141	23293742	1545511	23282151	0.84924	23287939	1.0375	23293742	1.10856	23282151	17810.0419198342	23287939	237244.337349398	23293742	1394160.89341127	23298718	17029	23304506	609530	23310309	988028	23298718	0.84994	23304506	1.03798	23310309	1.10768	23298718	20035.5319199002	23304506	587227.114202586	23310309	891979.633107035	23315286	15208	23321073	1142423	23326861	2361049	23315286	0.84986	23321073	1.03808	23326861	1.1069	23315286	17894.7120702233	23321073	1100515.37453761	23326861	2133028.27717048	23331837	17887	23337625	506850	23343428	1271833	23331837	0.84933	23337625	1.0375	23343428	1.10839	23331837	21060.1297493318	23337625	488530.120481928	23343428	1147459.82912152
196	23402162	14953	23407950	246020	23413753	1547102	23402162	0.84956	23407950	1.0375	23413753	1.10713	23402162	17600.8757474457	23407950	237127.710843373	23413753	1397398.67946854	23418729	16901	23424517	610723	23430320	988976	23418729	0.84992	23424517	1.03811	23430320	1.10786	23418729	19885.4009789157	23424517	588302.781015499	23430320	892690.412145939	23435297	15029	23441084	1142726	23446887	2360915	23435297	0.85023	23441084	1.03812	23446887	1.1081	23435297	17676.3934464792	23441084	1100764.84414133	23446887	2130597.4190055	23451848	18148	23457636	507062	23463439	1265335	23451848	0.85022	23457636	1.03792	23463439	1.10745	23451848	21345.0636305897	23457636	488536.68876214	23463439	1142566.2558129
197	23522173	14813	23527961	245968	23533780	1554205	23522173	0.84944	23527961	1.03722	23533780	1.10735	23522173	17438.5477491053	23527961	237141.590019475	23533780	1403535.46755768	23538756	16975	23544544	609327	23550347	990963	23538756	0.84939	23544544	1.03788	23550347	1.10774	23538756	19984.9303617891	23544544	587088.102670829	23550347	894580.858324156	23555323	15074	23561111	1142254	23566914	2356375	23555323	0.84918	23561111	1.03755	23566914	1.10747	23555323	17751.2423749971	23561111	1100914.65471544	23566914	2127710.00568864	23571891	18088	23577678	508564	23583481	1262357	23571891	0.85039	23577678	1.03757	23583481	1.10823	23571891	21270.2407130846	23577678	490149.098374086	23583481	1139074.92127086
198	23642184	14916	23647972	246036	23653791	1556682	23642184	0.84929	23647972	1.03846	23653791	1.10728	23642184	17562.9054857587	23647972	236923.906553936	23653791	1405861.20945018	23658751	16946	23664539	609293	23670342	990543	23658751	0.84942	23664539	1.03823	23670342	1.10686	23658751	19950.0835864472	23664539	586857.440066267	23670342	894912.635744358	23675334	14971	23681106	1139042	23686910	2338819	23675334	0.84971	23681106	1.03752	23686910	1.10612	23675334	17618.9523484483	23681106	1097850.64384301	23686910	2114435.14266083	23691886	18122	23697674	507580	23703477	1261129	23691886	0.84964	23697674	1.03686	23703477	1.10675	23691886	21329.0334730003	23697674	489535.713596821	23703477	1139488.59272645
199	23762195	14870	23767983	245393	23773786	1555770	23762195	0.84955	23767983	1.03753	23773786	1.10693	23762195	17503.3841445471	23767983	236516.534461654	23773786	1405481.82811921	23778762	16827	23784534	610594	23790338	993259	23778762	0.84907	23784534	1.03752	23790338	1.10705	23778762	19818.1539802372	23784534	588512.992520626	23790338	897212.411363534	23795330	15190	23801102	1140281	23806905	2338738	23795330	0.84962	23801102	1.03797	23806905	1.10675	23795330	17878.581012688	23801102	1098568.35939382	23806905	2113158.34651005	23811881	18215	23817653	508851	23823457	1255805	23811881	0.8496	23817653	1.0379	23823457	1.10759	23811881	21439.5009416196	23817653	490269.775508238	23823457	1133817.56787259
200	23882206	14894	23887994	245882	23893781	1564266	23882206	0.84919	23887994	1.03815	23893781	1.10788	23882206	17539.0666399746	23887994	236846.313153205	23893781	1411945.33704011	23898758	16868	23904545	609909	23910349	996894	23898758	0.84922	23904545	1.03765	23910349	1.10778	23898758	19862.9330444408	23904545	587779.116272346	23910349	899902.507718139	23915325	15237	23921113	1138908	23926916	2335924	23915325	0.85011	23921113	1.03716	23926916	1.10794	23915325	17923.5628330451	23921113	1098102.5107023	23926916	2108348.82755384	23931892	18227	23937696	507244	23943499	1253765	23931892	0.85032	23937696	1.03814	23943499	1.1081	23931892	21435.4595916831	23937696	488608.472845666	23943499	1131454.74235177
201	24002217	14998	24008005	246664	24013808	1568540	24002217	0.85053	24008005	1.03889	24013808	1.10831	24002217	17633.7107450648	24008005	237430.334299108	24013808	1415253.85496838	24018784	16876	24024572	610229	24030375	1000568	24018784	0.85	24024572	1.03777	24030375	1.10883	24018784	19854.1176470588	24024572	588019.503358162	24030375	902363.752784466	24035352	15083	24041139	1139649	24046943	2326311	24035352	0.85012	24041139	1.03821	24046943	1.10892	24035352	17742.201101021	24041139	1097705.66648366	24046943	2097816.79471919	24051919	18139	24057707	507848	24063510	1247955	24051919	0.85008	24057707	1.03842	24063510	1.10763	24051919	21337.9917184265	24057707	489058.377149901	24063510	1126689.41794643
202	24122228	15018	24128016	245488	24133835	1570644	24122228	0.85092	24128016	1.03797	24133835	1.10908	24122228	17649.1327034269	24128016	236507.798876654	24133835	1416168.35575432	24138811	17034	24144599	610041	24150402	1001634	24138811	0.85047	24144599	1.03899	24150402	1.10825	24138811	20028.9251825461	24144599	587148.095746831	24150402	903797.879539815	24155378	15084	24161166	1139114	24166969	2323380	24155378	0.8503	24161166	1.03902	24166969	1.10895	24155378	17739.6213101258	24161166	1096335.0079883	24166969	2095117.00257	24171946	18264	24177733	508622	24183536	1244400	24171946	0.85037	24177733	1.03889	24183536	1.10824	24171946	21477.7097028352	24177733	489582.150179519	24183536	1122861.47404894
203	24242239	14804	24248027	245189	24253830	1579685	24242239	0.85021	24248027	1.03812	24253830	1.10848	24242239	17412.1687583068	24248027	236185.604747043	24253830	1425091.11576212	24258807	17109	24264594	611546	24270397	1002147	24258807	0.85057	24264594	1.03833	24270397	1.10732	24258807	20114.746581704	24264594	588970.751109956	24270397	905020.229021421	24275374	15486	24281161	1141341	24286965	2316795	24275374	0.84995	24281161	1.0381	24286965	1.10821	24275374	18219.8952879581	24281161	1099451.88324824	24286965	2090573.98868446	24291941	18497	24297729	506975	24303532	1242129	24291941	0.84982	24297729	1.03822	24303532	1.10822	24291941	21765.7856957944	24297729	488311.725838454	24303532	1120832.50618108
204	24362250	14759	24368054	245518	24373857	1583281	24362250	0.84965	24368054	1.03839	24373857	1.10845	24362250	17370.6820455482	24368054	236441.028900509	24373857	1428373.85538364	24378818	17039	24384605	610493	24390393	1012312	24378818	0.84997	24384605	1.03835	24390393	1.11147	24378818	20046.5898796428	24384605	587945.297828285	24390393	910786.615923057	24395385	15216	24401157	1138340	24406960	2315481	24395385	0.84953	24401157	1.03772	24406960	1.10895	24395385	17911.0802443704	24401157	1096962.57179201	24406960	2087994.04842418	24411936	18350	24417724	507272	24423527	1240809	24411936	0.84997	24417724	1.03809	24423527	1.10843	24411936	21588.9972587268	24417724	488658.979471915	24423527	1119429.28285954
205	24482261	14903	24488065	245794	24493868	1579169	24482261	0.85005	24488065	1.03769	24493868	1.10793	24482261	17531.9098876537	24488065	236866.501556341	24493868	1425332.82788624	24498844	16951	24504616	610239	24510419	1007280	24498844	0.84982	24504616	1.03748	24510419	1.10784	24498844	19946.5769221718	24504616	588193.50734472	24510419	909228.7694974	24515411	15252	24521183	1138262	24526987	2305752	24515411	0.84963	24521183	1.03739	24526987	1.10829	24515411	17951.3435260054	24521183	1097236.33349078	24526987	2080459.08561839	24531947	18367	24537735	506017	24543538	1234528	24531947	0.85003	24537735	1.03727	24543538	1.10805	24531947	21607.4726774349	24537735	487835.375553135	24543538	1114144.66856189
206	24602272	15067	24608060	246422	24613863	1592645	24602272	0.85094	24608060	1.03933	24613863	1.10928	24602272	17706.3012668343	24608060	237096.975936421	24613863	1435746.61041396	24618840	17102	24624627	610022	24630430	1009413	24618840	0.85096	24624627	1.03802	24630430	1.10848	24618840	20097.3018708282	24624627	587678.464769465	24630430	910628.06726328	24635407	15106	24641194	1140320	24646998	2295237	24635407	0.85036	24641194	1.03829	24646998	1.10777	24635407	17764.2410273296	24641194	1098267.34342043	24646998	2071943.63450897	24651974	18593	24657777	504011	24663580	1233824	24651974	0.84992	24657777	1.03705	24663580	1.10801	24651974	21876.1765813253	24657777	486004.532086206	24663580	1113549.51670111
207	24722283	14997	24728071	245980	24733874	1590925	24722283	0.84968	24728071	1.038	24733874	1.10821	24722283	17650.1741832219	24728071	236974.951830443	24733874	1435580.80147265	24738851	17106	24744638	609067	24750441	1010084	24738851	0.84981	24744638	1.0378	24750441	1.10781	24738851	20129.2053517845	24744638	586882.829061476	24750441	911784.511784512	24755418	15325	24761205	1137126	24766993	2294403	24755418	0.85062	24761205	1.03849	24766993	1.10827	24755418	18016.270485058	24761205	1094980.21165346	24766993	2070256.34547538	24771969	18265	24777773	506802	24783576	1229538	24771969	0.85052	24777773	1.03812	24783576	1.109	24771969	21475.0975873583	24777773	488192.116518322	24783576	1108690.71235347
208	24842294	14890	24848082	245752	24853901	1601660	24842294	0.84926	24848082	1.03776	24853901	1.10987	24842294	17532.9110048748	24848082	236810.052420598	24853901	1443105.94934542	24858877	16946	24864665	608876	24870468	1015406	24858877	0.84973	24864665	1.03714	24870468	1.10948	24858877	19942.8053617031	24864665	587072.140694603	24870468	915208.926704402	24875444	15127	24881232	1137952	24887035	2289741	24875444	0.84965	24881232	1.03796	24887035	1.10902	24875444	17803.8015653504	24881232	1096335.11888705	24887035	2064652.57614831	24892027	18155	24897799	506283	24903602	1225740	24892027	0.84921	24897799	1.03789	24903602	1.10874	24892027	21378.6931383286	24897799	487800.248581256	24903602	1105525.19075708
209	24962305	14953	24968093	245705	24973896	1599993	24962305	0.85021	24968093	1.03787	24973896	1.10811	24962305	17587.4195786923	24968093	236739.668744641	24973896	1443893.65676693	24978873	16947	24984660	609826	24990448	1014490	24978873	0.84915	24984660	1.0379	24990448	1.10829	24978873	19957.604663487	24984660	587557.56816649	24990448	915365.112019417	24995440	15449	25001227	1139165	25007031	2280508	24995440	0.84961	25001227	1.03845	25007031	1.10929	24995440	18183.6371982439	25001227	1096985.89243584	25007031	2055826.69996124	25012007	18404	25017795	504880	25023598	1219054	25012007	0.8502	25017795	1.03823	25023598	1.108	25012007	21646.671371442	25017795	486289.165213874	25023598	1100229.24187726
210	25082316	14776	25088104	245638	25093907	1604299	25082316	0.84993	25088104	1.03851	25093907	1.10877	25082316	17384.9611144447	25088104	236529.258264244	25093907	1446917.75571128	25098884	17043	25104671	609054	25110459	1014834	25098884	0.85064	25104671	1.03868	25110459	1.1079	25098884	20035.5026803348	25104671	586373.088920553	25110459	915997.833739507	25115451	15295	25121223	1136750	25127026	2271683	25115451	0.85033	25121223	1.03871	25127026	1.1075	25115451	17987.1344066421	25121223	1094386.30609121	25127026	2051181.03837472	25132002	18475	25137774	504516	25143593	1217011	25132002	0.8503	25137774	1.03852	25143593	1.10778	25132002	21727.6255439257	25137774	485802.873319724	25143593	1098603.51333297
211	25202327	14687	25208115	246370	25213918	1603747	25202327	0.85058	25208115	1.0386	25213918	1.10909	25202327	17267.0413129864	25208115	237213.556710957	25213918	1446002.57869064	25218895	17136	25224682	611066	25230470	1017632	25218895	0.85084	25224682	1.0388	25230470	1.10804	25218895	20140.0968454704	25224682	588242.202541394	25230470	918407.277715606	25235446	15318	25241234	1137357	25247037	2269522	25235446	0.85023	25241234	1.03835	25247037	1.10809	25235446	18016.3014713666	25241234	1095350.31540425	25247037	2048138.68909565	25252013	18395	25257801	504808	25263604	1213757	25252013	0.85064	25257801	1.0383	25263604	1.10759	25252013	21624.8941973103	25257801	486187.036501975	25263604	1095854.06152096
212	25322338	14941	25328126	246645	25333914	1609730	25322338	0.85061	25328126	1.03882	25333914	1.10846	25322338	17565.041558411	25328126	237428.043356886	25333914	1452222.00169605	25338890	16976	25344662	610409	25350465	1019042	25338890	0.85078	25344662	1.03853	25350465	1.10804	25338890	19953.4544770681	25344662	587762.510471532	25350465	919679.794953251	25355442	15545	25361229	1138274	25367048	2266280	25355442	0.85036	25361229	1.03806	25367048	1.10853	25355442	18280.4929676843	25361229	1096539.699054	25367048	2044401.14385718	25372024	18583	25377812	504446	25383615	1208983	25372024	0.85029	25377812	1.03947	25383615	1.10902	25372024	21854.8965647015	25377812	485291.542805468	25383615	1090136.33658545
213	25442349	15048	25448137	246219	25453940	1613388	25442349	0.85042	25448137	1.03859	25453940	1.10761	25442349	17694.786105689	25448137	237070.451284915	25453940	1456639.06970865	25458917	17226	25464704	609504	25470507	1019204	25458917	0.85023	25464704	1.03832	25470507	1.10813	25458917	20260.4001270245	25464704	587009.785037368	25470507	919751.292718363	25475484	15526	25481271	1136973	25487075	2251125	25475484	0.85033	25481271	1.03897	25487075	1.10754	25475484	18258.7936448202	25481271	1094327.07392899	25487075	2032545.09995124	25492067	18509	25497839	504997	25503657	1203978	25492067	0.84973	25497839	1.03792	25503657	1.1079	25492067	21782.2131735963	25497839	486547.132726992	25503657	1086720.82317899
214	25562360	14871	25568148	245656	25573951	1611340	25562360	0.85037	25568148	1.03789	25573951	1.10689	25562360	17487.681832614	25568148	236687.895634412	25573951	1455736.34236464	25578928	16818	25584715	610772	25590503	1023198	25578928	0.8504	25584715	1.03814	25590503	1.10773	25578928	19776.5757290687	25584715	588332.980137554	25590503	923688.98558313	25595479	15218	25601267	1137942	25607070	2243289	25595479	0.85007	25601267	1.03766	25607070	1.10731	25595479	17902.0551248721	25601267	1096642.44550238	25607070	2025890.67198887	25612046	18637	25617834	502495	25623637	1200826	25612046	0.8503	25617834	1.03772	25623637	1.1074	25612046	21918.1465365165	25617834	484229.850055892	25623637	1084365.1797002
215	25682371	14855	25688159	245814	25693962	1618628	25682371	0.84954	25688159	1.03805	25693962	1.10643	25682371	17485.9335640464	25688159	236803.622176196	25693962	1462928.51784568	25698939	17006	25704726	611454	25710514	1025884	25698939	0.84958	25704726	1.03863	25710514	1.10757	25698939	20016.9495515431	25704726	588712.053378008	25710514	926247.550944861	25715506	15377	25721278	1136078	25727081	2238031	25715506	0.84974	25721278	1.03713	25727081	1.10709	25715506	18096.1235201356	25721278	1095405.59042743	25727081	2021543.8672556	25732042	18604	25737830	503418	25743633	1197036	25732042	0.8504	25737830	1.03798	25743633	1.10697	25732042	21876.7638758231	25737830	484997.784157691	25743633	1081362.63855389
216	25802382	14873	25808186	246600	25813989	1623149	25802382	0.84948	25808186	1.03769	25813989	1.10714	25802382	17508.3580543391	25808186	237643.226782565	25813989	1466073.84793251	25818965	17183	25824753	609811	25830556	1027423	25818965	0.84943	25824753	1.03799	25830556	1.10745	25818965	20228.8593527424	25824753	587492.172371603	25830556	927737.595376767	25835532	15425	25841304	1136755	25847108	2230849	25835532	0.85008	25841304	1.03851	25847108	1.1077	25835532	18145.3510257858	25841304	1094601.88154182	25847108	2013946.9170353	25852084	18371	25857887	504060	25863691	1193047	25852084	0.85041	25857887	1.03808	25863691	1.10807	25852084	21602.5211368634	25857887	485569.512946979	25863691	1076689.19833585
217	25922393	15207	25928181	246119	25933984	1624317	25922393	0.85077	25928181	1.0394	25933984	1.1077	25922393	17874.3961352657	25928181	236789.493938811	25933984	1466387.10842286	25938961	17056	25944748	609844	25950536	1029838	25938961	0.85013	25944748	1.03889	25950536	1.10786	25938961	20062.8139225765	25944748	587014.987149746	25950536	929574.133915838	25955528	15452	25961315	1136260	25967119	2224103	25955528	0.85085	25961315	1.03848	25967119	1.10811	25955528	18160.6628665452	25961315	1094156.84461906	25967119	2007113.91468356	25972080	18401	25977867	503516	25983670	1187865	25972080	0.85036	25977867	1.03798	25983670	1.10628	25972080	21639.0705113129	25977867	485092.198308253	25983670	1073747.15261959
218	26042404	14998	26048176	246452	26053995	1632852	26042404	0.84947	26048176	1.0378	26053995	1.10799	26042404	17655.7147397789	26048176	237475.428791675	26053995	1473706.44139388	26058972	17216	26064759	609911	26070562	1029463	26058972	0.85016	26064759	1.03846	26070562	1.10743	26058972	20250.3058247859	26064759	587322.573811221	26070562	929596.453048951	26075554	15379	26081327	1135627	26087145	2216752	26075554	0.8501	26081327	1.03783	26087145	1.1075	26075554	18090.8128455476	26081327	1094232.1960244	26087145	2001581.94130926	26092122	18649	26097909	503469	26103713	1185044	26092122	0.85001	26097909	1.03758	26103713	1.10774	26092122	21939.7418853896	26097909	485233.909674435	26103713	1069785.32868724
219	26162415	14754	26168203	245698	26174006	1633666	26162415	0.85025	26168203	1.03776	26174006	1.10788	26162415	17352.5433695972	26168203	236758.017267962	26174006	1474587.50045131	26178998	17228	26184770	609953	26190574	1033172	26178998	0.85074	26184770	1.0389	26190574	1.10811	26178998	20250.6053553377	26184770	587114.255462508	26190574	932373.139850737	26195550	15315	26201338	1133511	26207141	2208807	26195550	0.8508	26201338	1.03803	26207141	1.10868	26195550	18000.7052186178	26201338	1091982.8906679	26207141	1992285.42050005	26212117	18847	26217905	503913	26223708	1180798	26212117	0.8507	26217905	1.03868	26223708	1.1078	26212117	22154.6961325967	26217905	485147.49489737	26223708	1065894.5658061
220	26282426	15027	26288214	245417	26294017	1638773	26282426	0.85029	26288214	1.0383	26294017	1.10786	26282426	17672.7939879335	26288214	236364.249253588	26294017	1479223.9091582	26299009	17391	26304781	608359	26310569	1036634	26299009	0.84987	26304781	1.0382	26310569	1.10731	26299009	20463.1296551237	26304781	585974.764014641	26310569	936173.248683747	26315561	15382	26321333	1134781	26327136	2203033	26315561	0.85047	26321333	1.03826	26327136	1.10723	26315561	18086.4698343269	26321333	1092964.19008726	26327136	1989679.65102102	26332113	18772	26337900	502295	26343703	1176310	26332113	0.85072	26337900	1.0384	26343703	1.10732	26332113	22066.0146699266	26337900	483720.146379045	26343703	1062303.57981433
221	26402437	15024	26408225	246513	26414028	1641596	26402437	0.84963	26408225	1.03872	26414028	1.10757	26402437	17682.9914197945	26408225	237323.821626617	26414028	1482160.04406042	26419005	16972	26424792	609453	26430596	1039277	26419005	0.85061	26424792	1.03913	26430596	1.10806	26419005	19952.7397984976	26424792	586503.132428089	26430596	937924.841615075	26435588	15271	26441375	1137076	26447163	2197997	26435588	0.85044	26441375	1.03949	26447163	1.10803	26435588	17956.5871784018	26441375	1093878.7289921	26447163	1983698.09481693	26452155	18322	26457942	502538	26463746	1173564	26452155	0.85093	26457942	1.03881	26463746	1.10841	26452155	21531.7358654648	26457942	483763.152068232	26463746	1058781.4978212
222	26522448	15077	26528236	245451	26534039	1645609	26522448	0.85046	26528236	1.03774	26534039	1.10739	26522448	17728.0530536416	26528236	236524.562992657	26534039	1486024.7970453	26539031	17027	26544819	609121	26550607	1040523	26539031	0.85045	26544819	1.03797	26550607	1.10736	26539031	20021.1652654477	26544819	586838.733296723	26550607	939642.934547031	26555599	15398	26561371	1131456	26567174	2184667	26555599	0.85032	26561371	1.03803	26567174	1.10734	26555599	18108.4768087308	26561371	1090003.17909887	26567174	1972896.3100764	26572150	18498	26577938	502268	26583772	1171359	26572150	0.8503	26577938	1.03826	26583772	1.10805	26572150	21754.6748206515	26577938	483759.366632635	26583772	1057135.50832544
223	26642459	15184	26648247	245008	26654050	1647777	26642459	0.85014	26648247	1.03885	26654050	1.10795	26642459	17860.5876679135	26648247	235845.405977764	26654050	1487230.47068911	26659027	17289	26664814	610349	26670618	1043495	26659027	0.85025	26664814	1.03907	26670618	1.10853	26659027	20334.019406057	26664814	587399.308997469	26670618	941332.214734829	26675610	15464	26681382	1132237	26687200	2181528	26675610	0.85044	26681382	1.03899	26687200	1.10817	26675610	18183.5285264099	26681382	1089747.73578187	26687200	1968586.04726712	26692177	18754	26697964	503705	26703768	1167524	26692177	0.85088	26697964	1.03862	26703768	1.10848	26692177	22040.7107935314	26697964	484975.25562766	26703768	1053265.73325635
224	26762471	15043	26768258	245254	26774077	1651577	26762471	0.85026	26768258	1.03834	26774077	1.10732	26762471	17692.2353162562	26768258	236198.162451605	26774077	1491508.32640971	26779053	17176	26784841	610808	26790629	1044089	26779053	0.85093	26784841	1.03866	26790629	1.10778	26779053	20184.9740871752	26784841	588073.094179038	26790629	942505.732185091	26795621	15384	26801408	1134127	26807211	2174327	26795621	0.85063	26801408	1.03855	26807211	1.10809	26795621	18085.4190423568	26801408	1092029.27158057	26807211	1962229.60228862	26812188	18696	26817975	503314	26823779	1163131	26812188	0.85074	26817975	1.0389	26823779	1.10854	26812188	21976.1619296142	26817975	484468.187506016	26823779	1049245.85490826
225	26882482	14997	26888269	244672	26894088	1656437	26882482	0.85046	26888269	1.03849	26894088	1.10721	26882482	17633.9863132893	26888269	235603.616789762	26894088	1496045.91721534	26899064	17081	26904836	608977	26910640	1046537	26899064	0.85027	26904836	1.03803	26910640	1.10785	26899064	20088.9129335388	26904836	586666.08864869	26910640	944655.864963669	26915632	15457	26921404	1132684	26927207	2163171	26915632	0.85011	26921404	1.03911	26927207	1.10811	26915632	18182.3528719813	26921404	1090052.06378535	26927207	1952126.59393021	26932183	18659	26937986	503254	26943790	1157414	26932183	0.85009	26937986	1.03808	26943790	1.10686	26932183	21949.4406474609	26937986	484793.079531443	26943790	1045673.34622265
226	27002493	15017	27008280	245266	27014083	1656832	27002493	0.84963	27008280	1.03799	27014083	1.10713	27002493	17674.7525393407	27008280	236289.366949585	27014083	1496510.79818991	27019060	17220	27024832	608376	27030635	1048739	27019060	0.85025	27024832	1.03795	27030635	1.10708	27019060	20252.8668038812	27024832	586132.279974951	27030635	947301.911334321	27035627	15450	27041415	1130802	27047218	2158780	27035627	0.85038	27041415	1.03854	27047218	1.10759	27035627	18168.3482678332	27041415	1088838.1766711	27047218	1949078.63017904	27052194	18666	27057982	502245	27063785	1153243	27052194	0.85004	27057982	1.03784	27063785	1.10668	27052194	21958.9666368641	27057982	483932.9761813	27063785	1042074.4930784
227	27122504	15073	27128291	245201	27134094	1661609	27122504	0.85012	27128291	1.03796	27134094	1.10694	27122504	17730.4380558039	27128291	236233.573548114	27134094	1501083.16620594	27139086	17210	27144874	610790	27150662	1050814	27139086	0.84972	27144874	1.03823	27150662	1.10753	27139086	20253.7306406816	27144874	588299.317107	27150662	948790.551948931	27155654	15439	27161426	1131072	27167229	2148987	27155654	0.84996	27161426	1.0383	27167229	1.10748	27155654	18164.3842063156	27161426	1089349.89887316	27167229	1940429.62401127	27172205	18950	27177993	502136	27183780	1147212	27172205	0.84992	27177993	1.03844	27183780	1.10703	27172205	22296.2161144578	27177993	483548.399522361	27183780	1036297.11931926
228	27242515	14916	27248302	244366	27254105	1668035	27242515	0.85003	27248302	1.03781	27254105	1.10701	27242515	17547.6159664953	27248302	235463.138724815	27254105	1506793.0732333	27259097	17269	27264885	608689	27270673	1052819	27259097	0.85007	27264885	1.03781	27270673	1.10776	27259097	20314.7976049031	27264885	586512.945529529	27270673	950403.517007294	27275665	15608	27281437	1131435	27287240	2139101	27275665	0.85017	27281437	1.03839	27287240	1.10733	27275665	18358.6812049355	27281437	1089605.06168203	27287240	1931764.69525796	27292216	18874	27298004	502787	27303823	1147419	27292216	0.84984	27298004	1.0381	27303823	1.10819	27292216	22208.8863786124	27298004	484333.879202389	27303823	1035399.16440322
229	27362526	15012	27368313	245247	27374116	1668796	27362526	0.84918	27368313	1.03749	27374116	1.10656	27362526	17678.2307637957	27368313	236384.929011364	27374116	1508093.55118566	27379093	17249	27384865	608957	27390668	1054291	27379093	0.84957	27384865	1.03838	27390668	1.10749	27379093	20303.2122132373	27384865	586449.084150311	27390668	951964.35182259	27395644	15808	27401432	1129972	27407235	2130961	27395644	0.85004	27401432	1.03763	27407235	1.10654	27395644	18596.7719166157	27401432	1088993.18639592	27407235	1925787.59014586	27412196	18555	27417984	499323	27423771	1140201	27412196	0.84937	27417984	1.03721	27423771	1.10613	27412196	21845.6032117923	27417984	481409.743446361	27423771	1030801.9853001
230	27482537	15070	27488324	246174	27494127	1673949	27482537	0.85023	27488324	1.03823	27494127	1.10743	27482537	17724.6156922245	27488324	237109.31103898	27494127	1511561.90458991	27499104	17276	27504891	609669	27510695	1056133	27499104	0.85004	27504891	1.03817	27510695	1.10688	27499104	20323.7494706132	27504891	587253.532658428	27510695	954153.115062157	27515687	15534	27521459	1133083	27527277	2123270	27515687	0.85029	27521459	1.03837	27527277	1.10677	27515687	18269.061143845	27521459	1091213.15138149	27527277	1918438.33858887	27532269	18805	27538041	500776	27543845	1137505	27532269	0.84996	27538041	1.03742	27543845	1.10797	27532269	22124.5705680267	27538041	482712.883885023	27543845	1026656.85894022
231	27602548	14942	27608335	245326	27614138	1682905	27602548	0.8494	27608335	1.03753	27614138	1.10734	27602548	17591.2408759124	27608335	236451.958015672	27614138	1519772.60823234	27619115	17307	27624902	609107	27630706	1056914	27619115	0.8503	27624902	1.03803	27630706	1.1067	27619115	20353.9927084558	27624902	586791.325876901	27630706	955014.005602241	27635682	15545	27641470	1131558	27647273	2113770	27635682	0.84969	27641470	1.03807	27647273	1.10677	27635682	18294.9075545199	27641470	1090059.43722485	27647273	1909854.8027142	27652249	18783	27658037	501473	27663840	1134537	27652249	0.85044	27658037	1.03813	27663840	1.10762	27652249	22086.2141950049	27658037	483054.14543458	27663840	1024301.65580253
232	27722559	15212	27728346	244831	27734149	1682436	27722559	0.85025	27728346	1.03782	27734149	1.10809	27722559	17891.2084680976	27728346	235908.924476306	27734149	1518320.71402142	27739126	17247	27744898	610144	27750701	1060222	27739126	0.85014	27744898	1.03836	27750701	1.10698	27739126	20287.2468064084	27744898	587603.528641319	27750701	957760.754485176	27755677	15788	27761465	1130637	27767268	2108922	27755677	0.85032	27761465	1.03776	27767268	1.10749	27755677	18567.1276695832	27761465	1089497.57169288	27767268	1904235.70415986	27772245	18785	27778032	501461	27783835	1129056	27772245	0.84993	27778032	1.03777	27783835	1.10722	27772245	22101.8201498947	27778032	483210.152538617	27783835	1019721.46456892
233	27842570	14998	27848357	245931	27854160	1687322	27842570	0.85011	27848357	1.03827	27854160	1.10782	27842570	17642.4227452918	27848357	236866.133086769	27854160	1523101.22583091	27859152	17397	27864924	610298	27870728	1059239	27859152	0.85011	27864924	1.03837	27870728	1.10706	27859152	20464.4104880545	27864924	587746.17910764	27870728	956803.605947284	27875704	15626	27881492	1131900	27887295	2100085	27875704	0.85016	27881492	1.03789	27887295	1.10707	27875704	18380.0696339513	27881492	1090577.99959533	27887295	1896975.80098819	27892271	18820	27898059	500131	27903862	1126650	27892271	0.85053	27898059	1.03818	27903862	1.10817	27892271	22127.3793987279	27898059	481738.234217573	27903862	1016676.1417472
234	27962581	14978	27968368	244992	27974171	1688541	27962581	0.85061	27968368	1.03823	27974171	1.10754	27962581	17608.5397538237	27968368	235970.834978762	27974171	1524586.92236849	27979148	17412	27984935	610148	27990739	1065039	27979148	0.85043	27984935	1.03862	27990739	1.10801	27979148	20474.3482708747	27984935	587460.28383817	27990739	961217.859044594	27995715	15585	28001503	1130095	28007321	2092099	27995715	0.8503	28001503	1.03863	28007321	1.10799	27995715	18328.8251205457	28001503	1088063.12161212	28007321	1888193.03423316	28012298	18778	28018086	501962	28023889	1122165	28012298	0.851	28018086	1.03916	28023889	1.10845	28012298	22065.8049353702	28018086	483045.921705993	28023889	1012373.1336551
235	28082592	15030	28088379	245567	28094198	1689852	28082592	0.85045	28088379	1.03782	28094198	1.1072	28082592	17672.996648833	28088379	236618.103331984	28094198	1526239.16184971	28099174	17418	28104962	610748	28110750	1067119	28099174	0.85028	28104962	1.03949	28110750	1.10848	28099174	20485.0167003811	28104962	587545.815736563	28110750	962686.742205543	28115742	15630	28121514	1133629	28127317	2090266	28115742	0.85058	28121514	1.0388	28127317	1.10858	28115742	18375.6965835077	28121514	1091287.06199461	28127317	1885534.64792798	28132293	18817	28138065	500562	28143869	1117182	28132293	0.85045	28138065	1.03906	28143869	1.10806	28132293	22125.9333294138	28138065	481745.038785056	28143869	1008232.40618739
236	28202603	15062	28208390	246528	28214209	1696853	28202603	0.8506	28208390	1.03889	28214209	1.108	28202603	17707.5005878204	28208390	237299.425348208	28214209	1531455.77617328	28219185	17523	28224957	611367	28230761	1069085	28219185	0.85073	28224957	1.03848	28230761	1.10756	28219185	20597.60441033	28224957	588713.311763346	28230761	965261.475676261	28235737	15606	28241525	1131865	28247328	2080592	28235737	0.85062	28241525	1.03821	28247328	1.10823	28235737	18346.6177611624	28241525	1090208.14671406	28247328	1877400.90053509	28252304	18757	28258108	500462	28263911	1111576	28252304	0.84978	28258108	1.03809	28263911	1.10702	28252304	22072.7717762244	28258108	482098.854627248	28263911	1004115.55346787
237	28322614	15013	28328401	245256	28334204	1696695	28322614	0.85074	28328401	1.03827	28334204	1.10684	28322614	17646.9896795731	28328401	236216.013175764	28334204	1532918.03693397	28339181	17415	28344968	609131	28350772	1070654	28339181	0.8503	28344968	1.03809	28350772	1.10754	28339181	20481.0067035164	28344968	586780.529626526	28350772	966695.559528324	28355748	15654	28361536	1128425	28367355	2069292	28355748	0.85007	28361536	1.03813	28367355	1.1079	28355748	18414.9540626066	28361536	1086978.50943523	28367355	1867760.62821554	28372331	18876	28378119	500394	28383922	1109601	28372331	0.8501	28378119	1.03811	28383922	1.10765	28372331	22204.4465357017	28378119	482024.062960573	28383922	1001761.38671963
238	28442625	14956	28448412	244448	28454215	1702298	28442625	0.85034	28448412	1.03832	28454215	1.10759	28442625	17588.2588141214	28448412	235426.458124663	28454215	1536938.75892704	28459207	17578	28464979	607319	28470783	1073324	28459207	0.85011	28464979	1.03824	28470783	1.10713	28459207	20677.3241109974	28464979	584950.493142241	28470783	969465.193789347	28475775	15630	28481547	1130207	28487350	2061068	28475775	0.85042	28481547	1.03812	28487350	1.10726	28475775	18379.1538298723	28481547	1088705.54463838	28487350	1861412.85696223	28492326	18629	28498114	500805	28503933	1105098	28492326	0.84999	28498114	1.03839	28503933	1.10722	28492326	21916.7284320992	28498114	482289.891081386	28503933	998083.488376294
239	28562636	15077	28568423	246137	28574242	1707674	28562636	0.85009	28568423	1.03796	28574242	1.10724	28562636	17735.7691538543	28568423	237135.342402405	28574242	1542279.90318269	28579218	17489	28584991	612305	28590794	1074109	28579218	0.85028	28584991	1.03814	28590794	1.10746	28579218	20568.5186056358	28584991	589809.659583486	28590794	969885.142578513	28595770	15659	28601558	1133309	28607361	2053655	28595770	0.85007	28601558	1.03772	28607361	1.10662	28595770	18420.8359311586	28601558	1092114.44320241	28607361	1855790.60562795	28612337	18679	28618125	502698	28623928	1098351	28612337	0.84978	28618125	1.03832	28623928	1.10705	28612337	21980.9833133282	28618125	484145.542799908	28623928	992142.179666682
240	28682647	15038	28688434	245452	28694237	1709953	28682647	0.85018	28688434	1.03835	28694237	1.10719	28682647	17688.0190077395	28688434	236386.574854336	28694237	1544407.91553392	28699214	17344	28705002	609419	28710789	1077259	28699214	0.85025	28705002	1.03826	28710789	1.10813	28699214	20398.7062628639	28705002	586961.840001541	28710789	972141.355256152	28715766	15746	28721553	1129248	28727356	2045749	28715766	0.85076	28721553	1.03881	28727356	1.10785	28715766	18508.1574121962	28721553	1087059.23123574	28727356	1846593.85295843	28732317	18891	28738105	500870	28743924	1097191	28732317	0.85041	28738105	1.03897	28743924	1.10811	28732317	22213.9908985078	28738105	482083.217032253	28743924	990146.285116099
241	28802658	15174	28808445	245179	28814249	1711102	28802658	0.85108	28808445	1.03943	28814249	1.10829	28802658	17829.1112468863	28808445	235878.317924247	28814249	1543911.79203999	28819241	17653	28825013	610696	28830816	1086746	28819241	0.85115	28825013	1.03891	28830816	1.10864	28819241	20740.1750572755	28825013	587823.776843038	28830816	980251.479289941	28835808	15603	28841580	1129017	28847383	2042252	28835808	0.85109	28841580	1.03862	28847383	1.10866	28835808	18332.9612614412	28841580	1087035.6819626	28847383	1842090.45153609	28852359	18776	28858163	499195	28863966	1095323	28852359	0.85046	28858163	1.03838	28863966	1.10876	28852359	22077.4639606801	28858163	480744.043606387	28863966	987881.056315163
242	28922669	15261	28928456	244995	28934260	1718545	28922669	0.85042	28928456	1.03849	28934260	1.10747	28922669	17945.2505820653	28928456	235914.645302314	28934260	1551775.66886688	28939236	17513	28945024	611047	28950811	1082933	28939236	0.85111	28945024	1.03967	28950811	1.10743	28939236	20576.6587162646	28945024	587731.684092068	28950811	977879.414500239	28955803	15675	28961591	1131919	28967394	2030565	28955803	0.85053	28961591	1.03884	28967394	1.10767	28955803	18429.6850199288	28961591	1089598.97578068	28967394	1833185.87666002	28972370	18958	28978174	499258	28983977	1090418	28972370	0.85017	28978174	1.03974	28983977	1.10805	28972370	22299.0695978451	28978174	480175.813184065	28983977	984087.36067867
243	29042680	15154	29048467	245060	29054271	1721853	29042680	0.85097	29048467	1.03909	29054271	1.10913	29042680	17807.9133224438	29048467	235840.976238824	29054271	1552435.69284033	29059263	17651	29065035	610722	29070838	1086622	29059263	0.8523	29065035	1.0405	29070838	1.10923	29059263	20709.8439516602	29065035	586950.504565113	29070838	979618.293771355	29075830	15689	29081617	1130533	29087405	2021418	29075830	0.85178	29081617	1.03948	29087405	1.10939	29075830	18419.0753480946	29081617	1087594.75891792	29087405	1822098.63077908	29092397	18801	29098185	500601	29103988	1086752	29092397	0.85158	29098185	1.03997	29103988	1.10979	29092397	22077.7848235045	29098185	481361.0007981	29103988	979241.117688932
244	29162691	15070	29168478	245218	29174282	1723474	29162691	0.8515	29168478	1.04	29174282	1.10784	29162691	17698.1796829125	29168478	235786.538461538	29174282	1555706.60023108	29179274	17591	29185061	609191	29190849	1089550	29179274	0.85094	29185061	1.03939	29190849	1.10901	29179274	20672.4328389781	29185061	586104.349666632	29190849	982452.818279366	29195825	15549	29201613	1131133	29207416	2014770	29195825	0.851	29201613	1.04025	29207416	1.10905	29195825	18271.4453584019	29201613	1087366.49843788	29207416	1816662.90969749	29212392	18884	29218180	498932	29223968	1080670	29212392	0.85131	29218180	1.03973	29223968	1.10789	29212392	22182.2837744183	29218180	479866.888519135	29223968	975430.773813285
245	29282702	15052	29288489	244871	29294293	1730488	29282702	0.85059	29288489	1.03913	29294293	1.1082	29282702	17695.9522213993	29288489	235650.014916324	29294293	1561530.40967334	29299269	17505	29305057	608866	29310844	1092164	29299269	0.85097	29305057	1.03928	29310844	1.10825	29299269	20570.6429133812	29305057	585853.667923947	29310844	985485.224452966	29315836	15716	29321624	1131410	29327427	2006925	29315836	0.85104	29321624	1.03919	29327427	1.10816	29315836	18466.817070878	29321624	1088742.19343912	29327427	1811042.62922322	29332403	19053	29338191	498888	29343994	1076752	29332403	0.85131	29338191	1.03891	29343994	1.10775	29332403	22380.8013532086	29338191	480203.289986621	29343994	972017.151884451
246	29402713	15235	29408500	245061	29414304	1733972	29402713	0.85052	29408500	1.03881	29414304	1.10819	29402713	17912.571132954	29408500	235905.507263118	29414304	1564688.36571346	29419264	17691	29425052	610354	29430855	1093939	29419264	0.8508	29425052	1.03892	29430855	1.1083	29419264	20793.3709449929	29425052	587488.930812767	29430855	987042.317062167	29435832	15696	29441619	1128620	29447407	2002169	29435832	0.85054	29441619	1.03891	29447407	1.10855	29435832	18454.158534578	29441619	1086350.1169495	29447407	1806115.19552569	29452399	19150	29458186	498994	29463990	1073594	29452399	0.85065	29458186	1.0385	29463990	1.10831	29452399	22512.1965555751	29458186	480494.94463168	29463990	968676.633793794
247	29522724	15091	29528511	244144	29534315	1735457	29522724	0.85023	29528511	1.03857	29534315	1.10792	29522724	17749.3148912647	29528511	235077.077134907	29534315	1566410.02960503	29539307	17460	29545079	610398	29550882	1095087	29539307	0.85071	29545079	1.03923	29550882	1.10734	29539307	20524.0328666643	29545079	587356.023209492	29550882	988934.744522911	29555858	15759	29561646	1129495	29567449	1993916	29555858	0.85068	29561646	1.03864	29567449	1.10827	29555858	18525.1798561151	29561646	1087474.96726488	29567449	1799124.76201648	29572425	18795	29578213	498340	29584016	1068083	29572425	0.85073	29578213	1.03884	29584016	1.1077	29572425	22092.7908972294	29578213	479708.135997844	29584016	964234.90114652
248	29642735	15086	29648522	245795	29654326	1741737	29642735	0.8505	29648522	1.03891	29654326	1.10827	29642735	17737.8012933569	29648522	236589.309949851	29654326	1571581.83475146	29659302	17662	29665090	611467	29670893	1099412	29659302	0.85168	29665090	1.03973	29670893	1.10955	29659302	20737.8358068758	29665090	588101.718715436	29670893	990862.962462259	29675869	15922	29681657	1131060	29687460	1987010	29675869	0.8509	29681657	1.03939	29687460	1.10877	29675869	18711.9520507698	29681657	1088195.96109256	29687460	1792084.92293262	29692436	18903	29698224	499410	29704027	1064546	29692436	0.85056	29698224	1.03881	29704027	1.10892	29692436	22224.1817155756	29698224	480752.014324082	29704027	959984.489413123
249	29762746	15214	29768533	245365	29774337	1746773	29762746	0.85086	29768533	1.0385	29774337	1.10874	29762746	17880.7324354183	29768533	236268.656716418	29774337	1575457.72678897	29779329	17404	29785101	611041	29790904	1098618	29779329	0.85085	29785101	1.03854	29790904	1.10787	29779329	20454.8392783687	29785101	588365.397577368	29790904	991648.839665304	29795865	15791	29801652	1132349	29807471	1974626	29795865	0.85104	29801652	1.03996	29807471	1.10841	29795865	18554.9445384471	29801652	1088838.99380745	29807471	1781494.21243042	29812447	18997	29818219	500400	29824023	1060706	29812447	0.85092	29818219	1.03889	29824023	1.10767	29812447	22325.2479669064	29818219	481667.93404499	29824023	957601.090577518
250	29882757	15071	29888544	245663	29894348	1745937	29882757	0.85101	29888544	1.03899	29894348	1.10796	29882757	17709.5451287294	29888544	236444.0466222	29894348	1575812.30369327	29899324	17464	29905112	609770	29910915	1101216	29899324	0.85117	29905112	1.03845	29910915	1.10724	29899324	20517.6404243571	29905112	587192.450286485	29910915	994559.445106752	29915891	16036	29921663	1129487	29927466	1967682	29915891	0.85113	29921663	1.03939	29927466	1.10814	29915891	18840.835125069	29921663	1086682.57343249	29927466	1775661.91997401	29932443	18714	29938230	497881	29944049	1056937	29932443	0.8514	29938230	1.03859	29944049	1.10786	29932443	21980.2677942213	29938230	479381.661675926	29944049	954034.805841893
251	30002768	15243	30008571	246323	30014374	1751907	30002768	0.85025	30008571	1.03922	30014374	1.10737	30002768	17927.6683328433	30008571	237026.808567964	30014374	1582043.03891202	30019351	17679	30025123	610137	30030926	1102623	30019351	0.85018	30025123	1.03853	30030926	1.10582	30019351	20794.4200051754	30025123	587500.601812177	30030926	997108.932737697	30035918	15910	30041690	1128024	30047509	1960920	30035918	0.84921	30041690	1.03787	30047509	1.10746	30035918	18735.0596436688	30041690	1086864.44352376	30047509	1770646.34388601	30052485	19084	30058257	497199	30064076	1051666	30052485	0.84987	30058257	1.03807	30064076	1.10696	30052485	22455.1990304399	30058257	478964.809694915	30064076	950048.782250488
252	30122779	15235	30128566	244659	30134370	1754701	30122779	0.84988	30128566	1.03849	30134370	1.10738	30122779	17926.0601496682	30128566	235591.098614334	30134370	1584551.82502845	30139346	17623	30145134	610994	30150937	1107037	30139346	0.84993	30145134	1.03974	30150937	1.10721	30139346	20734.6487357782	30145134	587641.141054494	30150937	999843.751411205	30155898	15838	30161685	1129994	30167473	1944763	30155898	0.85053	30161685	1.03827	30167473	1.10694	30155898	18621.3302293864	30161685	1088343.10921051	30167473	1756882.03515999	30172449	18989	30178237	499471	30184040	1050385	30172449	0.85075	30178237	1.03914	30184040	1.10785	30172449	22320.3056126947	30178237	480658.044151895	30184040	948129.25937627
253	30242790	15008	30248577	244309	30254381	1755973	30242790	0.85029	30248577	1.03812	30254381	1.10769	30242790	17650.4486704536	30248577	235337.918545062	30254381	1585256.70539591	30259357	17580	30265145	611608	30270932	1107214	30259357	0.85086	30265145	1.03867	30270932	1.10766	30259357	20661.4484168958	30265145	588837.648146187	30270932	999597.349367134	30275924	15781	30281712	1130997	30287515	1941404	30275924	0.85068	30281712	1.03893	30287515	1.10818	30275924	18551.0415197254	30281712	1088617.13493691	30287515	1751885.0728221	30292507	19186	30298295	498427	30304098	1041882	30292507	0.8506	30298295	1.03796	30304098	1.10691	30292507	22555.8429343992	30298295	480198.658907858	30304098	941252.676369353
254	30362801	15073	30368588	245333	30374392	1758426	30362801	0.85063	30368588	1.03837	30374392	1.10716	30362801	17719.8076719608	30368588	236267.419128057	30374392	1588231.14996929	30379368	17448	30385156	610399	30390959	1110413	30379368	0.85083	30385156	1.03764	30390959	1.10698	30379368	20507.034307676	30385156	588257.00628349	30390959	1003101.23037453	30395951	16077	30401754	1131283	30407557	1932797	30395951	0.8504	30401754	1.03802	30407557	1.10748	30395951	18905.2210724365	30401754	1089847.01643514	30407557	1745220.68118612	30412534	18932	30418321	497567	30424125	1038362	30412534	0.85044	30418321	1.03861	30424125	1.1073	30412534	22261.4176191148	30418321	479070.103311156	30424125	937742.255937867
255	30482812	15287	30488599	245246	30494403	1766934	30482812	0.85051	30488599	1.03863	30494403	1.1082	30482812	17973.9215294353	30488599	236124.510172054	30494403	1594417.97509475	30499379	17615	30505167	609758	30510954	1111919	30499379	0.85082	30505167	1.03838	30510954	1.10699	30499379	20703.556568957	30505167	587220.478052351	30510954	1004452.6147481	30515946	16008	30521734	1127557	30527537	1920936	30515946	0.85054	30521734	1.03903	30527537	1.10744	30515946	18820.9843158464	30521734	1085201.58224498	30527537	1734573.43061475	30532514	19179	30538301	498169	30544104	1034834	30532514	0.85019	30538301	1.03851	30544104	1.10721	30532514	22558.4869264517	30538301	479695.91048714	30544104	934632.093279504
256	30602823	15158	30608610	244971	30614429	1768360	30602823	0.85116	30608610	1.03904	30614429	1.10753	30602823	17808.6376239485	30608610	235766.669233138	30614429	1596670.06762796	30619390	17590	30625178	609214	30630981	1115063	30619390	0.8508	30625178	1.03905	30630981	1.10732	30619390	20674.6591443347	30625178	586318.271498003	30630981	1006992.55860998	30635957	15975	30641745	1127378	30647564	1916853	30635957	0.85074	30641745	1.03948	30647564	1.10728	30635957	18777.7699414627	30641745	1084559.58748605	30647564	1731136.65920093	30652540	19176	30658312	498145	30664115	1028166	30652540	0.85024	30658312	1.03816	30664115	1.10667	30652540	22553.6319156944	30658312	479834.514910996	30664115	929062.864268481
257	30722834	15104	30728637	244630	30734440	1769831	30722834	0.85025	30728637	1.03752	30734440	1.10661	30722834	17764.1870038224	30728637	235783.406584933	30734440	1599326.77275644	30739417	17502	30745189	609084	30750992	1117357	30739417	0.85043	30745189	1.03787	30750992	1.10707	30739417	20580.1770868855	30745189	586859.625964716	30750992	1009292.09535079	30755968	15901	30761756	1127429	30767559	1906544	30755968	0.85038	30761756	1.03763	30767559	1.10677	30755968	18698.6994049719	30761756	1086542.40914391	30767559	1722619.87585497	30772536	19288	30778323	496270	30784126	1026746	30772536	0.85011	30778323	1.03779	30784126	1.10687	30772536	22688.8285045465	30778323	478198.864895595	30784126	927612.09536802
258	30842845	15017	30848632	244428	30854451	1772752	30842845	0.85003	30848632	1.03789	30854451	1.10651	30842845	17666.4353022835	30848632	235504.725934348	30854451	1602111.14224002	30859428	17706	30865200	611022	30871003	1118233	30859428	0.8504	30865200	1.03783	30871003	1.10619	30859428	20820.7902163688	30865200	588749.602536061	30871003	1010886.91816053	30875979	15896	30881767	1125976	30887570	1895027	30875979	0.85028	30881767	1.03827	30887570	1.10652	30875979	18695.0181116809	30881767	1084473.21024396	30887570	1712600.76636663	30892547	18870	30898334	499543	30904137	1023430	30892547	0.85026	30898334	1.03791	30904137	1.10712	30892547	22193.2114882507	30898334	481297.029607577	30904137	924407.471638124
259	30962856	15253	30968643	245352	30974447	1774123	30962856	0.85038	30968643	1.03742	30974447	1.1072	30962856	17936.6871281074	30968643	236502.091727555	30974447	1602350.97543353	30979423	17717	30985211	610725	30990998	1122098	30979423	0.8502	30985211	1.03827	30990998	1.10702	30979423	20838.6262055987	30985211	588214.048368921	30990998	1013620.35012918	30995975	15992	31001747	1131061	31007550	1892265	30995975	0.84998	31001747	1.03847	31007550	1.10751	30995975	18814.5603425963	31001747	1089160.97720685	31007550	1708575.99479914	31012542	19134	31018314	498626	31024148	1015151	31012542	0.85033	31018314	1.0385	31024148	1.10689	31012542	22501.8522220785	31018314	480140.587385652	31024148	917120.039028268
260	31082867	15127	31088655	246355	31094458	1780790	31082867	0.85082	31088655	1.03916	31094458	1.10678	31082867	17779.318774829	31088655	237071.288348281	31094458	1608982.81501292	31099434	17637	31105206	611413	31111009	1124736	31099434	0.84997	31105206	1.03879	31111009	1.10688	31099434	20750.1441227337	31105206	588581.907796571	31111009	1016131.83000867	31116001	16009	31121773	1132134	31127592	1884655	31116001	0.85067	31121773	1.04032	31127592	1.10811	31116001	18819.2836234968	31121773	1088255.53675792	31127592	1700783.3157358	31132569	18777	31138356	498435	31144159	1014163	31132569	0.8506	31138356	1.03902	31144159	1.10762	31132569	22075.0058782036	31138356	479716.463590691	31144159	915623.589317636
261	31202878	15142	31208666	246033	31214469	1787355	31202878	0.85049	31208666	1.03789	31214469	1.10763	31202878	17803.8542487272	31208666	237051.132586305	31214469	1613675.14422686	31219445	17551	31225233	609337	31231036	1125671	31219445	0.85038	31225233	1.03797	31231036	1.10716	31219445	20639.0084432842	31225233	587046.83179668	31231036	1016719.35402291	31236012	16211	31241800	1128078	31247603	1874094	31236012	0.85108	31241800	1.03878	31247603	1.10747	31236012	19047.5630963012	31241800	1085964.30428002	31247603	1692230.03783398	31252580	19127	31258367	497561	31264170	1012809	31252580	0.85092	31258367	1.03861	31264170	1.10756	31252580	22478.0237860198	31258367	479064.326359269	31264170	914450.684387302
262	31322889	15105	31328677	245402	31334480	1784495	31322889	0.85035	31328677	1.03819	31334480	1.10632	31322889	17763.2739460222	31328677	236374.844681609	31334480	1613000.75927399	31339456	17443	31345244	609801	31351047	1130616	31339456	0.85057	31345244	1.03842	31351047	1.10672	31339456	20507.4244330273	31345244	587239.267348472	31351047	1021591.73051901	31356008	15895	31361795	1126574	31367599	1868076	31356008	0.85039	31361795	1.03794	31367599	1.10695	31356008	18691.4239349005	31361795	1085394.14609708	31367599	1687588.41862776	31372575	18800	31378363	498965	31384181	1006408	31372575	0.85056	31378363	1.03904	31384181	1.10659	31372575	22103.0850263356	31378363	480217.315983985	31384181	909467.824578209
263	31442900	15164	31448688	244497	31454506	1791211	31442900	0.84995	31448688	1.0378	31454506	1.10724	31442900	17841.0494734984	31448688	235591.636153401	31454506	1617726.05758462	31459483	17567	31465255	608712	31471042	1132798	31459483	0.85046	31465255	1.03906	31471042	1.10771	31459483	20655.8803471063	31465255	585829.49974015	31471042	1022648.52714158	31476019	15974	31481791	1129307	31487594	1861218	31476019	0.85115	31481791	1.03869	31487594	1.10776	31476019	18767.5497855842	31481791	1087241.62165805	31487594	1680163.57333719	31492570	19025	31498342	496130	31504146	1002982	31492570	0.85155	31498342	1.03872	31504146	1.10737	31492570	22341.6123539428	31498342	477635.936537277	31504146	905733.404372522
264	31562911	15134	31568699	245012	31574517	1793606	31562911	0.85094	31568699	1.03892	31574517	1.10725	31562911	17785.0377229887	31568699	235833.365417934	31574517	1619874.46376157	31579494	17637	31585297	609354	31591100	1132814	31579494	0.85059	31585297	1.03913	31591100	1.10691	31579494	20735.0192219518	31585297	586407.860421699	31591100	1023402.08327687	31596077	15958	31601864	1126693	31607667	1851837	31596077	0.85042	31601864	1.03914	31607667	1.10725	31596077	18764.8456057007	31601864	1084255.24953327	31607667	1672465.11627907	31612628	19200	31618416	497020	31624219	997192	31612628	0.85051	31618416	1.03855	31624219	1.10691	31612628	22574.6904798298	31618416	478571.084685379	31624219	900879.023588187
265	31682922	15134	31688710	243990	31694513	1796888	31682922	0.85018	31688710	1.03786	31694513	1.10693	31682922	17800.9362723188	31688710	235089.511109398	31694513	1623307.70690107	31699489	17798	31705277	609699	31711080	1137247	31699489	0.85059	31705277	1.03805	31711080	1.10685	31699489	20924.2996038044	31705277	587350.320312124	31711080	1027462.61914442	31716041	15948	31721828	1126574	31727616	1843082	31716041	0.8508	31721828	1.03822	31727616	1.10685	31716041	18744.7108603667	31721828	1085101.42359038	31727616	1665159.68740118	31732592	19219	31738396	496714	31744199	994311	31732592	0.85033	31738396	1.03803	31744199	1.10705	31732592	22601.8134136159	31738396	478516.035182028	31744199	898162.684612258
266	31802933	14983	31808721	244014	31814524	1802060	31802933	0.84998	31808721	1.03805	31814524	1.10674	31802933	17627.4735876138	31808721	235069.601656953	31814524	1628259.57316081	31819516	17582	31825288	608362	31831091	1138763	31819516	0.85026	31825288	1.03806	31831091	1.10678	31819516	20678.3807306001	31825288	586056.682658035	31831091	1028897.34183849	31836052	15983	31841839	1129124	31847643	1831760	31836052	0.85031	31841839	1.03801	31847643	1.10651	31836052	18796.674154132	31841839	1087777.57439716	31847643	1655439.17361795	31852619	19393	31858422	498119	31864225	991359	31852619	0.85187	31858422	1.03967	31864225	1.10773	31852619	22765.2106542078	31858422	479112.603037502	31864225	894946.421962031
267	31922944	15046	31928732	245098	31934550	1806471	31922944	0.85087	31928732	1.03819	31934550	1.10719	31922944	17683.0773208598	31928732	236082.027374565	31934550	1631581.75200282	31939511	17572	31945299	609679	31951086	1141305	31939511	0.85094	31945299	1.03863	31951086	1.10663	31939511	20650.1045902179	31945299	587003.07135361	31951086	1031333.86949568	31956063	16152	31961850	1126223	31967654	1825012	31956063	0.8512	31961850	1.03872	31967654	1.10724	31956063	18975.5639097744	31961850	1084241.1814541	31967654	1648253.31454788	31972630	19358	31978418	497249	31984221	987273	31972630	0.85212	31978418	1.03924	31984221	1.10744	31972630	22717.4576350749	31978418	478473.692313614	31984221	891491.186881456
268	32042955	15185	32048743	245374	32054546	1808857	32042955	0.85108	32048743	1.0403	32054546	1.10758	32042955	17842.036001316	32048743	235868.499471306	32054546	1633161.48720634	32059538	18018	32065310	610303	32071113	1144020	32059538	0.85106	32065310	1.03931	32071113	1.10788	32059538	21171.2452706037	32065310	587219.405182284	32071113	1032620.86146514	32076105	16112	32081893	1129310	32087696	1819045	32076105	0.85162	32081893	1.04007	32087696	1.10715	32076105	18919.2362790916	32081893	1085801.91717865	32087696	1642997.78711105	32092688	19165	32098475	496286	32104279	982863	32092688	0.85108	32098475	1.03944	32104279	1.1076	32092688	22518.4471495042	32098475	477455.168167475	32104279	887380.82340195
269	32162966	15059	32168754	245861	32174572	1813758	32162966	0.85131	32168754	1.0392	32174572	1.1078	32162966	17689.2083964713	32168754	236586.797536567	32174572	1637261.2384907	32179549	17633	32185336	609543	32191155	1148202	32179549	0.85167	32185336	1.03992	32191155	1.10783	32179549	20704.0285556612	32185336	586144.126471267	32191155	1036442.41444987	32196132	16313	32201919	1129593	32207722	1813160	32196132	0.85126	32201919	1.03963	32207722	1.10698	32196132	19163.3578460165	32201919	1086533.67063282	32207722	1637933.83800972	32212699	19116	32218471	498163	32224274	977576	32212699	0.85117	32218471	1.03915	32224274	1.10781	32212699	22458.4983023368	32218471	479394.697589376	32224274	882440.129625116
270	32282977	15333	32288765	245594	32294568	1816948	32282977	0.85108	32288765	1.03998	32294568	1.10816	32282977	18015.9326972788	32288765	236152.618319583	32294568	1639607.99884493	32299544	17582	32305332	609833	32311135	1148141	32299544	0.85121	32305332	1.0395	32311135	1.10725	32299544	20655.3024518039	32305332	586659.932659933	32311135	1036930.23255814	32316127	16266	32321899	1127283	32327718	1804559	32316127	0.85114	32321899	1.03932	32327718	1.10806	32316127	19110.8395798576	32321899	1084635.14605704	32327718	1628575.16740971	32332694	19401	32338466	495565	32344270	973779	32332694	0.85079	32338466	1.03905	32344270	1.10726	32332694	22803.5120299957	32338466	476940.474471873	32344270	879449.271173889
271	32402988	14956	32408776	244440	32414579	1816186	32402988	0.85036	32408776	1.0387	32414579	1.1076	32402988	17587.8451479373	32408776	235332.627322615	32414579	1639749.00686168	32419571	17772	32425343	610102	32431146	1153875	32419571	0.85139	32425343	1.03993	32431146	1.1073	32419571	20874.1000011745	32425343	586676.026270999	32431146	1042061.77187754	32436107	16254	32441894	1126651	32447698	1796309	32436107	0.85103	32441894	1.03922	32447698	1.10666	32436107	19099.2091935654	32441894	1084131.36775659	32447698	1623180.56132868	32452690	19235	32458477	496882	32464281	970228	32452690	0.85099	32458477	1.03933	32464281	1.10676	32452690	22603.0858176947	32458477	478079.147142871	32464281	876638.114857783
272	32522999	15059	32528787	245251	32534605	1820589	32522999	0.85137	32528787	1.03825	32534605	1.10733	32522999	17687.9617557584	32528787	236215.7476523	32534605	1644125.05757091	32539566	17484	32545354	609777	32551157	1152998	32539566	0.85156	32545354	1.03919	32551157	1.10749	32539566	20531.7300014092	32545354	586781.050625968	32551157	1041091.11594687	32556118	16031	32561905	1127786	32567693	1789607	32556118	0.85092	32561905	1.03851	32567693	1.10761	32556118	18839.6088939031	32561905	1085965.46975956	32567693	1615737.4888273	32572685	19040	32578473	495357	32584276	965758	32572685	0.85129	32578473	1.03962	32584276	1.10778	32572685	22366.0562205594	32578473	476478.905754026	32584276	871795.843940133
273	32643010	15225	32648798	245575	32654616	1823308	32643010	0.85106	32648798	1.03961	32654616	1.10733	32643010	17889.4555025498	32648798	236218.389588403	32654616	1646580.5134874	32659608	17760	32665380	610357	32671184	1156689	32659608	0.85142	32665380	1.03866	32671184	1.10707	32659608	20859.2703953396	32665380	587638.880865731	32671184	1044820.11074277	32676144	16305	32681932	1126280	32687735	1777182	32676144	0.85079	32681932	1.03917	32687735	1.10705	32676144	19164.5411911282	32681932	1083826.51539209	32687735	1605331.28584978	32692712	19187	32698499	496194	32704303	961301	32692712	0.85031	32698499	1.03966	32704303	1.10656	32692712	22564.7116933824	32698499	477265.644537637	32704303	868729.214864083
274	32763021	15354	32768793	244296	32774596	1825001	32763021	0.85116	32768793	1.03846	32774596	1.1066	32763021	18038.9116029889	32768793	235248.348516072	32774596	1649196.63835171	32779573	17671	32785360	610153	32791163	1160096	32779573	0.85137	32785360	1.03917	32791163	1.10677	32779573	20755.9580440936	32785360	587154.171117334	32791163	1048181.64568971	32796156	16017	32801928	1124595	32807731	1771900	32796156	0.8512	32801928	1.03898	32807731	1.10648	32796156	18816.9642857143	32801928	1082402.93364646	32807731	1601384.57089148	32812723	19358	32818495	495750	32824314	956560	32812723	0.85085	32818495	1.03886	32824314	1.1065	32812723	22751.366280778	32818495	477205.783262422	32824314	864491.640307275
275	32883032	15262	32888820	243942	32894623	1832560	32883032	0.85059	32888820	1.03776	32894623	1.10695	32883032	17942.8396759896	32888820	235065.91119334	32894623	1655503.86196305	32899599	17611	32905387	609495	32911190	1159021	32899599	0.8509	32905387	1.039	32911190	1.10596	32899599	20696.9091550123	32905387	586616.939364774	32911190	1047977.32286882	32916167	16041	32921954	1128076	32927742	1765649	32916167	0.85115	32921954	1.03862	32927742	1.10706	32916167	18846.2668154849	32921954	1086129.67206486	32927742	1594899.10212635	32932718	19415	32938506	496198	32944309	954587	32932718	0.85094	32938506	1.03936	32944309	1.10729	32932718	22815.9447199568	32938506	477407.250615764	32944309	862093.037957536
276	33003043	15053	33008831	244529	33014634	1836076	33003043	0.85081	33008831	1.03833	33014634	1.10647	33003043	17692.5518035754	33008831	235502.200649119	33014634	1659399.71259953	33019610	17613	33025398	609075	33031201	1162899	33019610	0.85071	33025398	1.03797	33031201	1.10696	33019610	20703.8826392073	33025398	586794.416023585	33031201	1050533.89463034	33036193	16360	33041981	1124868	33047800	1753625	33036193	0.85066	33041981	1.0383	33047800	1.10707	33036193	19232.1256436179	33041981	1083374.7471829	33047800	1584023.59381069	33052776	19237	33058564	495645	33064351	951738	33052776	0.85047	33058564	1.0384	33064351	1.10686	33052776	22619.2575869813	33058564	477316.063174114	33064351	859854.001409392
277	33123054	15096	33128842	244135	33134645	1834050	33123054	0.85024	33128842	1.03819	33134645	1.10654	33123054	17754.9868272488	33128842	235154.451497317	33134645	1657463.80609829	33139621	17686	33145409	609188	33151197	1165194	33139621	0.85076	33145409	1.038	33151197	1.10602	33139621	20788.4714843199	33145409	586886.319845858	33151197	1053501.74499557	33156189	16335	33161961	1124237	33167764	1744523	33156189	0.85077	33161961	1.03879	33167764	1.10626	33156189	19200.2538876547	33161961	1082256.27893992	33167764	1576955.68853615	33172740	19136	33178528	494159	33184347	945315	33172740	0.85043	33178528	1.03803	33184347	1.10616	33172740	22501.5580353468	33178528	476054.641966032	33184347	854591.559991322
278	33243065	15338	33248853	243746	33254656	1842037	33243065	0.85076	33248853	1.03888	33254656	1.10643	33243065	18028.5862052753	33248853	234623.825658401	33254656	1664847.30168199	33259632	17636	33265420	608869	33271223	1169445	33259632	0.85031	33265420	1.03801	33271223	1.10632	33259632	20740.671049382	33265420	586573.347077581	33271223	1057058.536409	33276200	16148	33281972	1125663	33287775	1740099	33276200	0.85035	33281972	1.038	33287775	1.10677	33276200	18989.8277179985	33281972	1084453.75722543	33287775	1572231.80968042	33292751	19071	33298523	494382	33304326	941777	33292751	0.85036	33298523	1.03819	33304326	1.10652	33292751	22426.9721059316	33298523	476196.07200994	33304326	851116.11177385
279	33363076	15127	33368864	245460	33374667	1842178	33363076	0.85063	33368864	1.03795	33374667	1.10621	33363076	17783.2900320939	33368864	236485.379835252	33374667	1665305.86416684	33379659	17687	33385431	609039	33391234	1170980	33379659	0.85068	33385431	1.0385	33391234	1.10718	33379659	20791.6020125076	33385431	586460.279248917	33391234	1057623.87326361	33396211	16120	33401998	1125402	33407817	1730931	33396211	0.85069	33401998	1.03881	33407817	1.10679	33396211	18949.3234903431	33401998	1083356.91801196	33407817	1563919.98482097	33412809	19524	33418581	494043	33424384	938724	33412809	0.85057	33418581	1.03877	33424384	1.10675	33412809	22954.0190695651	33418581	475603.839155925	33424384	848180.709283939
280	33483087	15267	33488875	244581	33494678	1842628	33483087	0.85129	33488875	1.03872	33494678	1.10694	33483087	17933.9590503824	33488875	235463.840110906	33494678	1664614.16156251	33499654	17748	33505442	609728	33511245	1173372	33499654	0.85049	33505442	1.03884	33511245	1.10703	33499654	20867.9702289269	33505442	586931.577528782	33511245	1059927.91523265	33516222	16050	33522009	1125965	33527797	1727615	33516222	0.85077	33522009	1.03882	33527797	1.10744	33516222	18865.2632321309	33522009	1083888.45035714	33527797	1560007.76565773	33532789	19448	33538576	493378	33544380	934199	33532789	0.85024	33538576	1.03889	33544380	1.10604	33532789	22873.5415882574	33538576	474908.796888987	33544380	844634.009619905
281	33603098	15096	33608901	244370	33614705	1849821	33603098	0.85007	33608901	1.03841	33614705	1.10666	33603098	17758.5375322032	33608901	235330.938646585	33614705	1671535.06948837	33619681	17641	33625469	609427	33631272	1176506	33619681	0.85069	33625469	1.03896	33631272	1.10673	33619681	20737.283851932	33625469	586574.074074074	33631272	1063046.99429852	33636248	16267	33642051	1126596	33647855	1717532	33636248	0.85026	33642051	1.03843	33647855	1.10637	33636248	19131.7949803589	33642051	1084903.17113335	33647855	1552402.9031879	33652815	19254	33658603	494603	33664406	931979	33652815	0.85041	33658603	1.03804	33664406	1.10631	33652815	22640.8438282711	33658603	476477.785056453	33664406	842421.202013902
282	33723109	15079	33728897	244345	33734700	1850221	33723109	0.85041	33728897	1.03786	33734700	1.1058	33723109	17731.4471842993	33728897	235431.561096872	33734700	1673196.78061132	33739692	17678	33745464	608995	33751267	1179741	33739692	0.85013	33745464	1.03819	33751267	1.10715	33739692	20794.466728618	33745464	586593.012839654	33751267	1065565.64151199	33756259	16504	33762047	1125180	33767850	1709532	33756259	0.84988	33762047	1.03852	33767850	1.10661	33756259	19419.2121240646	33762047	1083445.67268806	33767850	1544836.93442134	33772842	19543	33778614	494509	33784417	925952	33772842	0.85032	33778614	1.03807	33784417	1.10643	33772842	22983.1122400978	33778614	476373.462290597	33784417	836882.586336235
283	33843120	14976	33848892	244874	33854695	1851532	33843120	0.84953	33848892	1.03798	33854695	1.10561	33843120	17628.571092251	33848892	235913.986782019	33854695	1674670.09162363	33859687	17728	33865459	608357	33871263	1180896	33859687	0.85074	33865459	1.03848	33871263	1.1058	33859687	20838.3289841785	33865459	585814.84477313	33871263	1067911.01465003	33876255	16240	33882027	1125165	33887830	1701741	33876255	0.84971	33882027	1.03828	33887830	1.10593	33876255	19112.40305516	33882027	1083681.66583195	33887830	1538742.05419873	33892806	19498	33898578	492954	33904381	921879	33892806	0.84964	33898578	1.03715	33904381	1.10628	33892806	22948.5429122923	33898578	475296.726606566	33904381	833314.350797266
284	33963131	15227	33968919	245292	33974722	1857975	33963131	0.85052	33968919	1.03801	33974722	1.10676	33963131	17903.1651225133	33968919	236309.862140056	33974722	1678751.49083812	33979698	17607	33985486	608553	33991289	1183033	33979698	0.85048	33985486	1.03803	33991289	1.10629	33979698	20702.4268648293	33985486	586257.622612063	33991289	1069369.69510707	33996266	16239	34002038	1125431	34007825	1694975	33996266	0.85003	34002038	1.03805	34007825	1.10633	33996266	19104.0316224133	34002038	1084178.02610664	34007825	1532069.99719794	34012817	19437	34018605	492247	34024408	917546	34012817	0.85011	34018605	1.03793	34024408	1.10545	34012817	22864.0999400078	34018605	474258.379659515	34024408	830020.353702112
285	34083142	15200	34088930	244615	34094733	1859646	34083142	0.85049	34088930	1.03799	34094733	1.1057	34083142	17872.0502298675	34088930	235662.193277392	34094733	1681872.11721082	34099725	17939	34105497	608883	34111300	1182949	34099725	0.85005	34105497	1.03821	34111300	1.10528	34099725	21103.4645020881	34105497	586473.834773312	34111300	1070270.88158657	34116277	16387	34122080	1123855	34127883	1684810	34116277	0.85005	34122080	1.03846	34127883	1.10546	34116277	19277.6895476737	34122080	1082232.34404792	34127883	1524080.47328714	34132859	19374	34138647	493942	34144450	915057	34132859	0.85019	34138647	1.03782	34144450	1.10571	34132859	22787.8474223409	34138647	475941.878167698	34144450	827574.137884255
286	34203153	14894	34208941	244145	34214744	1861415	34203153	0.85002	34208941	1.03816	34214744	1.10565	34203153	17521.9406602198	34208941	235170.8792479	34214744	1683548.1391037	34219720	17860	34225508	609523	34231311	1188512	34219720	0.84995	34225508	1.03772	34231311	1.1062	34219720	21013.0007647509	34225508	587367.497976333	34231311	1074409.69083348	34236288	16005	34242060	1124127	34247863	1678842	34236288	0.85047	34242060	1.0379	34247863	1.10543	34236288	18819.0059614096	34242060	1083078.33124578	34247863	1518723.03085677	34252824	19369	34258611	492264	34264414	912251	34252824	0.85005	34258611	1.03745	34264414	1.10609	34252824	22785.7184871478	34258611	474494.192491204	34264414	824752.958620004
287	34323164	15200	34328952	244478	34334755	1866019	34323164	0.85075	34328952	1.03805	34334755	1.10558	34323164	17866.5883044373	34328952	235516.593613024	34334755	1687819.06329709	34339731	17968	34345519	607865	34351338	1192508	34339731	0.85011	34345519	1.03857	34351338	1.10634	34339731	21136.0882709296	34345519	585290.351155916	34351338	1077885.64094221	34356314	16371	34362102	1125749	34367905	1672226	34356314	0.85101	34362102	1.03851	34367905	1.10576	34356314	19237.1417492156	34362102	1084004.00573899	34367905	1512286.57213138	34372881	19367	34378669	494630	34384472	907603	34372881	0.85036	34378669	1.03861	34384472	1.10587	34372881	22775.059974599	34378669	476242.285362167	34384472	820714.007975621
288	34443175	15240	34448963	244093	34454782	1867518	34443175	0.8504	34448963	1.03805	34454782	1.10544	34443175	17920.9783631232	34448963	235145.705890853	34454782	1689388.84064264	34459758	17888	34465530	608272	34471333	1191820	34459758	0.85037	34465530	1.03863	34471333	1.10533	34459758	21035.549231511	34465530	585648.402222158	34471333	1078248.12499435	34476310	16254	34482113	1123911	34487916	1663685	34476310	0.85085	34482113	1.03839	34487916	1.10637	34476310	19103.249691485	34482113	1082359.22919134	34487916	1503732.92840551	34492892	19348	34498680	493839	34504468	903283	34492892	0.85105	34498680	1.0378	34504468	1.106	34492892	22734.2694318783	34498680	475851.80188861	34504468	816711.57323689
289	34563186	15183	34568974	244667	34574793	1870588	34563186	0.85065	34568974	1.03937	34574793	1.10558	34563186	17848.7039322871	34568974	235399.328439343	34574793	1691951.73574052	34579769	17850	34585572	607874	34591375	1195381	34579769	0.8506	34585572	1.03783	34591375	1.1056	34579769	20985.1869268751	34585572	585716.350462022	34591375	1081205.68017366	34596352	16419	34602139	1123766	34607943	1659032	34596352	0.85125	34602139	1.03865	34607943	1.10676	34596352	19288.1057268722	34602139	1081948.68338709	34607943	1498998.87961256	34612935	19268	34618722	493663	34624526	898354	34612935	0.85173	34618722	1.03829	34624526	1.10666	34612935	22622.1924788372	34618722	475457.723757332	34624526	811770.552834656
290	34683197	15039	34688985	244036	34694804	1873264	34683197	0.85085	34688985	1.03869	34694804	1.10634	34683197	17675.26591056	34688985	234945.941522495	34694804	1693208.2361661	34699780	18036	34705552	608286	34711355	1200251	34699780	0.85116	34705552	1.03857	34711355	1.10715	34699780	21189.9055406739	34705552	585695.716225194	34711355	1084090.68328591	34716347	16290	34722119	1123733	34727922	1651444	34716347	0.85122	34722119	1.03876	34727922	1.10644	34716347	19137.2383167689	34722119	1081802.34125303	34727922	1492574.38270489	34732899	19544	34738687	493821	34744490	894453	34732899	0.85064	34738687	1.03885	34744490	1.10578	34732899	22975.6418696511	34738687	475353.515907013	34744490	808888.74821393
291	34803208	15125	34808996	244408	34814799	1880009	34803208	0.85108	34808996	1.03883	34814799	1.10563	34803208	17771.5373407905	34808996	235272.373728136	34814799	1700396.15422881	34819775	17745	34825563	608113	34831366	1199999	34819775	0.85088	34825563	1.03871	34831366	1.10624	34819775	20854.8796540053	34825563	585450.221909869	34831366	1084754.66444894	34836343	16173	34842130	1124835	34847918	1638285	34836343	0.85038	34842130	1.0384	34847918	1.10594	34836343	19018.5564100755	34842130	1083238.63636364	34847918	1481350.70618659	34852894	19359	34858682	494593	34864485	894707	34852894	0.85088	34858682	1.03826	34864485	1.10732	34852894	22751.7393757052	34858682	476367.191262304	34864485	807993.17270527
292	34923219	15020	34929007	244453	34934810	1879730	34923219	0.85126	34929007	1.03862	34934810	1.10699	34923219	17644.4329582031	34929007	235363.270493539	34934810	1698055.08631514	34939786	17941	34945574	608893	34951377	1206439	34939786	0.8509	34945574	1.03843	34951377	1.10665	34939786	21084.7338112587	34945574	586359.215353948	34951377	1090172.1411467	34956369	16398	34962141	1122337	34967960	1635543	34956369	0.85144	34962141	1.03845	34967960	1.10611	34956369	19259.1374612421	34962141	1080780.97164043	34967960	1478644.07699053	34972937	19482	34978724	492722	34984527	888057	34972937	0.85034	34978724	1.03897	34984527	1.10662	34972937	22910.8356657337	34978724	474240.834672801	34984527	802494.984728272
293	35043230	15274	35049018	244039	35054821	1882827	35043230	0.85099	35049018	1.0378	35054821	1.10593	35043230	17948.5070329851	35049018	235150.317980343	35054821	1702482.97812701	35059813	17963	35065585	605978	35071388	1207526	35059813	0.85074	35065585	1.03856	35071388	1.10636	35059813	21114.5590897336	35065585	583479.047912494	35071388	1091440.39914675	35076365	16186	35082152	1124142	35087940	1629152	35076365	0.85094	35082152	1.03942	35087940	1.10711	35076365	19021.317601711	35082152	1081508.91843528	35087940	1471535.8004173	35092932	19457	35098720	493618	35104523	882504	35092932	0.85083	35098720	1.03873	35104523	1.10622	35092932	22868.2580539003	35098720	475213.000490984	35104523	797765.363128492
294	35163241	15244	35169029	245027	35174832	1886286	35163241	0.85117	35169029	1.03848	35174832	1.10616	35163241	17909.4657941422	35169029	235947.731299592	35174832	1705256.02082881	35179808	17861	35185596	607640	35191399	1209408	35179808	0.85118	35185596	1.03815	35191399	1.10643	35179808	20983.8107098381	35185596	585310.407937196	35191399	1093072.31365744	35196376	16465	35202179	1123348	35207982	1617655	35196376	0.85145	35202179	1.03852	35207982	1.10592	35196376	19337.6005637442	35202179	1081681.62384932	35207982	1462723.34346065	35212959	19388	35218731	495256	35224534	880906	35212959	0.85071	35218731	1.03877	35224534	1.10604	35212959	22790.3750984472	35218731	476771.566371767	35224534	796450.399623883
295	35283252	15257	35289040	244047	35294859	1888524	35283252	0.8513	35289040	1.03916	35294859	1.10685	35283252	17922.0016445436	35289040	234850.263674506	35294859	1706214.93427294	35299835	17882	35305607	607322	35311410	1211845	35299835	0.85117	35305607	1.03859	35311410	1.10686	35299835	21008.7291610372	35305607	584756.256077952	35311410	1094849.3937806	35316387	16251	35322174	1126641	35327978	1614588	35316387	0.85146	35322174	1.03983	35327978	1.10682	35316387	19086.0404481714	35322174	1083485.76209573	35327978	1458762.94248387	35332954	19200	35338742	494573	35344545	877830	35332954	0.85089	35338742	1.03887	35344545	1.10615	35332954	22564.6088213518	35338742	476068.227978477	35344545	793590.381051395
296	35403263	15104	35409051	244875	35414854	1892799	35403263	0.8517	35409051	1.03862	35414854	1.10712	35403263	17733.943876952	35409051	235769.578864262	35414854	1709660.19943638	35419846	17816	35425634	609622	35431421	1215096	35419846	0.85123	35425634	1.03906	35431421	1.1068	35419846	20929.7134734443	35425634	586705.291321002	35431421	1097846.04264546	35436398	16351	35442201	1126966	35448004	1609012	35436398	0.85114	35442201	1.03928	35448004	1.10647	35436398	19210.7056418451	35442201	1084371.87283504	35448004	1454184.93045451	35452996	19341	35458768	492697	35464556	871938	35452996	0.85103	35458768	1.03871	35464556	1.1063	35452996	22726.5783814907	35458768	474335.473808859	35464556	788156.919461267
297	35523274	15180	35529078	244459	35534881	1895843	35523274	0.8511	35529078	1.03885	35534881	1.10638	35523274	17835.7419809658	35529078	235316.936997642	35534881	1713555.01726351	35539873	17774	35545660	607722	35551464	1216735	35539873	0.85125	35545660	1.03914	35551464	1.10611	35539873	20879.8825256975	35545660	584831.687741786	35551464	1100012.65696902	35556440	16648	35562228	1124255	35568031	1600417	35556440	0.85092	35562228	1.03911	35568031	1.10636	35556440	19564.7064353876	35562228	1081940.31430744	35568031	1446560.79395495	35573007	19639	35578795	493520	35584614	872715	35573007	0.85138	35578795	1.03962	35584614	1.10682	35573007	23067.2555145763	35578795	474711.913968566	35584614	788488.643139806
298	35643285	15287	35649073	245016	35654876	1894973	35643285	0.85143	35649073	1.03955	35654876	1.10643	35643285	17954.5000763422	35649073	235694.290798903	35654876	1712691.2683134	35659853	17889	35665640	609070	35671443	1221258	35659853	0.8511	35665640	1.0395	35671443	1.10632	35659853	21018.6817060275	35665640	585925.925925926	35671443	1103892.1830935	35676420	16302	35682207	1125616	35688011	1593874	35676420	0.85145	35682207	1.0391	35688011	1.10693	35676420	19146.1624287979	35682207	1083260.51390627	35688011	1439904.96237341	35692987	19733	35698790	492982	35704578	865651	35692987	0.85114	35698790	1.03893	35704578	1.10633	35692987	23184.2000140987	35698790	474509.35096686	35704578	782452.794374192
299	35763296	15195	35769084	244476	35774887	1898672	35763296	0.85088	35769084	1.03916	35774887	1.10594	35763296	17857.982324182	35769084	235263.097116902	35774887	1716794.76282619	35779864	17717	35785651	608291	35791454	1225525	35779864	0.85063	35785651	1.03883	35791454	1.10667	35779864	20828.0921199582	35785651	585553.940490744	35791454	1107398.77289526	35796431	16214	35802218	1125310	35808037	1589855	35796431	0.85053	35802218	1.03884	35808037	1.10681	35796431	19063.4075223684	35802218	1083237.0721189	35808037	1436429.92022118	35813029	19616	35818817	492270	35824604	864066	35813029	0.85168	35818817	1.03879	35824604	1.10621	35813029	23032.124741687	35818817	473887.888793693	35824604	781104.853508827
300	35883307	15146	35889095	243611	35894898	1900842	35883307	0.85041	35889095	1.03844	35894898	1.10605	35883307	17810.2327112804	35889095	234593.236007858	35894898	1718585.95904344	35899875	17946	35905662	607135	35911465	1226238	35899875	0.85126	35905662	1.03834	35911465	1.10613	35899875	21081.6906703005	35905662	584716.952058093	35911465	1108583.98199127	35916442	16154	35922229	1125294	35928048	1577018	35916442	0.84994	35922229	1.03883	35928048	1.10711	35916442	19006.0474857049	35922229	1083232.09764832	35928048	1424445.62870898	35933025	19400	35938812	492783	35944600	860164	35933025	0.851	35938812	1.03935	35944600	1.10618	35933025	22796.7097532315	35938812	474126.136527638	35944600	777598.582509176
301	36003318	15320	36009106	243354	36014909	1905656	36003318	0.8508	36009106	1.03901	36014909	1.10628	36003318	18006.5820404325	36009106	234217.187515038	36014909	1722580.17861662	36019901	17750	36025673	607517	36031492	1227563	36019901	0.85073	36025673	1.03782	36031492	1.10644	36019901	20864.4340742656	36025673	585378.003892775	36031492	1109470.91572973	36036468	16593	36042256	1124123	36048044	1572554	36036468	0.85129	36042256	1.03854	36048044	1.10604	36036468	19491.5951085999	36042256	1082407.0329501	36048044	1421787.63878341	36053020	19537	36058808	494357	36064611	855978	36053020	0.8509	36058808	1.03894	36064611	1.10608	36053020	22960.3948760136	36058808	475828.248022022	36064611	773884.348329235