HJY Multigroup Import
Application Version:	3.5.1.20
SystemConfiguration::	FL3-11_1602C-0213-FL
Experiment Time Stamp:	3/5/2025 3:18 PM
Export Time Stamp:	3/6/2025 12:04 AM
Experiment Comment:	None

Integration Time:	1
Time Sequence Interval Points:	301
Time Sequence Experiment Duration:	10:00:00	36000000 (ms)
Repetition Time Sequence Enabled:	False
Repetition Time Sequence Count:	2
Repetition Time Sequence Delay:	0 seconds
Time Sequence Interval Total Points:	301
Time Sequence Experiment Duration Total:	10:00:00	36000000 (ms)

Mono Count:	2
Mono Description:	Excitation 1 (Mono1)	Emission 1 (Mono2)
Mono Slit Width:		5	5
Mono Grating Index:		0	0
Mono Grating Value:		1200	1200

Mono Wavelength Group Count:	3
Mono Wavelength Group Description:	Group 1:(Excitation 1:596 Emission 1:615)	Group 2:(Excitation 1:549 Emission 1:565)	Group 3:(Excitation 1:495 Emission 1:520)

Detector Count:	3
Detector Description:	S1 (SCD1)	R (SCD2)	S1/R (SCD1/SCD2)
Detector High Voltage:	950	None	None

Accessory Sequential Type:	Temperature Controller
Accessory Sequential Description:	Temperature Control (TC1)
Accessory Sequential Scan Position Count:	1
Accessory Sequential Scan Positions:		37

Accessory Interleave Type:	Sample Changer
Accessory Interleave Description:	Sample Changer - 4 Position (SCH1)
Accessory Interleave Scan Position Count:	3
Accessory Interleave Scan Positions:	1	2	3

Axis	X	Y	X	Y	X	Y	X	Y	X	Y	X	Y	X	Y	X	Y	X	Y	X	Y	X	Y	X	Y	X	Y	X	Y	X	Y	X	Y	X	Y	X	Y	X	Y	X	Y	X	Y	X	Y	X	Y	X	Y	X	Y	X	Y	X	Y
Sequential: Temperature Controller	Idx:0(Pos:37.00)	Idx:0(Pos:37.00)	Idx:0(Pos:37.00)	Idx:0(Pos:37.00)	Idx:0(Pos:37.00)	Idx:0(Pos:37.00)	Idx:0(Pos:37.00)	Idx:0(Pos:37.00)	Idx:0(Pos:37.00)	Idx:0(Pos:37.00)	Idx:0(Pos:37.00)	Idx:0(Pos:37.00)	Idx:0(Pos:37.00)	Idx:0(Pos:37.00)	Idx:0(Pos:37.00)	Idx:0(Pos:37.00)	Idx:0(Pos:37.00)	Idx:0(Pos:37.00)	Idx:0(Pos:37.00)	Idx:0(Pos:37.00)	Idx:0(Pos:37.00)	Idx:0(Pos:37.00)	Idx:0(Pos:37.00)	Idx:0(Pos:37.00)	Idx:0(Pos:37.00)	Idx:0(Pos:37.00)	Idx:0(Pos:37.00)	Idx:0(Pos:37.00)	Idx:0(Pos:37.00)	Idx:0(Pos:37.00)	Idx:0(Pos:37.00)	Idx:0(Pos:37.00)	Idx:0(Pos:37.00)	Idx:0(Pos:37.00)	Idx:0(Pos:37.00)	Idx:0(Pos:37.00)	Idx:0(Pos:37.00)	Idx:0(Pos:37.00)	Idx:0(Pos:37.00)	Idx:0(Pos:37.00)	Idx:0(Pos:37.00)	Idx:0(Pos:37.00)	Idx:0(Pos:37.00)	Idx:0(Pos:37.00)	Idx:0(Pos:37.00)	Idx:0(Pos:37.00)	Idx:0(Pos:37.00)	Idx:0(Pos:37.00)	Idx:0(Pos:37.00)	Idx:0(Pos:37.00)	Idx:0(Pos:37.00)	Idx:0(Pos:37.00)	Idx:0(Pos:37.00)	Idx:0(Pos:37.00)
Interleave: Sample Changer	Idx:0(Pos:1)	Idx:0(Pos:1)	Idx:0(Pos:1)	Idx:0(Pos:1)	Idx:0(Pos:1)	Idx:0(Pos:1)	Idx:0(Pos:1)	Idx:0(Pos:1)	Idx:0(Pos:1)	Idx:0(Pos:1)	Idx:0(Pos:1)	Idx:0(Pos:1)	Idx:0(Pos:1)	Idx:0(Pos:1)	Idx:0(Pos:1)	Idx:0(Pos:1)	Idx:0(Pos:1)	Idx:0(Pos:1)	Idx:1(Pos:2)	Idx:1(Pos:2)	Idx:1(Pos:2)	Idx:1(Pos:2)	Idx:1(Pos:2)	Idx:1(Pos:2)	Idx:1(Pos:2)	Idx:1(Pos:2)	Idx:1(Pos:2)	Idx:1(Pos:2)	Idx:1(Pos:2)	Idx:1(Pos:2)	Idx:1(Pos:2)	Idx:1(Pos:2)	Idx:1(Pos:2)	Idx:1(Pos:2)	Idx:1(Pos:2)	Idx:1(Pos:2)	Idx:2(Pos:3)	Idx:2(Pos:3)	Idx:2(Pos:3)	Idx:2(Pos:3)	Idx:2(Pos:3)	Idx:2(Pos:3)	Idx:2(Pos:3)	Idx:2(Pos:3)	Idx:2(Pos:3)	Idx:2(Pos:3)	Idx:2(Pos:3)	Idx:2(Pos:3)	Idx:2(Pos:3)	Idx:2(Pos:3)	Idx:2(Pos:3)	Idx:2(Pos:3)	Idx:2(Pos:3)	Idx:2(Pos:3)
Detector	S1 (SCD1)	S1 (SCD1)	S1 (SCD1)	S1 (SCD1)	S1 (SCD1)	S1 (SCD1)	R (SCD2)	R (SCD2)	R (SCD2)	R (SCD2)	R (SCD2)	R (SCD2)	S1/R (SCD1/SCD2)	S1/R (SCD1/SCD2)	S1/R (SCD1/SCD2)	S1/R (SCD1/SCD2)	S1/R (SCD1/SCD2)	S1/R (SCD1/SCD2)	S1 (SCD1)	S1 (SCD1)	S1 (SCD1)	S1 (SCD1)	S1 (SCD1)	S1 (SCD1)	R (SCD2)	R (SCD2)	R (SCD2)	R (SCD2)	R (SCD2)	R (SCD2)	S1/R (SCD1/SCD2)	S1/R (SCD1/SCD2)	S1/R (SCD1/SCD2)	S1/R (SCD1/SCD2)	S1/R (SCD1/SCD2)	S1/R (SCD1/SCD2)	S1 (SCD1)	S1 (SCD1)	S1 (SCD1)	S1 (SCD1)	S1 (SCD1)	S1 (SCD1)	R (SCD2)	R (SCD2)	R (SCD2)	R (SCD2)	R (SCD2)	R (SCD2)	S1/R (SCD1/SCD2)	S1/R (SCD1/SCD2)	S1/R (SCD1/SCD2)	S1/R (SCD1/SCD2)	S1/R (SCD1/SCD2)	S1/R (SCD1/SCD2)
WL Group	1	1	2	2	3	3	1	1	2	2	3	3	1	1	2	2	3	3	1	1	2	2	3	3	1	1	2	2	3	3	1	1	2	2	3	3	1	1	2	2	3	3	1	1	2	2	3	3	1	1	2	2	3	3
Units	(ms)	CPS	(ms)	CPS	(ms)	CPS	(ms)	MicroAmps	(ms)	MicroAmps	(ms)	MicroAmps	(ms)	CPS	(ms)	CPS	(ms)	CPS	(ms)	CPS	(ms)	CPS	(ms)	CPS	(ms)	MicroAmps	(ms)	MicroAmps	(ms)	MicroAmps	(ms)	CPS	(ms)	CPS	(ms)	CPS	(ms)	CPS	(ms)	CPS	(ms)	CPS	(ms)	MicroAmps	(ms)	MicroAmps	(ms)	MicroAmps	(ms)	CPS	(ms)	CPS	(ms)	CPS
1	0	32325	5803	273648	11606	3751065	0	0.83066	5803	1.01529	11606	1.08992	0	38914.8388028796	5803	269526.933191502	11606	3441596.63094539	16582	34225	22386	719658	28189	3877585	16582	0.8296	22386	1.01592	28189	1.09072	16582	41254.8216007715	22386	708380.581148122	28189	3555069.12864897	33165	36463	38937	1454495	44740	3989511	33165	0.8295	38937	1.01487	44740	1.09098	33165	43957.805907173	38937	1433183.56045602	44740	3656814.05708629
2	120011	32262	125814	272327	131617	3746658	120011	0.83103	125814	1.01663	131617	1.09285	120011	38821.7031876106	125814	267872.283918436	131617	3428336.91723475	136593	33802	142381	719673	148184	3875700	136593	0.83124	142381	1.01711	148184	1.09236	136593	40664.5493479621	142381	707566.536559467	148184	3548006.15181808	153161	36842	158933	1453488	164736	3985092	153161	0.83045	158933	1.01677	164736	1.09238	153161	44363.8990908544	158933	1429515.0328983	164736	3648082.16920852
3	240022	32853	245809	272285	251628	3741362	240022	0.83201	245809	1.0173	251628	1.0941	240022	39486.3042511508	245809	267654.575838003	251628	3419579.56311123	256589	34102	262392	718901	268211	3875813	256589	0.8322	262392	1.0178	268211	1.09418	256589	40978.1302571497	262392	706328.355276086	268211	3542207.86342284	273187	36429	278975	1454841	284794	3975436	273187	0.83199	278975	1.01827	284794	1.09377	273187	43785.3820358418	278975	1428737.95751618	284794	3634617.88127303
4	360033	32537	365836	271749	371639	3732578	360033	0.83227	365836	1.01898	371639	1.09493	360033	39094.2843067755	365836	266687.275510805	371639	3408964.9566639	376615	33991	382403	720001	388206	3879641	376615	0.83306	382403	1.01853	388206	1.09518	376615	40802.5832473051	382403	706902.104012646	388206	3542468.81791121	393183	36221	398970	1450091	404773	3975621	393183	0.8318	398970	1.01934	404773	1.09553	393183	43545.3233950469	398970	1422578.33500108	404773	3628947.63265269
5	480044	32074	485831	273071	491634	3733755	480044	0.83284	485831	1.01944	491634	1.09685	480044	38511.598866529	485831	267863.729106176	491634	3404070.74805124	496611	34346	502383	720139	508186	3869416	496611	0.83347	502383	1.02053	508186	1.09674	496611	41208.4418155422	502383	705651.965155361	508186	3528106.93509857	513162	36183	518950	1447946	524753	3970126	513162	0.83344	518950	1.02006	524753	1.09604	513162	43414.0430024957	518950	1419471.40364292	524753	3622245.538484
6	600055	32388	605842	271827	611645	3725544	600055	0.83394	605842	1.0207	611645	1.09666	600055	38837.3264263616	605842	266314.294111884	611645	3397173.23509565	616622	34054	622409	721332	628197	3868815	616622	0.83319	622409	1.02107	628197	1.09713	616622	40871.8299547522	622409	706447.158373079	628197	3526304.99576167	633173	36264	638961	1445706	644764	3964074	633173	0.83371	638961	1.02053	644764	1.09682	633173	43497.1392930396	638961	1416622.73524541	644764	3614151.82071808
7	720066	32552	725853	272478	731656	3718614	720066	0.8337	725853	1.02085	731656	1.09756	720066	39045.2201031546	725853	266912.866728706	731656	3388073.54495426	736633	34147	742420	721032	748208	3863132	736633	0.83371	742420	1.02116	748208	1.09737	736633	40957.8870350602	742420	706091.112068628	748208	3520355.03066422	753200	36354	758972	1445035	764775	3961539	753200	0.83364	758972	1.0216	764775	1.09795	753200	43608.7519792716	758972	1414482.18480814	764775	3608123.32073409
8	840077	32116	845864	270414	851683	3710871	840077	0.83378	845864	1.02149	851683	1.09819	840077	38518.5540550265	845864	264725.058492986	851683	3379079.21215819	856644	34005	862416	720830	868250	3857325	856644	0.83444	862416	1.02117	868250	1.09795	856644	40751.8815013662	862416	705886.385224791	868250	3513206.43016531	873211	36010	878999	1441214	884802	3953417	873211	0.83466	878999	1.02176	884802	1.09889	873211	43143.3158411808	878999	1410521.06169746	884802	3597645.80622264
9	960088	32796	965891	271376	971678	3702111	960088	0.83445	965891	1.02229	971678	1.09861	960088	39302.5346036311	965891	265458.920658522	971678	3369813.67364215	976655	34097	982442	721130	988246	3856472	976655	0.83423	982442	1.02208	988246	1.09987	976655	40872.4212747084	982442	705551.424546024	988246	3506298.01703838	993222	36703	999010	1438572	1004797	3947583	993222	0.83485	999010	1.02178	1004797	1.09896	993222	43963.5862729832	999010	1407907.76879563	1004797	3592107.99301157
10	1080099	32414	1085886	270341	1091689	3693534	1080099	0.83487	1085886	1.02233	1091689	1.0995	1080099	38825.2063195468	1085886	264436.140972093	1091689	3359285.12960437	1096666	34063	1102438	721623	1108241	3848618	1096666	0.8353	1102438	1.02306	1108241	1.09981	1096666	40779.3607087274	1102438	705357.457040643	1108241	3499348.06921195	1113217	36473	1119005	1436124	1124793	3935670	1113217	0.83446	1119005	1.02262	1124793	1.09916	1113217	43708.5060997531	1119005	1404357.43482428	1124793	3580616.10684523
11	1200110	29713	1205913	177987	1211716	3459769	1200110	0.83505	1205913	1.02273	1211716	1.10117	1200110	35582.3004610502	1205913	174031.269249949	1211716	3141902.70348811	1216692	31730	1222464	499793	1228268	3646244	1216692	0.83435	1222464	1.02263	1228268	1.09982	1216692	38029.6038832624	1222464	488732.972824971	1228268	3315309.77796367	1233244	32737	1239032	1013442	1244835	3687897	1233244	0.83522	1239032	1.02314	1244835	1.10035	1233244	39195.6610234429	1239032	990521.336278515	1244835	3351567.22860908
12	1320121	29325	1325908	95079	1331711	3439819	1320121	0.83552	1325908	1.02376	1331711	1.10106	1320121	35097.9031022597	1325908	92872.3528952098	1331711	3124097.68768278	1336688	30947	1342475	271174	1348263	3631521	1336688	0.83608	1342475	1.02191	1348263	1.10037	1336688	37014.4005358339	1342475	265359.963206153	1348263	3300272.63556804	1353255	31974	1359027	551098	1364830	3672944	1353255	0.83576	1359027	1.02318	1364830	1.10098	1353255	38257.3944673112	1359027	538612.951777791	1364830	3336067.86680957
13	1440132	29459	1445919	54230	1451722	3431525	1440132	0.83638	1445919	1.02376	1451722	1.10112	1440132	35222.0282646644	1445919	52971.3995467688	1451722	3116395.12496367	1456699	31329	1462486	156329	1468290	3629287	1456699	0.83726	1462486	1.02497	1468290	1.10204	1456699	37418.4841029071	1462486	152520.561577412	1468290	3293244.34684766	1473266	31574	1479054	319261	1484841	3675223	1473266	0.83663	1479054	1.02467	1484841	1.10216	1473266	37739.5025279992	1479054	311574.458118223	1484841	3334563.94715831
14	1560143	29223	1565930	33702	1571733	3425483	1560143	0.83662	1565930	1.02431	1571733	1.10219	1560143	34929.8367239607	1565930	32902.1487635579	1571733	3107887.9322077	1576710	30805	1582497	94524	1588285	3621758	1576710	0.83673	1582497	1.02395	1588285	1.10207	1576710	36815.9382357511	1582497	92313.1012256458	1588285	3286323.0103351	1593277	31419	1599049	193717	1604852	3662017	1593277	0.8364	1599049	1.02433	1604852	1.10226	1593277	37564.56241033	1599049	189115.812287056	1604852	3322280.5871573
15	1680154	29316	1685941	22718	1691744	3415424	1680154	0.83636	1685941	1.02397	1691744	1.1013	1680154	35051.8915299632	1685941	22186.1968612362	1691744	3101265.77680923	1696705	31015	1702493	59937	1708296	3614364	1696705	0.83678	1702493	1.0239	1708296	1.10175	1696705	37064.7003991491	1702493	58537.9431585116	1708296	3280566.37168142	1713288	31300	1719060	122837	1724863	3656704	1713288	0.83626	1719060	1.02481	1724863	1.10274	1713288	37428.5509291369	1719060	119863.194153063	1724863	3316016.46807044
16	1800165	28848	1805952	16853	1811755	3413656	1800165	0.83652	1805952	1.0243	1811755	1.10198	1800165	34485.7265815521	1805952	16453.1875427121	1811755	3097747.6905207	1816732	30960	1822504	41016	1828307	3607844	1816732	0.83688	1822504	1.02413	1828307	1.10197	1816732	36994.5511901348	1822504	40049.6030777343	1828307	3273994.75484814	1833284	31137	1839071	83249	1844859	3647623	1833284	0.83681	1839071	1.02511	1844859	1.10289	1833284	37209.1633704186	1839071	81209.8213850221	1844859	3307331.64685508
17	1920176	29077	1925963	13665	1931782	3409378	1920176	0.8378	1925963	1.02601	1931782	1.10301	1920176	34706.3738362378	1925963	13318.5836395357	1931782	3090976.50973246	1936759	30558	1942546	30206	1948365	3609434	1936759	0.83747	1942546	1.0256	1948365	1.10363	1936759	36488.4712288201	1942546	29452.0280811232	1948365	3270510.95022788	1953341	31190	1959113	60082	1964917	3646766	1953341	0.83793	1959113	1.02455	1964917	1.10315	1953341	37222.6796987815	1959113	58642.3307793666	1964917	3305775.27988034
18	2040187	29655	2045974	11543	2051793	3411477	2040187	0.83735	2045974	1.02533	2051793	1.10423	2040187	35415.2982623754	2045974	11257.8389396585	2051793	3089462.34027331	2056754	30894	2062526	24091	2068345	3601414	2056754	0.83723	2062526	1.02591	2068345	1.10334	2056754	36900.2544103771	2062526	23482.5666968837	2068345	3264101.72748201	2073321	31198	2079109	45962	2084912	3645985	2073321	0.83739	2079109	1.02574	2084912	1.10352	2073321	37256.2366400363	2079109	44808.6259675941	2084912	3303959.14890532
19	2160198	29481	2165985	10498	2171789	3400178	2160198	0.8375	2165985	1.02626	2171789	1.10406	2160198	35201.1940298507	2165985	10229.3765712393	2171789	3079704.00159412	2176765	30731	2182537	20260	2188340	3592479	2176765	0.83748	2182537	1.02648	2188340	1.10402	2176765	36694.6076324211	2182537	19737.3548437378	2188340	3253998.11597616	2193317	31261	2199104	37821	2204907	3636466	2193317	0.83776	2199104	1.02682	2204907	1.10389	2193317	37314.9828113063	2199104	36833.1353109601	2204907	3294228.59161692
20	2280209	29295	2286012	9704	2291815	3397971	2280209	0.83772	2286012	1.02618	2291815	1.10366	2280209	34969.9183498066	2286012	9456.43064569569	2291815	3078820.47007231	2296792	30851	2302564	17838	2308367	3588259	2296792	0.83752	2302564	1.02591	2308367	1.10423	2296792	36836.1352564715	2302564	17387.4901307132	2308367	3249557.61028047	2313343	31396	2319131	31647	2324934	3634062	2313343	0.83726	2319131	1.02551	2324934	1.10401	2313343	37498.5070348518	2319131	30859.7673352771	2324934	3291693.01002708
21	2400220	29159	2406007	9352	2411811	3391407	2400220	0.83772	2406007	1.02613	2411811	1.10375	2400220	34807.5729360646	2406007	9113.85496964322	2411811	3072622.42355606	2416787	30907	2422559	16132	2428362	3576982	2416787	0.83807	2422559	1.02686	2428362	1.10388	2416787	36878.7810087463	2422559	15710.0286309721	2428362	3240372.14189948	2433339	31121	2439126	28098	2444929	3624014	2433339	0.83779	2439126	1.02653	2444929	1.10402	2433339	37146.5403024624	2439126	27371.8254702736	2444929	3282561.91011032
22	2520231	29195	2526034	9091	2531822	3379580	2520231	0.83767	2526034	1.02596	2531822	1.10352	2520231	34852.6269294591	2526034	8860.96923856681	2531822	3062545.30955488	2536798	30670	2542586	14899	2548373	3577435	2536798	0.83799	2542586	1.02556	2548373	1.10373	2536798	36599.4820940584	2542586	14527.6726861422	2548373	3241222.94401711	2553350	31115	2559137	25579	2564925	3624081	2553350	0.83841	2559137	1.02692	2564925	1.10416	2553350	37111.9142185804	2559137	24908.4641452109	2564925	3282206.38313288
23	2640242	29088	2646029	8861	2651833	3380889	2640242	0.83859	2646029	1.02614	2651833	1.10494	2640242	34686.79569277	2646029	8635.27393922857	2651833	3059794.19696997	2656809	30648	2662612	14399	2668431	3572582	2656809	0.83886	2662612	1.02656	2668431	1.10466	2656809	36535.2979042987	2662612	14026.4572942643	2668431	3234100.99034997	2673407	31221	2679179	23457	2684983	3615298	2673407	0.83825	2679179	1.02696	2684983	1.10405	2673407	37245.4518341783	2679179	22841.2012152372	2684983	3274578.14410579
24	2760253	29364	2766056	8495	2771859	3378602	2760253	0.83852	2766056	1.0268	2771859	1.10503	2760253	35018.8427228927	2766056	8273.27619789638	2771859	3057475.36265984	2776820	30820	2782608	13716	2788442	3567678	2776820	0.83906	2782608	1.0272	2788442	1.10523	2776820	36731.5805782662	2782608	13352.8037383178	2788442	3227995.98273663	2793418	30870	2799190	22060	2804978	3613496	2793418	0.83912	2799190	1.02707	2804978	1.10512	2793418	36788.5403756316	2799190	21478.5749754155	2804978	3269777.03778775
25	2880264	29150	2886051	8344	2891855	3371077	2880264	0.83868	2886051	1.02683	2891855	1.10443	2880264	34756.9990938141	2886051	8125.979957734	2891855	3052322.91770416	2896831	30544	2902619	13386	2908422	3562302	2896831	0.83896	2902619	1.02732	2908422	1.1042	2896831	36406.9800705636	2902619	13030.0198574933	2908422	3226138.38072813	2913383	31077	2919170	21067	2924973	3614811	2913383	0.83864	2919170	1.02707	2924973	1.10537	2913383	37056.4246875894	2919170	20511.7470084804	2924973	3270227.16375512
26	3000275	27959	3006078	8258	3011897	3270665	3000275	0.83914	3006078	1.02749	3011897	1.10591	3000275	33318.635746121	3006078	8037.06118794344	3011897	2957442.28734707	3016858	29053	3022645	12682	3028448	3445135	3016858	0.83909	3022645	1.02715	3028448	1.10573	3016858	34624.4145443278	3022645	12346.7847928735	3028448	3115710.88782976	3033425	29694	3039212	19870	3045016	3482947	3033425	0.83924	3039212	1.02834	3045016	1.10504	3033425	35382.01229684	3039212	19322.4030962522	3045016	3151874.14030261
27	3120286	27985	3126073	8138	3131877	3264849	3120286	0.83997	3126073	1.02736	3131877	1.10672	3120286	33316.6660714073	3126073	7921.2739448684	3131877	2950022.58927281	3136837	29212	3142625	12561	3148428	3437216	3136837	0.83914	3142625	1.02785	3148428	1.10608	3136837	34811.8311604738	3142625	12220.6547648003	3148428	3107565.45638652	3153405	29586	3159192	18607	3164995	3474544	3153405	0.83993	3159192	1.02738	3164995	1.10533	3153405	35224.3639350898	3159192	18111.117600109	3164995	3143444.94404386
28	3240297	28043	3246084	7919	3251888	3252358	3240297	0.83909	3246084	1.02786	3251888	1.10597	3240297	33420.7295999237	3246084	7704.35662444302	3251888	2940728.95286491	3256880	29115	3262652	11785	3268439	3423599	3256880	0.83921	3262652	1.02686	3268439	1.1055	3256880	34693.342548349	3262652	11476.7349005707	3268439	3096878.33559475	3273416	29281	3279203	18334	3285006	3461163	3273416	0.83936	3279203	1.02754	3285006	1.10563	3273416	34884.9123141441	3279203	17842.6143994394	3285006	3130489.40423107
29	3360308	28138	3366095	7757	3371899	3247873	3360308	0.8402	3366095	1.0281	3371899	1.10708	3360308	33489.6453225423	3366095	7544.98589631359	3371899	2933729.2697908	3376891	28981	3382663	11671	3388450	3421336	3376891	0.83883	3382663	1.02836	3388450	1.10633	3376891	34549.3127332117	3382663	11349.1384340114	3388450	3092509.46824185	3393442	29553	3399230	17579	3405033	3461583	3393442	0.83924	3399230	1.02826	3405033	1.10676	3393442	35214.0031457033	3399230	17095.8706941824	3405033	3127672.66616069
30	3480319	27799	3486106	7770	3491910	3239480	3480319	0.83891	3486106	1.02733	3491910	1.10595	3480319	33137.0468822639	3486106	7563.29514372208	3491910	2929137.84529138	3496886	29073	3502674	11317	3508477	3412945	3496886	0.83938	3502674	1.02766	3508477	1.10539	3496886	34636.2791584265	3502674	11012.3970963159	3508477	3087548.28612526	3513469	29677	3519241	17256	3525044	3456638	3513469	0.83866	3519241	1.02739	3525044	1.10599	3513469	35386.211337133	3519241	16795.9586914414	3525044	3125379.07214351
31	3600330	26882	3606117	9199	3611905	3118914	3600330	0.83881	3606117	1.0276	3611905	1.10577	3600330	32047.7819768482	3606117	8951.92681977423	3611905	2820581.13350878	3616881	28012	3622653	12067	3628457	3283544	3616881	0.83883	3622653	1.02757	3628457	1.10638	3616881	33394.1323033272	3622653	11743.2389034324	3628457	2967826.60568702	3633433	28251	3639221	17453	3645024	3321487	3633433	0.83932	3639221	1.0275	3645024	1.10569	3633433	33659.3909355192	3639221	16985.8880778589	3645024	3003994.79058326
32	3720341	26168	3726144	8318	3731947	3101395	3720341	0.83902	3726144	1.02756	3731947	1.10616	3720341	31188.7678482039	3726144	8094.90443380435	3731947	2803749.00556881	3736924	27482	3742727	12442	3748530	3269199	3736924	0.83909	3742727	1.02802	3748530	1.10633	3736924	32752.1481605072	3742727	12102.8773759265	3748530	2954994.44107997	3753522	27664	3759310	18268	3765129	3308667	3753522	0.83967	3759310	1.02835	3765129	1.10661	3753522	32946.2765133922	3759310	17764.3798317693	3765129	2989912.4352753
33	3840352	26204	3846155	8715	3851958	3083866	3840352	0.84006	3846155	1.02814	3851958	1.10677	3840352	31193.0100230936	3846155	8476.47207578734	3851958	2786365.73091067	3856935	27388	3862722	13522	3868541	3248063	3856935	0.83982	3862722	1.02804	3868541	1.10558	3856935	32611.7501369341	3862722	13153.1847009844	3868541	2937881.47397746	3873518	27579	3879305	20864	3885124	3269794	3873518	0.839	3879305	1.02811	3885124	1.10591	3873518	32871.2753277712	3879305	20293.5483557207	3885124	2956654.70065376
34	3960363	25782	3966150	9339	3971969	3067870	3960363	0.84009	3966150	1.02825	3971969	1.10629	3960363	30689.5689747527	3966150	9082.42159008023	3971969	2773115.54836435	3976946	27023	3982733	15007	3988568	3201453	3976946	0.83918	3982733	1.02841	3988568	1.10624	3976946	32201.6730617984	3982733	14592.4290895654	3988568	2893994.97396587	3993544	27074	3999332	24520	4005151	3189934	3993544	0.83917	3999332	1.02808	4005151	1.1065	3993544	32262.8311307602	3999332	23850.2840245895	4005151	2882904.65431541
35	4080374	25912	4086161	9597	4091965	3026573	4080374	0.84061	4086161	1.02877	4091965	1.1073	4080374	30825.2340562211	4086161	9328.6157255752	4091965	2733290.88774497	4096941	26627	4102744	17101	4108548	3120790	4096941	0.84101	4102744	1.02949	4108548	1.10757	4096941	31660.7412515904	4102744	16611.1375535459	4108548	2817690.98115695	4113524	26311	4119312	28886	4125130	3047170	4113524	0.84034	4119312	1.02921	4125130	1.10605	4113524	31309.9459742485	4119312	28066.1866868764	4125130	2755002.03426608
36	4200385	24991	4206188	10498	4211991	2969736	4200385	0.84055	4206188	1.02874	4211991	1.10623	4200385	29731.7232764262	4206188	10204.7164492486	4211991	2684555.65298356	4216968	26114	4222755	19500	4228574	3005491	4216968	0.84054	4222755	1.02873	4228574	1.1077	4216968	31068.1228733909	4222755	18955.4110407979	4228574	2713271.64394692	4233551	24484	4239354	34461	4245157	2855218	4233551	0.84023	4239354	1.02901	4245157	1.10654	4233551	29139.6403365745	4239354	33489.4704619003	4245157	2580311.60193034
37	4320396	24417	4326183	11626	4332002	2896780	4320396	0.83982	4326183	1.02953	4332002	1.106	4320396	29074.0873044224	4326183	11292.5315435199	4332002	2619150.09041591	4336994	25065	4342798	22751	4348601	2855799	4336994	0.83964	4342798	1.02948	4348601	1.10714	4336994	29852.0794626268	4342798	22099.5065469946	4348601	2579438.01145293	4353577	22663	4359380	41793	4365184	2614720	4353577	0.84074	4359380	1.0301	4365184	1.10623	4353577	26956.0149392202	4359380	40571.7891466848	4365184	2363631.43288466
38	4440407	24381	4446210	12920	4452013	2810933	4440407	0.84064	4446210	1.02862	4452013	1.10723	4440407	29002.9025504378	4446210	12560.51797554	4452013	2538707.40496554	4456990	24195	4462793	26541	4468596	2682067	4456990	0.84096	4462793	1.02936	4468596	1.10673	4456990	28770.6906392694	4462793	25783.9822802518	4468596	2423415.82861222	4473588	20409	4479376	50381	4485195	2371359	4473588	0.84115	4479376	1.03014	4485195	1.10757	4473588	24263.211080069	4479376	48906.9446871299	4485195	2141046.6155638
39	4560418	24018	4566221	14546	4572024	2715130	4560418	0.84048	4566221	1.02945	4572024	1.10721	4560418	28576.527698458	4566221	14129.8751760649	4572024	2452226.76818309	4577001	22745	4582804	31138	4588607	2495064	4577001	0.84052	4582804	1.02882	4588607	1.10731	4577001	27060.6291343454	4582804	30265.741334733	4588607	2253266.0230649	4593584	18391	4599387	60322	4605190	2131504	4593584	0.83983	4599387	1.02917	4605190	1.10658	4593584	21898.4794541752	4599387	58612.2797982841	4605190	1926208.67899293
40	4680429	23511	4686217	16025	4692035	2600785	4680429	0.84006	4686217	1.02918	4692035	1.10703	4680429	27987.2866223841	4686217	15570.6484774286	4692035	2349335.60969441	4697012	21762	4702815	36044	4708634	2305772	4697012	0.84067	4702815	1.02867	4708634	1.10713	4697012	25886.4952954191	4702815	35039.4198333771	4708634	2082656.95988728	4713610	16604	4719413	72509	4725217	1930304	4713610	0.84021	4719413	1.02846	4725217	1.10699	4713610	19761.7262351079	4719413	70502.4988818233	4725217	1743741.13587295
41	4800440	23046	4806228	17742	4812046	2478217	4800440	0.83989	4806228	1.02764	4812046	1.1063	4800440	27439.3075283668	4806228	17264.80090304	4812046	2240094.91096448	4817023	20551	4822810	41213	4828629	2121179	4817023	0.84013	4822810	1.02843	4828629	1.10656	4817023	24461.690452668	4822810	40073.704578824	4828629	1916912.77472527	4833621	15153	4839409	84249	4845228	1770629	4833621	0.83985	4839409	1.02879	4845228	1.10731	4833621	18042.5075906412	4839409	81891.3480885312	4845228	1599036.4035365
42	4920451	22070	4926254	19843	4932057	2354465	4920451	0.84088	4926254	1.02912	4932057	1.10848	4920451	26246.3133859766	4926254	19281.5220771144	4932057	2124048.24624711	4937034	19430	4942837	47349	4948640	1962332	4937034	0.84084	4942837	1.02994	4948640	1.10837	4937034	23107.844536416	4942837	45972.5809270443	4948640	1770466.54095654	4953617	14122	4959404	97575	4965207	1647972	4953617	0.841	4959404	1.02959	4965207	1.10748	4953617	16791.9143876338	4959404	94770.7339814878	4965207	1488037.70722722
43	5040462	22080	5046250	21867	5052068	2230334	5040462	0.83961	5046250	1.02936	5052068	1.10712	5040462	26297.9240361596	5046250	21243.2968057822	5052068	2014536.81624395	5057045	18185	5062848	53704	5068651	1817367	5057045	0.84058	5062848	1.02932	5068651	1.10675	5057045	21633.871850389	5062848	52174.2509618	5068651	1642075.44612604	5073643	13176	5079431	110307	5085250	1566457	5073643	0.84077	5079431	1.0289	5085250	1.10674	5073643	15671.3488825719	5079431	107208.669452814	5085250	1415379.40256971
44	5160473	21461	5166261	23976	5172079	2110518	5160473	0.83978	5166261	1.02934	5172079	1.10773	5160473	25555.5026316416	5166261	23292.5952552121	5172079	1905263.91810279	5177056	17514	5182843	59362	5188662	1701430	5177056	0.84039	5182843	1.02988	5188662	1.10729	5177056	20840.3241352229	5182843	57639.7250165068	5188662	1536571.26859269	5193654	12554	5199442	123290	5205261	1510151	5193654	0.84017	5199442	1.02892	5205261	1.10654	5193654	14942.2140757228	5199442	119824.670528321	5205261	1364750.48348907
45	5280484	21403	5286287	25653	5292090	1989289	5280484	0.83981	5286287	1.02927	5292090	1.10771	5280484	25485.5264881342	5286287	24923.4894634061	5292090	1795857.2189472	5297067	16844	5302870	64802	5308673	1605795	5297067	0.84044	5302870	1.02978	5308673	1.10744	5297067	20041.882823283	5302870	62928.0040396978	5308673	1450006.3208842	5313665	11728	5319468	135978	5325272	1477955	5313665	0.84004	5319468	1.02981	5325272	1.1075	5313665	13961.2399409552	5319468	132041.832959478	5325272	1334496.61399549
46	5400495	20832	5406283	216682	5412101	1884861	5400495	0.83966	5406283	1.0296	5412101	1.10788	5400495	24810.0421599219	5406283	210452.602952603	5412101	1701322.34538037	5417093	16747	5422881	565650	5428700	1527725	5417093	0.8409	5422881	1.02996	5428700	1.1058	5417093	19915.5666547746	5422881	549196.085284865	5428700	1381556.33930186	5433676	12658	5439464	1111345	5445283	1456074	5433676	0.84031	5439464	1.02941	5445283	1.10782	5433676	15063.4884744916	5439464	1079594.13644709	5445283	1314359.73353072
47	5520506	20686	5526294	217718	5532112	1776742	5520506	0.8407	5526294	1.03	5532112	1.10784	5520506	24605.6857380754	5526294	211376.699029126	5532112	1603789.35586366	5537089	16041	5542861	572954	5548664	1475013	5537089	0.84161	5542861	1.02999	5548664	1.10733	5537089	19059.8971019831	5542861	556271.420110875	5548664	1332044.64793693	5553640	12584	5559428	1127176	5565231	1463539	5553640	0.84155	5559428	1.03016	5565231	1.10685	5553640	14953.3598716654	5559428	1094175.66203308	5565231	1322255.95157429
48	5640517	20401	5646305	218222	5652123	1696131	5640517	0.84111	5646305	1.03012	5652123	1.10821	5640517	24254.8537052229	5646305	211841.338873141	5652123	1530514.07224263	5657100	15988	5662887	575950	5668691	1437264	5657100	0.84201	5662887	1.0299	5668691	1.10805	5657100	18987.8980059619	5662887	559229.05136421	5668691	1297111.14119399	5673683	12067	5679470	1128457	5685273	1482563	5673683	0.84107	5679470	1.02928	5685273	1.10816	5673683	14347.200589725	5679470	1096355.70495881	5685273	1337860.05630956
49	5760528	20123	5766316	218463	5772134	1619370	5760528	0.84109	5766316	1.02982	5772134	1.10786	5760528	23924.9069659608	5766316	212137.072498106	5772134	1461709.96335277	5777095	15553	5782883	576989	5788670	1412954	5777095	0.84081	5782883	1.03016	5788670	1.10865	5777095	18497.6391812657	5782883	560096.489865652	5788670	1274481.57669237	5793647	11982	5799434	1133642	5805238	1513074	5793647	0.84088	5799434	1.03008	5805238	1.10788	5793647	14249.3578156217	5799434	1100537.82230506	5805238	1365738.16658844
50	5880539	20353	5886327	218431	5892130	1559693	5880539	0.84128	5886327	1.02975	5892130	1.10759	5880539	24192.8965386078	5886327	212120.417577082	5892130	1408186.24220154	5897106	15258	5902894	577502	5908697	1397913	5897106	0.84078	5902894	1.02939	5908697	1.10835	5897106	18147.4345250839	5902894	561013.804291862	5908697	1261255.92096359	5913673	11736	5919461	1135020	5925264	1550212	5913673	0.8417	5919461	1.02983	5925264	1.10783	5913673	13943.2101698943	5919461	1102143.07215754	5925264	1399323.00082143
51	6000550	19599	6006338	217960	6012141	1506893	6000550	0.84182	6006338	1.03002	6012141	1.10866	6000550	23281.6991755957	6006338	211607.541601134	6012141	1359202.09983223	6017133	14956	6022905	578329	6028708	1392391	6017133	0.84179	6022905	1.03065	6028708	1.10884	6017133	17766.901483743	6022905	561130.354630573	6028708	1255718.5887955	6033669	11412	6039457	1132518	6045275	1596132	6033669	0.84111	6039457	1.02889	6045275	1.10855	6033669	13567.7854264008	6039457	1100718.24976431	6045275	1439837.6257273
52	6120561	19462	6126349	217548	6132152	1459845	6120561	0.84064	6126349	1.02918	6132152	1.1083	6120561	23151.4084507042	6126349	211379.933539323	6132152	1317192.99828566	6137128	15191	6142916	579293	6148703	1389463	6137128	0.84194	6142916	1.03026	6148703	1.10853	6137128	18042.8534099817	6142916	562278.45398249	6148703	1253428.4142062	6153680	11474	6159468	1136612	6165271	1649883	6153680	0.84155	6159468	1.03065	6165271	1.10817	6153680	13634.3651595271	6159468	1102810.84752341	6165271	1488835.64796015
53	6240572	19230	6246360	218676	6252163	1423627	6240572	0.84062	6246360	1.02964	6252163	1.1076	6240572	22875.9724964907	6246360	212381.026378152	6252163	1285325.92993861	6257139	14921	6262927	579228	6268730	1388615	6257139	0.84092	6262927	1.02993	6268730	1.10796	6257139	17743.6617038482	6262927	562395.502606973	6268730	1253307.88115094	6273707	11342	6279494	1135717	6285297	1706125	6273707	0.84217	6279494	1.03022	6285297	1.10829	6273707	13467.5896790434	6279494	1102402.39948749	6285297	1539421.09014789
54	6360583	19463	6366371	218471	6372174	1388069	6360583	0.84175	6366371	1.03057	6372174	1.10863	6360583	23122.0671220671	6366371	211990.45188585	6372174	1252057.94539206	6377150	15120	6382938	579302	6388741	1394700	6377150	0.8414	6382938	1.03076	6388741	1.10817	6377150	17970.0499168053	6382938	562014.435950173	6388741	1258561.41205772	6393733	11305	6399521	1136622	6405324	1769363	6393733	0.84152	6399521	1.03007	6405324	1.10857	6393733	13434.024146782	6399521	1103441.51368354	6405324	1596076.92793419
55	6480594	19454	6486382	218387	6492201	1359132	6480594	0.8417	6486382	1.03029	6492201	1.10927	6480594	23112.7480099798	6486382	211966.533694397	6492201	1225249.03765539	6497177	14864	6502949	578761	6508752	1400752	6497177	0.84188	6502949	1.03018	6508752	1.10855	6497177	17655.7229058773	6502949	561805.703857578	6508752	1263589.37350593	6513744	11305	6519547	1139113	6525351	1835709	6513744	0.8417	6519547	1.03075	6525351	1.10958	6513744	13431.151241535	6519547	1105130.24496726	6525351	1654417.88784946
56	6600605	19365	6606393	218242	6612212	1335394	6600605	0.84184	6606393	1.03015	6612212	1.10847	6600605	23003.1835028034	6606393	211854.584283842	6612212	1204718.21519752	6617188	14801	6622960	578786	6628763	1410569	6617188	0.8418	6622960	1.03019	6628763	1.10889	6617188	17582.5611784272	6622960	561824.517807395	6628763	1272054.9378207	6633740	11279	6639527	1139802	6645330	1898079	6633740	0.8418	6639527	1.03037	6645330	1.10855	6633740	13398.6695177002	6639527	1106206.50834166	6645330	1712217.76194127
57	6720616	19171	6726404	218374	6732223	1313720	6720616	0.84121	6726404	1.02983	6732223	1.10784	6720616	22789.7908964468	6726404	212048.59054407	6732223	1185839.11034084	6737199	14900	6742971	579982	6748790	1416659	6737199	0.84165	6742971	1.03043	6748790	1.1079	6737199	17703.3208578388	6742971	562854.342361927	6748790	1278688.5097933	6753766	11164	6759554	1140221	6765357	1965261	6753766	0.84169	6759554	1.03001	6765357	1.10856	6753766	13263.7907067923	6759554	1106999.93203949	6765357	1772805.26087898
58	6840627	19016	6846415	218500	6852218	1294589	6840627	0.84111	6846415	1.02968	6852218	1.10884	6840627	22608.220090119	6846415	212201.849118173	6852218	1167516.50373363	6857194	15078	6862982	581130	6868785	1427816	6857194	0.84106	6862982	1.03022	6868785	1.1073	6857194	17927.3773571446	6862982	564083.399662208	6868785	1289457.23832746	6873762	11336	6879549	1140730	6885368	2032345	6873762	0.84116	6879549	1.03041	6885368	1.10833	6873762	13476.6275143849	6879549	1107064.17833678	6885368	1833700.25173008
59	6960638	18996	6966426	219001	6972245	1279278	6960638	0.84162	6966426	1.02987	6972245	1.10928	6960638	22570.7563983746	6966426	212649.169312632	6972245	1153250.75724794	6977221	14961	6983009	579890	6988812	1435037	6977221	0.84212	6983009	1.03045	6988812	1.10824	6977221	17765.8765971595	6983009	562754.136542287	6988812	1294879.26802859	6993788	11240	6999560	1139911	7005363	2096072	6993788	0.84073	6999560	1.03012	7005363	1.10751	6993788	13369.3337932511	6999560	1106580.78670446	7005363	1892598.71242698
60	7080649	18811	7086437	218488	7092240	1259855	7080649	0.84186	7086437	1.03036	7092240	1.10829	7080649	22344.5703561162	7086437	212050.1572266	7092240	1136755.72278014	7097201	15117	7103020	580845	7108807	1440413	7097201	0.84165	7103020	1.02971	7108807	1.10902	7097201	17961.1477454999	7103020	564086.004797467	7108807	1298816.07184722	7113799	11355	7119571	1138649	7125390	2154451	7113799	0.84195	7119571	1.03045	7125390	1.10827	7113799	13486.5490824871	7119571	1105001.69828716	7125390	1943976.64828968
61	7200660	18952	7206448	218567	7212251	1243847	7200660	0.84144	7206448	1.03059	7212251	1.1084	7200660	22523.2934017874	7206448	212079.488448365	7212251	1122200.46914471	7217243	15140	7223015	580250	7228818	1447368	7217243	0.84176	7223015	1.03002	7228818	1.10845	7217243	17986.1243109675	7223015	563338.575949982	7228818	1305758.49158735	7233795	11344	7239567	1140501	7245370	2214494	7233795	0.84138	7239567	1.02999	7245370	1.10796	7233795	13482.6118994984	7239567	1107293.27469199	7245370	1998712.94992599
62	7320671	18683	7326459	218073	7332278	1233710	7320671	0.84139	7326459	1.02997	7332278	1.1077	7320671	22204.9228063086	7326459	211727.526044448	7332278	1113758.23779002	7337254	15014	7343042	580369	7348829	1449286	7337254	0.84149	7343042	1.03105	7348829	1.10798	7337254	17842.1609288286	7343042	562891.227389554	7348829	1308043.46648856	7353806	11425	7359593	1140245	7365381	2262270	7353806	0.84163	7359593	1.02965	7365381	1.10813	7353806	13574.8488052945	7359593	1107410.28504832	7365381	2041520.39923114
63	7440682	18675	7446470	218841	7452273	1216932	7440682	0.84138	7446470	1.0294	7452273	1.10804	7440682	22195.6785281324	7446470	212590.829609481	7452273	1098274.43052597	7457265	15102	7463037	581024	7468840	1451365	7457265	0.84128	7463037	1.03042	7468840	1.10796	7457265	17951.217192849	7463037	563871.042875721	7468840	1309943.49976533	7473817	11656	7479589	1143605	7485392	2313834	7473817	0.84198	7479589	1.03112	7485392	1.10842	7473817	13843.5592294354	7479589	1109090.11560245	7485392	2087506.54084192
64	7560693	19048	7566481	219760	7572284	1209342	7560693	0.8415	7566481	1.03035	7572284	1.10896	7560693	22635.7694592989	7566481	213286.747221818	7572284	1090519.04487087	7577260	15363	7583048	581335	7588851	1453225	7577260	0.84169	7583048	1.03089	7588851	1.10828	7577260	18252.563295275	7583048	563915.645704197	7588851	1311243.54856174	7593828	11575	7599600	1143328	7605387	2354513	7593828	0.84161	7599600	1.03053	7605387	1.10858	7593828	13753.401219092	7599600	1109456.29918586	7605387	2123899.9440726
65	7680704	18770	7686492	219108	7692295	1197225	7680704	0.84148	7686492	1.02996	7692295	1.10799	7680704	22305.9371583401	7686492	212734.475125248	7692295	1080537.73048493	7697271	15464	7703059	579932	7708862	1454570	7697271	0.84138	7703059	1.02975	7708862	1.10849	7697271	18379.3291972711	7703059	563177.470259772	7708862	1312208.49985115	7713823	11695	7719611	1144866	7725414	2386359	7713823	0.84177	7719611	1.03051	7725414	1.10724	7713823	13893.3437874954	7719611	1110970.29626107	7725414	2155231.92803728
66	7800715	18758	7806503	219035	7812306	1188676	7800715	0.84207	7806503	1.02936	7812306	1.10845	7800715	22276.0578099208	7806503	212787.557317168	7812306	1072376.7422978	7817298	15514	7823086	579486	7828873	1449036	7817298	0.84199	7823086	1.02916	7828873	1.10725	7817298	18425.3969762111	7823086	563066.967235415	7828873	1308680.06321969	7833850	11811	7839637	1141924	7845425	2412975	7833850	0.84152	7839637	1.02998	7845425	1.10748	7833850	14035.3170453465	7839637	1108685.60554574	7845425	2178797.81124716
67	7920726	18823	7926514	219189	7932317	1175683	7920726	0.84177	7926514	1.03038	7932317	1.10817	7920726	22361.2150587453	7926514	212726.372794503	7932317	1060922.96308328	7937293	15617	7943081	581360	7948884	1446023	7937293	0.84234	7943081	1.03204	7948884	1.10736	7937293	18540.0194695729	7943081	563311.499554281	7948884	1305829.17930935	7953861	12032	7959648	1142963	7965451	2441062	7953861	0.84256	7959648	1.03088	7965451	1.10801	7953861	14280.2886441322	7959648	1108725.55486575	7965451	2203104.66512035
68	8040737	18623	8046525	218704	8052328	1168654	8040737	0.84111	8046525	1.03035	8052328	1.10897	8040737	22140.9803711762	8046525	212261.852768477	8052328	1053819.30981	8057304	15762	8063092	581486	8068895	1443324	8057304	0.84185	8063092	1.02993	8068895	1.10869	8057304	18723.05042466	8063092	564587.884613518	8068895	1301828.28383047	8073872	12068	8079659	1143625	8085478	2458696	8073872	0.84188	8079659	1.03025	8085478	1.10774	8073872	14334.5845013541	8079659	1110046.10531424	8085478	2219560.54669868
69	8160748	18632	8166536	218921	8172339	1158681	8160748	0.84143	8166536	1.03055	8172339	1.10832	8160748	22143.256123504	8166536	212431.226044345	8172339	1045439.0428757	8177331	15604	8183103	581582	8188906	1434207	8177331	0.84158	8183103	1.02966	8188906	1.10809	8177331	18541.3151453219	8183103	564829.166909465	8188906	1294305.51669991	8193883	12513	8199655	1142907	8205458	2474167	8193883	0.84149	8199655	1.03025	8205458	1.10705	8193883	14870.0519316926	8199655	1109349.18709051	8205458	2234918.92868434
70	8280759	18656	8286547	219096	8292350	1150434	8280759	0.84203	8286547	1.03008	8292350	1.10769	8280759	22155.9801907295	8286547	212698.042870457	8292350	1038588.41372586	8297326	15658	8303114	582194	8308917	1430093	8297326	0.84165	8303114	1.03055	8308917	1.10918	8297326	18603.9327511436	8303114	564935.228761341	8308917	1289324.54606105	8313909	12373	8319697	1143041	8325516	2483438	8313909	0.84136	8319697	1.03004	8325516	1.10667	8313909	14705.952267757	8319697	1109705.4483321	8325516	2244063.72269963
71	8400770	18577	8406558	219042	8412361	1144290	8400770	0.84116	8406558	1.02987	8412361	1.10958	8400770	22084.9778876789	8406558	212688.980162545	8412361	1031282.10674309	8417337	15574	8423125	580593	8428928	1421660	8417337	0.84227	8423125	1.0303	8428928	1.10885	8417337	18490.5077944127	8423125	563518.392701155	8428928	1282103.07976733	8433905	12485	8439692	1144838	8445496	2497842	8433905	0.84236	8439692	1.03006	8445496	1.10856	8433905	14821.4540101619	8439692	1111428.46047803	8445496	2253231.21887855
72	8520781	18646	8526569	218188	8532372	1132235	8520781	0.84222	8526569	1.03074	8532372	1.10739	8520781	22139.1085464605	8526569	211680.92826513	8532372	1022435.63694814	8537364	15902	8543136	583031	8548955	1413159	8537364	0.84257	8543136	1.03086	8548955	1.10915	8537364	18873.2093475913	8543136	565577.284985352	8548955	1274091.87215435	8553931	12586	8559735	1142030	8565538	2500210	8553931	0.8427	8559735	1.03006	8565538	1.10857	8553931	14935.326925359	8559735	1108702.40568511	8565538	2255346.97853992
73	8640792	18752	8646580	218643	8652383	1125011	8640792	0.8423	8646580	1.03062	8652383	1.10776	8640792	22262.8517155408	8646580	212147.057111253	8652383	1015572.86776919	8657360	15902	8663147	580787	8668950	1401449	8657360	0.84106	8663147	1.02983	8668950	1.10808	8657360	18907.0934297196	8663147	563963.95521591	8668950	1264754.34986644	8673911	12441	8679699	1144658	8685486	2505057	8673911	0.84211	8679699	1.03041	8685486	1.10875	8673911	14773.6043984753	8679699	1110876.25314195	8685486	2259352.42390079
74	8760803	18726	8766591	217814	8772394	1118541	8760803	0.84121	8766591	1.03028	8772394	1.10845	8760803	22260.7910034355	8766591	211412.431572	8772394	1009103.70336957	8777386	15862	8783158	581445	8788961	1392899	8777386	0.84186	8783158	1.0311	8788961	1.10927	8777386	18841.6126196755	8783158	563907.477451266	8788961	1255689.77796208	8793938	12767	8799725	1142957	8805529	2504585	8793938	0.84143	8799725	1.03001	8805529	1.10968	8793938	15172.9793328025	8799725	1109656.21692993	8805529	2257033.55922428
75	8880814	18767	8886602	219001	8892405	1111947	8880814	0.84274	8886602	1.03013	8892405	1.10918	8880814	22269.0272207324	8886602	212595.497655636	8892405	1002494.63567681	8897382	15820	8903154	582682	8908957	1379383	8897382	0.8427	8903154	1.03038	8908957	1.10724	8897382	18772.9915747004	8903154	565502.047788195	8908957	1245785.01499223	8913933	12912	8919721	1144366	8925524	2496875	8913933	0.84209	8919721	1.03034	8925524	1.10788	8913933	15333.2779156622	8919721	1110668.32307782	8925524	2253741.37993284
76	9000825	18452	9006613	219259	9012416	1107976	9000825	0.84193	9006613	1.03066	9012416	1.1093	9000825	21916.311332296	9006613	212736.498942425	9012416	998806.454520869	9017393	15998	9023180	581702	9028983	1368190	9017393	0.84249	9023180	1.0302	9028983	1.10767	9017393	18988.949423732	9023180	564649.582605319	9028983	1235196.4032609	9033960	13147	9039747	1144739	9045535	2497026	9033960	0.84273	9039747	1.03037	9045535	1.10952	9033960	15600.4888873067	9039747	1110997.99101294	9045535	2250546.18213281
77	9120836	18468	9126640	219517	9132443	1098614	9120836	0.84285	9126640	1.03094	9132443	1.10819	9120836	21911.3721302723	9126640	212928.977438066	9132443	991358.882502098	9137419	16221	9143207	583406	9149010	1358616	9137419	0.84187	9143207	1.03164	9149010	1.10879	9137419	19267.8204473375	9143207	565513.16350665	9149010	1225314.08111545	9153971	13232	9159758	1146173	9165577	2488287	9153971	0.84305	9159758	1.03165	9165577	1.10928	9153971	15695.3917324002	9159758	1111009.54781176	9165577	2243155.01947209
78	9240847	18751	9246635	218987	9252438	1096482	9240847	0.84291	9246635	1.03062	9252438	1.10929	9240847	22245.5540923705	9246635	212480.836777862	9252438	988453.875902605	9257415	16122	9263187	582805	9269005	1343732	9257415	0.8419	9263187	1.0305	9269005	1.10977	9257415	19149.5427010334	9263187	565555.555555556	9269005	1210820.26005389	9273982	13412	9279769	1146610	9285573	2482047	9273982	0.84138	9279769	1.03141	9285573	1.10973	9273982	15940.4787373125	9279769	1111691.76176302	9285573	2236622.42167014
79	9360858	18800	9366646	218322	9372449	1088818	9360858	0.84256	9366646	1.0321	9372449	1.11016	9360858	22312.9510064565	9366646	211531.82831121	9372449	980775.744036896	9377426	16095	9383213	582983	9389016	1330710	9377426	0.84264	9383213	1.03126	9389016	1.10877	9377426	19100.6835659356	9383213	565311.366677656	9389016	1200167.75345653	9394008	13520	9399796	1148743	9405599	2469753	9394008	0.84239	9399796	1.03148	9405599	1.1092	9394008	16049.5732380489	9399796	1113684.22073138	9405599	2226607.46483952
80	9480869	18436	9486657	218931	9492460	1084232	9480869	0.84172	9486657	1.03095	9492460	1.1099	9480869	21902.7705175118	9486657	212358.504292158	9492460	976873.592215515	9497452	16337	9503224	583507	9509027	1321079	9497452	0.84249	9503224	1.03072	9509027	1.10982	9497452	19391.3280869803	9503224	566115.918969264	9509027	1190354.29168694	9514004	13584	9519776	1145293	9525579	2456401	9514004	0.84226	9519776	1.03073	9525579	1.10847	9514004	16128.036473298	9519776	1111147.43919358	9525579	2216028.39950563
81	9600880	18512	9606668	218676	9612471	1077216	9600880	0.84261	9606668	1.03098	9612471	1.10874	9600880	21969.8318320457	9606668	212104.987487633	9612471	971567.725526273	9617432	16255	9623235	582880	9629038	1308012	9617432	0.84273	9623235	1.031	9629038	1.10861	9617432	19288.5028419541	9623235	565354.025218235	9629038	1179866.67989645	9634015	13396	9639787	1145534	9645606	2441687	9634015	0.84251	9639787	1.03147	9645606	1.10753	9634015	15900.1080105874	9639787	1110583.92391441	9645606	2204623.80251551
82	9720891	18546	9726679	219088	9732482	1074468	9720891	0.84183	9726679	1.03139	9732482	1.10851	9720891	22030.57624461	9726679	212420.1320548	9732482	969290.308612462	9737459	16270	9743246	581947	9749049	1292722	9737459	0.84205	9743246	1.03021	9749049	1.10796	9737459	19321.8929992281	9743246	564881.917279001	9749049	1166758.7277519	9754026	13607	9759813	1144640	9765617	2433463	9754026	0.84203	9759813	1.03069	9765617	1.1078	9754026	16159.7567782621	9759813	1110557.00550117	9765617	2196662.75500993
83	9840902	18800	9846690	220078	9852493	1068307	9840902	0.84257	9846690	1.03099	9852493	1.10891	9840902	22312.6861863109	9846690	213462.788193872	9852493	963384.765219901	9857470	16552	9863257	582045	9869045	1278891	9857470	0.84211	9863257	1.03107	9869045	1.10764	9857470	19655.3894384344	9863257	564505.804649539	9869045	1154608.89819797	9874021	13925	9879809	1143491	9885612	2413940	9874021	0.84219	9879809	1.03047	9885612	1.10731	9874021	16534.273738705	9879809	1109679.07847875	9885612	2180003.79297577
84	9960913	18535	9966717	218806	9972520	1063310	9960913	0.84207	9966717	1.03069	9972520	1.10911	9960913	22011.234220433	9966717	212290.795486519	9972520	958705.628837536	9977481	16618	9983268	581542	9989056	1270258	9977481	0.84271	9983268	1.03154	9989056	1.10929	9977481	19719.7137805414	9983268	563760.97873083	9989056	1145109.03370624	9994032	14186	9999820	1145358	10005623	2401865	9994032	0.84314	9999820	1.03034	10005623	1.10901	9994032	16825.2010342292	9999820	1111631.1120601	10005623	2165773.97859352
85	10080924	18669	10086712	218367	10092531	1059497	10080924	0.84247	10086712	1.03208	10092531	1.10925	10080924	22159.8395195081	10086712	211579.528718704	10092531	955147.171512283	10097492	16577	10103295	582788	10109098	1255627	10097492	0.84275	10103295	1.03107	10109098	1.10928	10097492	19670.127558588	10103295	565226.415277333	10109098	1131929.72017885	10114074	14385	10119846	1145000	10125665	2389702	10114074	0.84362	10119846	1.03155	10125665	1.10892	10114074	17051.5160854413	10119846	1109980.12699336	10125665	2154981.42336688
86	10200935	18752	10206723	219213	10212542	1056539	10200935	0.84233	10206723	1.03146	10212542	1.10931	10200935	22262.0588130543	10206723	212526.903612355	10212542	952428.987388557	10217549	16684	10223337	583673	10229140	1243905	10217549	0.84311	10223337	1.03166	10229140	1.10878	10217549	19788.6396792827	10223337	565761.00653316	10229140	1121868.17944047	10234117	14335	10239920	1146946	10245723	2374404	10234117	0.84254	10239920	1.03137	10245723	1.10918	10234117	17014.0290075249	10239920	1112060.65718413	10245723	2140684.10898141
87	10320946	18678	10326750	217778	10332553	1056725	10320946	0.84381	10326750	1.03068	10332553	1.1097	10320946	22135.3148220571	10326750	211295.455427485	10332553	952261.872578174	10337545	16813	10343332	582937	10349151	1232195	10337545	0.84229	10343332	1.03164	10349151	1.10912	10337545	19961.0585427822	10343332	565058.547555349	10349151	1110966.35170225	10354112	14342	10359900	1146395	10365703	2355154	10354112	0.84335	10359900	1.03179	10365703	1.10796	10354112	17005.9880239521	10359900	1111073.95884822	10365703	2125666.99158814
88	10440957	18736	10446745	218817	10452548	1049524	10440957	0.84209	10446745	1.03164	10452548	1.10876	10440957	22249.4032704343	10446745	212105.96719786	10452548	946574.551751506	10457525	16500	10463312	582708	10469115	1218127	10457525	0.84313	10463312	1.03121	10469115	1.10823	10457525	19569.9358343316	10463312	565072.099766294	10469115	1099164.43337574	10474107	14330	10479895	1141198	10485698	2335317	10474107	0.8421	10479895	1.03008	10485698	1.10882	10474107	17016.9813561335	10479895	1107873.17489904	10485698	2106128.13621688
89	10560968	18457	10566772	218090	10572575	1047268	10560968	0.84295	10566772	1.03119	10572575	1.10885	10560968	21895.723352512	10566772	211493.517198576	10572575	944463.182576543	10577551	16851	10583339	581528	10589158	1207185	10577551	0.84231	10583339	1.03112	10589158	1.10801	10577551	20005.6986145243	10583339	563977.034680735	10589158	1089507.31491593	10594134	14573	10599922	1143091	10605725	2321276	10594134	0.84269	10599922	1.03001	10605725	1.10918	10594134	17293.4293749778	10599922	1109786.31275425	10605725	2092785.66147965
90	10680979	18676	10686767	218390	10692570	1043799	10680979	0.84252	10686767	1.03003	10692570	1.10839	10680979	22166.8328348288	10686767	212022.950787841	10692570	941725.385469014	10697547	16950	10703334	580719	10709138	1195269	10697547	0.84283	10703334	1.03036	10709138	1.1091	10697547	20110.8171280092	10703334	563607.865212159	10709138	1077692.72383013	10714130	14725	10719917	1140211	10725705	2302445	10714130	0.84175	10719917	1.03024	10725705	1.10866	10714130	17493.3174933175	10719917	1106743.08898897	10725705	2076781.88082911
91	10800990	18473	10806778	218256	10812581	1042712	10800990	0.84208	10806778	1.03154	10812581	1.10898	10800990	21937.3456203686	10806778	211582.682203308	10812581	940244.188353262	10817558	16958	10823330	581639	10829133	1184989	10817558	0.84252	10823330	1.03089	10829133	1.10999	10817558	20127.7121017899	10823330	564210.536526691	10829133	1067567.27538086	10834109	14599	10839897	1143520	10845700	2283372	10834109	0.84219	10839897	1.03117	10845700	1.10881	10834109	17334.568209074	10839897	1108953.90672731	10845700	2059299.60949126
92	10921001	18501	10926805	218073	10932608	1040285	10921001	0.84158	10926805	1.03105	10932608	1.10897	10921001	21983.6498015637	10926805	211505.746569032	10932608	938064.149616311	10937584	17003	10943388	581056	10949191	1173544	10937584	0.84243	10943388	1.03101	10949191	1.10939	10937584	20183.2793229111	10943388	563579.402721603	10949191	1057828.17584438	10954167	14706	10959955	1144642	10965758	2268548	10954167	0.84355	10959955	1.03089	10965758	1.10892	10954167	17433.4657103906	10959955	1110343.48960607	10965758	2045727.37438228
93	11041012	18563	11046800	217731	11052619	1037947	11041012	0.84183	11046800	1.03052	11052619	1.10942	11041012	22050.7703455567	11046800	211282.653417692	11052619	935576.247048007	11057580	17080	11063367	582142	11069171	1162728	11057580	0.84226	11063367	1.03102	11069171	1.10895	11057580	20278.7737753188	11063367	564627.262322748	11069171	1048494.52184499	11074147	14883	11079935	1142618	11085738	2251212	11074147	0.84267	11079935	1.03054	11085738	1.11054	11074147	17661.7181102923	11079935	1108756.57422322	11085738	2027132.74623156
94	11161024	18318	11166811	218240	11172630	1037974	11161024	0.84277	11166811	1.03133	11172630	1.10988	11161024	21735.4675652907	11166811	211610.250841147	11172630	935212.815799906	11177591	17132	11183378	581370	11189182	1151988	11177591	0.84199	11183378	1.0313	11189182	1.10942	11177591	20347.0350004157	11183378	563725.395132357	11189182	1038369.59852896	11194158	14736	11199961	1143948	11205764	2230619	11194158	0.84216	11199961	1.03085	11205764	1.1092	11194158	17497.8626389285	11199961	1109713.34335742	11205764	2011016.04760188
95	11281035	18547	11286822	218408	11292625	1035211	11281035	0.84283	11286822	1.03072	11292625	1.10966	11281035	22005.6239099225	11286822	211898.478733313	11292625	932908.278211344	11297602	17161	11303374	581498	11309177	1138494	11297602	0.8428	11303374	1.03106	11309177	1.10789	11297602	20361.8889416232	11303374	563980.757666867	11309177	1027623.68105137	11314169	14936	11319941	1142746	11325744	2207218	11314169	0.84265	11319941	1.03111	11325744	1.10859	11314169	17725.0341185546	11319941	1108267.78908167	11325744	1991013.81033565
96	11401046	18721	11406833	217814	11412652	1033387	11401046	0.8425	11406833	1.02925	11412652	1.10998	11401046	22220.7715133531	11406833	211623.998056838	11412652	930996.053982955	11417628	17339	11423416	582204	11429219	1131465	11417628	0.84226	11423416	1.03118	11429219	1.1085	11417628	20586.2797710921	11423416	564599.778894083	11429219	1020717.18538566	11434196	15152	11439983	1145398	11445771	2190909	11434196	0.8426	11439983	1.03127	11445771	1.11019	11434196	17982.4353192499	11439983	1110667.42948016	11445771	1973454.09344346
97	11521057	18758	11526860	218940	11532663	1032419	11521057	0.84308	11526860	1.03207	11532663	1.10993	11521057	22249.3713526593	11526860	212136.773668453	11532663	930165.866315894	11537639	17431	11543427	581973	11549246	1122517	11537639	0.84369	11543427	1.03182	11549246	1.10869	11537639	20660.4321492491	11543427	564025.702157353	11549246	1012471.47534478	11554207	15319	11559994	1142672	11565797	2169701	11554207	0.84334	11559994	1.0314	11565797	1.11014	11554207	18164.6785400906	11559994	1107884.42893155	11565797	1954439.07975571
98	11641068	18361	11646855	218186	11652658	1031509	11641068	0.84318	11646855	1.03117	11652658	1.11	11641068	21775.8960127138	11646855	211590.717340497	11652658	929287.387387387	11657635	17293	11663407	582302	11669210	1112509	11657635	0.84301	11663407	1.03202	11669210	1.10953	11657635	20513.3984175751	11663407	564235.189240519	11669210	1002684.92064207	11674186	15507	11679974	1142001	11685777	2145799	11674186	0.84288	11679974	1.03133	11685777	1.10955	11674186	18397.6366742597	11679974	1107309.00875568	11685777	1933936.28047407
99	11761079	18691	11766882	218613	11772685	1028615	11761079	0.84244	11766882	1.0309	11772685	1.1095	11761079	22186.7432695504	11766882	212060.335629062	11772685	927097.791798107	11777661	17273	11783449	580815	11789252	1101583	11777661	0.84336	11783449	1.03147	11789252	1.10925	11777661	20481.1705558718	11783449	563094.418645234	11789252	993088.122605364	11794229	15491	11800016	1143594	11805819	2127094	11794229	0.84273	11800016	1.03076	11805819	1.10963	11794229	18381.9254090871	11800016	1109466.80119523	11805819	1916939.88086119
100	11881090	18664	11886877	217923	11892680	1028966	11881090	0.84319	11886877	1.03194	11892680	1.1094	11881090	22134.9873693948	11886877	211177.97546369	11892680	927497.746529656	11897657	17527	11903429	581774	11909232	1094135	11897657	0.84253	11903429	1.03201	11909232	1.10921	11897657	20802.8200776234	11903429	563729.033633395	11909232	986409.246220283	11914224	15664	11919996	1142160	11925815	2104723	11914224	0.84331	11919996	1.03202	11925815	1.10991	11914224	18574.4269604297	11919996	1106722.73793144	11925815	1896300.60094963
101	12001101	18812	12006888	218713	12012707	1029159	12001101	0.84338	12006888	1.03114	12012707	1.1092	12001101	22305.4850719723	12006888	212107.958182206	12012707	927838.983050848	12017683	17361	12023471	581348	12029274	1084828	12017683	0.84256	12023471	1.0318	12029274	1.10914	12017683	20605.0607671857	12023471	563430.897460748	12029274	978080.314477884	12034251	15736	12040023	1144300	12045826	2086494	12034251	0.84385	12040023	1.03212	12045826	1.10947	12034251	18647.8639568644	12040023	1108688.912142	12045826	1880622.27910624
102	12121112	18718	12126915	218389	12132718	1030774	12121112	0.84334	12126915	1.03249	12132718	1.10952	12121112	22195.0814618066	12126915	211516.818564829	12132718	929026.966616195	12137679	17612	12143466	581517	12149270	1075803	12137679	0.84358	12143466	1.03184	12149270	1.10979	12137679	20877.6879489794	12143466	563572.840750504	12149270	969375.287216501	12154262	15701	12160034	1142166	12165852	2062802	12154262	0.84261	12160034	1.0323	12165852	1.10985	12154262	18633.7688847747	12160034	1106428.36384772	12165852	1858631.34657837
103	12241123	18447	12246926	218188	12252729	1027314	12241123	0.8436	12246926	1.03136	12252729	1.10946	12241123	21866.9985775249	12246926	211553.676698728	12252729	925958.57444162	12257705	17572	12263493	581990	12269312	1067733	12257705	0.84271	12263493	1.03229	12269312	1.11013	12257705	20851.7758184903	12263493	563785.370390104	12269312	961808.97732698	12274288	15846	12280060	1141539	12285863	2041443	12274288	0.84259	12280060	1.03187	12285863	1.10918	12274288	18806.2996237791	12280060	1106281.79906384	12285863	1840497.48462828
104	12361134	18700	12366921	217571	12372724	1027525	12361134	0.84266	12366921	1.0318	12372724	1.11024	12361134	22191.6312629056	12366921	210865.477805776	12372724	925498.090502954	12377701	17342	12383488	579777	12389292	1058316	12377701	0.84264	12383488	1.03148	12389292	1.10857	12377701	20580.5563467198	12383488	562082.638538799	12389292	954667.725087275	12394268	15958	12400056	1138977	12405874	2021402	12394268	0.8427	12400056	1.03106	12405874	1.10896	12394268	18936.750919663	12400056	1104666.07180959	12405874	1822790.72283942
105	12481145	18612	12486932	218394	12492735	1025018	12481145	0.84205	12486932	1.03034	12492735	1.10947	12481145	22103.2005225343	12486932	211963.041326164	12492735	923880.771900096	12497712	17790	12503484	580886	12509287	1050598	12497712	0.84287	12503484	1.03142	12509287	1.1086	12497712	21106.4576981029	12503484	563190.552830079	12509287	947679.956702147	12514279	16037	12520051	1141803	12525854	1997096	12514279	0.84303	12520051	1.03127	12525854	1.10899	12514279	19023.0478156175	12520051	1107181.43648123	12525854	1800824.17334692
106	12601156	18663	12606943	218522	12612746	1026917	12601156	0.84267	12606943	1.03228	12612746	1.10956	12601156	22147.4598597316	12606943	211688.689115356	12612746	925517.322181766	12617723	17789	12623495	582098	12629298	1044288	12617723	0.84331	12623495	1.03215	12629298	1.10999	12617723	21094.2595249671	12623495	563966.477740639	12629298	940808.475752034	12634274	16009	12640062	1140028	12645865	1977126	12634274	0.84282	12640062	1.03199	12645865	1.11005	12634274	18994.5658622244	12640062	1104688.99892441	12645865	1781114.36421783
107	12721167	18416	12726970	218420	12732773	1025434	12721167	0.84356	12726970	1.03252	12732773	1.11076	12721167	21831.286452653	12726970	211540.696548251	12732773	923182.325614894	12737749	17754	12743537	581716	12749340	1037218	12737749	0.84375	12743537	1.03264	12749340	1.10918	12737749	21041.7777777778	12743537	563328.943290983	12749340	935121.44106457	12754317	16018	12760104	1142295	12765908	1956654	12754317	0.84347	12760104	1.03265	12765908	1.11022	12754317	18990.5983615303	12760104	1106178.27918462	12765908	1762402.04644125
108	12841178	18831	12846965	217989	12852784	1027516	12841178	0.84336	12846965	1.03346	12852784	1.11011	12841178	22328.5429709733	12846965	210931.240686626	12852784	925598.364126078	12857745	17983	12863517	581035	12869320	1030732	12857745	0.84287	12863517	1.03166	12869320	1.11098	12857745	21335.4372560419	12863517	563203.9625458	12869320	927768.276656646	12874297	16211	12880084	1142374	12885887	1937836	12874297	0.84388	12880084	1.03242	12885887	1.1101	12874297	19210.07726217	12880084	1106501.23011952	12885887	1745640.93324926
109	12961189	18534	12966976	217931	12972795	1029311	12961189	0.84378	12966976	1.03303	12972795	1.11104	12961189	21965.4412287563	12966976	210962.895559664	12972795	926439.192108295	12977771	17866	12983559	580316	12989378	1024114	12977771	0.84353	12983559	1.03221	12989378	1.11099	12977771	21180.0410181025	12983559	562207.302777536	12989378	921803.076535342	12994354	16192	13000142	1141915	13005930	1916201	12994354	0.84281	13000142	1.03267	13005930	1.11101	12994354	19211.9220227572	13000142	1105788.87737612	13005930	1724737.85114445
110	13081200	18551	13086987	217882	13092806	1028771	13081200	0.84293	13086987	1.03206	13092806	1.11028	13081200	22007.7586513708	13086987	211113.694940217	13092806	926586.987066326	13097767	18087	13103539	580241	13109342	1016862	13097767	0.84243	13103539	1.03217	13109342	1.10956	13097767	21470.0331184787	13103539	562156.42772024	13109342	916455.171419301	13114334	16132	13120106	1140442	13125909	1896956	13114334	0.8434	13120106	1.03244	13125909	1.11094	13114334	19127.3417121176	13120106	1104608.50025183	13125909	1707523.35859722
111	13201211	18954	13206998	216763	13212817	1027901	13201211	0.84318	13206998	1.03214	13212817	1.10918	13201211	22479.1859389454	13206998	210013.176507063	13212817	926721.542040066	13217794	17830	13223581	580052	13229369	1013079	13217794	0.84311	13223581	1.03183	13229369	1.10992	13217794	21147.8929202595	13223581	562158.495100937	13229369	912749.567536399	13234345	16479	13240133	1138548	13245936	1873251	13234345	0.84317	13240133	1.03225	13245936	1.11142	13234345	19544.1014267585	13240133	1102976.99200775	13245936	1685457.34285869
112	13321222	18400	13327009	217671	13332828	1029601	13321222	0.84357	13327009	1.0317	13332828	1.10934	13321222	21812.0606470121	13327009	210982.843849956	13332828	928120.323796131	13337789	18340	13343577	578946	13349380	1003182	13337789	0.84362	13343577	1.03156	13349380	1.10894	13337789	21739.6458120955	13343577	561233.471635193	13349380	904631.449853013	13354341	16258	13360128	1140856	13365931	1849850	13354341	0.84352	13360128	1.03182	13365931	1.1092	13354341	19273.9946889226	13360128	1105673.47017891	13365931	1667733.50162279
113	13441233	18785	13447020	217443	13452839	1029439	13441233	0.84322	13447020	1.03182	13452839	1.1091	13441233	22277.6973980693	13447020	210737.337907775	13452839	928175.096925435	13457816	18151	13463588	581171	13469375	997865	13457816	0.84289	13463588	1.0316	13469375	1.10844	13457816	21534.2452751842	13463588	563368.553702986	13469375	900242.68341092	13474367	16458	13480155	1137431	13485942	1828372	13474367	0.84246	13480155	1.03091	13485942	1.10882	13474367	19535.6456092871	13480155	1103327.15755983	13485942	1648934.90377158
114	13561244	18537	13567047	217480	13572850	1031193	13561244	0.84328	13567047	1.03337	13572850	1.10952	13561244	21982.022578503	13567047	210457.048298286	13572850	929404.607397794	13577827	18188	13583599	580875	13589402	992543	13577827	0.84357	13583599	1.03276	13589402	1.10933	13577827	21560.74777434	13583599	562449.165343352	13589402	894722.940874221	13594394	16492	13600166	1138322	13605969	1807477	13594394	0.84317	13600166	1.03201	13605969	1.10928	13594394	19559.5194326174	13600166	1103014.50567339	13605969	1629414.57521996
115	13681255	18480	13687058	217839	13692861	1033047	13681255	0.84338	13687058	1.03237	13692861	1.10955	13681255	21911.8309658754	13687058	211008.649999516	13692861	931050.425848317	13697838	18186	13703610	579775	13709413	988407	13697838	0.8432	13703610	1.03174	13709413	1.10942	13697838	21567.8368121442	13703610	561939.054412934	13709413	890922.283715816	13714389	16359	13720177	1138119	13725980	1793446	13714389	0.84182	13720177	1.03083	13725980	1.11087	13714389	19432.8953933145	13720177	1104080.20721166	13725980	1614451.73602672
116	13801266	18713	13807053	217862	13812872	1033497	13801266	0.84214	13807053	1.03152	13812872	1.1106	13801266	22220.7708932007	13807053	211204.823949124	13812872	930575.364667747	13817849	18114	13823621	579713	13829424	982772	13817849	0.84384	13823621	1.03149	13829424	1.11021	13817849	21466.1547212742	13823621	562015.143142444	13829424	885212.707505787	13834400	16713	13840188	1142545	13845991	1771643	13834400	0.84347	13840188	1.03319	13845991	1.1101	13834400	19814.5755035745	13840188	1105842.10067848	13845991	1595930.99720746
117	13921277	18764	13927080	218054	13932883	1033210	13921277	0.84299	13927080	1.0324	13932883	1.11002	13921277	22258.8642807151	13927080	211210.771018985	13932883	930803.048593719	13937860	18406	13943632	581186	13949435	978907	13937860	0.84391	13943632	1.03223	13949435	1.1111	13937860	21810.3826237395	13943632	563039.245129477	13949435	881025.110251103	13954427	16821	13960214	1139679	13966018	1748561	13954427	0.84371	13960214	1.03174	13966018	1.10964	13954427	19936.9451588816	13960214	1104618.41161533	13966018	1575791.24761184
118	14041288	18863	14047091	218057	14052894	1034283	14041288	0.84359	14047091	1.03149	14052894	1.11013	14041288	22360.3883403075	14047091	211400.013572599	14052894	931677.371118698	14057855	18277	14063643	581012	14069461	970910	14057855	0.84311	14063643	1.03273	14069461	1.11006	14057855	21678.0728493316	14063643	562598.162152741	14069461	874646.415509072	14074438	16684	14080210	1140677	14086013	1728857	14074438	0.84397	14080210	1.03198	14086013	1.11031	14074438	19768.4751827672	14080210	1105328.59163937	14086013	1557093.96474858
119	14161299	18736	14167086	217402	14172905	1036587	14161299	0.84264	14167086	1.03263	14172905	1.11022	14161299	22234.8808506598	14167086	210532.330069822	14172905	933677.109041451	14177897	18414	14183685	580656	14189488	966299	14177897	0.84354	14183685	1.03215	14189488	1.10928	14177897	21829.4331033502	14183685	562569.393983433	14189488	871104.680513486	14194464	16847	14200236	1137912	14206040	1707512	14194464	0.84306	14200236	1.03104	14206040	1.10868	14194464	19983.1565962091	14200236	1103654.56238361	14206040	1540130.60576541
120	14281310	18778	14287113	217099	14292916	1038334	14281310	0.8432	14287113	1.03216	14292916	1.1097	14281310	22269.9240986717	14287113	210334.638040614	14292916	935688.924934667	14297893	18511	14303680	580035	14309499	962466	14297893	0.84375	14303680	1.03231	14309499	1.10924	14297893	21938.962962963	14303680	561880.63663047	14309499	867680.574086762	14314460	16939	14320247	1139303	14326051	1689444	14314460	0.84431	14320247	1.03111	14326051	1.11056	14314460	20062.5362722223	14320247	1104928.66910417	14326051	1521254.14205446
121	14401321	18744	14407108	217609	14412927	1035265	14401321	0.84325	14407108	1.03202	14412927	1.10908	14401321	22228.2834272161	14407108	210857.347725819	14412927	933444.837162333	14417904	18495	14423691	579360	14429494	957546	14417904	0.84324	14423691	1.03175	14429494	1.11047	14417904	21933.2574356055	14423691	561531.378725466	14429494	862288.940718795	14434471	17020	14440258	1138813	14446062	1673425	14434471	0.84318	14440258	1.03225	14446062	1.10924	14434471	20185.4882705947	14440258	1103233.71276338	14446062	1508623.02116765
122	14521332	18850	14527119	216878	14532923	1041132	14521332	0.84311	14527119	1.03133	14532923	1.11048	14521332	22357.6994698201	14527119	210289.626016891	14532923	937551.32915496	14537899	18757	14543687	579801	14549474	953184	14537899	0.84306	14543687	1.0319	14549474	1.10987	14537899	22248.7130216118	14543687	561877.119875957	14549474	858824.90742159	14554466	17000	14560238	1138222	14566041	1651252	14554466	0.84309	14560238	1.03188	14566041	1.10941	14554466	20163.9208150968	14560238	1103056.55696399	14566041	1488405.54889536
123	14641343	18925	14647130	217155	14652949	1040025	14641343	0.84349	14647130	1.03217	14652949	1.10923	14641343	22436.5434089319	14647130	210386.854878557	14652949	937609.873515862	14657910	18854	14663698	580727	14669501	950837	14657910	0.84316	14663698	1.03215	14669501	1.1102	14657910	22361.1177000806	14663698	562638.182434724	14669501	856455.593586741	14674493	17038	14680280	1135186	14686084	1632342	14674493	0.8436	14680280	1.03067	14686084	1.11003	14674493	20196.7757230915	14680280	1101405.88161099	14686084	1470538.63409097
124	14761354	18602	14767157	217778	14772960	1044935	14761354	0.84322	14767157	1.03118	14772960	1.11044	14761354	22060.6721851949	14767157	211193.002191664	14772960	941009.869961457	14777921	18527	14783709	580427	14789512	946559	14777921	0.84327	14783709	1.03204	14789512	1.10978	14777921	21970.4246563971	14783709	562407.464826945	14789512	852924.904035034	14794488	17161	14800276	1137005	14806079	1615399	14794488	0.84395	14800276	1.03304	14806079	1.10932	14794488	20334.1430179513	14800276	1100639.85905676	14806079	1456206.50488588
125	14881365	18809	14887152	216640	14892971	1046962	14881365	0.84353	14887152	1.03293	14892971	1.1109	14881365	22297.9621353123	14887152	209733.476615066	14892971	942444.86452426	14897963	18525	14903751	578284	14909570	942184	14897963	0.84319	14903751	1.03175	14909570	1.10922	14897963	21970.1372169974	14903751	560488.490428883	14909570	849411.298029246	14914546	17339	14920334	1138916	14926137	1596222	14914546	0.84372	14920334	1.03301	14926137	1.11028	14914546	20550.6566159389	14920334	1102521.75680778	14926137	1437675.18103541
126	15001376	18590	15007163	216680	15012967	1046890	15001376	0.84301	15007163	1.03164	15012967	1.11008	15001376	22051.932954532	15007163	210034.508161762	15012967	943076.174690113	15017943	18732	15023731	581266	15029534	939023	15017943	0.84295	15023731	1.03308	15029534	1.10979	15017943	22221.9585977816	15023731	562653.424710574	15029534	846126.744699448	15034495	17411	15040282	1133795	15046086	1578518	15034495	0.84367	15040282	1.03241	15046086	1.11021	15034495	20637.21597307	15040282	1098202.26460418	15046086	1421819.29544861
127	15121387	18918	15127174	217772	15132993	1048038	15121387	0.84438	15127174	1.03282	15132993	1.11003	15121387	22404.6045619271	15127174	210851.842528224	15132993	944152.860733494	15137970	18595	15143773	579501	15149576	935390	15137970	0.8437	15143773	1.03318	15149576	1.10985	15137970	22039.8245821975	15143773	560890.648289746	15149576	842807.586610803	15154553	17562	15160340	1139079	15166143	1561396	15154553	0.84433	15160340	1.03217	15166143	1.10905	15154553	20799.9242002535	15160340	1103576.93015685	15166143	1407867.99513097
128	15241398	18705	15247185	217186	15253004	1050444	15241398	0.84345	15247185	1.03289	15253004	1.11034	15241398	22176.7739640761	15247185	210270.21270416	15253004	946056.162977106	15257965	18865	15263753	579420	15269572	929162	15257965	0.84399	15263753	1.03215	15269572	1.10883	15257965	22352.1605706229	15263753	561371.893620113	15269572	837966.144494648	15274548	17571	15280336	1137263	15286139	1549738	15274548	0.84372	15280336	1.032	15286139	1.11202	15274548	20825.6293557104	15280336	1101999.03100775	15286139	1393624.21539181
129	15361409	18734	15367212	216571	15373015	1053105	15361409	0.84391	15367212	1.03199	15373015	1.10963	15361409	22199.0496616938	15367212	209857.653659435	15373015	949059.596442057	15377992	18629	15383795	578466	15389598	927611	15377992	0.84344	15383795	1.0318	15389598	1.1109	15377992	22086.9297163995	15383795	560637.720488467	15389598	835008.551624809	15394575	17676	15400362	1136369	15406165	1527350	15394575	0.84358	15400362	1.03243	15406165	1.11021	15394575	20953.5550866545	15400362	1100674.13771394	15406165	1375730.71761198
130	15481420	18983	15487223	217742	15493026	1053491	15481420	0.84324	15487223	1.03224	15493026	1.11055	15481420	22511.9776101703	15487223	210941.253971945	15493026	948620.953581559	15498018	18842	15503806	580057	15509609	924933	15498018	0.84403	15503806	1.03277	15509609	1.11034	15498018	22323.8510479485	15503806	561651.674622617	15509609	833017.814363168	15514570	17774	15520358	1133806	15526145	1510748	15514570	0.84418	15520358	1.03205	15526145	1.1107	15514570	21054.7513563458	15520358	1098595.9982559	15526145	1360176.46529216
131	15601431	18722	15607219	217341	15613037	1056994	15601431	0.84416	15607219	1.03285	15613037	1.1113	15601431	22178.260045489	15607219	210428.426199351	15613037	951132.907405741	15618014	19135	15623801	579406	15629620	923281	15618014	0.8445	15623801	1.03229	15629620	1.11067	15618014	22658.3777383067	15623801	561282.197832005	15629620	831282.91931897	15634597	17665	15640384	1134069	15646187	1495767	15634597	0.84332	15640384	1.03259	15646187	1.11	15634597	20946.9714936205	15640384	1098276.17931609	15646187	1347537.83783784
132	15721442	18962	15727261	216792	15733048	1057085	15721442	0.84426	15727261	1.03219	15733048	1.1095	15721442	22459.9057162485	15727261	210031.098925585	15733048	952757.999098693	15738025	18777	15743812	579217	15749631	920171	15738025	0.84458	15743812	1.03328	15749631	1.11131	15738025	22232.3521750456	15743812	560561.512852276	15749631	828005.68698203	15754608	17413	15760395	1136209	15766183	1478115	15754608	0.84367	15760395	1.03286	15766183	1.11035	15754608	20639.5865682079	15760395	1100060.99568189	15766183	1331215.38253704
133	15841453	18779	15847241	216338	15853044	1059896	15841453	0.84299	15847241	1.03206	15853044	1.11069	15841453	22276.6580860983	15847241	209617.657888107	15853044	954268.067597619	15858020	18998	15863808	580050	15869611	916295	15858020	0.8436	15863808	1.03282	15869611	1.1094	15858020	22520.151730678	15863808	561617.706860828	15869611	825937.443663241	15874587	17716	15880375	1133060	15886194	1463450	15874587	0.84373	15880375	1.03275	15886194	1.11036	15874587	20997.2384530596	15880375	1097129.02444929	15886194	1317995.96527252
134	15961464	19038	15967252	217285	15973055	1062546	15961464	0.84353	15967252	1.03267	15973055	1.11031	15961464	22569.4403281448	15967252	210410.876659533	15973055	956981.38357756	15978047	19099	15983819	578860	15989622	914258	15978047	0.84383	15983819	1.03347	15989622	1.1105	15978047	22633.7058412239	15983819	560113.017310614	15989622	823285.006753715	15994598	17510	16000386	1133232	16006189	1445964	15994598	0.84371	16000386	1.03237	16006189	1.10917	15994598	20753.5764658473	16000386	1097699.46821392	16006189	1303645.06793368
135	16081475	18943	16087263	216588	16093081	1063328	16081475	0.84321	16087263	1.03212	16093081	1.11023	16081475	22465.3407810628	16087263	209847.692128822	16093081	957754.699476685	16098058	18807	16103845	578585	16109664	910745	16098058	0.84334	16103845	1.03199	16109664	1.11061	16098058	22300.6142243935	16103845	560649.812498183	16109664	820040.338192525	16114641	17596	16120413	1134788	16126216	1430199	16114641	0.84273	16120413	1.03193	16126216	1.10968	16114641	20879.7598281775	16120413	1099675.36557712	16126216	1288839.12479273
136	16201486	18920	16207274	215709	16213077	1067832	16201486	0.8436	16207274	1.03209	16213077	1.11069	16201486	22427.6908487435	16207274	209002.121907973	16213077	961413.17559355	16218053	19032	16223841	579776	16229644	909165	16218053	0.84406	16223841	1.03264	16229644	1.1119	16218053	22548.1600834064	16223841	561450.263402541	16229644	817667.955751417	16234605	17991	16240377	1134760	16246180	1419971	16234605	0.84416	16240377	1.03331	16246180	1.11115	16234605	21312.3104624716	16240377	1098179.63631437	16246180	1277929.17247896
137	16321497	19039	16327285	217078	16333103	1068806	16321497	0.84392	16327285	1.03216	16333103	1.11028	16321497	22560.1952791734	16327285	210314.292357774	16333103	962645.458803185	16338080	18909	16343852	578287	16349655	905110	16338080	0.84441	16343852	1.03268	16349655	1.1102	16338080	22393.150246918	16343852	559986.636712244	16349655	815267.51936588	16354631	17767	16360419	1135313	16366222	1404214	16354631	0.84422	16360419	1.03299	16366222	1.11074	16354631	21045.4620833432	16360419	1099055.16994356	16366222	1264214.84775915
138	16441508	19133	16447296	216373	16453099	1071564	16441508	0.84422	16447296	1.03237	16453099	1.11015	16441508	22663.523726043	16447296	209588.6164844	16453099	965242.534792596	16458075	19133	16463863	577306	16469666	902788	16458075	0.84393	16463863	1.03249	16469666	1.11061	16458075	22671.3116016731	16463863	559139.555831049	16469666	812875.806988952	16474642	17949	16480414	1134140	16486218	1387360	16474642	0.84407	16480414	1.03258	16486218	1.1109	16474642	21264.8240074875	16480414	1098355.57535494	16486218	1248861.28364389
139	16561519	18653	16567307	217061	16573110	1073078	16561519	0.84347	16567307	1.03346	16573110	1.11042	16561519	22114.5980295683	16567307	210033.286242332	16573110	966371.282937987	16578086	19322	16583874	579809	16589677	901536	16578086	0.84438	16583874	1.03318	16589677	1.11099	16578086	22883.0621284256	16583874	561188.757041367	16589677	811470.850322685	16594669	18130	16600457	1133461	16606275	1373507	16594669	0.84435	16600457	1.03344	16606275	1.11106	16594669	21472.1383312607	16600457	1096784.52546834	16606275	1236213.16580563
140	16681530	18966	16687318	216470	16693136	1074720	16681530	0.84348	16687318	1.03316	16693136	1.10981	16681530	22485.4175558401	16687318	209522.242440667	16693136	968381.975293068	16698113	19298	16703900	578567	16709704	898563	16698113	0.84479	16703900	1.03324	16709704	1.11136	16698113	22843.5469169853	16703900	559954.1248887	16709704	808525.59026778	16714680	17901	16720483	1136076	16726286	1360512	16714680	0.84379	16720483	1.0331	16726286	1.11019	16714680	21214.9942521243	16720483	1099676.70119059	16726286	1225476.72020105
141	16801541	18698	16807313	216124	16813116	1073237	16801541	0.84336	16807313	1.03209	16813116	1.1088	16801541	22170.8404477329	16807313	209404.218624345	16813116	967926.587301587	16818093	19433	16823880	577359	16829683	895188	16818093	0.8438	16823880	1.03157	16829683	1.10945	16818093	23030.3389428775	16823880	559689.599348566	16829683	806875.478840867	16834675	17933	16840447	1134268	16846251	1345560	16834675	0.84398	16840447	1.0331	16846251	1.11105	16834675	21248.1338420342	16840447	1097926.62859355	16846251	1211070.60888349
142	16921552	19050	16927340	216173	16933143	1079861	16921552	0.8445	16927340	1.03229	16933143	1.11083	16921552	22557.7264653641	16927340	209411.115093627	16933143	972120.846574183	16938119	19267	16943907	579183	16949710	894879	16938119	0.84417	16943907	1.03334	16949710	1.11089	16938119	22823.6018811377	16943907	560496.061315733	16949710	805551.404729541	16954686	17881	16960474	1133326	16966293	1335104	16954686	0.84358	16960474	1.03373	16966293	1.11205	16954686	21196.5670120202	16960474	1096346.24128157	16966293	1200579.1106515
143	17041563	18846	17047351	216348	17053154	1080731	17041563	0.84447	17047351	1.03265	17053154	1.11053	17041563	22316.9561973782	17047351	209507.577591633	17053154	973166.86627106	17058130	19527	17063918	577079	17069721	892962	17058130	0.84401	17063918	1.03235	17069721	1.11155	17058130	23135.9818011635	17063918	558995.495713663	17069721	803348.477351446	17074697	18475	17080485	1132541	17086273	1322224	17074697	0.84398	17080485	1.03415	17086273	1.1115	17074697	21890.3291547193	17080485	1095141.90397911	17086273	1189585.24516419
144	17161574	18886	17167362	216389	17173180	1083985	17161574	0.84351	17167362	1.03291	17173180	1.11028	17161574	22389.7760548186	17167362	209494.534857829	17173180	976316.784955146	17178172	19419	17183960	577526	17189763	890051	17178172	0.84362	17183960	1.03349	17189763	1.10986	17178172	23018.657689481	17183960	558811.406012637	17189763	801948.894455157	17194740	18506	17200527	1129386	17206331	1305548	17194740	0.84345	17200527	1.03257	17206331	1.10974	17194740	21940.8382239611	17200527	1093762.16624539	17206331	1176444.93304738
145	17281585	19221	17287373	215286	17293191	1086877	17281585	0.84329	17287373	1.03296	17293191	1.11004	17281585	22792.8707799215	17287373	208416.589219331	17293191	979133.184389752	17298168	19478	17303940	578056	17309743	888118	17298168	0.84332	17303940	1.03207	17309743	1.10937	17298168	23096.8078546696	17303940	560093.792087746	17309743	800560.67858334	17314720	18080	17320507	1133129	17326310	1291764	17314720	0.84308	17320507	1.03217	17326310	1.10956	17314720	21445.1772073825	17320507	1097812.37586832	17326310	1164212.84112621
146	17401596	18875	17407384	216182	17413187	1088509	17401596	0.84268	17407384	1.03196	17413187	1.1099	17401596	22398.7753358333	17407384	209486.801814024	17413187	980727.092530859	17418179	19507	17423951	578122	17429754	885772	17418179	0.84247	17423951	1.0317	17429754	1.10966	17418179	23154.5336925944	17423951	560358.631385093	17429754	798237.297911072	17434731	18171	17440503	1126391	17446306	1280083	17434731	0.84291	17440503	1.03067	17446306	1.10865	17434731	21557.46165071	17440503	1092872.59743662	17446306	1154632.21034592
147	17521607	18983	17527395	215595	17533198	1088610	17521607	0.84338	17527395	1.03282	17533198	1.10941	17521607	22508.240650715	17527395	208744.021223446	17533198	981251.295733768	17538174	19433	17543962	577868	17549765	883848	17538174	0.84329	17543962	1.03178	17549765	1.10897	17538174	23044.2670967283	17543962	560069.006958848	17549765	796999.017105963	17554742	18257	17560529	1130649	17566332	1268359	17554742	0.84359	17560529	1.03236	17566332	1.10924	17554742	21642.0298960395	17560529	1095208.06695339	17566332	1143448.66755616
148	17641618	19033	17647406	216827	17653209	1092086	17641618	0.84287	17647406	1.03183	17653209	1.10899	17641618	22581.1809650361	17647406	210138.297975442	17653209	984757.301688924	17658185	19715	17663973	579144	17669776	884285	17658185	0.8435	17663973	1.03212	17669776	1.10964	17658185	23372.8512151749	17663973	561120.799906988	17669776	796911.610972928	17674753	18210	17680540	1130185	17686328	1256877	17674753	0.84317	17680540	1.03155	17686328	1.11051	17674753	21597.0682068859	17680540	1095618.24438951	17686328	1131801.60466813
149	17761629	18910	17767417	216453	17773220	1095577	17761629	0.84342	17767417	1.03187	17773220	1.11033	17761629	22420.620805767	17767417	209767.703295958	17773220	986712.959210325	17778212	19874	17784000	577849	17789803	880109	17778212	0.84365	17784000	1.03201	17789803	1.10969	17778212	23557.1623303503	17784000	559925.775913024	17789803	793112.49087583	17794779	18251	17800567	1128705	17806370	1247109	17794779	0.8433	17800567	1.0322	17806370	1.10963	17794779	21642.357405431	17800567	1093494.47781438	17806370	1123896.25370619
150	17881640	18951	17887428	216730	17893231	1095890	17881640	0.84365	17887428	1.03151	17893231	1.10864	17881640	22463.1067385764	17887428	210109.451192911	17893231	988499.422716121	17898223	19786	17903995	577244	17909798	879543	17898223	0.84313	17903995	1.03197	17909798	1.1092	17898223	23467.3182071567	17903995	559361.221740942	17909798	792952.578434908	17914790	18239	17920562	1130466	17926381	1236158	17914790	0.84329	17920562	1.03218	17926381	1.10993	17914790	21628.3840671655	17920562	1095221.76364588	17926381	1113726.09083456
151	18001651	18901	18007439	216003	18013242	1096980	18001651	0.84285	18007439	1.03196	18013242	1.10847	18001651	22425.1052975025	18007439	209313.345478507	18013242	989634.360875802	18018234	19724	18024006	577103	18029809	878460	18018234	0.84301	18024006	1.03243	18029809	1.10922	18018234	23397.1127270139	18024006	558975.426905456	18029809	791961.919186455	18034786	18781	18040573	1129242	18046376	1224818	18034786	0.84365	18040573	1.03228	18046376	1.10912	18034786	22261.6013749778	18040573	1093929.94148874	18046376	1104315.13271783
152	18121662	18907	18127450	216592	18133269	1102028	18121662	0.84313	18127450	1.03204	18133269	1.10923	18121662	22424.7743527096	18127450	209867.834580055	18133269	993507.207702641	18138245	19550	18144033	576478	18149851	876551	18138245	0.84311	18144033	1.03151	18149851	1.10909	18138245	23187.9588665773	18144033	558868.067202451	18149851	790333.516666817	18154828	18506	18160631	1129595	18166419	1213197	18154828	0.8434	18160631	1.03164	18166419	1.10913	18154828	21942.1389613469	18160631	1094950.75801636	18166419	1093827.59460117
153	18241673	19027	18247461	215928	18253264	1105041	18241673	0.84319	18247461	1.03143	18253264	1.10929	18241673	22565.4953213392	18247461	209348.186498357	18253264	996169.622010475	18258240	19774	18264028	577484	18269831	876493	18258240	0.84315	18264028	1.03274	18269831	1.10911	18258240	23452.5292059539	18264028	559176.55944381	18269831	790266.970814437	18274808	18636	18280595	1130137	18286414	1202249	18274808	0.84301	18280595	1.03211	18286414	1.10967	18274808	22106.4993297826	18280595	1094977.27955354	18286414	1083429.30781223
154	18361684	18944	18367472	216024	18373291	1105455	18361684	0.8437	18367472	1.03252	18373291	1.10974	18361684	22453.4787246652	18367472	209220.160384302	18373291	996138.735199236	18378267	20054	18384055	577231	18389858	876032	18378267	0.84366	18384055	1.03279	18389858	1.1103	18378267	23770.2391958846	18384055	558904.520764144	18389858	789004.773484644	18394850	18642	18400637	1128853	18406441	1192059	18394850	0.84318	18400637	1.03206	18406441	1.10953	18394850	22109.158186864	18400637	1093786.21397981	18406441	1074381.94550846
155	18481695	19030	18487483	215249	18493302	1108704	18481695	0.84384	18487483	1.03126	18493302	1.10927	18481695	22551.6685627607	18487483	208724.279037294	18493302	999489.754523245	18498278	19848	18504066	576845	18509853	873876	18498278	0.84401	18504066	1.03239	18509853	1.10927	18498278	23516.309048471	18504066	558747.1788762	18509853	787793.774283989	18514845	18693	18520633	1130316	18526436	1181911	18514845	0.84356	18520633	1.03236	18526436	1.10955	18514845	22159.6566930627	18520633	1094885.50505638	18526436	1065216.52922356
156	18601706	18972	18607494	215935	18613297	1112074	18601706	0.84342	18607494	1.03291	18613297	1.11006	18601706	22494.1310379171	18607494	209054.999951593	18613297	1001814.31634326	18618289	19836	18624061	576741	18629864	872846	18618289	0.84418	18624061	1.03247	18629864	1.11011	18618289	23497.3583832832	18624061	558603.155539628	18629864	786269.829116033	18634841	18459	18640628	1128266	18646431	1173087	18634841	0.84429	18640628	1.03225	18646431	1.10954	18634841	21863.3407952244	18640628	1093016.22668927	18646431	1057273.28442418
157	18721717	19056	18727505	216267	18733308	1115183	18721717	0.84294	18727505	1.03157	18733308	1.10885	18721717	22606.5912164567	18727505	209648.400011633	18733308	1005711.32254137	18738284	19990	18744072	577533	18749875	872317	18738284	0.84344	18744072	1.03112	18749875	1.10904	18738284	23700.5596130134	18744072	560102.606874079	18749875	786551.431869004	18754852	18551	18760639	1130308	18766442	1165277	18754852	0.84319	18760639	1.03176	18766442	1.10906	18754852	22000.9724973019	18760639	1095514.4607273	18766442	1050688.87165708
158	18841728	19052	18847516	216161	18853319	1117913	18841728	0.84366	18847516	1.03195	18853319	1.10898	18841728	22582.5569542233	18847516	209468.482000097	18853319	1008055.14977727	18858295	19780	18864083	575519	18869886	870806	18858295	0.84308	18864083	1.0307	18869886	1.10896	18858295	23461.5932058642	18864083	558376.831279713	18869886	785245.635550426	18874863	19080	18880666	1129550	18886485	1154270	18874863	0.84273	18880666	1.02856	18886485	1.10929	18874863	22640.7034281442	18880666	1098185.8131757	18886485	1040548.45892418
159	18961739	19039	18967527	216117	18973330	1119828	18961739	0.84305	18967527	1.03094	18973330	1.1095	18961739	22583.4766621197	18967527	209631.016354007	18973330	1009308.69761154	18978306	19866	18984094	574910	18989897	869178	18978306	0.84269	18984094	1.03153	18989897	1.10849	18978306	23574.5054527762	18984094	557337.159365215	18989897	784109.91529017	18994874	19038	19000661	1129933	19006464	1144718	18994874	0.84254	19000661	1.03118	19006464	1.10948	18994874	22595.9598357348	19000661	1095766.98539537	19006464	1031760.82489094
160	19081750	18964	19087538	216340	19093341	1119605	19081750	0.84348	19087538	1.03176	19093341	1.10865	19081750	22483.0464267084	19087538	209680.545863379	19093341	1009881.38727281	19098333	19927	19104105	576895	19109908	868033	19098333	0.84349	19104105	1.0319	19109908	1.11033	19098333	23624.4650203322	19104105	559060.955518946	19109908	781779.290841462	19114885	18745	19120672	1128692	19126491	1136956	19114885	0.84328	19120672	1.03184	19126491	1.11013	19114885	22228.6784935016	19120672	1093863.38967282	19126491	1024164.73746318
161	19201761	19398	19207549	216401	19213352	1124183	19201761	0.84357	19207549	1.03184	19213352	1.10996	19201761	22995.1278494968	19207549	209723.406729726	19213352	1012813.97527839	19218344	20037	19224116	578921	19229919	869884	19218344	0.84385	19224116	1.03203	19229919	1.10993	19218344	23744.7413639865	19224116	560953.65444803	19229919	783728.70361194	19234896	18995	19240699	1129200	19246502	1129639	19234896	0.84433	19240699	1.03181	19246502	1.10879	19234896	22497.1279002286	19240699	1094387.53258836	19246502	1018803.38026137
162	19321772	18920	19327560	216052	19333379	1128742	19321772	0.84416	19327560	1.03227	19333379	1.10994	19321772	22412.8127369219	19327560	209297.954992395	19333379	1016939.65439573	19338355	20056	19344127	577646	19349930	867203	19338355	0.84355	19344127	1.03288	19349930	1.10952	19338355	23775.709797878	19344127	559257.609790101	19349930	781601.953998125	19354907	18903	19360694	1129624	19366513	1118183	19354907	0.84391	19360694	1.03322	19366513	1.1085	19354907	22399.3079830788	19360694	1093304.42693715	19366513	1008735.2277853
163	19441783	19086	19447571	215490	19453374	1127276	19441783	0.84354	19447571	1.03216	19453374	1.10987	19441783	22626.075823316	19447571	208775.771198264	19453374	1015682.9178192	19458350	20080	19464138	575090	19469941	868228	19458350	0.84335	19464138	1.0318	19469941	1.10932	19458350	23809.8061303136	19464138	557365.768559798	19469941	782666.85897667	19474918	19089	19480705	1129227	19486524	1111783	19474918	0.84356	19480705	1.0317	19486524	1.10909	19474918	22629.0957371141	19480705	1094530.38674033	19486524	1002428.11674436
164	19561794	19125	19567582	216531	19573385	1133808	19561794	0.84342	19567582	1.03201	19573385	1.11	19561794	22675.5353204809	19567582	209814.827375704	19573385	1021448.64864865	19578377	20029	19584149	577911	19589952	866852	19578377	0.84385	19584149	1.03271	19589952	1.10976	19578377	23735.261006103	19584149	559606.278626139	19589952	781116.637831603	19594929	19232	19600716	1129908	19606520	1105614	19594929	0.84305	19600716	1.03204	19606520	1.10976	19594929	22812.4073305261	19600716	1094829.6577652	19606520	996264.057093426
165	19681805	19108	19687593	215557	19693396	1136600	19681805	0.84351	19687593	1.03195	19693396	1.10908	19681805	22652.9620277175	19687593	208883.182324725	19693396	1024813.35881992	19698388	20153	19704176	576458	19709963	865932	19698388	0.84329	19704176	1.0326	19709963	1.10935	19698388	23898.0659085249	19704176	558258.764284331	19709963	780576.012980574	19714940	18868	19720727	1126636	19726531	1096268	19714940	0.84352	19720727	1.03162	19726531	1.10948	19714940	22368.1714719272	19720727	1092103.68158818	19726531	988091.718642968
166	19801816	19391	19807604	216409	19813407	1137929	19801816	0.84311	19807604	1.03236	19813407	1.10893	19801816	22999.3713750282	19807604	209625.518230075	19813407	1026150.43330057	19818384	20140	19824171	576330	19829974	863603	19818384	0.84329	19824171	1.03152	19829974	1.1078	19818384	23882.6500966453	19824171	558719.171707771	19829974	779565.806102185	19834951	18939	19840738	1130102	19846542	1087674	19834951	0.84294	19840738	1.0311	19846542	1.10882	19834951	22467.791301872	19840738	1096015.90534381	19846542	980929.276167457
167	19921827	19097	19927615	215264	19933418	1139074	19921827	0.84274	19927615	1.03171	19933418	1.10849	19921827	22660.6070674229	19927615	208647.778930126	19933418	1027590.68642929	19938410	20010	19944198	574707	19950001	865118	19938410	0.84221	19944198	1.03137	19950001	1.10908	19938410	23758.919984327	19944198	557226.795427441	19950001	780032.098676381	19954977	19110	19960765	1129872	19966568	1081305	19954977	0.84297	19960765	1.03182	19966568	1.10854	19954977	22669.8459019894	19960765	1095028.20259348	19966568	975431.648835405
168	20041838	18954	20047626	215604	20053429	1143382	20041838	0.84348	20047626	1.03211	20053429	1.10997	20041838	22471.1907810499	20047626	208896.338568563	20053429	1030101.71446075	20058406	20386	20064193	576443	20069996	862127	20058406	0.84335	20064193	1.03211	20069996	1.10971	20058406	24172.6448093911	20064193	558509.267423046	20069996	776893.963287706	20074973	19202	20080760	1128143	20086564	1073575	20074973	0.84355	20080760	1.03213	20086564	1.10953	20074973	22763.3216762492	20080760	1093024.13455669	20086564	967594.386812434
169	20161849	19127	20167637	214445	20173440	1145955	20161849	0.84309	20167637	1.03211	20173440	1.10866	20161849	22686.7831429622	20167637	207773.396246524	20173440	1033639.70919849	20178417	20239	20184220	576001	20190007	863276	20178417	0.84368	20184220	1.03197	20190007	1.10916	20178417	23988.9531575953	20184220	558156.729362288	20190007	778315.121353096	20194984	19406	20200771	1128222	20206575	1068817	20194984	0.84363	20200771	1.03199	20206575	1.10984	20194984	23002.9752379598	20200771	1093248.96559075	20206575	963037.01434441
170	20281860	19274	20287648	215382	20293451	1149985	20281860	0.84438	20287648	1.03265	20293451	1.11027	20281860	22826.2156848812	20287648	208572.120273084	20293451	1035770.57832779	20298443	20231	20304231	577034	20310018	863380	20298443	0.84356	20304231	1.03293	20310018	1.10896	20298443	23982.882071222	20304231	558638.04904495	20310018	778549.27138941	20314995	19349	20320782	1128149	20326586	1062907	20314995	0.84358	20320782	1.03262	20326586	1.10987	20314995	22936.7694824439	20320782	1092511.28198176	20326586	957686.035301432
171	20401871	19189	20407659	215433	20413462	1153276	20401871	0.84339	20407659	1.03254	20413462	1.10935	20401871	22752.2261350028	20407659	208643.732930443	20413462	1039596.15991346	20418439	20333	20424226	575487	20430029	861484	20418439	0.84355	20424226	1.03238	20430029	1.10897	20418439	24104.0839310059	20424226	557437.183982642	20430029	776832.55633606	20435006	18943	20440793	1129130	20446581	1057877	20435006	0.84309	20440793	1.03218	20446581	1.10977	20435006	22468.5383529635	20440793	1093927.41576082	20446581	953239.860511638
172	20521882	19003	20527670	214749	20533473	1154479	20521882	0.84327	20527670	1.03156	20533473	1.10964	20521882	22534.8939248402	20527670	208178.874714025	20533473	1040408.60098771	20538465	20494	20544253	576305	20550056	860260	20538465	0.84337	20544253	1.03229	20550056	1.10896	20538465	24300.1292433926	20544253	558278.19701828	20550056	775735.824556341	20555032	19134	20560820	1127537	20566623	1046824	20555032	0.8434	20560820	1.03178	20566623	1.10949	20555032	22686.7441308987	20560820	1092807.57525829	20566623	943518.193043651
173	20641893	19190	20647665	216079	20653484	1157172	20641893	0.84289	20647665	1.03186	20653484	1.10889	20641893	22766.9090865949	20647665	209407.283933867	20653484	1043540.83813543	20658461	20345	20664248	577072	20670051	860879	20658461	0.84331	20664248	1.03107	20670051	1.10924	20658461	24125.1734237706	20664248	559682.659761219	20670051	776098.049114709	20675043	19287	20680831	1126929	20686634	1042903	20675043	0.84266	20680831	1.03171	20686634	1.10861	20675043	22888.2348752759	20680831	1092292.40775024	20686634	940730.283868989
174	20761904	19114	20767692	215742	20773495	1158998	20761904	0.84262	20767692	1.03149	20773495	1.10876	20761904	22684.0093992547	20767692	209155.687403659	20773495	1045310.07612107	20778472	20333	20784259	573812	20790062	860006	20778472	0.84281	20784259	1.03122	20790062	1.10848	20778472	24125.247683345	20784259	556439.94491961	20790062	775842.595265589	20795039	19291	20800826	1128550	20806630	1035161	20795039	0.8434	20800826	1.03154	20806630	1.10812	20795039	22872.8954232867	20800826	1094043.85675786	20806630	934159.657798794
175	20881915	19193	20887703	214912	20893506	1162232	20881915	0.84363	20887703	1.03217	20893506	1.10853	20881915	22750.4948851985	20887703	208213.763236676	20893506	1048444.33619298	20898498	20380	20904286	575539	20910105	861078	20898498	0.84365	20904286	1.03237	20910105	1.10877	20898498	24156.9371184733	20904286	557492.953107897	20910105	776606.509916394	20915065	19591	20920853	1128156	20926641	1030934	20915065	0.843	20920853	1.03154	20926641	1.10853	20915065	23239.6204033215	20920853	1093661.90356166	20926641	930000.992305125
176	21001926	19455	21007714	215369	21013517	1165831	21001926	0.84249	21007714	1.03098	21013517	1.1101	21001926	23092.262222697	21007714	208897.359793594	21013517	1050203.58526259	21018494	20664	21024281	576128	21030100	860841	21018494	0.8444	21024281	1.03196	21030100	1.10883	21018494	24471.8143060161	21024281	558285.204852901	21030100	776350.74808582	21035076	19475	21040848	1128307	21046652	1023331	21035076	0.84328	21040848	1.03221	21046652	1.1087	21035076	23094.345887487	21040848	1093098.30363976	21046652	923000.811761523
177	21121937	19081	21127725	214676	21133528	1170318	21121937	0.84389	21127725	1.03243	21133528	1.10897	21121937	22610.7668061003	21127725	207932.741202793	21133528	1055319.80125702	21138505	20308	21144292	575675	21150095	859791	21138505	0.84351	21144292	1.03233	21150095	1.10895	21138505	24075.5889082524	21144292	557646.295273798	21150095	775319.897200054	21155087	19542	21160859	1129001	21166663	1018161	21155087	0.84383	21160859	1.03174	21166663	1.10925	21155087	23158.6931016911	21160859	1094268.90495668	21166663	917882.352941176
178	21241948	19479	21247736	215269	21253539	1171542	21241948	0.84339	21247736	1.03179	21253539	1.10909	21241948	23096.0765482161	21247736	208636.44733909	21253539	1056309.22648297	21258531	20851	21264319	577091	21270122	858818	21258531	0.84349	21264319	1.03155	21270122	1.10939	21258531	24719.9136919228	21264319	559440.647569192	21270122	774135.335634899	21275098	19512	21280886	1127997	21286705	1014277	21275098	0.8432	21280886	1.03179	21286705	1.10834	21275098	23140.4174573055	21280886	1093242.81103713	21286705	915131.638305935
179	21361959	19119	21367747	215862	21373550	1173533	21361959	0.84336	21367747	1.0326	21373550	1.10945	21361959	22670.0341491178	21367747	209047.0656595	21373550	1057761.0527739	21378527	20646	21384314	575380	21390117	859184	21378527	0.84391	21384314	1.03204	21390117	1.10965	21378527	24464.6941024517	21384314	557517.150498043	21390117	774283.783174875	21395109	19425	21400881	1126508	21406685	1008835	21395109	0.84384	21400881	1.03247	21406685	1.10954	21395109	23019.7667804323	21400881	1091080.61251174	21406685	909237.161346143
180	21481970	19321	21487758	215283	21493577	1176234	21481970	0.844	21487758	1.03196	21493577	1.1092	21481970	22892.1800947867	21487758	208615.64401721	21493577	1060434.54742157	21498553	20834	21504341	575015	21510144	858718	21498553	0.84346	21504341	1.03164	21510144	1.1086	21498553	24700.6378488607	21504341	557379.512232949	21510144	774596.788742558	21515120	19541	21520892	1127331	21526696	1001454	21515120	0.84329	21520892	1.03235	21526696	1.10809	21515120	23172.3369184978	21520892	1092004.6495859	21526696	903765.939589745
181	21601981	19042	21607769	215109	21613572	1180206	21601981	0.84332	21607769	1.03259	21613572	1.10811	21601981	22579.803633259	21607769	208319.855896338	21613572	1065062.13282075	21618549	20557	21624336	575922	21630139	857748	21618549	0.84335	21624336	1.03241	21630139	1.10902	21618549	24375.4076006403	21624336	557842.330082041	21630139	773428.792988404	21635132	19915	21640904	1126636	21646707	998344	21635132	0.8429	21640904	1.03221	21646707	1.10975	21635132	23626.7647407759	21640904	1091479.44701175	21646707	899611.624239694
182	21721992	19304	21727780	215128	21733583	1180275	21721992	0.84327	21727780	1.03202	21733583	1.10905	21721992	22891.8377269439	21727780	208453.324547974	21733583	1064221.63112574	21738560	20699	21744347	575144	21750151	860210	21738560	0.84372	21744347	1.0319	21750151	1.10939	21738560	24533.0204333191	21744347	557364.085667216	21750151	775390.079232732	21755143	19662	21760915	1128416	21766718	992956	21755143	0.84372	21760915	1.03219	21766718	1.1089	21755143	23303.9396956336	21760915	1093225.08452901	21766718	895442.330237172
183	21842003	19321	21847791	214771	21853594	1185670	21842003	0.84314	21847791	1.03269	21853594	1.1093	21842003	22915.5300424603	21847791	207972.38280607	21853594	1068845.21770486	21858571	20707	21864374	574616	21870162	858020	21858571	0.84338	21864374	1.03336	21870162	1.11043	21858571	24552.3963100856	21864374	556065.649918712	21870162	772691.659987572	21875154	19826	21880926	1129008	21886744	988719	21875154	0.84351	21880926	1.03282	21886744	1.1101	21875154	23504.1671112376	21880926	1093131.42657966	21886744	890657.598414557
184	21962014	19359	21967802	215073	21973605	1189124	21962014	0.84237	21967802	1.03265	21973605	1.10958	21962014	22981.5876633783	21967802	208272.890137026	21973605	1071688.38659673	21978582	20722	21984369	576462	21990173	858914	21978582	0.84339	21984369	1.03255	21990173	1.10962	21978582	24569.8905607133	21984369	558289.671202363	21990173	774061.390385898	21995149	19635	22000937	1126839	22006740	985400	21995149	0.84389	22000937	1.03251	22006740	1.10985	21995149	23267.250471033	22000937	1091358.92146323	22006740	887867.729873406
185	22082025	19275	22087813	214780	22093616	1192285	22082025	0.84341	22087813	1.03189	22093616	1.10868	22082025	22853.6536204219	22087813	208142.340753375	22093616	1075409.4959772	22098593	20742	22104380	575783	22110184	858845	22098593	0.84293	22104380	1.0319	22110184	1.10874	22098593	24607.0254944064	22104380	557983.33171819	22110184	774613.525262911	22115191	19795	22120979	1129420	22126782	978457	22115191	0.84262	22120979	1.03251	22126782	1.10917	22115191	23492.2028909829	22120979	1093858.65512198	22126782	882152.420278226
186	22202036	19395	22207824	214295	22213627	1195907	22202036	0.8432	22207824	1.03235	22213627	1.11009	22202036	23001.660341556	22207824	207579.793674626	22213627	1077306.34453062	22218619	20753	22224391	576254	22230195	860099	22218619	0.84342	22224391	1.03286	22230195	1.1095	22218619	24605.7717388727	22224391	557920.724977248	22230195	775213.159080667	22235171	19759	22240959	1126911	22246762	974577	22235171	0.84266	22240959	1.03182	22246762	1.109	22235171	23448.3658889706	22240959	1092158.51602024	22246762	878788.999098287
187	22322048	19190	22327835	214861	22333638	1193772	22322048	0.84284	22327835	1.03254	22333638	1.10888	22322048	22768.2596934175	22327835	208089.759234509	22333638	1076556.52550321	22338615	20702	22344418	575555	22350237	860550	22338615	0.84305	22344418	1.03248	22350237	1.10866	22338615	24556.0761520669	22344418	557449.054703239	22350237	776207.313333213	22355213	19586	22361001	1125352	22366804	970720	22355213	0.84256	22361001	1.03154	22366804	1.10831	22355213	23245.8222559818	22361001	1090943.63766795	22366804	875856.033059343
188	22442059	19121	22447846	214580	22453649	1198332	22442059	0.84332	22447846	1.0323	22453649	1.10869	22442059	22673.4810036522	22447846	207865.930446576	22453649	1080853.98082422	22458626	20570	22464413	574484	22470217	858707	22458626	0.84348	22464413	1.03152	22470217	1.109	22458626	24387.0631194575	22464413	556929.579649449	22470217	774307.484220018	22475209	19732	22480981	1127965	22486784	967877	22475209	0.84217	22480981	1.03166	22486784	1.10995	22475209	23429.9488226843	22480981	1093349.55314735	22486784	872000.54056489
189	22562070	19212	22567857	214417	22573660	1199982	22562070	0.84304	22567857	1.03214	22573660	1.10872	22562070	22788.9542607705	22567857	207740.229038696	22573660	1082312.93744137	22578637	21005	22584424	574811	22590228	859627	22578637	0.84267	22584424	1.0321	22590228	1.1092	22578637	24926.7210177175	22584424	556933.436682492	22590228	774997.295347999	22595220	20017	22600992	1129828	22606810	962985	22595220	0.84291	22600992	1.03214	22606810	1.11045	22595220	23747.4938012362	22600992	1094646.07514484	22606810	867202.48547886
190	22682081	19239	22687868	215853	22693671	1207120	22682081	0.84264	22687868	1.03262	22693671	1.10969	22682081	22831.8142979208	22687868	209034.301098177	22693671	1087799.29529869	22698648	20864	22704435	575719	22710239	858534	22698648	0.84359	22704435	1.03257	22710239	1.10953	22698648	24732.3936983606	22704435	557559.293800905	22710239	773781.691346787	22715215	19960	22721003	1128147	22726806	959989	22715215	0.8436	22721003	1.03224	22726806	1.10961	22715215	23660.502607871	22721003	1092911.53220181	22726806	865158.929714044
191	22802092	19333	22807879	214639	22813682	1209097	22802092	0.84367	22807879	1.03251	22813682	1.10945	22802092	22915.3579006009	22807879	207880.795343387	22813682	1089816.57578079	22818659	20839	22824446	575461	22830265	858579	22818659	0.84348	22824446	1.0318	22830265	1.10886	22818659	24705.9799876701	22824446	557725.334367125	22830265	774289.811157405	22835242	20046	22841029	1125955	22846817	953830	22835242	0.84313	22841029	1.03189	22846817	1.10913	22835242	23775.692953637	22841029	1091157.97226449	22846817	859980.344955055
192	22922103	19337	22927890	215574	22933693	1212867	22922103	0.84316	22927890	1.03232	22933693	1.10931	22922103	22933.9627117036	22927890	208824.783013019	22933693	1093352.62460448	22938685	21049	22944457	576551	22950261	859832	22938685	0.84311	22944457	1.03143	22950261	1.10954	22938685	24965.9000604903	22944457	558982.18977536	22950261	774944.571624277	22955253	19869	22961040	1127391	22966843	952758	22955253	0.84351	22961040	1.03242	22966843	1.10907	22955253	23555.1445744567	22961040	1091988.72551868	22966843	859060.293759636
193	23042114	19552	23047901	214813	23053704	1213404	23042114	0.84356	23047901	1.03233	23053704	1.10932	23042114	23177.9600739722	23047901	208085.592785253	23053704	1093826.8488804	23058681	20938	23064468	574194	23070272	859521	23058681	0.84348	23064468	1.03257	23070272	1.10934	23058681	24823.3508796889	23064468	556082.396350853	23070272	774803.937476337	23075264	19826	23081036	1127231	23086839	946786	23075264	0.84364	23081036	1.03225	23086839	1.10982	23075264	23500.5452562705	23081036	1092013.56260596	23086839	853098.700690202
194	23162125	19179	23167912	215480	23173715	1215077	23162125	0.84362	23167912	1.03288	23173715	1.10972	23162125	22734.1694127688	23167912	208620.556114941	23173715	1094940.16508669	23178692	21244	23184479	574709	23190267	860554	23178692	0.84338	23184479	1.03227	23190267	1.10954	23178692	25189.119969646	23184479	556742.906410145	23190267	775595.291742524	23195243	20037	23201031	1128554	23206834	945712	23195243	0.84354	23201031	1.03254	23206834	1.10945	23195243	23753.4675296963	23201031	1092988.16510741	23206834	852415.160665194
195	23282136	19485	23287923	214490	23293742	1221533	23282136	0.84311	23287923	1.03214	23293742	1.11077	23282136	23110.8633511641	23287923	207810.955878079	23293742	1099717.31321516	23298703	21427	23304490	574718	23310294	860185	23298703	0.8441	23304490	1.03268	23310294	1.10976	23298703	25384.4331240374	23304490	556530.580625169	23310294	775109.032583622	23315270	20408	23321058	1129373	23326861	940604	23315270	0.84347	23321058	1.03262	23326861	1.10981	23315270	24195.2885105576	23321058	1093696.61637388	23326861	847536.064731801
196	23402147	19152	23407950	214629	23413753	1222083	23402147	0.84355	23407950	1.03274	23413753	1.10983	23402147	22704.0483670203	23407950	207824.815539245	23413753	1101144.31940027	23418745	21044	23424533	575659	23430336	859532	23418745	0.84368	23424533	1.03241	23430336	1.10923	23418745	24943.1063910487	23424533	557587.586327138	23430336	774890.689938065	23435312	19964	23441084	1126433	23446887	937862	23435312	0.84328	23441084	1.03262	23446887	1.1097	23435312	23674.2244568827	23441084	1090849.48964769	23446887	845149.139407047
197	23522158	19460	23527961	214655	23533764	1228267	23522158	0.84291	23527961	1.03237	23533764	1.10974	23522158	23086.6877839864	23527961	207924.484438719	23533764	1106806.09872583	23538725	21134	23544512	572871	23550316	862272	23538725	0.84403	23544512	1.0327	23550316	1.11055	23538725	25039.3943343246	23544512	554731.286917788	23550316	776436.900634821	23555292	20264	23561080	1129868	23566867	935337	23555292	0.84418	23561080	1.03265	23566867	1.11015	23555292	24004.3592598735	23561080	1094144.19212705	23566867	842532.090258073
198	23642169	19333	23647972	214063	23653775	1228290	23642169	0.84378	23647972	1.03209	23653775	1.10887	23642169	22912.3705231221	23647972	207407.299750991	23653775	1107695.22126128	23658751	21114	23664555	575371	23670358	861205	23658751	0.84381	23664555	1.03248	23670358	1.10976	23658751	25022.2206420877	23664555	557270.843018751	23670358	776028.15023068	23675334	20229	23681106	1126829	23686910	934267	23675334	0.84356	23681106	1.03219	23686910	1.11008	23675334	23980.5111669591	23681106	1091687.5768996	23686910	841621.324589219
199	23762180	19322	23767967	214481	23773770	1231640	23762180	0.84398	23767967	1.03178	23773770	1.10915	23762180	22893.9074385649	23767967	207874.740739305	23773770	1110435.91939774	23778731	21140	23784519	575744	23790322	859692	23778731	0.84344	23784519	1.03224	23790322	1.10917	23778731	25064.0235227165	23784519	557761.760830815	23790322	775076.85927315	23795298	20328	23801086	1129014	23806889	925374	23795298	0.84347	23801086	1.03255	23806889	1.10923	23795298	24100.4422208259	23801086	1093423.07878553	23806889	834248.983529115
200	23882191	19066	23887994	214934	23893797	1233080	23882191	0.84419	23887994	1.03313	23893797	1.10935	23882191	22584.9631007238	23887994	208041.582375887	23893797	1111533.78104295	23898773	21221	23904545	572741	23910364	860631	23898773	0.84313	23904545	1.03145	23910364	1.10937	23898773	25169.3095963849	23904545	555277.52193514	23910364	775783.55282728	23915341	20173	23921128	1127703	23926932	925116	23915341	0.84324	23921128	1.03215	23926932	1.10935	23915341	23923.2009866705	23921128	1092576.66036913	23926932	833926.17298418
201	24002202	19333	24007989	214527	24013808	1234611	24002202	0.84406	24007989	1.03191	24013808	1.10812	24002202	22904.7698030946	24007989	207893.130214844	24013808	1114149.18961845	24018769	21494	24024541	575766	24030344	862173	24018769	0.84384	24024541	1.03191	24030344	1.10942	24018769	25471.6533940083	24024541	557961.450126465	24030344	777138.504804312	24035321	20215	24041108	1128734	24046911	920047	24035321	0.8439	24041108	1.03184	24046911	1.10836	24035321	23954.2599834104	24041108	1093904.09365793	24046911	830097.621711357
202	24122213	19569	24128000	214352	24133803	1238884	24122213	0.8437	24128000	1.03209	24133803	1.10917	24122213	23194.2633637549	24128000	207687.314090825	24133803	1116946.90624521	24138780	21035	24144568	575530	24150371	861604	24138780	0.84376	24144568	1.03222	24150371	1.109	24138780	24930.074902816	24144568	557565.24771851	24150371	776919.747520289	24155347	20361	24161135	1128698	24166938	917923	24155347	0.84378	24161135	1.03261	24166938	1.10874	24155347	24130.6975751973	24161135	1093053.52456397	24166938	827897.433122283
203	24242224	19639	24248011	214181	24253814	1242184	24242224	0.84366	24248011	1.03185	24253814	1.10907	24242224	23278.3348742384	24248011	207569.89872559	24253814	1120023.08240237	24258791	21205	24264563	574630	24270366	861940	24258791	0.84338	24264563	1.03171	24270366	1.10882	24258791	25142.877469231	24264563	556968.527977823	24270366	777348.893418228	24275358	20502	24281130	1126583	24286933	916312	24275358	0.84328	24281130	1.03161	24286933	1.10867	24275358	24312.2094677924	24281130	1092062.89198437	24286933	826496.61305889
204	24362235	19338	24368038	214899	24373841	1247163	24362235	0.84367	24368038	1.03224	24373841	1.10884	24362235	22921.2843884457	24368038	208187.049523367	24373841	1124745.68017027	24378818	21303	24384621	574802	24390424	865286	24378818	0.84324	24384621	1.03154	24390424	1.10947	24378818	25263.2702433471	24384621	557227.058572619	24390424	779909.326074612	24395400	20445	24401188	1128873	24406991	914768	24395400	0.84318	24401188	1.03199	24406991	1.10935	24395400	24247.491638796	24401188	1093879.78565684	24406991	824598.188128183
205	24482246	19402	24488033	214839	24493837	1250912	24482246	0.84365	24488033	1.03201	24493837	1.1102	24482246	22997.688614947	24488033	208175.308378795	24493837	1126744.73067916	24498813	21556	24504601	574452	24510404	863631	24498813	0.84374	24504601	1.0328	24510404	1.10967	24498813	25548.1546447958	24504601	556208.365608056	24510404	778277.325691422	24515380	20258	24521168	1128831	24526971	911516	24515380	0.84368	24521168	1.03268	24526971	1.10993	24515380	24011.4735444718	24521168	1093108.22326374	24526971	821237.375329976
206	24602257	19340	24608044	214140	24613863	1253376	24602257	0.84322	24608044	1.03146	24613863	1.11066	24602257	22935.8886174427	24608044	207608.632423943	24613863	1128496.56960726	24618855	21482	24624643	574380	24630446	866614	24618855	0.84389	24624643	1.03225	24630446	1.11036	24618855	25455.92435033	24624643	556434.97214822	24630446	780480.204618322	24635422	20439	24641194	1130401	24646998	910703	24635422	0.84402	24641194	1.03276	24646998	1.11103	24635422	24216.2507997441	24641194	1094543.74685309	24646998	819692.537555242
207	24722268	19484	24728055	213869	24733859	1262131	24722268	0.8442	24728055	1.03257	24733859	1.11107	24722268	23079.8389007344	24728055	207123.003767299	24733859	1135959.93051743	24738835	21251	24744623	576115	24750426	869892	24738835	0.84338	24744623	1.03305	24750426	1.11261	24738835	25197.4199056179	24744623	557683.558395044	24750426	781848.08693073	24755402	20296	24761190	1126420	24766993	906091	24755402	0.84402	24761190	1.03296	24766993	1.11008	24755402	24046.8235349873	24761190	1090477.85006196	24766993	816239.370135486
208	24842279	19642	24848066	215344	24853870	1260211	24842279	0.84431	24848066	1.03317	24853870	1.11091	24842279	23263.9670263292	24848066	208430.364799597	24853870	1134395.22553582	24858846	21200	24864634	575113	24870421	867290	24858846	0.84433	24864634	1.03232	24870421	1.11055	24858846	25108.6660428979	24864634	557107.292312461	24870421	780955.382468147	24875413	20511	24881201	1129875	24887004	905337	24875413	0.84425	24881201	1.03276	24887004	1.11044	24875413	24294.9363340243	24881201	1094034.43200744	24887004	815295.73862613
209	24962290	19347	24968077	214605	24973896	1263584	24962290	0.84369	24968077	1.03296	24973896	1.1104	24962290	22931.4084557124	24968077	207757.318773234	24973896	1137953.89048991	24978873	21439	24984691	575247	24990495	866512	24978873	0.84396	24984691	1.0329	24990495	1.1094	24978873	25402.8626949145	24984691	556924.194016846	24990495	781063.638002524	24995455	20618	25001259	1129741	25007062	902525	24995455	0.84385	25001259	1.03299	25007062	1.11	24995455	24433.2523552764	25001259	1093661.11966234	25007062	813085.585585586
210	25082301	19520	25088088	213838	25093892	1264009	25082301	0.84353	25088088	1.03229	25093892	1.10967	25082301	23140.8485768141	25088088	207149.153823054	25093892	1139085.49388557	25098884	21645	25104656	574998	25110474	867091	25098884	0.84361	25104656	1.03179	25110474	1.10992	25098884	25657.5905928095	25104656	557282.005059169	25110474	781219.367161597	25115451	20463	25121238	1128608	25127042	898047	25115451	0.84403	25121238	1.03273	25127042	1.10942	25115451	24244.3988957738	25121238	1092839.36750167	25127042	809474.319914911
211	25202312	19460	25208115	214258	25213918	1266154	25202312	0.8442	25208115	1.03263	25213918	1.10922	25202312	23051.4096185738	25208115	207487.677096346	25213918	1141481.40134509	25218895	21710	25224698	574732	25230501	866914	25218895	0.84385	25224698	1.03248	25230501	1.10973	25218895	25727.3212063755	25224698	556651.944831861	25230501	781193.623674227	25235462	20516	25241249	1126569	25247053	895730	25235462	0.84355	25241249	1.03224	25247053	1.10936	25235462	24321.0242427835	25241249	1091382.81794931	25247053	807429.508906036
212	25322323	19376	25328126	214958	25333929	1273464	25322323	0.84373	25328126	1.03323	25333929	1.11153	25322323	22964.6924964147	25328126	208044.675435285	25333929	1145685.67649996	25338906	21293	25344693	574413	25350496	867240	25338906	0.84447	25344693	1.03223	25350496	1.11002	25338906	25214.6316624628	25344693	556477.722988094	25350496	781283.22012216	25355473	20429	25361260	1129408	25367064	893484	25355473	0.84406	25361260	1.03254	25367064	1.10987	25355473	24203.2556927233	25361260	1093815.25170938	25367064	805034.823898294
213	25442334	19186	25448121	215469	25453940	1272450	25442334	0.84421	25448121	1.03251	25453940	1.10923	25442334	22726.5727721775	25448121	208684.661649766	25453940	1147147.12007429	25458917	21387	25464704	575517	25470507	866726	25458917	0.84426	25464704	1.03281	25470507	1.10895	25458917	25332.2436216331	25464704	557234.147616696	25470507	781573.560575319	25475484	20813	25481271	1128793	25487090	893422	25475484	0.8441	25481271	1.03295	25487090	1.10953	25475484	24657.0311574458	25481271	1092785.71082821	25487090	805225.636080142
214	25562345	19361	25568132	214450	25573951	1273233	25562345	0.84388	25568132	1.03202	25573951	1.10859	25562345	22942.835474238	25568132	207796.360535649	25573951	1148515.68208265	25578912	21649	25584684	576070	25590487	869385	25578912	0.8437	25584684	1.03315	25590487	1.10973	25578912	25659.5946426455	25584684	557586.023326719	25590487	783420.291422238	25595479	20599	25601251	1126833	25607054	889626	25595479	0.84431	25601251	1.03231	25607054	1.10908	25595479	24397.4369603582	25601251	1091564.54940861	25607054	802129.693078948
215	25682356	19431	25688143	213712	25693962	1275328	25682356	0.84392	25688143	1.03226	25693962	1.10908	25682356	23024.6942838184	25688143	207033.111812915	25693962	1149897.21210373	25698923	21499	25704695	574516	25710498	867707	25698923	0.84395	25704695	1.03274	25710498	1.1093	25698923	25474.2579536702	25704695	556302.651199721	25710498	782211.304426215	25715475	20861	25721262	1128014	25727065	888615	25715475	0.84431	25721262	1.03291	25727065	1.10981	25715475	24707.7495232794	25721262	1092073.84960936	25727065	800691.109288977
216	25802367	19400	25808170	214203	25813973	1278262	25802367	0.84309	25808170	1.03219	25813973	1.1086	25802367	23010.5919889929	25808170	207522.839787248	25813973	1153041.67418366	25818950	21481	25824737	574932	25830540	868915	25818950	0.8434	25824737	1.03219	25830540	1.10882	25818950	25469.5281005454	25824737	557002.102326122	25830540	783639.36436933	25835517	21018	25841304	1127375	25847108	886472	25835517	0.8436	25841304	1.03259	25847108	1.10927	25835517	24914.6514935989	25841304	1091793.45141828	25847108	799148.989876225
217	25922378	19441	25928165	213799	25933984	1282425	25922378	0.84454	25928165	1.03345	25933984	1.1107	25922378	23019.6319890118	25928165	206878.900769268	25933984	1154609.70559107	25938961	21617	25944748	574538	25950567	868094	25938961	0.8446	25944748	1.03339	25950567	1.10968	25938961	25594.3641960691	25944748	555974.027230765	25950567	782292.192343739	25955543	20529	25961315	1128976	25967119	882352	25955543	0.84377	25961315	1.03318	25967119	1.10992	25955543	24330.0899534233	25961315	1092719.56483865	25967119	794969.006775263
218	26042389	19428	26048192	214432	26053995	1288361	26042389	0.84463	26048192	1.03257	26053995	1.11034	26042389	23001.7877650569	26048192	207668.245252138	26053995	1160330.16913738	26058956	21653	26064744	574931	26070547	871611	26058956	0.8447	26064744	1.03276	26070547	1.11032	26058956	25633.9528826802	26064744	556693.713931601	26070547	785008.826284315	26075523	21019	26081311	1128904	26087114	881334	26075523	0.84452	26081311	1.03303	26087114	1.11016	26075523	24888.6941694691	26081311	1092808.53411808	26087114	793880.161418174
219	26162400	19361	26168187	215348	26174006	1286834	26162400	0.84429	26168187	1.03278	26174006	1.10977	26162400	22931.6940861552	26168187	208512.94564186	26174006	1159550.17706372	26178983	21840	26184770	574865	26190574	871486	26178983	0.84444	26184770	1.03323	26190574	1.10964	26178983	25863.2940173369	26184770	556376.605402476	26190574	785377.239465052	26195550	20612	26201338	1127656	26207141	877029	26195550	0.84442	26201338	1.03304	26207141	1.10976	26195550	24409.6539636674	26201338	1091589.87067297	26207141	790287.089100346
220	26282411	19426	26288198	214295	26294017	1290073	26282411	0.84425	26288198	1.03274	26294017	1.10981	26282411	23009.7719869707	26288198	207501.404031993	26294017	1162426.90190213	26298994	21574	26304781	574355	26310585	873445	26298994	0.84421	26304781	1.03259	26310585	1.10937	26298994	25555.2528399332	26304781	556227.544330276	26310585	787334.252774097	26315561	20758	26321349	1127715	26327167	879026	26315561	0.84381	26321349	1.03261	26327167	1.10973	26315561	24600.3247176497	26321349	1092101.5678717	26327167	792107.990231858
221	26402422	19506	26408209	213741	26414013	1292707	26402422	0.84411	26408209	1.032	26414013	1.10925	26402422	23108.3626541565	26408209	207113.372093023	26414013	1165388.32544512	26419005	21684	26424777	576076	26430580	872869	26419005	0.84374	26424777	1.03236	26430580	1.11029	26419005	25699.8601464906	26424777	558018.520671084	26430580	786163.074512064	26435572	20876	26441360	1127656	26447178	875055	26435572	0.84378	26441360	1.03201	26447178	1.10929	26435572	24741.0462442817	26441360	1092679.33450257	26447178	788842.412714439
222	26522433	19481	26528220	214336	26534039	1293845	26522433	0.84419	26528220	1.03288	26534039	1.1094	26522433	23076.5585946292	26528220	207512.973433506	26534039	1166256.535064	26539016	22036	26544803	575429	26550591	873435	26539016	0.84397	26544803	1.03261	26550591	1.10939	26539016	26109.9328175172	26544803	557256.853991342	26550591	787311.044808408	26555583	21091	26561355	1127937	26567158	872198	26555583	0.84382	26561355	1.03247	26567158	1.10935	26555583	24994.6671090991	26561355	1092464.67209701	26567158	786224.365619507
223	26642444	19572	26648232	214897	26654035	1299867	26642444	0.84387	26648232	1.03222	26654035	1.10954	26642444	23193.1458636994	26648232	208189.145724749	26654035	1171536.8531103	26659011	21749	26664799	573977	26670602	873411	26659011	0.84404	26664799	1.03282	26670602	1.10949	26659011	25767.7361262499	26664799	555737.689045526	26670602	787218.451721061	26675578	20977	26681366	1128317	26687185	871423	26675578	0.84426	26681366	1.03252	26687185	1.10971	26675578	24846.6112335063	26681366	1092779.80087553	26687185	785270.926638491
224	26762455	19579	26768243	213637	26774046	1299584	26762455	0.84461	26768243	1.03238	26774046	1.10955	26762455	23181.1131764957	26768243	206936.399387822	26774046	1171271.2360867	26779038	21651	26784825	574861	26790629	873381	26779038	0.8432	26784825	1.03229	26790629	1.10958	26779038	25677.1821631879	26784825	556879.365294636	26790629	787127.561780133	26795605	20898	26801408	1125629	26807227	869927	26795605	0.84424	26801408	1.03226	26807227	1.10959	26795605	24753.624561736	26801408	1090451.04915428	26807227	784007.60641318
225	26882466	19590	26888254	214060	26894057	1305026	26882466	0.84389	26888254	1.03268	26894057	1.10997	26882466	23213.9259856142	26888254	207285.896889646	26894057	1175730.87560925	26899033	21920	26904821	573435	26910624	873230	26899033	0.84451	26904821	1.03236	26910624	1.10873	26899033	25955.8797409149	26904821	555460.304544926	26910624	787594.815690024	26915600	20980	26921388	1129644	26927191	867419	26915600	0.84396	26921388	1.0324	26927191	1.10873	26915600	24858.9980567799	26921388	1094192.17357613	26927191	782353.683944694
226	27002477	19362	27008265	214940	27014068	1308865	27002477	0.84345	27008265	1.03221	27014068	1.10891	27002477	22955.7175884759	27008265	208232.82084072	27014068	1180316.70739735	27019044	21729	27024832	575372	27030651	874590	27019044	0.84349	27024832	1.03276	27030651	1.1093	27019044	25760.827040036	27024832	557120.725047446	27030651	788416.118272785	27035627	20953	27041399	1127722	27047202	866552	27035627	0.84301	27041399	1.03265	27047202	1.10922	27035627	24854.9839266438	27041399	1092066.04367404	27047202	781226.447413498
227	27122488	19508	27128276	214519	27134079	1309847	27122488	0.84366	27128276	1.03258	27134079	1.10925	27122488	23123.0590522248	27128276	207750.489066222	27134079	1180840.20734731	27139071	22081	27144843	575104	27150646	878493	27139071	0.84406	27144843	1.03294	27150646	1.11026	27139071	26160.4625263607	27144843	556764.187658528	27150646	791249.797344766	27155638	21065	27161441	1130174	27167260	865116	27155638	0.84407	27161441	1.03271	27167260	1.10906	27155638	24956.4609570296	27161441	1094376.93060007	27167260	780044.361892053
228	27242499	19440	27248287	214632	27254090	1314188	27242499	0.84412	27248287	1.03206	27254090	1.10926	27242499	23029.9009619485	27248287	207964.653217836	27254090	1184742.98180769	27259066	21733	27264869	575183	27270673	878394	27259066	0.8435	27264869	1.0319	27270673	1.10921	27259066	25765.2637818613	27264869	557401.880027134	27270673	791909.557252459	27275649	21121	27281437	1129799	27287240	866370	27275649	0.84437	27281437	1.03297	27287240	1.11029	27275649	25013.9157004631	27281437	1093738.44351724	27287240	780309.648830486
229	27362510	19546	27368298	214270	27374101	1317064	27362510	0.84503	27368298	1.03302	27374101	1.10959	27362510	23130.5397441511	27368298	207420.959903971	27374101	1186982.57915086	27379077	21712	27384880	574774	27390668	879703	27379077	0.84446	27384880	1.03326	27390668	1.10969	27379077	25711.1053217441	27384880	556272.38062056	27390668	792746.622930728	27395644	20774	27401432	1128748	27407235	863994	27395644	0.84424	27401432	1.03253	27407235	1.10933	27395644	24606.7468966171	27401432	1093186.63864488	27407235	778843.085466002
230	27482521	19270	27488309	214129	27494112	1320926	27482521	0.84376	27488309	1.03198	27494112	1.11015	27482521	22838.2478429885	27488309	207493.362274463	27494112	1189862.63117597	27499104	21627	27504891	574384	27510710	880622	27499104	0.84396	27504891	1.03231	27510710	1.10903	27499104	25625.6220673966	27504891	556406.505797677	27510710	794047.050124884	27515687	21080	27521474	1129261	27527293	862365	27515687	0.84393	27521474	1.03277	27527293	1.10973	27515687	24978.3749837072	27521474	1093429.32114604	27527293	777094.42837447
231	27602532	19417	27608320	214357	27614123	1322631	27602532	0.8438	27608320	1.03285	27614123	1.10975	27602532	23011.377103579	27608320	207539.332913782	27614123	1191827.88916423	27619099	21827	27624887	575510	27630706	880324	27619099	0.84356	27624887	1.03237	27630706	1.10961	27619099	25874.8636730049	27624887	557464.862403983	27630706	793363.433999333	27635682	20998	27641470	1130118	27647273	858733	27635682	0.84389	27641470	1.03223	27647273	1.10903	27635682	24882.3898849376	27641470	1094831.57823353	27647273	774309.982597405
232	27722543	19625	27728331	214095	27734134	1325746	27722543	0.84454	27728331	1.0336	27734134	1.11029	27722543	23237.5020721339	27728331	207135.255417957	27734134	1194053.80576246	27739110	21650	27744898	575336	27750701	881782	27739110	0.8442	27744898	1.03231	27750701	1.10975	27739110	25645.5816157309	27744898	557328.709399308	27750701	794577.157017346	27755677	21057	27761465	1130112	27767268	860558	27755677	0.84409	27761465	1.03328	27767268	1.11056	27755677	24946.39197242	27761465	1093713.22390833	27767268	774886.543725688
233	27842554	19420	27848342	214026	27854145	1330243	27842554	0.84368	27848342	1.03215	27854145	1.11061	27842554	23018.2059548644	27848342	207359.39543671	27854145	1197758.88925906	27859121	21974	27864909	574889	27870712	883834	27859121	0.84369	27864909	1.03295	27870712	1.11026	27859121	26045.1113560668	27864909	556550.655888475	27870712	796060.382252806	27875688	21199	27881476	1130387	27887279	859035	27875688	0.84421	27881476	1.03297	27887279	1.10961	27875688	25111.0505679866	27881476	1094307.67592476	27887279	774177.41368589
234	27962565	19423	27968353	214002	27974156	1329845	27962565	0.8443	27968353	1.03285	27974156	1.11057	27962565	23004.8560938055	27968353	207195.6237595	27974156	1197443.65506001	27979132	21962	27984935	575599	27990723	884389	27979132	0.84436	27984935	1.03357	27990723	1.10979	27979132	26010.2326022076	27984935	556903.741401163	27990723	796897.611259788	27995715	21374	28001487	1128152	28007290	855089	27995715	0.84453	28001487	1.03261	28007290	1.10949	27995715	25308.7516133234	28001487	1092524.76733714	28007290	770704.557950049
235	28082576	19289	28088364	214310	28094167	1332481	28082576	0.84433	28088364	1.03263	28094167	1.10975	28082576	22845.3329859178	28088364	207538.033952142	28094167	1200703.76210858	28099159	22181	28104946	574153	28110750	881191	28099159	0.84445	28104946	1.03157	28110750	1.10877	28099159	26266.80087631	28104946	556581.715249571	28110750	794746.430729547	28115726	21365	28121514	1130224	28127317	855179	28115726	0.84406	28121514	1.03193	28127317	1.10873	28115726	25312.1815984646	28121514	1095252.58496216	28127317	771314.025957627
236	28202587	19499	28208390	214162	28214178	1335186	28202587	0.84422	28208390	1.03317	28214178	1.1089	28202587	23097.0600080548	28208390	207286.312997861	28214178	1204063.48633781	28219139	22151	28224926	575449	28230729	883605	28219139	0.84403	28224926	1.03268	28230729	1.10985	28219139	26244.3278082533	28224926	557238.44753457	28230729	796148.128125422	28235721	21350	28241525	1127898	28247328	854590	28235721	0.84422	28241525	1.03277	28247328	1.11032	28235721	25289.6164506882	28241525	1092109.56941042	28247328	769679.011456157
237	28322598	19524	28328386	214627	28334189	1339971	28322598	0.84506	28328386	1.03369	28334189	1.11051	28322598	23103.6849454477	28328386	207631.881898829	28334189	1206626.6850366	28339165	22270	28344953	576180	28350740	886302	28339165	0.84435	28344953	1.03357	28350740	1.11082	28339165	26375.3182921774	28344953	557465.870719932	28350740	797880.844781333	28355717	21405	28361505	1129909	28367308	852557	28355717	0.84473	28361505	1.03386	28367308	1.11074	28355717	25339.4575781611	28361505	1092903.29444993	28367308	767557.664259863
238	28442609	19677	28448412	214840	28454215	1344057	28442609	0.84447	28448412	1.0334	28454215	1.11101	28442609	23301.0053643113	28448412	207896.264757112	28454215	1209761.38828633	28459192	22140	28464979	576476	28470783	886570	28459192	0.84601	28464979	1.03373	28470783	1.11047	28459192	26169.9034290375	28464979	557665.92824045	28470783	798373.661602745	28475759	21415	28481547	1127583	28487350	851815	28475759	0.84499	28481547	1.03367	28487350	1.11026	28475759	25343.4951892922	28481547	1090853.94758482	28487350	767221.191432638
239	28562620	19406	28568408	213531	28574211	1343245	28562620	0.84482	28568408	1.03379	28574211	1.11025	28562620	22970.5736133141	28568408	206551.620735352	28574211	1209858.14005855	28579218	21932	28585006	576322	28590825	888220	28579218	0.84444	28585006	1.03379	28590825	1.11022	28579218	25972.2419591682	28585006	557484.595517465	28590825	800039.631784691	28595801	21159	28601589	1130203	28607392	851817	28595801	0.84483	28601589	1.03285	28607392	1.11044	28595801	25045.2753808459	28601589	1094256.66844169	28607392	767098.627571053
240	28682631	19551	28688434	214301	28694237	1348246	28682631	0.84487	28688434	1.03257	28694237	1.10999	28682631	23140.8382354682	28688434	207541.377340035	28694237	1214646.97880161	28699214	22086	28705002	574231	28710820	890278	28699214	0.84439	28705002	1.03357	28710820	1.10989	28699214	26156.1600682149	28705002	555580.173573149	28710820	802131.742785321	28715781	21546	28721569	1131197	28727372	849757	28715781	0.84424	28721569	1.03347	28727372	1.10932	28715781	25521.1788117123	28721569	1094562.00954067	28727372	766016.117982187
241	28802642	19634	28808430	214424	28814249	1349699	28802642	0.84425	28808430	1.03356	28814249	1.10967	28802642	23256.1445069588	28808430	207461.589070784	28814249	1216306.64972469	28819209	22171	28824997	574784	28830800	889763	28819209	0.84431	28824997	1.03267	28830800	1.1099	28819209	26259.3123378854	28824997	556599.881859645	28830800	801660.509955852	28835792	21145	28841564	1131795	28847383	845920	28835792	0.8444	28841564	1.03296	28847383	1.10966	28835792	25041.4495499763	28841564	1095681.3429368	28847383	762323.594614567
242	28922653	19716	28928456	213641	28934260	1353694	28922653	0.84402	28928456	1.033	28934260	1.1098	28922653	23359.6360275823	28928456	206816.069699903	28934260	1219763.92142728	28939252	22308	28945024	575182	28950842	890865	28939252	0.84416	28945024	1.03261	28950842	1.10965	28939252	26426.2699014405	28945024	557017.654293489	28950842	802834.227008516	28955819	21488	28961591	1128089	28967394	846972	28955819	0.84391	28961591	1.03207	28967394	1.10966	28955819	25462.4308279319	28961591	1093035.35612894	28967394	763271.632752375
243	29042664	19787	29048452	214220	29054271	1355860	29042664	0.84341	29048452	1.03262	29054271	1.10984	29042664	23460.7130577062	29048452	207452.886831555	29054271	1221671.59230159	29059247	22237	29065035	574886	29070838	889734	29059247	0.84324	29065035	1.03264	29070838	1.10951	29059247	26370.9027086002	29065035	556714.828013635	29070838	801916.161188272	29075814	21537	29081602	1130358	29087405	846064	29075814	0.84329	29081602	1.0331	29087405	1.10947	29075814	25539.2569578674	29081602	1094141.90301036	29087405	762583.936474172
244	29162675	19378	29168478	213824	29174282	1358528	29162675	0.84379	29168478	1.03304	29174282	1.10956	29162675	22965.4297870323	29168478	206985.208704406	29174282	1224384.44067919	29179258	22263	29185061	575545	29190864	893824	29179258	0.844	29185061	1.03213	29190864	1.10978	29179258	26377.9620853081	29185061	557628.399523316	29190864	805406.476959397	29195841	21627	29201613	1128638	29207416	847548	29195841	0.84388	29201613	1.03241	29207416	1.1097	29195841	25628.051381713	29201613	1093207.15607172	29207416	763763.179237632
245	29282686	19398	29288474	213656	29294293	1360135	29282686	0.84433	29288474	1.03285	29294293	1.10952	29282686	22974.4294292516	29288474	206860.628358426	29294293	1225876.95580071	29299253	22389	29305025	576973	29310829	894242	29299253	0.84469	29305025	1.03332	29310829	1.11023	29299253	26505.5819294653	29305025	558368.172492548	29310829	805456.527025932	29315805	21268	29321593	1131053	29327396	844576	29315805	0.84391	29321593	1.03282	29327396	1.1105	29315805	25201.7395219869	29321593	1095111.44245851	29327396	760536.69518235
246	29402697	19394	29408485	213962	29414304	1360580	29402697	0.84403	29408485	1.03249	29414304	1.11005	29402697	22977.8562373375	29408485	207229.125705818	29414304	1225692.53637224	29419280	22293	29425068	575558	29430886	895521	29419280	0.8439	29425068	1.0327	29430886	1.10989	29419280	26416.6370423036	29425068	557333.204221942	29430886	806855.634342142	29435863	21372	29441650	1131610	29447454	842782	29435863	0.84392	29441650	1.03248	29447454	1.10966	29435863	25324.6753246753	29441650	1096011.54501782	29447454	759495.70138601
247	29522708	19509	29528511	214003	29534315	1367188	29522708	0.84429	29528511	1.03236	29534315	1.11058	29522708	23106.9893046228	29528511	207294.935875082	29534315	1231057.64555458	29539307	22117	29545110	575291	29550913	895014	29539307	0.84463	29545110	1.03282	29550913	1.10957	29539307	26185.4303067615	29545110	557009.933967197	29550913	806631.397748677	29555905	21463	29561693	1131381	29567511	842202	29555905	0.84434	29561693	1.03303	29567511	1.10985	29555905	25419.8545609589	29561693	1095206.33476279	29567511	758843.086903636
248	29642719	19528	29648522	214272	29654326	1369276	29642719	0.84415	29648522	1.03282	29654326	1.11023	29642719	23133.329384588	29648522	207463.062295463	29654326	1233326.42785729	29659302	22398	29665105	576064	29670908	893591	29659302	0.84393	29665105	1.03294	29670908	1.11029	29659302	26540.1158863887	29665105	557693.573682886	29670908	804826.666906844	29675885	21625	29681672	1131720	29687476	841194	29675885	0.84479	29681672	1.03401	29687476	1.11124	29675885	25598.0776287598	29681672	1094496.18475643	29687476	756986.789532414
249	29762730	19861	29768518	213980	29774321	1370462	29762730	0.84505	29768518	1.03335	29774321	1.10946	29762730	23502.7513164902	29768518	207074.079450331	29774321	1235251.38355596	29779313	22331	29785101	576355	29790904	896578	29779313	0.84424	29785101	1.03246	29790904	1.10957	29779313	26451.009191699	29785101	558234.701586502	29790904	808040.952801536	29795880	21422	29801668	1131944	29807471	840207	29795880	0.8444	29801668	1.03203	29807471	1.10932	29795880	25369.4931312174	29801668	1096813.07713923	29807471	757407.24047164
250	29882741	19435	29888529	214475	29894348	1374568	29882741	0.84451	29888529	1.03287	29894348	1.10992	29882741	23013.3450166369	29888529	207649.558995808	29894348	1238438.80640046	29899324	22080	29905127	575855	29910946	897863	29899324	0.84452	29905127	1.03312	29910946	1.1091	29899324	26145.0291289727	29905127	557394.107170513	29910946	809541.970967451	29915922	21634	29921694	1128249	29927498	836650	29915922	0.84431	29921694	1.03295	29927498	1.10951	29915922	25623.2900238064	29921694	1092259.06384627	29927498	754071.617200386
251	30002752	19923	30008540	214393	30014359	1374232	30002752	0.84483	30008540	1.03348	30014359	1.11011	30002752	23582.259152729	30008540	207447.652591245	30014359	1237924.16967688	30019335	22278	30025107	576184	30030910	900668	30019335	0.84487	30025107	1.03409	30030910	1.11054	30019335	26368.5537419958	30025107	557189.41291377	30030910	811018.063284528	30035902	21790	30041674	1132458	30047477	837686	30035902	0.84494	30041674	1.03369	30047477	1.11027	30035902	25788.8134068691	30041674	1095548.95568304	30047477	754488.547830708
252	30122763	19604	30128551	214172	30134370	1377526	30122763	0.84449	30128551	1.03286	30134370	1.10944	30122763	23214.0108231003	30128551	207358.209244234	30134370	1241640.82780502	30139330	22451	30145118	577790	30150921	900248	30139330	0.84412	30145118	1.03304	30150921	1.10997	30139330	26596.9293465384	30145118	559310.384883451	30150921	811056.154670847	30155898	21660	30161685	1132424	30167488	836801	30155898	0.84404	30161685	1.03329	30167488	1.11018	30155898	25662.2908866878	30161685	1095940.15232897	30167488	753752.544632402
253	30242774	19370	30248562	213618	30254381	1381543	30242774	0.84466	30248562	1.03421	30254381	1.1106	30242774	22932.3041223688	30248562	206551.860840642	30254381	1243960.92202413	30259357	22395	30265145	575344	30270932	902515	30259357	0.84411	30265145	1.03322	30270932	1.11007	30259357	26530.9023705441	30265145	556845.58951627	30270932	813025.304710514	30275924	21721	30281712	1130364	30287515	834507	30275924	0.84407	30281712	1.03286	30287515	1.11019	30275924	25733.647683249	30281712	1094401.95186182	30287515	751679.442257632
254	30362785	19640	30368573	214527	30374392	1386504	30362785	0.84392	30368573	1.03298	30374392	1.11061	30362785	23272.3480898663	30368573	207677.786597998	30374392	1248416.63590279	30379368	22451	30385156	576025	30390943	904134	30379368	0.84454	30385156	1.03245	30390943	1.1104	30379368	26583.7023705212	30385156	557920.480410674	30390943	814241.714697407	30395935	21465	30401707	1135653	30407511	835822	30395935	0.84412	30401707	1.03268	30407511	1.10995	30395935	25428.8489788182	30401707	1099714.33551536	30407511	753026.712914996
255	30482796	19688	30488584	214215	30494403	1385529	30482796	0.84363	30488584	1.03253	30494403	1.10912	30482796	23337.2450007705	30488584	207466.126892197	30494403	1249214.69272937	30499379	22444	30505151	574355	30510954	901581	30499379	0.84289	30505151	1.03258	30510954	1.10843	30499379	26627.4365575579	30505151	556232.931104612	30510954	813385.599451476	30515946	21532	30521718	1130851	30527537	834171	30515946	0.84389	30521718	1.03238	30527537	1.10953	30515946	25515.173778573	30521718	1095382.51419051	30527537	751823.745189405
256	30602807	19372	30608595	213362	30614414	1388307	30602807	0.84393	30608595	1.0329	30614414	1.11011	30602807	22954.5104451791	30608595	206565.979281634	30614414	1250603.09338714	30619390	22221	30625193	576516	30631012	904684	30619390	0.84499	30625193	1.03295	30631012	1.10995	30619390	26297.3526313921	30625193	558125.756328961	30631012	815067.345375918	30635989	21656	30641761	1133077	30647564	832280	30635989	0.84415	30641761	1.03335	30647564	1.10956	30635989	25654.2083752888	30641761	1096508.4434122	30647564	750099.138397203
257	30722818	19597	30728606	214211	30734425	1392833	30722818	0.84458	30728606	1.03333	30734425	1.10981	30722818	23203.2489521419	30728606	207301.636456892	30734425	1255019.32763266	30739401	22520	30745189	575561	30750976	903319	30739401	0.84449	30745189	1.03354	30750976	1.1094	30739401	26666.9824391053	30745189	556883.139501132	30750976	814241.03118803	30755968	21688	30761756	1131892	30767544	831577	30755968	0.84398	30761756	1.03238	30767544	1.10885	30755968	25697.2914050096	30761756	1096390.86382921	30767544	749945.438968301
258	30842829	19666	30848632	214374	30854436	1393672	30842829	0.8443	30848632	1.03292	30854436	1.10943	30842829	23292.6684827668	30848632	207541.726367967	30854436	1256205.43882895	30859412	22576	30865184	574668	30870987	907901	30859412	0.84384	30865184	1.03168	30870987	1.1093	30859412	26753.8869927948	30865184	557021.55707196	30870987	818444.965293428	30875964	21657	30881736	1130665	30887539	833698	30875964	0.84401	30881736	1.03249	30887539	1.10938	30875964	25659.6485823628	30881736	1095085.66668927	30887539	751499.035497305
259	30962840	19544	30968643	214227	30974447	1397369	30962840	0.84352	30968643	1.03278	30974447	1.11	30962840	23169.5751138088	30968643	207427.525707314	30974447	1258890.99099099	30979439	22734	30985226	576740	30991045	907411	30979439	0.84427	30985226	1.03242	30991045	1.10903	30979439	26927.4047401898	30985226	558629.240037969	30991045	818202.393082243	30996022	21922	31001794	1133897	31007597	831811	30996022	0.84398	31001794	1.03332	31007597	1.11034	30996022	25974.5491599327	31001794	1097333.83656563	31007597	749149.809968118
260	31082851	19575	31088655	214010	31094458	1397934	31082851	0.84408	31088655	1.03444	31094458	1.1098	31082851	23190.9297696901	31088655	206884.884575229	31094458	1259626.95981258	31099434	22423	31105206	577279	31111009	910854	31099434	0.8444	31105206	1.03308	31111009	1.11019	31099434	26554.95026054	31105206	558794.091454679	31111009	820448.752015421	31115986	21795	31121773	1130192	31127561	831270	31115986	0.84497	31121773	1.03279	31127561	1.10926	31115986	25793.8151650354	31121773	1094309.58859013	31127561	749391.486216036
261	31202862	19528	31208650	214778	31214469	1399209	31202862	0.84414	31208650	1.03352	31214469	1.10935	31202862	23133.6034307105	31208650	207812.137162319	31214469	1261287.24027584	31219461	22325	31225248	575382	31231052	909229	31219461	0.84421	31225248	1.03279	31231052	1.11023	31219461	26444.8419232182	31225248	557114.224576148	31231052	818955.531736667	31236028	21983	31241816	1133506	31247619	831137	31236028	0.84423	31241816	1.03328	31247619	1.10934	31236028	26039.1125641117	31241816	1096997.90956953	31247619	749217.55277913
262	31322873	19468	31328677	214760	31334480	1402282	31322873	0.84434	31328677	1.03286	31334480	1.10969	31322873	23057.062320866	31328677	207927.502275236	31334480	1263670.03397345	31339456	22583	31345228	575551	31351031	911096	31339456	0.84431	31345228	1.03232	31351031	1.10936	31339456	26747.2847650744	31345228	557531.579355239	31351031	821280.738443788	31356008	22097	31361795	1133511	31367599	829140	31356008	0.84393	31361795	1.03306	31367599	1.11024	31356008	26183.4512341071	31361795	1097236.36574836	31367599	746811.50021617
263	31442884	19344	31448672	214723	31454491	1407408	31442884	0.84457	31448672	1.03292	31454491	1.11078	31442884	22903.9629634015	31448672	207879.603454285	31454491	1267044.77934424	31459467	22435	31465239	577400	31471042	911629	31459467	0.84466	31465239	1.0339	31471042	1.11038	31459467	26560.9831174674	31465239	558467.936937808	31471042	821006.322159981	31476050	22036	31481822	1135554	31487641	828283	31476050	0.84496	31481822	1.03338	31487641	1.10986	31476050	26079.3410338951	31481822	1098873.59925681	31487641	746295.028201755
264																																																						
265																																																						
266																																																						
267																																																						
268																																																						
269																																																						
270																																																						
271																																																						
272																																																						
273																																																						
274																																																						
275																																																						
276																																																						
277																																																						
278																																																						
279																																																						
280																																																						
281																																																						
282																																																						
283																																																						
284																																																						
285																																																						
286																																																						
287																																																						
288																																																						
289																																																						
290																																																						
291																																																						
292																																																						
293																																																						
294																																																						
295																																																						
296																																																						
297																																																						
298																																																						
299																																																						
300																																																						
301																																																						