HJY Multigroup Import
Application Version:	3.5.1.20
SystemConfiguration::	FL3-11_1602C-0213-FL
Experiment Time Stamp:	11/13/2025 12:06 PM
Export Time Stamp:	11/14/2025 10:21 AM
Experiment Comment:	None

Integration Time:	1
Time Sequence Interval Points:	301
Time Sequence Experiment Duration:	10:00:00	36000000 (ms)
Repetition Time Sequence Enabled:	False
Repetition Time Sequence Count:	2
Repetition Time Sequence Delay:	0 seconds
Time Sequence Interval Total Points:	301
Time Sequence Experiment Duration Total:	10:00:00	36000000 (ms)

Mono Count:	2
Mono Description:	Excitation 1 (Mono1)	Emission 1 (Mono2)
Mono Slit Width:		5	5
Mono Grating Index:		0	0
Mono Grating Value:		1200	1200

Mono Wavelength Group Count:	3
Mono Wavelength Group Description:	Group 1:(Excitation 1:596 Emission 1:615)	Group 2:(Excitation 1:549 Emission 1:565)	Group 3:(Excitation 1:495 Emission 1:520)

Detector Count:	3
Detector Description:	S1 (SCD1)	R (SCD2)	S1/R (SCD1/SCD2)
Detector High Voltage:	950	None	None

Accessory Sequential Type:	Temperature Controller
Accessory Sequential Description:	Temperature Control (TC1)
Accessory Sequential Scan Position Count:	1
Accessory Sequential Scan Positions:		37

Accessory Interleave Type:	Sample Changer
Accessory Interleave Description:	Sample Changer - 4 Position (SCH1)
Accessory Interleave Scan Position Count:	3
Accessory Interleave Scan Positions:	1	2	3

Axis	X	Y	X	Y	X	Y	X	Y	X	Y	X	Y	X	Y	X	Y	X	Y	X	Y	X	Y	X	Y	X	Y	X	Y	X	Y	X	Y	X	Y	X	Y	X	Y	X	Y	X	Y	X	Y	X	Y	X	Y	X	Y	X	Y	X	Y
Sequential: Temperature Controller	Idx:0(Pos:37.00)	Idx:0(Pos:37.00)	Idx:0(Pos:37.00)	Idx:0(Pos:37.00)	Idx:0(Pos:37.00)	Idx:0(Pos:37.00)	Idx:0(Pos:37.00)	Idx:0(Pos:37.00)	Idx:0(Pos:37.00)	Idx:0(Pos:37.00)	Idx:0(Pos:37.00)	Idx:0(Pos:37.00)	Idx:0(Pos:37.00)	Idx:0(Pos:37.00)	Idx:0(Pos:37.00)	Idx:0(Pos:37.00)	Idx:0(Pos:37.00)	Idx:0(Pos:37.00)	Idx:0(Pos:37.00)	Idx:0(Pos:37.00)	Idx:0(Pos:37.00)	Idx:0(Pos:37.00)	Idx:0(Pos:37.00)	Idx:0(Pos:37.00)	Idx:0(Pos:37.00)	Idx:0(Pos:37.00)	Idx:0(Pos:37.00)	Idx:0(Pos:37.00)	Idx:0(Pos:37.00)	Idx:0(Pos:37.00)	Idx:0(Pos:37.00)	Idx:0(Pos:37.00)	Idx:0(Pos:37.00)	Idx:0(Pos:37.00)	Idx:0(Pos:37.00)	Idx:0(Pos:37.00)	Idx:0(Pos:37.00)	Idx:0(Pos:37.00)	Idx:0(Pos:37.00)	Idx:0(Pos:37.00)	Idx:0(Pos:37.00)	Idx:0(Pos:37.00)	Idx:0(Pos:37.00)	Idx:0(Pos:37.00)	Idx:0(Pos:37.00)	Idx:0(Pos:37.00)	Idx:0(Pos:37.00)	Idx:0(Pos:37.00)	Idx:0(Pos:37.00)	Idx:0(Pos:37.00)	Idx:0(Pos:37.00)	Idx:0(Pos:37.00)	Idx:0(Pos:37.00)	Idx:0(Pos:37.00)
Interleave: Sample Changer	Idx:0(Pos:1)	Idx:0(Pos:1)	Idx:0(Pos:1)	Idx:0(Pos:1)	Idx:0(Pos:1)	Idx:0(Pos:1)	Idx:0(Pos:1)	Idx:0(Pos:1)	Idx:0(Pos:1)	Idx:0(Pos:1)	Idx:0(Pos:1)	Idx:0(Pos:1)	Idx:0(Pos:1)	Idx:0(Pos:1)	Idx:0(Pos:1)	Idx:0(Pos:1)	Idx:0(Pos:1)	Idx:0(Pos:1)	Idx:1(Pos:2)	Idx:1(Pos:2)	Idx:1(Pos:2)	Idx:1(Pos:2)	Idx:1(Pos:2)	Idx:1(Pos:2)	Idx:1(Pos:2)	Idx:1(Pos:2)	Idx:1(Pos:2)	Idx:1(Pos:2)	Idx:1(Pos:2)	Idx:1(Pos:2)	Idx:1(Pos:2)	Idx:1(Pos:2)	Idx:1(Pos:2)	Idx:1(Pos:2)	Idx:1(Pos:2)	Idx:1(Pos:2)	Idx:2(Pos:3)	Idx:2(Pos:3)	Idx:2(Pos:3)	Idx:2(Pos:3)	Idx:2(Pos:3)	Idx:2(Pos:3)	Idx:2(Pos:3)	Idx:2(Pos:3)	Idx:2(Pos:3)	Idx:2(Pos:3)	Idx:2(Pos:3)	Idx:2(Pos:3)	Idx:2(Pos:3)	Idx:2(Pos:3)	Idx:2(Pos:3)	Idx:2(Pos:3)	Idx:2(Pos:3)	Idx:2(Pos:3)
Detector	S1 (SCD1)	S1 (SCD1)	S1 (SCD1)	S1 (SCD1)	S1 (SCD1)	S1 (SCD1)	R (SCD2)	R (SCD2)	R (SCD2)	R (SCD2)	R (SCD2)	R (SCD2)	S1/R (SCD1/SCD2)	S1/R (SCD1/SCD2)	S1/R (SCD1/SCD2)	S1/R (SCD1/SCD2)	S1/R (SCD1/SCD2)	S1/R (SCD1/SCD2)	S1 (SCD1)	S1 (SCD1)	S1 (SCD1)	S1 (SCD1)	S1 (SCD1)	S1 (SCD1)	R (SCD2)	R (SCD2)	R (SCD2)	R (SCD2)	R (SCD2)	R (SCD2)	S1/R (SCD1/SCD2)	S1/R (SCD1/SCD2)	S1/R (SCD1/SCD2)	S1/R (SCD1/SCD2)	S1/R (SCD1/SCD2)	S1/R (SCD1/SCD2)	S1 (SCD1)	S1 (SCD1)	S1 (SCD1)	S1 (SCD1)	S1 (SCD1)	S1 (SCD1)	R (SCD2)	R (SCD2)	R (SCD2)	R (SCD2)	R (SCD2)	R (SCD2)	S1/R (SCD1/SCD2)	S1/R (SCD1/SCD2)	S1/R (SCD1/SCD2)	S1/R (SCD1/SCD2)	S1/R (SCD1/SCD2)	S1/R (SCD1/SCD2)
WL Group	1	1	2	2	3	3	1	1	2	2	3	3	1	1	2	2	3	3	1	1	2	2	3	3	1	1	2	2	3	3	1	1	2	2	3	3	1	1	2	2	3	3	1	1	2	2	3	3	1	1	2	2	3	3
Units	(ms)	CPS	(ms)	CPS	(ms)	CPS	(ms)	MicroAmps	(ms)	MicroAmps	(ms)	MicroAmps	(ms)	CPS	(ms)	CPS	(ms)	CPS	(ms)	CPS	(ms)	CPS	(ms)	CPS	(ms)	MicroAmps	(ms)	MicroAmps	(ms)	MicroAmps	(ms)	CPS	(ms)	CPS	(ms)	CPS	(ms)	CPS	(ms)	CPS	(ms)	CPS	(ms)	MicroAmps	(ms)	MicroAmps	(ms)	MicroAmps	(ms)	CPS	(ms)	CPS	(ms)	CPS
1	0	74609	5803	1146072	11606	3044435	0	0.81824	5803	0.97425	11606	1.05656	0	91182.2937035589	5803	1176363.35642802	11606	2881459.64261377	16582	139522	22370	1154642	28173	2892122	16582	0.81829	22370	0.9746	28173	1.05736	16582	170504.34442557	22370	1184734.2499487	28173	2735229.25020807	33150	360	38922	639	44725	884	33150	0.81753	38922	0.97506	44725	1.05512	33150	440.350812814209	38922	655.344286505446	44725	837.819394950337
2	120011	74465	125814	1033829	131617	2970911	120011	0.81865	125814	0.9758	131617	1.05683	120011	90960.7280278507	125814	1059468.1287149	131617	2811153.16559901	136578	138798	142365	1047017	148169	2824912	136578	0.81905	142365	0.97595	148169	1.05804	136578	169462.181795983	142365	1072818.27962498	148169	2669948.20611697	153145	393	158917	663	164705	869	153145	0.81947	158917	0.97613	164705	1.05822	153145	479.578263999902	158917	679.212809769191	164705	821.190300693618
3	240022	74352	245809	1016944	251612	2964054	240022	0.82011	245809	0.97702	251612	1.05908	240022	90661.0088890515	245809	1040863.03248654	251612	2798706.42444386	256589	138752	262361	1025989	268164	2805460	256589	0.82001	262361	0.9767	268164	1.05971	256589	169207.692589115	262361	1050464.83055186	268164	2647384.66184145	273140	388	278912	584	284716	791	273140	0.82032	278912	0.97676	284716	1.05859	273140	472.98615174566	278912	597.895081698677	284716	747.220359156992
4	360033	74490	365820	1011837	371623	2960285	360033	0.82059	365820	0.97734	371623	1.05957	360033	90776.1488684971	365820	1035296.82607895	371623	2793855.05440886	376584	138808	382372	1019315	388175	2800892	376584	0.82069	382372	0.9778	388175	1.05913	376584	169135.727253896	382372	1042457.55778278	388175	2644521.44684788	393151	406	398923	625	404727	832	393151	0.82062	398923	0.9776	404727	1.05977	393151	494.747873559016	398923	639.320785597381	404727	785.076007058135
5	480044	74400	485831	1008378	491634	2946269	480044	0.82104	485831	0.97842	491634	1.0594	480044	90616.7787196726	485831	1030618.7526829	491634	2781073.24900887	496611	138822	502398	1016624	508202	2791508	496611	0.82038	502398	0.97757	508202	1.05911	496611	169216.704454033	502398	1039950.08030115	508202	2635711.11593697	513178	370	518950	605	524753	878	513178	0.82053	518950	0.97786	524753	1.05914	513178	450.928058693771	518950	618.697973124987	524753	828.974450969655
6	600055	73766	605842	1003047	611661	2929830	600055	0.82098	605842	0.97795	611661	1.05911	600055	89851.1534994762	605842	1025662.8661997	611661	2766313.22525517	616622	138737	622425	1016065	628228	2785387	616622	0.8211	622425	0.97876	628228	1.05978	616622	168964.803312629	622425	1038114.55310801	628228	2628269.07471362	633205	365	638977	611	644780	815	633205	0.82085	638977	0.97788	644780	1.05991	633205	444.661022111226	638977	624.821041436577	644780	768.933211310394
7	720066	73650	725853	1002362	731656	2925502	720066	0.82135	725853	0.97881	731656	1.05986	720066	89669.4466427223	725853	1024061.8710475	731656	2760272.11141094	736633	138015	742420	1012092	748224	2779788	736633	0.82146	742420	0.9782	748224	1.06049	736633	168011.832590753	742420	1034647.31138826	748224	2621229.80886194	753200	380	758972	623	764775	894	753200	0.82183	758972	0.97882	764775	1.06034	753200	462.382731221786	758972	636.480660386997	764775	843.125789840995
8	840077	73513	845864	996333	851667	2911315	840077	0.82133	845864	0.97892	851667	1.05999	840077	89504.827535826	845864	1017787.97041638	851667	2746549.49574996	856644	138148	862431	1007970	868235	2767817	856644	0.82124	862431	0.9781	868235	1.06032	856644	168218.791096391	862431	1030538.79971373	868235	2610360.07997586	873227	387	878999	596	884802	868	873227	0.82158	878999	0.97913	884802	1.06043	873227	471.043598919156	878999	608.703645072667	884802	818.535876955575
9	960088	73344	965875	992445	971678	2905086	960088	0.82227	965875	0.97895	971678	1.06164	960088	89196.979094458	965875	1013785.17799683	971678	2736413.47349384	976655	138534	982442	1007310	988230	2764334	976655	0.82177	982442	0.97839	988230	1.06182	976655	168580.016306266	982442	1029558.7649097	988230	2603392.28871184	993222	383	998994	673	1004782	838	993222	0.82182	998994	0.97935	1004782	1.06093	993222	466.038791949575	998994	687.190483483943	1004782	789.873035921314
10	1080099	72931	1085902	994989	1091705	2899819	1080099	0.822	1085902	0.97964	1091705	1.06101	1080099	88723.8442822385	1085902	1015668.00048998	1091705	2733074.14633227	1096666	137943	1102453	1006873	1108257	2758966	1096666	0.82214	1102453	0.97935	1108257	1.06088	1096666	167785.292042718	1102453	1028103.33384388	1108257	2600639.0920745	1113233	406	1119021	654	1124808	812	1113233	0.82237	1119021	0.97957	1124808	1.06128	1113233	493.6950521055	1119021	667.639882805721	1124808	765.113824815317
11	1200110	49776	1205897	631299	1211716	2145266	1200110	0.82259	1205897	0.97935	1211716	1.06238	1200110	60511.31183214	1205897	644610.200643284	1211716	2019301.94469022	1216677	137815	1222464	1004199	1228268	2751357	1216677	0.82232	1222464	0.98025	1228268	1.06087	1216677	167592.907870415	1222464	1024431.52257077	1228268	2593491.19119214	1233244	386	1239032	645	1244819	853	1233244	0.82326	1239032	0.9797	1244819	1.06153	1233244	468.867672424265	1239032	658.36480555272	1244819	803.557129803209
12	1320121	25590	1325924	294071	1331711	1378754	1320121	0.82222	1325924	0.97976	1331711	1.06167	1320121	31123.0570893435	1325924	300145.954111211	1331711	1298665.310313	1336688	137196	1342475	1003426	1348294	2743614	1336688	0.82278	1342475	0.98019	1348294	1.06175	1336688	166746.882520236	1342475	1023705.60809639	1348294	2584048.97574759	1353271	399	1359058	667	1364846	881	1353271	0.82297	1359058	0.9799	1364846	1.06216	1353271	484.829337642928	1359058	680.681702214512	1364846	829.441891993673
13	1440132	16803	1445919	149337	1451722	989892	1440132	0.82306	1445919	0.97988	1451722	1.06193	1440132	20415.2795664958	1445919	152403.35551292	1451722	932163.136929929	1456699	136612	1462486	999052	1468290	2737341	1456699	0.82294	1462486	0.97971	1468290	1.06153	1456699	166004.812015457	1462486	1019742.576885	1468290	2578675.11987414	1473266	393	1479038	607	1484841	877	1473266	0.82253	1479038	0.98064	1484841	1.06181	1473266	477.794123010711	1479038	618.9835209659	1484841	825.948145148379
14	1560143	12791	1565930	82723	1571733	784777	1560143	0.82306	1565930	0.97973	1571733	1.06247	1560143	15540.7868199159	1565930	84434.4870525553	1571733	738634.50262125	1576710	136982	1582497	1001106	1588301	2731807	1576710	0.82356	1582497	0.98086	1588301	1.06109	1576710	166329.107775997	1582497	1020641.07008136	1588301	2574529.02204337	1593277	411	1599049	687	1604852	835	1593277	0.82354	1599049	0.9815	1604852	1.06128	1593277	499.065012021274	1599049	699.949057564952	1604852	786.785768129052
15	1680154	10818	1685941	50885	1691760	673006	1680154	0.82343	1685941	0.98062	1691760	1.06174	1680154	13137.7287686871	1685941	51890.640615121	1691760	633870.815830618	1696721	137181	1702508	998658	1708296	2729544	1696721	0.82334	1702508	0.98072	1708296	1.06181	1696721	166615.250078947	1702508	1018290.64360878	1708296	2570651.99988698	1713273	426	1719060	669	1724848	804	1713273	0.82349	1719060	0.98094	1724848	1.06197	1713273	517.31047128684	1719060	681.99889901523	1724848	757.083533433148
16	1800165	9717	1805952	34553	1811755	609522	1800165	0.82344	1805952	0.98141	1811755	1.06194	1800165	11800.4954823667	1805952	35207.5075656454	1811755	573970.280806825	1816732	136646	1822520	998201	1828323	2722144	1816732	0.82363	1822520	0.98142	1828323	1.06198	1816732	165907.021356677	1822520	1017098.69372949	1828323	2563272.37801088	1833315	407	1839087	639	1844890	875	1833315	0.82386	1839087	0.98079	1844890	1.06276	1833315	494.015973587746	1839087	651.515614963448	1844890	823.327938575031
17	1920176	9222	1925963	26462	1931766	576179	1920176	0.82486	1925963	0.98188	1931766	1.0636	1920176	11180.0790437165	1925963	26950.3401637675	1931766	541725.272658894	1936743	136301	1942515	996514	1948318	2722343	1936743	0.82399	1942515	0.98192	1948318	1.0634	1936743	165415.842425272	1942515	1014862.71794036	1948318	2560036.67481663	1953295	390	1959067	683	1964870	846	1953295	0.82392	1959067	0.98196	1964870	1.06363	1953295	473.346926886105	1959067	695.547680149904	1964870	795.389374124461
18	2040187	8799	2045974	22113	2051778	553246	2040187	0.82455	2045974	0.98255	2051778	1.06282	2040187	10671.2752410406	2045974	22505.7248994962	2051778	520545.341638283	2056754	135336	2062526	991464	2068329	2713866	2056754	0.82405	2062526	0.98217	2068329	1.06321	2056754	164232.752866938	2062526	1009462.720303	2068329	2552521.13881547	2073306	420	2079078	651	2084881	833	2073306	0.82474	2079078	0.98248	2084881	1.06393	2073306	509.251400441351	2079078	662.608908069375	2084881	782.946246463583
19	2160198	8740	2165985	19243	2171789	538612	2160198	0.82488	2165985	0.98231	2171789	1.06336	2160198	10595.4805547474	2165985	19589.5389439179	2171789	506518.958772194	2176765	136918	2182553	989571	2188356	2711522	2176765	0.8247	2182553	0.982	2188356	1.06414	2176765	166021.58360616	2182553	1007709.77596741	2188356	2548087.65763903	2193332	428	2199120	639	2204923	861	2193332	0.82473	2199120	0.98249	2204923	1.06392	2193332	518.957719496078	2199120	650.388299117548	2204923	809.271373787503
20	2280209	8350	2286012	17514	2291800	528569	2280209	0.82482	2286012	0.98346	2291800	1.06399	2280209	10123.4208675832	2286012	17808.5534744677	2291800	496780.044925234	2296776	136208	2302548	989785	2308351	2703123	2296776	0.82522	2302548	0.98269	2308351	1.06326	2296776	165056.590969681	2302548	1007219.97781599	2308351	2542297.27442018	2313328	415	2319115	709	2324903	831	2313328	0.82462	2319115	0.98149	2324903	1.06344	2313328	503.262108607601	2319115	722.3710888547	2324903	781.42631460167
21	2400220	8197	2406007	16273	2411826	523414	2400220	0.82489	2406007	0.98246	2411826	1.06437	2400220	9937.08252009359	2406007	16563.5242147263	2411826	491759.444554055	2416803	136224	2422590	988077	2428409	2702860	2416803	0.82501	2422590	0.98235	2428409	1.06341	2416803	165117.998569714	2422590	1005829.8976943	2428409	2541691.35140727	2433385	423	2439173	636	2444976	814	2433385	0.82417	2439173	0.9834	2444976	1.06395	2433385	513.24362692163	2439173	646.735814521049	2444976	765.073546689224
22	2520231	8101	2526018	15338	2531822	517802	2520231	0.8254	2526018	0.98346	2531822	1.06432	2520231	9814.63532832566	2526018	15595.9571309458	2531822	486509.69633193	2536798	135322	2542570	988246	2548373	2699585	2536798	0.82515	2542570	0.98323	2548373	1.06502	2536798	163996.849057747	2542570	1005101.55304456	2548373	2534773.99485456	2553365	437	2559137	664	2564940	909	2553365	0.8251	2559137	0.98284	2564940	1.06456	2553365	529.632771785238	2559137	675.593178950796	2564940	853.873900954385
23	2640242	7923	2646045	14350	2651848	514087	2640242	0.8255	2646045	0.9844	2651848	1.06641	2640242	9597.81950333132	2646045	14577.4075579033	2651848	482072.561210041	2656825	135156	2662612	986634	2668415	2696783	2656825	0.82655	2662612	0.98423	2668415	1.06615	2656825	163518.238461073	2662612	1002442.51851701	2668415	2529459.26933358	2673392	449	2679164	703	2684967	899	2673392	0.82698	2679164	0.98531	2684967	1.06673	2673392	542.939369755012	2679164	713.481036425085	2684967	842.762460978879
24	2760253	7787	2766040	13827	2771828	511079	2760253	0.82802	2766040	0.986	2771828	1.06728	2760253	9404.3622134731	2766040	14023.3265720081	2771828	478861.217300052	2776804	135892	2782576	987916	2788380	2698976	2776804	0.8279	2782576	0.986	2788380	1.06754	2776804	164140.596690422	2782576	1001943.20486815	2788380	2528220.01985874	2793340	452	2799128	656	2804931	841	2793340	0.82762	2799128	0.98534	2804931	1.06796	2793340	546.144365771731	2799128	665.76004221893	2804931	787.48267725383
25	2880264	7782	2886051	13527	2891855	507112	2880264	0.82782	2886051	0.98529	2891855	1.06705	2880264	9400.59433210118	2886051	13728.9528971166	2891855	475246.708214235	2896815	135753	2902603	985433	2908391	2698404	2896815	0.82733	2902603	0.98585	2908391	1.06796	2896815	164085.673189658	2902603	999577.014758838	2908391	2526690.13820742	2913367	437	2919155	732	2924958	920	2913367	0.82805	2919155	0.9864	2924958	1.06813	2913367	527.745909063462	2919155	742.092457420925	2924958	861.318378849017
26	3000275	7610	3006062	13011	3011881	490337	3000275	0.82883	3006062	0.9866	3011881	1.06805	3000275	9181.61746075794	3006062	13187.7153861747	3011881	459095.547961238	3016842	128850	3022645	955121	3028448	2620797	3016842	0.82828	3022645	0.98605	3028448	1.06804	3016842	155563.336069928	3022645	968633.436438315	3028448	2453837.87124078	3033425	470	3039212	687	3045000	918	3033425	0.8285	3039212	0.98637	3045000	1.06824	3033425	567.290283645142	3039212	696.493202348003	3045000	859.357447764547
27	3120286	7392	3126073	12409	3131877	487717	3120286	0.82797	3126073	0.98584	3131877	1.06829	3120286	8927.85970506178	3126073	12587.2352511564	3131877	456539.890853607	3136853	129468	3142641	947323	3148428	2612708	3136853	0.82749	3142641	0.98602	3148428	1.06729	3136853	156458.688322517	3142641	960754.345753636	3148428	2447983.20981177	3153405	450	3159192	668	3164980	877	3153405	0.82767	3159192	0.98532	3164980	1.06711	3153405	543.694950886223	3159192	677.952340356432	3164980	821.84592028938
28	3240297	7353	3246084	11657	3251888	483559	3240297	0.82848	3246084	0.98697	3251888	1.06855	3240297	8875.28968713789	3246084	11810.8959745484	3251888	452537.550886716	3256864	129534	3262636	944838	3268439	2607589	3256864	0.82824	3262636	0.98686	3268439	1.06798	3256864	156396.696609678	3262636	957418.478811584	3268439	2441608.45708721	3273400	446	3279188	656	3284991	951	3273400	0.8288	3279188	0.98725	3284991	1.06917	3273400	538.127413127413	3279188	664.472018232464	3284991	889.475013328096
29	3360308	7277	3366095	11400	3371899	479530	3360308	0.82919	3366095	0.98715	3371899	1.06869	3360308	8776.03444325185	3366095	11548.3969001671	3371899	448708.231573235	3376875	128841	3382663	944662	3388450	2602937	3376875	0.82895	3382663	0.98712	3388450	1.06796	3376875	155426.744677001	3382663	956988.005510981	3388450	2437298.21341623	3393427	468	3399214	694	3405017	858	3393427	0.82935	3399214	0.98718	3405017	1.06955	3393427	564.297341291373	3399214	703.012621811625	3405017	802.206535458838
30	3480319	7291	3486106	11115	3491910	479407	3480319	0.82899	3486106	0.98843	3491910	1.06862	3480319	8795.03974716221	3486106	11245.1058749734	3491910	448622.522505662	3496886	128652	3502658	942538	3508461	2601922	3496886	0.8287	3502658	0.98728	3508461	1.0692	3496886	155245.565343309	3502658	954681.549307187	3508461	2433522.25963337	3513438	415	3519241	677	3525028	953	3513438	0.82952	3519241	0.98782	3525028	1.06905	3513438	500.289323946379	3519241	685.347532951347	3525028	891.445676067537
31	3600330	10731	3606117	19966	3611936	484164	3600330	0.82941	3606117	0.9876	3611936	1.06922	3600330	12938.1126342822	3606117	20216.6869177805	3611936	452819.812573652	3616897	125668	3622685	917425	3628488	2528927	3616897	0.82946	3622685	0.98704	3628488	1.06905	3616897	151505.798953536	3622685	929470.943426812	3628488	2365583.4619522	3633464	494	3639236	720	3645024	879	3633464	0.82958	3639236	0.98731	3645024	1.06893	3633464	595.482051158418	3639236	729.254236258116	3645024	822.317644747551
32	3720341	10958	3726128	20169	3731932	485223	3720341	0.82954	3726128	0.98812	3731932	1.06839	3720341	13209.7306941196	3726128	20411.4884831802	3731932	454162.805717013	3736892	124692	3742680	906891	3748483	2517445	3736892	0.82956	3742680	0.98847	3748483	1.06937	3736892	150311.008245335	3742680	917469.422440742	3748483	2354138.41794702	3753460	442	3759247	684	3765035	815	3753460	0.82877	3759247	0.98789	3765035	1.06909	3753460	533.320462854592	3759247	692.384779681948	3765035	762.330580213079
33	3840352	10635	3846139	19467	3851943	483697	3840352	0.82997	3846139	0.98797	3851943	1.0701	3840352	12813.7161584154	3846139	19704.039596344	3851943	452011.027006822	3856919	124284	3862691	902880	3868494	2514492	3856919	0.82958	3862691	0.98793	3868494	1.07023	3856919	149815.569324236	3862691	913910.904618748	3868494	2349487.49334255	3873455	493	3879243	713	3885046	891	3873455	0.82976	3879243	0.98819	3885046	1.06885	3873455	594.147705360586	3879243	721.521164958156	3885046	833.606212284231
34	3960363	10364	3966150	18856	3971954	480667	3960363	0.82964	3966150	0.98746	3971954	1.06924	3960363	12492.1652765055	3966150	19095.4570311709	3971954	449540.795331263	3976930	124743	3982702	902655	3988505	2504706	3976930	0.82957	3982702	0.98798	3988505	1.0684	3976930	150370.67396362	3982702	913636.915727039	3988505	2344352.30250842	3993482	467	3999269	731	4005073	900	3993482	0.82922	3999269	0.98819	4005073	1.06939	3993482	563.179855768071	3999269	739.736285532135	4005073	841.601286714856
35	4080374	10414	4086161	18122	4091965	478299	4080374	0.82954	4086161	0.98862	4091965	1.07052	4080374	12553.94556019	4086161	18330.6022536465	4091965	446791.279004596	4096941	124905	4102729	902108	4108532	2503933	4096941	0.83066	4102729	0.9888	4108532	1.07043	4096941	150368.381768714	4102729	912326.051779935	4108532	2339184.25305718	4113508	481	4119296	713	4125099	925	4113508	0.83003	4119296	0.98874	4125099	1.07064	4113508	579.497126609882	4119296	721.119809049902	4125099	863.969214675334
36	4200385	10201	4206172	17624	4211976	476734	4200385	0.8302	4206172	0.98868	4211976	1.07108	4200385	12287.4006263551	4206172	17825.7879192459	4211976	445096.53807372	4216952	124096	4222740	903409	4228543	2503701	4216952	0.83063	4222740	0.98925	4228543	1.07146	4216952	149399.853123533	4222740	913226.181450594	4228543	2336719.05624102	4233519	449	4239307	730	4245095	918	4233519	0.83	4239307	0.98882	4245095	1.06978	4233519	540.963855421687	4239307	738.253676098785	4245095	858.12036119576
37	4320396	10004	4326183	17180	4331987	474099	4320396	0.83035	4326183	0.98836	4331987	1.07036	4320396	12047.9315951105	4326183	17382.3303249828	4331987	442934.152995254	4336963	124040	4342735	901904	4348538	2497140	4336963	0.82971	4342735	0.98865	4348538	1.07076	4336963	149498.017379566	4342735	912258.129772923	4348538	2332119.24240726	4353515	445	4359302	678	4365106	891	4353515	0.82983	4359302	0.98838	4365106	1.07073	4353515	536.254413554583	4359302	685.970982820373	4365106	832.14255694713
38	4440407	9825	4446195	16752	4451998	473250	4440407	0.83045	4446195	0.98945	4451998	1.0728	4440407	11830.9350352219	4446195	16930.6180201122	4451998	441135.346756152	4456974	124270	4462762	897880	4468549	2491246	4456974	0.83051	4462762	0.99007	4468549	1.07128	4456974	149630.949657439	4462762	906885.371741392	4468549	2325485.40064222	4473526	478	4479313	681	4485117	937	4473526	0.83056	4479313	0.99032	4485117	1.07099	4473526	575.515314968214	4479313	687.656515065837	4485117	874.891455569146
39	4560418	9911	4566206	16831	4572009	471064	4560418	0.83084	4566206	0.99066	4572009	1.07183	4560418	11928.8912425979	4566206	16989.6836452466	4572009	439495.069180747	4576985	123801	4582757	901773	4588560	2493030	4576985	0.8317	4582757	0.99025	4588560	1.07204	4576985	148852.9517855	4582757	910651.855592022	4588560	2325500.91414499	4593537	471	4599309	685	4605112	979	4593537	0.83089	4599309	0.99038	4605112	1.07158	4593537	566.862039499813	4599309	691.653708677477	4605112	913.604210604901
40	4680429	9639	4686217	16469	4692004	469556	4680429	0.83042	4686217	0.99013	4692004	1.07185	4680429	11607.3793983767	4686217	16633.1693817983	4692004	438079.955217614	4696981	123862	4702768	898345	4708571	2488860	4696981	0.83175	4702768	0.99037	4708571	1.07203	4696981	148917.342951608	4702768	907080.182154144	4708571	2321632.79012714	4713548	504	4719335	709	4725139	908	4713548	0.83178	4719335	0.98956	4725139	1.07136	4713548	605.929452499459	4719335	716.480051740167	4725139	847.520908004779
41	4800440	9616	4806228	16386	4812031	469470	4800440	0.83095	4806228	0.99047	4812031	1.07201	4800440	11572.2967687586	4806228	16543.6610901895	4812031	437934.347627354	4817007	123877	4822795	900418	4828582	2488715	4817007	0.83157	4822795	0.9901	4828582	1.07128	4817007	148967.615474344	4822795	909421.27057873	4828582	2323122.80636248	4833559	503	4839346	732	4845134	923	4833559	0.83156	4839346	0.98998	4845134	1.07127	4833559	604.887199961518	4839346	739.408876947009	4845134	861.594182605692
42	4920451	9420	4926239	15676	4932026	467780	4920451	0.83058	4926239	0.98932	4932026	1.07181	4920451	11341.4722242289	4926239	15845.227024623	4932026	436439.294277904	4937003	124122	4942790	899495	4948593	2487315	4937003	0.83084	4942790	0.98982	4948593	1.07268	4937003	149393.385007944	4942790	908746.034632559	4948593	2318785.65835105	4953570	527	4959357	710	4965161	898	4953570	0.83111	4959357	0.98975	4965161	1.07214	4953570	634.091756807162	4959357	717.352866885577	4965161	837.577182084429
43	5040462	9566	5046265	15655	5052068	465721	5040462	0.83052	5046265	0.98949	5052068	1.07214	5040462	11518.0850551462	5046265	15821.2816703554	5052068	434384.502023989	5057029	123842	5062817	897120	5068604	2481727	5057029	0.83144	5062817	0.98962	5068604	1.07104	5057029	148948.811700183	5062817	906529.779107132	5068604	2317118.87511204	5073581	507	5079368	734	5085156	1025	5073581	0.83171	5079368	0.98832	5085156	1.07182	5073581	609.587476404035	5079368	742.674437429173	5085156	956.317292082626
44	5160473	9443	5166261	15591	5172079	464593	5160473	0.83122	5166261	0.98958	5172079	1.07165	5160473	11360.4099997594	5166261	15755.1688595162	5172079	433530.537022349	5177056	124014	5182828	897481	5188631	2482583	5177056	0.83141	5182828	0.99055	5188631	1.07257	5177056	149161.063735101	5182828	906043.107364596	5188631	2314611.63373952	5193607	535	5199395	722	5205183	922	5193607	0.83182	5199395	0.99014	5205183	1.07223	5193607	643.167993075425	5199395	729.189811541802	5205183	859.890135511971
45	5280484	9357	5286272	15361	5292059	464193	5280484	0.83216	5286272	0.99134	5292059	1.07256	5280484	11244.2318784849	5286272	15495.188330946	5292059	432789.773998657	5297036	124178	5302823	896484	5308626	2482828	5297036	0.83217	5302823	0.99099	5308626	1.0729	5297036	149221.913791653	5302823	904634.759180214	5308626	2314128.06412527	5313618	480	5319406	726	5325194	927	5313618	0.83209	5319406	0.9907	5325194	1.07312	5313618	576.860676128784	5319406	732.815181185021	5325194	863.836290442821
46	5400495	9195	5406283	14877	5412086	462500	5400495	0.83165	5406283	0.99139	5412086	1.07248	5400495	11056.3337942644	5406283	15006.2034113719	5412086	431243.473071759	5417062	123508	5422834	896601	5428637	2481579	5417062	0.83163	5422834	0.99025	5428637	1.07257	5417062	148513.160900881	5422834	905428.932087857	5428637	2313675.56429883	5433614	516	5439401	754	5445205	956	5433614	0.83124	5439401	0.99036	5445205	1.0729	5433614	620.759347480872	5439401	761.339310957632	5445205	891.04296765775
47	5520506	9307	5526278	14800	5532097	462349	5520506	0.83094	5526278	0.99082	5532097	1.07277	5520506	11200.5680313861	5526278	14937.1227871864	5532097	430986.138687696	5537073	123967	5542861	897378	5548664	2481030	5537073	0.83186	5542861	0.99095	5548664	1.07251	5537073	149023.874209603	5542861	905573.439628639	5548664	2313293.1161481	5553640	506	5559428	799	5565216	980	5553640	0.83161	5559428	0.99061	5565216	1.07173	5553640	608.458291747334	5559428	806.573727299341	5565216	914.409412818527
48	5640517	9166	5646289	14789	5652092	461195	5640517	0.8316	5646289	0.99107	5652092	1.07199	5640517	11022.126022126	5646289	14922.2557437921	5652092	430223.229694307	5657069	123428	5662841	894662	5668644	2476721	5657069	0.83197	5662841	0.99068	5668644	1.07261	5657069	148356.310924673	5662841	903078.693422699	5668644	2309060.14301564	5673620	557	5679408	750	5685211	895	5673620	0.83195	5679408	0.99083	5685211	1.07259	5673620	669.511388905583	5679408	756.941150348698	5685211	834.428812500583
49	5760528	9171	5766316	14926	5772119	460431	5760528	0.83169	5766316	0.99011	5772119	1.0729	5760528	11026.9451358078	5766316	15075.0926664714	5772119	429146.23916488	5777095	123114	5782867	894001	5788670	2474620	5777095	0.83205	5782867	0.99144	5788670	1.07264	5777095	147964.665585001	5782867	901719.720810135	5788670	2307036.84367542	5793647	542	5799434	755	5805238	959	5793647	0.83193	5799434	0.99191	5805238	1.07315	5793647	651.49712115202	5799434	761.157766329606	5805238	893.630899687835
50	5880539	9102	5886327	14719	5892145	460062	5880539	0.83214	5886327	0.99168	5892145	1.07301	5880539	10938.0633066551	5886327	14842.489512746	5892145	428758.352671457	5897122	123525	5902894	894231	5908681	2472161	5897122	0.83245	5902894	0.99157	5908681	1.07294	5897122	148387.29052796	5902894	901833.45603437	5908681	2304099.949671	5913673	535	5919445	748	5925249	895	5913673	0.83245	5919445	0.99088	5925249	1.07304	5913673	642.681242116644	5919445	754.884547069272	5925249	834.078878699769
51	6000550	9151	6006322	14740	6012125	459800	6000550	0.83215	6006322	0.99045	6012125	1.0735	6000550	10996.8154779787	6006322	14882.1242869403	6012125	428318.584070796	6017102	122537	6022889	893385	6028692	2472333	6017102	0.83178	6022889	0.99111	6028692	1.07363	6017102	147319.002620885	6022889	901398.432061023	6028692	2302779.35601651	6033669	554	6039457	711	6045260	1004	6033669	0.83195	6039457	0.99086	6045260	1.07261	6033669	665.905402968928	6039457	717.558484548776	6045260	936.034532588732
52	6120561	9299	6126349	14415	6132152	457305	6120561	0.83221	6126349	0.99092	6132152	1.07346	6120561	11173.86236647	6126349	14547.0875549994	6132152	426010.284500587	6137128	122866	6142900	893458	6148703	2471593	6137128	0.83196	6142900	0.99069	6148703	1.07322	6137128	147682.580893312	6142900	901854.263190302	6148703	2302969.56821528	6153680	549	6159468	741	6165271	1011	6153680	0.83191	6159468	0.99136	6165271	1.07323	6153680	659.927155581734	6159468	747.458037443512	6165271	942.016156834975
53	6240572	9067	6246360	14252	6252163	456817	6240572	0.8316	6246360	0.99016	6252163	1.07251	6240572	10903.0784030784	6246360	14393.6333521855	6252163	425932.625336827	6257139	122440	6262927	892163	6268715	2467815	6257139	0.83191	6262927	0.99103	6268715	1.07242	6257139	147179.382385114	6262927	900238.136080643	6268715	2301164.65563865	6273707	558	6279479	712	6285282	1011	6273707	0.83247	6279479	0.99121	6285282	1.0735	6273707	670.294425024325	6279479	718.313979883173	6285282	941.779226828132
54	6360583	8995	6366371	14707	6372174	456179	6360583	0.83202	6366371	0.99155	6372174	1.07316	6360583	10811.0381961972	6366371	14832.3332156724	6372174	425080.137165008	6377135	122701	6382922	892828	6388726	2471697	6377135	0.83204	6382922	0.99137	6388726	1.07332	6377135	147470.073554156	6382922	900600.179549512	6388726	2302851.89878135	6393702	524	6399490	823	6405293	969	6393702	0.83181	6399490	0.99131	6405293	1.07382	6393702	629.951551436025	6399490	830.214564566079	6405293	902.385874727608
55	6480594	9196	6486382	14234	6492185	456529	6480594	0.83331	6486382	0.99202	6492185	1.07409	6480594	11035.5089942518	6486382	14348.5010382855	6492185	425037.939092627	6497177	122535	6502949	891616	6508752	2465262	6497177	0.83229	6502949	0.99251	6508752	1.07361	6497177	147226.327361857	6502949	898344.601061954	6508752	2296236.06337497	6513729	564	6519516	747	6525319	973	6513729	0.83297	6519516	0.99197	6525319	1.07379	6513729	677.095213513092	6519516	753.046967146184	6525319	906.136209128414
56	6600605	8938	6606393	14363	6612196	455035	6600605	0.83231	6606393	0.99115	6612196	1.07386	6600605	10738.7872307193	6606393	14491.2475407355	6612196	423737.731175386	6617172	122971	6622944	891915	6628732	2462081	6617172	0.83293	6622944	0.99194	6628732	1.07257	6617172	147636.656141573	6622944	899162.247716596	6628732	2295496.79741182	6633708	571	6639496	788	6645284	904	6633708	0.83226	6639496	0.99106	6645284	1.07333	6633708	686.083675774398	6639496	795.108267915162	6645284	842.238640492672
57	6720616	8974	6726404	14305	6732207	454241	6720616	0.83327	6726404	0.99119	6732207	1.07376	6720616	10769.6184910053	6726404	14432.1472169816	6732207	423037.73655193	6737168	123271	6742955	889322	6748759	2462268	6737168	0.83218	6742955	0.99166	6748759	1.07332	6737168	148130.212213704	6742955	896801.323034105	6748759	2294067.00704357	6753719	532	6759507	839	6765310	977	6753719	0.83296	6759507	0.99157	6765310	1.07429	6753719	638.686131386861	6759507	846.13290034995	6765310	909.437861285128
58	6840627	8845	6846399	14161	6852218	454343	6840627	0.83289	6846399	0.99214	6852218	1.07364	6840627	10619.6496536157	6846399	14273.1872517991	6852218	423180.02309899	6857194	122642	6862982	890563	6868770	2456617	6857194	0.83293	6862982	0.99194	6868770	1.07381	6857194	147241.664965843	6862982	897799.26205214	6868770	2287757.61075051	6873746	560	6879534	756	6885337	985	6873746	0.83283	6879534	0.99229	6885337	1.07413	6873746	672.406133304516	6879534	761.874048917151	6885337	917.021217171106
59	6960638	8931	6966426	14004	6972229	453352	6960638	0.833	6966426	0.99192	6972229	1.07423	6960638	10721.4885954382	6966426	14118.0740382289	6972229	422025.07842827	6977205	122624	6982993	890826	6988796	2458240	6977205	0.83272	6982993	0.99179	6988796	1.07396	6977205	147257.181285426	6982993	898200.223837708	6988796	2288949.30909904	6993773	539	6999560	793	7005363	909	6993773	0.83322	6999560	0.99155	7005363	1.07316	6993773	646.88797676484	6999560	799.757954717362	7005363	847.031197584703
60	7080649	8642	7086437	13928	7092224	452771	7080649	0.83289	7086437	0.99099	7092224	1.0737	7080649	10375.9199894344	7086437	14054.6322364504	7092224	421692.279035112	7097201	122807	7102988	891528	7108792	2457634	7097201	0.83282	7102988	0.99152	7108792	1.07513	7097201	147459.234888691	7102988	899152.815878651	7108792	2285894.72900952	7113768	577	7119556	795	7125359	996	7113768	0.83334	7119556	0.991	7125359	1.07366	7113768	692.394460844313	7119556	802.219979818365	7125359	927.667976826929
61	7200660	8972	7206448	13965	7212251	453012	7200660	0.83303	7206448	0.99236	7212251	1.075	7200660	10770.3203966244	7206448	14072.5140070136	7212251	421406.511627907	7217227	123317	7223015	889203	7228803	2453115	7217227	0.83315	7223015	0.99223	7228803	1.07515	7217227	148012.962851827	7223015	896166.211463068	7228803	2281649.07222248	7233795	574	7239567	767	7245370	998	7233795	0.8335	7239567	0.99283	7245370	1.07559	7233795	688.662267546491	7239567	772.539105385615	7245370	927.862847367491
62	7320671	8886	7326459	13755	7332262	452396	7320671	0.83334	7326459	0.99286	7332262	1.0743	7320671	10663.1146950824	7326459	13853.9169671454	7332262	421107.69803593	7337238	122889	7343026	890058	7348814	2452606	7337238	0.83356	7343026	0.99316	7348814	1.07512	7337238	147426.699937617	7343026	896187.925409803	7348814	2281239.30351961	7353790	588	7359578	735	7365381	973	7353790	0.83397	7359578	0.99264	7365381	1.07518	7353790	705.06133314148	7359578	740.449709864604	7365381	904.964750088357
63	7440682	8862	7446470	13817	7452273	450872	7440682	0.83343	7446470	0.99273	7452273	1.07539	7440682	10633.1665526799	7446470	13918.1852064509	7452273	419263.708979998	7457234	122736	7463021	890624	7468825	2447609	7457234	0.83319	7463021	0.99256	7468825	1.07459	7457234	147308.537068376	7463021	897299.911340372	7468825	2277714.29103193	7473801	518	7479573	769	7485376	916	7473801	0.83313	7479573	0.99319	7485376	1.07474	7473801	621.75170741661	7479573	774.272797752696	7485376	852.299160727246
64	7560693	8630	7566465	13604	7572268	450697	7560693	0.83316	7566465	0.99233	7572268	1.07417	7560693	10358.1544961352	7566465	13709.1491741659	7572268	419576.97571148	7577245	121751	7583032	890084	7588820	2446676	7577245	0.83355	7583032	0.99273	7588820	1.07456	7577245	146063.223561874	7583032	896602.298711634	7588820	2276909.61882073	7593796	542	7599568	829	7605372	986	7593796	0.83291	7599568	0.99219	7605372	1.07519	7593796	650.730571130134	7599568	835.525453794132	7605372	917.047219561194
65	7680704	8971	7686492	13863	7692311	451717	7680704	0.83316	7686492	0.99296	7692311	1.07528	7680704	10767.4396274425	7686492	13961.2874637448	7692311	420092.441038613	7697287	122680	7703075	889854	7708862	2444456	7697287	0.83357	7703075	0.99295	7708862	1.07493	7697287	147174.202526482	7703075	896172.012689461	7708862	2274060.63650656	7713854	565	7719642	749	7725429	987	7713854	0.8335	7719642	0.99263	7725429	1.07528	7713854	677.864427114577	7719642	754.56111542065	7725429	917.90045383528
66	7800715	8954	7806503	13908	7812306	451909	7800715	0.83312	7806503	0.99263	7812306	1.07568	7800715	10747.5513731515	7806503	14011.2630083717	7812306	420114.718131786	7817267	122112	7823054	887140	7828858	2444644	7817267	0.83317	7823054	0.99228	7828858	1.07506	7817267	146563.126372769	7823054	894042.004272987	7828858	2273960.52313359	7833834	578	7839606	800	7845409	985	7833834	0.83315	7839606	0.99249	7845409	1.07513	7833834	693.752625577627	7839606	806.053461495834	7845409	916.168277324603
67	7920726	8835	7926514	13620	7932317	449772	7920726	0.83356	7926514	0.99297	7932317	1.07458	7920726	10599.1170401651	7926514	13716.4264781413	7932317	418556.087029351	7937293	122543	7943081	887270	7948869	2439471	7937293	0.8335	7943081	0.99247	7948869	1.07443	7937293	147022.195560888	7943081	894001.833808579	7948869	2270479.23084798	7953845	556	7959633	744	7965451	895	7953845	0.8333	7959633	0.99148	7965451	1.07458	7953845	667.226689067563	7959633	750.393351353532	7965451	832.883545199055
68	8040737	8763	8046525	13491	8052328	449683	8040737	0.83324	8046525	0.99094	8052328	1.07473	8040737	10516.7778791225	8046525	13614.3459745292	8052328	418414.857685186	8057304	121934	8063092	888211	8068895	2435461	8057304	0.83338	8063092	0.99175	8068895	1.07451	8057304	146312.606494036	8063092	895599.697504412	8068895	2266578.25427404	8073856	561	8079644	773	8085447	954	8073856	0.83254	8079644	0.99215	8085447	1.07418	8073856	673.841497105244	8079644	779.116061079474	8085447	888.119309612914
69	8160748	8727	8166536	13527	8172339	449236	8160748	0.83389	8166536	0.99344	8172339	1.07609	8160748	10465.4091067167	8166536	13616.3230794009	8172339	417470.657658746	8177315	122483	8183103	887697	8188891	2437381	8177315	0.83398	8183103	0.99284	8188891	1.07518	8177315	146865.632269359	8183103	894098.747028726	8188891	2266951.58020052	8193867	506	8199655	780	8205458	958	8193867	0.83333	8199655	0.9918	8205458	1.07563	8193867	607.202428809715	8199655	786.448880822747	8205458	890.640833743946
70	8280759	8580	8286531	13273	8292366	449255	8280759	0.83359	8286531	0.99221	8292366	1.0759	8280759	10292.829808419	8286531	13377.2084538555	8292366	417562.041081885	8297342	122194	8303130	887070	8308933	2436245	8297342	0.83325	8303130	0.99371	8308933	1.07589	8297342	146647.464746475	8303130	892684.988578157	8308933	2264399.70628968	8313909	575	8319697	804	8325500	967	8313909	0.83317	8319697	0.99276	8325500	1.076	8313909	690.135266512236	8319697	809.863411096337	8325500	898.698884758364
71	8400770	8723	8406558	13252	8412361	448420	8400770	0.83382	8406558	0.99335	8412361	1.07518	8400770	10461.4904895541	8406558	13340.7157598027	8412361	417065.049573095	8417322	122172	8423109	887835	8428913	2433060	8417322	0.83339	8423109	0.99301	8428913	1.07552	8417322	146596.431442662	8423109	894084.651715491	8428913	2262217.34602797	8433889	562	8439661	804	8445480	1058	8433889	0.83388	8439661	0.99222	8445480	1.07552	8433889	673.95788362834	8439661	810.304166414707	8445480	983.710205296043
72	8520781	8742	8526569	13439	8532372	447040	8520781	0.83423	8526569	0.99353	8532372	1.07618	8520781	10479.1244620788	8526569	13526.5165621572	8532372	415395.194112509	8537348	122671	8543136	887712	8548924	2432566	8537348	0.83439	8543136	0.99368	8548924	1.07567	8537348	147018.780186723	8543136	893358.022703486	8548924	2261442.6357526	8553916	605	8559688	817	8565491	984	8553916	0.83408	8559688	0.99315	8565491	1.0762	8553916	725.350086322655	8559688	822.635050093138	8565491	914.328191785913
73	8640792	8711	8646580	13360	8652383	448417	8640792	0.83428	8646580	0.99295	8652383	1.07603	8640792	10441.3386393057	8646580	13454.8567400171	8652383	416732.804847448	8657360	122350	8663132	888103	8668935	2432938	8657360	0.83484	8663132	0.99376	8668935	1.07594	8657360	146555.028508457	8663132	893679.560457253	8668935	2261220.88592301	8673911	573	8679699	786	8685502	962	8673911	0.83491	8679699	0.99292	8685502	1.07675	8673911	686.301517528835	8679699	791.604560286831	8685502	893.429301137683
74	8760803	8630	8766591	13046	8772394	448468	8760803	0.83477	8766591	0.99419	8772394	1.07608	8760803	10338.1769828815	8766591	13122.2402156529	8772394	416760.835625604	8777355	122362	8783143	883093	8788946	2429423	8777355	0.83453	8783143	0.99346	8788946	1.0756	8777355	146623.848154051	8783143	888906.448171039	8788946	2258667.72034214	8793922	566	8799710	791	8805513	963	8793922	0.83418	8799710	0.99383	8805513	1.07607	8793922	678.510633196672	8799710	795.910769447491	8805513	894.923192729098
75	8880814	8683	8886586	12998	8892390	446736	8880814	0.8349	8886586	0.99411	8892390	1.07644	8880814	10400.0479099293	8886586	13075.0118196175	8892390	415012.448441158	8897366	122439	8903154	887286	8908957	2427604	8897366	0.83493	8903154	0.99405	8908957	1.07766	8897366	146645.826596242	8903154	892596.951863588	8908957	2252662.24968914	8913933	549	8919721	785	8925524	962	8913933	0.83424	8919721	0.99315	8925524	1.07631	8913933	658.084004602992	8919721	790.414338216785	8925524	893.79453874813
76	9000825	8678	9006597	13059	9012416	446839	9000825	0.83484	9006597	0.99307	9012416	1.07531	9000825	10394.8061904077	9006597	13150.1304036976	9012416	415544.354651217	9017408	122084	9023196	887759	9029015	2427260	9017408	0.83386	9023196	0.99352	9029015	1.07638	9017408	146408.269973377	9023196	893549.198808278	9029015	2255021.46082239	9033991	582	9039763	717	9045566	978	9033991	0.83435	9039763	0.99218	9045566	1.07675	9033991	697.548990231917	9039763	722.651131851076	9045566	908.288832133736
77	9120836	8841	9126624	13205	9132427	447369	9120836	0.83478	9126624	0.99405	9132427	1.07681	9120836	10590.8143462948	9126624	13284.0400382275	9132427	415457.694486493	9137404	122618	9143191	887050	9148994	2424724	9137404	0.83478	9143191	0.99394	9148994	1.07556	9137404	146886.604853974	9143191	892458.297281526	9148994	2254382.83312879	9153971	606	9159758	770	9165546	1027	9153971	0.8337	9159758	0.99334	9165546	1.07635	9153971	726.880172724002	9159758	775.162582801458	9165546	954.150601570121
78	9240847	8631	9246619	13020	9252438	447590	9240847	0.83386	9246619	0.99319	9252438	1.07468	9240847	10350.6583839014	9246619	13109.2741570092	9252438	416486.768154241	9257415	121881	9263202	885645	9269005	2423134	9257415	0.83424	9263202	0.99396	9269005	1.07612	9257415	146098.245109321	9263202	891026.801883376	9269005	2251732.14883099	9273966	557	9279754	787	9285541	970	9273966	0.83438	9279754	0.99275	9285541	1.0761	9273966	667.561542702366	9279754	792.7474187862	9285541	901.403215314562
79	9360858	8438	9366646	13060	9372434	447198	9360858	0.83476	9366646	0.99329	9372434	1.0765	9360858	10108.2945996454	9366646	13148.2245869786	9372434	415418.48583372	9377410	121774	9383198	885132	9389001	2419456	9377410	0.83367	9383198	0.99362	9389001	1.07604	9377410	146069.787805726	9383198	890815.40226646	9389001	2248481.46909037	9393977	567	9399765	791	9405568	992	9393977	0.83462	9399765	0.99362	9405568	1.07623	9393977	679.351081929501	9399765	796.078983917393	9405568	921.736060135845
80	9480869	8770	9486657	12874	9492460	447313	9480869	0.83471	9486657	0.99313	9492460	1.07636	9480869	10506.6430257215	9486657	12963.056196067	9492460	415579.360065406	9497421	121856	9503209	884886	9509012	2420615	9497421	0.83432	9503209	0.99438	9509012	1.07655	9497421	146054.271742257	9503209	889887.165872202	9509012	2248492.87074451	9514004	582	9519776	787	9525579	985	9514004	0.8347	9519776	0.9932	9525579	1.07582	9514004	697.256499341081	9519776	792.388240032219	9525579	915.580673346842
81	9600880	8603	9606652	12701	9612471	447789	9600880	0.83478	9606652	0.99351	9612471	1.07605	9600880	10305.7092886749	9606652	12783.9679520085	9612471	416141.443241485	9617432	121832	9623220	885326	9629023	2420583	9617432	0.83446	9623220	0.99362	9629023	1.07678	9617432	146001.006639024	9623220	891010.647933818	9629023	2247982.87486766	9633999	595	9639787	742	9645574	1023	9633999	0.83466	9639787	0.99356	9645574	1.07508	9633999	712.86511873098	9639787	746.809452876525	9645574	951.557093425606
82	9720891	8504	9726679	12812	9732482	446308	9720891	0.83461	9726679	0.99457	9732482	1.07576	9720891	10189.1901606738	9726679	12881.9489829776	9732482	414876.924221016	9737459	121653	9743246	883159	9749034	2414835	9737459	0.83418	9743246	0.99334	9749034	1.07715	9737459	145835.431201899	9743246	889080.274629029	9749034	2241874.39075338	9754010	607	9759782	813	9765585	1051	9754010	0.83477	9759782	0.99354	9765585	1.07611	9754010	727.146399607077	9759782	818.286128389395	9765585	976.665954224011
83	9840902	8508	9846690	12881	9852493	447738	9840902	0.83405	9846690	0.99323	9852493	1.07581	9840902	10200.8272885319	9846690	12968.798767657	9852493	416186.873146745	9857470	122515	9863257	884603	9869060	2413150	9857470	0.83418	9863257	0.99337	9869060	1.07609	9857470	146868.781318181	9863257	890507.061819866	9869060	2242516.88985122	9874037	580	9879809	760	9885596	988	9874037	0.83415	9879809	0.99361	9885596	1.07602	9874037	695.318587783972	9879809	764.887631968277	9885596	918.198546495419
84	9960913	8539	9966701	12666	9972504	446384	9960913	0.83456	9966701	0.9934	9972504	1.07644	9960913	10231.7388803681	9966701	12750.1509965774	9972504	414685.444613727	9977481	121789	9983253	882843	9989071	2412166	9977481	0.83394	9983253	0.99379	9989071	1.07603	9977481	146040.482528719	9983253	888359.71382284	9989071	2241727.46113027	9994032	573	9999820	831	10005623	995	9994032	0.83467	9999820	0.99412	10005623	1.0771	9994032	686.49885583524	9999820	835.915181265843	10005623	923.776808095813
85	10080924	8415	10086712	12763	10092515	446561	10080924	0.83503	10086712	0.99385	10092515	1.07775	10080924	10077.4822461468	10086712	12841.9781657192	10092515	414345.627464625	10097492	122394	10103264	884600	10109082	2416200	10097492	0.8354	10103264	0.99411	10109082	1.07776	10097492	146509.456547762	10103264	889841.164458661	10109082	2241872.03087886	10114059	536	10119846	788	10125634	972	10114059	0.83539	10119846	0.99469	10125634	1.07811	10114059	641.616490501443	10119846	792.206617136998	10125634	901.577761081893
86	10200935	8615	10206723	12431	10212526	446140	10200935	0.83548	10206723	0.99479	10212526	1.07752	10200935	10311.4377363911	10206723	12496.1047055157	10212526	414043.358823966	10217503	121787	10223290	886687	10229078	2412208	10217503	0.83506	10223290	0.99542	10229078	1.07791	10217503	145842.214930664	10223290	890766.711538848	10229078	2237856.59285098	10234054	612	10239826	776	10245629	951	10234054	0.83552	10239826	0.99488	10245629	1.07688	10234054	732.477977786289	10239826	779.993567063364	10245629	883.106752841542
87	10320946	8351	10326734	12551	10332537	446414	10320946	0.83505	10326734	0.99443	10332537	1.07737	10320946	10000.5987665409	10326734	12621.3006445904	10332537	414355.328253061	10337514	121953	10343301	884386	10349089	2408170	10337514	0.8352	10343301	0.99485	10349089	1.07727	10337514	146016.522988506	10343301	888964.165452078	10349089	2235437.72684657	10354065	541	10359837	834	10365641	969	10354065	0.835	10359837	0.99452	10365641	1.07747	10354065	647.904191616767	10359837	838.595503358404	10365641	899.328983637596
88	10440957	8448	10446745	12389	10452548	445260	10440957	0.83475	10446745	0.99459	10452548	1.07759	10440957	10120.3953279425	10446745	12456.3890648408	10452548	413199.825536614	10457525	122368	10463312	884509	10469100	2409773	10457525	0.83493	10463312	0.99496	10469100	1.07754	10457525	146560.789527266	10463312	888989.507115864	10469100	2236365.23934146	10474076	643	10479864	808	10485652	989	10474076	0.83474	10479864	0.99424	10485652	1.07657	10474076	770.299734048926	10479864	812.681042806566	10485652	918.658331552988
89	10560968	8334	10566756	12486	10572559	445801	10560968	0.83467	10566756	0.99489	10572559	1.07728	10560968	9984.78440581308	10566756	12550.1311702801	10572559	413820.919352443	10577536	121766	10583323	883279	10589111	2409716	10577536	0.83511	10583323	0.9946	10589111	1.07771	10577536	145808.336626313	10583323	888074.602855419	10589111	2235959.58096334	10594087	574	10599859	806	10605663	1011	10594087	0.83424	10599859	0.99299	10605663	1.07735	10594087	688.051400076717	10599859	811.689946525141	10605663	938.413700283102
90	10680979	8466	10686767	12466	10692570	445342	10680979	0.83549	10686767	0.99389	10692570	1.07805	10680979	10132.9758584783	10686767	12542.6355029229	10692570	413099.577941654	10697547	121747	10703334	881637	10709122	2405226	10697547	0.83559	10703334	0.99562	10709122	1.07778	10697547	145701.839418854	10703334	885515.558144674	10709122	2231648.38835384	10714098	583	10719870	795	10725674	1019	10714098	0.83576	10719870	0.99546	10725674	1.07755	10714098	697.568680003829	10719870	798.625760954734	10725674	945.663774302817
91	10800990	8421	10806778	12379	10812581	443791	10800990	0.83427	10806778	0.99447	10812581	1.07787	10800990	10093.8545075335	10806778	12447.8365360443	10812581	411729.614888623	10817558	122274	10823330	883777	10829149	2401517	10817558	0.83501	10823330	0.9944	10829149	1.07679	10817558	146434.174441025	10823330	888754.022526147	10829149	2230255.66730746	10834125	642	10839913	805	10845716	971	10834125	0.83475	10839913	0.99407	10845716	1.0757	10834125	769.092542677448	10839913	809.802126610802	10845716	902.668030119922
92	10921001	8276	10926789	12590	10932592	441855	10921001	0.83215	10926789	0.99212	10932592	1.07529	10921001	9945.322357748	10926789	12689.9971777608	10932592	410917.054934018	10937569	121161	10943356	877319	10949144	2393523	10937569	0.83263	10943356	0.99075	10949144	1.07453	10937569	145516.015517096	10943356	885509.967196568	10949144	2227506.90999786	10954120	620	10959892	815	10965696	913	10954120	0.83264	10959892	0.9916	10965696	1.07416	10954120	744.619523443505	10959892	821.903993545785	10965696	849.966485439786
93	11041012	8269	11046800	12166	11052603	443361	11041012	0.83175	11046800	0.99059	11052603	1.0735	11041012	9941.68920949805	11046800	12281.5695696504	11052603	413005.123428039	11057580	121281	11063367	879363	11069155	2396880	11057580	0.83221	11063367	0.99085	11069155	1.07299	11057580	145733.648958796	11063367	887483.473785134	11069155	2233832.56134726	11074131	599	11079919	805	11085707	946	11074131	0.83161	11079919	0.99066	11085707	1.07222	11074131	720.289558807614	11079919	812.589586740153	11085707	882.28162130906
94	11161024	8416	11166811	12337	11172614	442058	11161024	0.83201	11166811	0.99083	11172614	1.0739	11161024	10115.2630377039	11166811	12451.1772958025	11172614	411637.955116864	11177591	120892	11183363	877205	11189166	2388302	11177591	0.83139	11183363	0.99017	11189166	1.07287	11177591	145409.494942205	11183363	885913.529999899	11189166	2226087.03757212	11194142	558	11199930	805	11205718	1033	11194142	0.8314	11199930	0.99045	11205718	1.07273	11194142	671.157084435891	11199930	812.761875914988	11205718	962.963653482237
95	11281035	8315	11286822	12338	11292625	440997	11281035	0.8321	11286822	0.98966	11292625	1.07263	11281035	9992.78932820574	11286822	12466.9078269305	11292625	411136.179297614	11297602	121488	11303389	878312	11309177	2388836	11297602	0.83136	11303389	0.98994	11309177	1.07252	11297602	146131.639722864	11303389	887237.610360224	11309177	2227311.37880879	11314153	522	11319941	785	11325744	1012	11314153	0.83193	11319941	0.99015	11325744	1.07284	11314153	627.456636976669	11319941	792.809170327728	11325744	943.290705044555
96	11401046	8252	11406833	12525	11412636	441418	11401046	0.83217	11406833	0.99047	11412636	1.07399	11401046	9916.24307533317	11406833	12645.511726756	11412636	411007.551280738	11417613	120523	11423385	880181	11429188	2390657	11417613	0.83107	11423385	0.99043	11429188	1.0734	11417613	145021.478335158	11423385	888685.722363014	11429188	2227181.85205888	11434164	568	11439936	798	11445740	937	11434164	0.83207	11439936	0.98973	11445740	1.07439	11434164	682.634874469696	11439936	806.280500742627	11445740	872.122785952959
97	11521057	8279	11526844	12135	11532647	440774	11521057	0.8323	11526844	0.99114	11532647	1.07444	11521057	9947.13444671393	11526844	12243.4772080634	11532647	410236.029931872	11537624	121166	11543411	878390	11549199	2393757	11537624	0.83268	11543411	0.99095	11549199	1.07365	11537624	145513.282413412	11543411	886412.028861194	11549199	2229550.59842593	11554175	600	11559947	801	11565751	986	11554175	0.83253	11559947	0.99169	11565751	1.07447	11554175	720.694749738748	11559947	807.712087446682	11565751	917.661730899886
98	11641068	8256	11646855	12161	11652658	441173	11641068	0.83116	11646855	0.99067	11652658	1.07357	11641068	9933.10553924636	11646855	12275.5307014445	11652658	410940.134318209	11657635	121387	11663422	875504	11669210	2389506	11657635	0.83224	11663422	0.99101	11669210	1.07458	11657635	145855.762760742	11663422	883446.181168707	11669210	2223665.05983733	11674186	575	11679958	799	11685762	1002	11674186	0.83229	11679958	0.99164	11685762	1.0739	11674186	690.864962933593	11679958	805.73595256343	11685762	933.047769810969
99	11761079	8267	11766866	12241	11772685	438987	11761079	0.83293	11766866	0.99067	11772685	1.07279	11761079	9925.20379863854	11766866	12356.2841309417	11772685	409201.241622312	11777646	120678	11783418	881389	11789221	2388079	11777646	0.83295	11783418	0.99138	11789221	1.07507	11777646	144880.24491266	11783418	889052.633702516	11789221	2221324.19284326	11794197	566	11799985	812	11805773	976	11794197	0.83275	11799985	0.99153	11805773	1.0747	11794197	679.675773041129	11799985	818.93639123375	11805773	908.160416860519
100	11881090	8302	11886877	12313	11892680	439883	11881090	0.83204	11886877	0.99133	11892680	1.07351	11881090	9977.88567857315	11886877	12420.6873594061	11892680	409761.436782145	11897657	121168	11903429	878886	11909232	2388212	11897657	0.8331	11903429	0.99162	11909232	1.07491	11897657	145442.323850678	11903429	886313.305500091	11909232	2221778.56750798	11914208	618	11919980	836	11925784	1015	11914208	0.8324	11919980	0.99125	11925784	1.07534	11914208	742.431523306103	11919980	843.379571248424	11925784	943.88751464653
101	12001101	8250	12006888	12170	12012691	439743	12001101	0.83254	12006888	0.99087	12012691	1.07336	12001101	9909.43378095948	12006888	12282.1359007741	12012691	409688.268614444	12017668	120827	12023455	877552	12029243	2383431	12017668	0.8323	12023455	0.9912	12029243	1.07369	12017668	145172.413793103	12023455	885343.018563358	12029243	2219850.23610167	12034219	629	12039991	853	12045795	931	12034219	0.83285	12039991	0.99195	12045795	1.07393	12034219	755.238038062076	12039991	859.922375119714	12045795	866.909388880095
102	12121112	7993	12126899	11846	12132702	438294	12121112	0.8329	12126899	0.99114	12132702	1.07456	12121112	9596.590226918	12126899	11951.8937788809	12132702	407882.29600953	12137663	121239	12143451	879806	12149254	2384048	12137663	0.83191	12143451	0.99286	12149254	1.07447	12137663	145735.71660396	12143451	886132.989545354	12149254	2218812.99617486	12154246	562	12160018	729	12165821	1016	12154246	0.83244	12160018	0.99127	12165821	1.0731	12154246	675.123732641392	12160018	735.420218507571	12165821	946.789674774019
103	12241123	7953	12246910	11843	12252713	438327	12241123	0.83275	12246910	0.99202	12252713	1.07392	12241123	9550.28519963975	12246910	11938.2673736417	12252713	408156.101013111	12257690	121498	12263477	878303	12269265	2382302	12257690	0.83286	12263477	0.99135	12269265	1.07447	12257690	145880.460101338	12263477	885966.611186766	12269265	2217188.00897187	12274241	549	12280029	801	12285817	1044	12274241	0.8336	12280029	0.99244	12285817	1.07454	12274241	658.589251439539	12280029	807.101688767079	12285817	971.578535931655
104	12361134	7878	12366906	11540	12372709	437852	12361134	0.83315	12366906	0.99254	12372709	1.07502	12361134	9455.68024965492	12366906	11626.7354464304	12372709	407296.608435192	12377685	121165	12383473	877987	12389276	2381772	12377685	0.83302	12383473	0.99181	12389276	1.07389	12377685	145452.69021152	12383473	885237.091781692	12389276	2217891.96286398	12394268	554	12400040	790	12405828	956	12394268	0.8333	12400040	0.99272	12405828	1.07463	12394268	664.826593063723	12400040	795.793375775647	12405828	889.608516419605
105	12481145	8086	12486932	11754	12492735	438350	12481145	0.83343	12486932	0.99089	12492735	1.07447	12481145	9702.07455935112	12486932	11862.0633975517	12492735	407968.579857977	12497712	120705	12503484	878062	12509287	2380700	12497712	0.83354	12503484	0.99215	12509287	1.074	12497712	144810.0870984	12503484	885009.323187018	12509287	2216666.66666667	12514263	632	12520051	808	12525839	970	12514263	0.83344	12520051	0.99242	12525839	1.07379	12514263	758.302937224035	12520051	814.171419358739	12525839	903.342366757001
106	12601156	7959	12606943	11714	12612746	438104	12601156	0.83355	12606943	0.99261	12612746	1.07306	12601156	9548.31743746626	12606943	11801.2109489125	12612746	408275.399325294	12617723	121712	12623510	878797	12629298	2380441	12617723	0.83316	12623510	0.99236	12629298	1.07459	12617723	146084.785635412	12623510	885562.699020517	12629298	2215208.59118361	12634274	591	12640047	813	12645850	1005	12634274	0.833	12640047	0.99191	12645850	1.07465	12634274	709.483793517407	12640047	819.63081327943	12645850	935.188200809566
107	12721167	8004	12726954	11697	12732757	436887	12721167	0.83298	12726954	0.99229	12732757	1.07554	12721167	9608.87416264496	12726954	11787.8845901904	12732757	406202.465738141	12737734	120588	12743521	876703	12749325	2381372	12737734	0.8335	12743521	0.99091	12749325	1.0754	12737734	144676.664667067	12743521	884745.335096023	12749325	2214405.8024921	12754301	573	12760089	825	12765892	964	12754301	0.83283	12760089	0.99211	12765892	1.07468	12754301	688.015561399085	12760089	831.56101641955	12765892	897.011203334946
108	12841178	8061	12846965	11819	12852768	437154	12841178	0.83308	12846965	0.99205	12852768	1.07427	12841178	9676.1415470303	12846965	11913.7140265108	12852768	406931.21840878	12857729	120714	12863532	878460	12869336	2379007	12857729	0.83324	12863532	0.99223	12869336	1.07477	12857729	144873.025778887	12863532	885339.084688026	12869336	2213503.35420602	12874312	608	12880100	794	12885887	1017	12874312	0.83296	12880100	0.99202	12885887	1.07459	12874312	729.92700729927	12880100	800.38708896998	12885887	946.407467033938
109	12961189	8053	12966961	11475	12972764	437757	12961189	0.83335	12966961	0.99213	12972764	1.07491	12961189	9663.40673186536	12966961	11566.0246137099	12972764	407249.909294732	12977740	120548	12983528	878913	12989347	2379591	12977740	0.83365	12983528	0.99269	12989347	1.075	12977740	144602.650992623	12983528	885385.165560245	12989347	2213573.02325581	12994323	613	13000111	788	13005898	999	12994323	0.83332	13000111	0.9925	13005898	1.07439	12994323	735.611769788317	13000111	793.954659949622	13005898	929.82995001815
110	13081200	8121	13086987	11390	13092790	436759	13081200	0.83314	13086987	0.99197	13092790	1.07456	13081200	9747.46141104736	13086987	11482.2020827243	13092790	406453.804347826	13097767	121200	13103555	876991	13109358	2379467	13097767	0.83341	13103555	0.99254	13109358	1.07566	13097767	145426.620750891	13103555	883582.525641284	13109358	2212099.54818437	13114334	559	13120106	753	13125894	1010	13114334	0.83338	13120106	0.99256	13125894	1.07499	13114334	670.762437303511	13120106	758.644313693883	13125894	939.543623661615
111	13201211	8101	13206998	11674	13212802	436028	13201211	0.8333	13206998	0.9924	13212802	1.07597	13201211	9721.58886355454	13206998	11763.4018540911	13212802	405241.781834066	13217778	120372	13223566	876649	13229353	2371911	13217778	0.83336	13223566	0.99234	13229353	1.07466	13217778	144441.777863108	13223566	883415.966301873	13229353	2207126.90525375	13234330	528	13240102	834	13245905	1036	13234330	0.83342	13240102	0.99251	13245905	1.07536	13234330	633.534112452305	13240102	840.293800566241	13245905	963.398303823836
112	13321222	7953	13327009	11534	13332797	436451	13321222	0.83344	13327009	0.99269	13332797	1.07495	13321222	9542.37857554233	13327009	11618.9344105411	13332797	406019.81487511	13337773	121231	13343577	877352	13349364	2370834	13337773	0.83345	13343577	0.99179	13349364	1.07472	13337773	145456.836042954	13343577	884614.686576796	13349364	2206001.56319786	13354356	620	13360128	826	13365916	1036	13354356	0.83417	13360128	0.99199	13365916	1.07445	13354356	743.253773211696	13360128	832.669684170203	13365916	964.214249150728
113	13441233	7997	13447020	11698	13452824	435714	13441233	0.83348	13447020	0.99298	13452824	1.07393	13441233	9594.71133080578	13447020	11780.7005176338	13452824	405719.180952204	13457800	121866	13463588	876477	13469391	2375653	13457800	0.83378	13463588	0.99206	13469391	1.07524	13457800	146160.85778023	13463588	883491.925891579	13469391	2209416.50236226	13474367	586	13480139	777	13485927	1033	13474367	0.83262	13480139	0.9931	13485927	1.07535	13474367	703.802454901396	13480139	782.398549994965	13485927	960.61747338076
114	13561244	7945	13567031	11623	13572835	436348	13561244	0.83275	13567031	0.99296	13572835	1.07474	13561244	9540.67847493245	13567031	11705.4060586529	13572835	406003.312429053	13577811	121129	13583599	876884	13589402	2370046	13577811	0.83304	13583599	0.99247	13589402	1.07478	13577811	145405.982905983	13583599	883537.033865003	13589402	2205145.23902566	13594378	601	13600166	803	13605969	964	13594378	0.83369	13600166	0.99186	13605969	1.07552	13594378	720.891458455781	13600166	809.590063113746	13605969	896.310621838738
115	13681255	7998	13687042	11604	13692830	436252	13681255	0.83272	13687042	0.99218	13692830	1.07503	13681255	9604.6690364108	13687042	11695.4584853555	13692830	405804.489177046	13697806	121284	13703594	877709	13709397	2367863	13697806	0.83301	13703594	0.9922	13709397	1.07441	13697806	145597.291749199	13703594	884608.949808506	13709397	2203872.82322391	13714374	611	13720161	831	13725964	1017	13714374	0.83372	13720161	0.9917	13725964	1.07562	13714374	732.859952981816	13720161	837.955026721791	13725964	945.501199308306
116	13801266	8066	13807053	11610	13812857	433574	13801266	0.83328	13807053	0.99164	13812857	1.07494	13801266	9679.81950844854	13807053	11707.8778589004	13812857	403347.163562617	13817833	120971	13823621	875013	13829424	2368226	13817833	0.83355	13823621	0.99228	13829424	1.0748	13817833	145127.466858617	13823621	881820.655460152	13829424	2203410.86713807	13834385	571	13840172	785	13845960	1016	13834385	0.83272	13840172	0.99221	13845960	1.07453	13834385	685.704678643482	13840172	791.16316102438	13845960	945.52967343862
117	13921277	8065	13927064	11502	13932868	434991	13921277	0.83347	13927064	0.9927	13932868	1.07421	13921277	9676.4130682568	13927064	11586.5820489574	13932868	404940.374787053	13937844	120771	13943632	874949	13949435	2365931	13937844	0.83342	13943632	0.99212	13949435	1.07468	13937844	144910.129346548	13943632	881898.359069467	13949435	2201521.38310939	13954411	595	13960183	803	13965971	1003	13954411	0.83384	13960183	0.99303	13965971	1.07581	13954411	713.566151779718	13960183	808.63619427409	13965971	932.320762960002
118	14041288	8047	14047075	11480	14052894	435122	14041288	0.83334	14047075	0.99208	14052894	1.07519	14041288	9656.322749418	14047075	11571.6474477865	14052894	404693.12400599	14057855	120936	14063643	875736	14069430	2362809	14057855	0.83327	14063643	0.99265	14069430	1.07458	14057855	145134.230201495	14063643	882220.319347202	14069430	2198820.93469076	14074422	596	14080194	813	14085982	969	14074422	0.83305	14080194	0.99273	14085982	1.07465	14074422	715.44325070524	14080194	818.953794082983	14085982	901.688921974597
119	14161299	7901	14167086	11653	14172890	434303	14161299	0.83307	14167086	0.99351	14172890	1.07486	14161299	9484.19700625398	14167086	11729.1220017916	14172890	404055.411867592	14177866	120534	14183654	875315	14189457	2362621	14177866	0.83349	14183654	0.99228	14189457	1.07566	14177866	144613.612640824	14183654	882125.0050389	14189457	2196438.46568618	14194433	589	14200205	770	14205993	944	14194433	0.83326	14200205	0.99263	14205993	1.07559	14194433	706.862203873941	14200205	775.717034544594	14205993	877.657843602116
120	14281310	8018	14287097	11713	14292885	436865	14281310	0.83337	14287097	0.99332	14292885	1.07518	14281310	9621.1766682266	14287097	11791.7690170338	14292885	406318.01186778	14297861	120786	14303633	876576	14309437	2366943	14297861	0.83394	14303633	0.99319	14309437	1.07624	14297861	144837.758112094	14303633	882586.41347577	14309437	2199270.60878614	14314429	580	14320201	779	14326004	1002	14314429	0.83342	14320201	0.99324	14326004	1.07536	14314429	695.927623527153	14320201	784.301880713624	14326004	931.780984972474
121	14401321	8031	14407108	11585	14412912	435669	14401321	0.83378	14407108	0.99198	14412912	1.07583	14401321	9632.03722804577	14407108	11678.6628762677	14412912	404960.820947548	14417904	120575	14423676	876098	14429479	2366033	14417904	0.8336	14423676	0.99368	14429479	1.07508	14417904	144643.714011516	14423676	881670.155382014	14429479	2200797.14997954	14434455	568	14440227	790	14446015	974	14434455	0.83492	14440227	0.99293	14446015	1.07442	14434455	680.304699851483	14440227	795.625069239523	14446015	906.535619217811
122	14521332	8037	14527119	11675	14532923	435910	14521332	0.83352	14527119	0.99289	14532923	1.07608	14521332	9642.24013820904	14527119	11758.6036721087	14532923	405090.69957624	14537899	120447	14543687	876267	14549505	2360482	14537899	0.83422	14543687	0.99357	14549505	1.0757	14537899	144382.776725564	14543687	881937.860442646	14549505	2194368.31830436	14554482	581	14560269	800	14566073	1000	14554482	0.83419	14560269	0.99376	14566073	1.07591	14554482	696.484014433163	14560269	805.023345677025	14566073	929.445771486463
123	14641343	8001	14647130	11534	14652934	435665	14641343	0.83355	14647130	0.99302	14652934	1.07652	14641343	9598.70433687241	14647130	11615.0732110129	14652934	404697.543937874	14657910	120233	14663698	876144	14669501	2360637	14657910	0.83447	14663698	0.9928	14669501	1.07608	14657910	144083.070691577	14663698	882497.985495568	14669501	2193737.45446435	14674477	572	14680265	811	14686052	966	14674477	0.83441	14680265	0.99322	14686052	1.07558	14674477	685.514315504368	14680265	816.536114858742	14686052	898.120084047677
124	14761354	7906	14767141	11543	14772945	434437	14761354	0.83409	14767141	0.99363	14772945	1.07554	14761354	9478.59343715906	14767141	11617.0002918591	14772945	403924.540230954	14777921	120960	14783709	875893	14789512	2359599	14777921	0.83448	14783709	0.9934	14789512	1.07695	14777921	144952.54529767	14783709	881712.30118784	14789512	2191001.43924973	14794488	613	14800260	801	14806064	980	14794488	0.83422	14800260	0.99262	14806064	1.07634	14794488	734.818153484692	14800260	806.955330337894	14806064	910.492966906368
125	14881365	8057	14887152	11696	14892956	434688	14881365	0.83465	14887152	0.9935	14892956	1.07615	14881365	9653.14802611873	14887152	11772.5213890287	14892956	403928.820331738	14897932	121147	14903720	876422	14909523	2359070	14897932	0.83402	14903720	0.99333	14909523	1.0759	14897932	145256.708472219	14903720	882306.987607341	14909523	2192648.01561483	14914515	562	14920303	761	14926090	1013	14914515	0.83439	14920303	0.99377	14926090	1.07668	14914515	673.545943743334	14920303	765.770751783612	14926090	940.855221607163
126	15001376	8031	15007148	11577	15012951	434380	15001376	0.83427	15007148	0.99308	15012951	1.07582	15001376	9626.37994893739	15007148	11657.6710839006	15012951	403766.429328326	15017927	121214	15023699	874947	15029503	2358137	15017927	0.83432	15023699	0.9928	15029503	1.07538	15017927	145284.782817145	15023699	881292.30459307	15029503	2192840.67027469	15034479	615	15040267	782	15046070	1020	15034479	0.83427	15040267	0.99308	15046070	1.07614	15034479	737.171419324679	15040267	787.449148104886	15046070	947.832066459754
127	15121387	7926	15127174	11490	15132993	434238	15121387	0.83444	15127174	0.99303	15132993	1.07595	15121387	9498.58587795408	15127174	11570.6474124649	15132993	403585.668479019	15137970	120507	15143757	877254	15149561	2357679	15137970	0.83452	15143757	0.99298	15149561	1.07655	15137970	144402.770454872	15143757	883455.86013817	15149561	2190032.04681622	15154537	572	15160309	810	15166112	955	15154537	0.83421	15160309	0.9934	15166112	1.07528	15154537	685.678666043323	15160309	815.381518018925	15166112	888.140763336061
128	15241398	8026	15247185	11573	15252973	434418	15241398	0.83438	15247185	0.99375	15252973	1.077	15241398	9619.11838730554	15247185	11645.786163522	15252973	403359.331476323	15257949	121064	15263737	875540	15269540	2357713	15257949	0.83514	15263737	0.99412	15269540	1.07656	15257949	144962.521253921	15263737	880718.625518046	15269540	2190043.28602215	15274517	586	15280304	805	15286108	967	15274517	0.8342	15280304	0.99434	15286108	1.07738	15274517	702.469431790937	15280304	809.582235452662	15286108	897.547754738347
129	15361409	7966	15367196	11538	15373000	433048	15361409	0.83431	15367196	0.99417	15373000	1.07683	15361409	9548.0097325934	15367196	11605.6610036513	15373000	402150.757315454	15377976	121476	15383748	875968	15389551	2352657	15377976	0.83426	15383748	0.99359	15389551	1.07544	15377976	145609.282477885	15383748	881619.178936986	15389551	2187622.74045972	15394528	591	15400315	777	15406103	978	15394528	0.83386	15400315	0.99268	15406103	1.07621	15394528	708.752068692586	15400315	782.729580529476	15406103	908.744575872739
130	15481420	7933	15487208	11491	15492995	434553	15481420	0.83425	15487208	0.99273	15492995	1.07679	15481420	9509.13994605933	15487208	11575.1513503168	15492995	403563.368902014	15497972	120893	15503775	874514	15509578	2353166	15497972	0.83437	15503775	0.99329	15509578	1.07572	15497972	144891.355154188	15503775	880421.629131472	15509578	2187526.49388317	15514554	578	15520342	793	15526145	1016	15514554	0.83378	15520342	0.9939	15526145	1.07737	15514554	693.228429561755	15520342	797.866988630647	15526145	943.037210986013
131	15601431	7908	15607203	11573	15613006	433402	15601431	0.83414	15607203	0.9933	15613006	1.07718	15601431	9480.42295058384	15607203	11651.0621161784	15613006	402348.725375518	15617983	120563	15623770	877285	15629573	2355611	15617983	0.83491	15623770	0.99407	15629573	1.07828	15617983	144402.390676839	15623770	882518.333718954	15629573	2184600.47483029	15634550	635	15640337	816	15646125	1014	15634550	0.83429	15640337	0.99367	15646125	1.07637	15634550	761.126227091299	15640337	821.198184507935	15646125	942.055241227459
132	15721442	7790	15727230	11425	15733033	432380	15721442	0.83397	15727230	0.99294	15733033	1.07646	15721442	9340.86358022471	15727230	11506.2340121256	15733033	401668.43171135	15738009	120522	15743797	874887	15749600	2352865	15738009	0.83478	15743797	0.99304	15749600	1.07668	15738009	144375.763674261	15743797	881018.891484734	15749600	2185296.46691682	15754576	611	15760348	788	15766136	1062	15754576	0.834	15760348	0.99397	15766136	1.0773	15754576	732.613908872902	15760348	792.780466211254	15766136	985.797827903091
133	15841453	8071	15847225	11700	15853028	432021	15841453	0.83384	15847225	0.99305	15853028	1.07622	15841453	9679.31497649429	15847225	11781.8840944565	15853028	401424.429949267	15858020	121145	15863808	876925	15869611	2351347	15858020	0.83454	15863808	0.99337	15869611	1.07613	15858020	145163.802813526	15863808	882777.816926221	15869611	2185002.74130449	15874587	602	15880375	836	15886163	952	15874587	0.83439	15880375	0.99316	15886163	1.07582	15874587	721.485156821151	15880375	841.757622135406	15886163	884.906396980908
134	15961464	7972	15967252	11621	15973055	433760	15961464	0.83398	15967252	0.99205	15973055	1.07594	15961464	9558.98222978968	15967252	11714.1273121314	15973055	403145.15679313	15978031	120466	15983819	874610	15989622	2348852	15978031	0.83424	15983819	0.99296	15989622	1.07597	15978031	144402.090525508	15983819	880810.908797938	15989622	2183008.81994851	15994614	602	16000402	784	16006205	1041	15994614	0.83419	16000402	0.99438	16006205	1.07591	15994614	721.658135436771	16000402	788.430982119512	16006205	967.553048117408
135	16081475	7941	16087263	11751	16093066	434039	16081475	0.83483	16087263	0.99414	16093066	1.07795	16081475	9512.11623923434	16087263	11820.2667632325	16093066	402652.256598172	16098027	121099	16103814	875942	16109633	2348968	16098027	0.83443	16103814	0.99391	16109633	1.07669	16098027	145127.811799672	16103814	881309.172862734	16109633	2181656.74428108	16114609	573	16120381	784	16126169	958	16114609	0.83478	16120381	0.99413	16126169	1.07658	16114609	686.408395026235	16120381	788.629253719333	16126169	889.854910921622
136	16201486	7722	16207274	11440	16213077	432631	16201486	0.83458	16207274	0.99323	16213077	1.07672	16201486	9252.55817297323	16207274	11517.9767022744	16213077	401804.554573148	16218038	120998	16223825	875088	16229628	2346132	16218038	0.83419	16223825	0.99424	16229628	1.0767	16218038	145048.490152124	16223825	880157.708400386	16229628	2179002.5076623	16234605	575	16240392	861	16246180	957	16234605	0.83497	16240392	0.99408	16246180	1.07592	16234605	688.647496317233	16240392	866.127474649928	16246180	889.471336158822
137	16321497	7959	16327269	11708	16333088	432686	16321497	0.83446	16327269	0.99386	16333088	1.07646	16321497	9537.90475277425	16327269	11780.3312337754	16333088	401952.696802482	16338064	121014	16343852	875006	16349655	2350043	16338064	0.83429	16343852	0.99368	16349655	1.07663	16338064	145050.282275947	16343852	880571.2100475	16349655	2182776.81283264	16354647	600	16360435	751	16366222	1007	16354647	0.83389	16360435	0.99348	16366222	1.07638	16354647	719.519361066808	16360435	755.928654829488	16366222	935.543209647151
138	16441508	7992	16447280	11686	16453099	434953	16441508	0.83442	16447280	0.99258	16453099	1.07643	16441508	9577.9104048321	16447280	11773.3583187249	16453099	404069.934877326	16458060	120183	16463863	872741	16469666	2344018	16458060	0.8348	16463863	0.99349	16469666	1.07671	16458060	143966.219453761	16463863	878459.773123031	16469666	2177018.881593	16474642	607	16480446	792	16486233	1029	16474642	0.83517	16480446	0.9942	16486233	1.07717	16474642	726.798136906259	16480446	796.620398310199	16486233	955.280967720973
139	16561519	7874	16567307	11670	16573110	433514	16561519	0.8345	16567307	0.99306	16573110	1.07631	16561519	9435.59017375674	16567307	11751.5557972328	16573110	402778.010052866	16578086	120882	16583874	874095	16589677	2342890	16578086	0.83454	16583874	0.99381	16589677	1.07594	16578086	144848.659141563	16583874	879539.348567634	16589677	2177528.48671859	16594669	608	16600441	751	16606229	1032	16594669	0.83474	16600441	0.99319	16606229	1.07663	16594669	728.370510578144	16600441	756.149377259135	16606229	958.546575889581
140	16681530	7973	16687318	11625	16693121	431713	16681530	0.83446	16687318	0.99386	16693121	1.07575	16681530	9554.68206984157	16687318	11696.8184653774	16693121	401313.502207762	16698097	120591	16703885	874012	16709704	2343829	16698097	0.83384	16703885	0.99296	16709704	1.07638	16698097	144621.270267677	16703885	880208.669029971	16709704	2177510.73041119	16714680	616	16720468	830	16726255	993	16714680	0.8344	16720468	0.99389	16726255	1.07712	16714680	738.255033557047	16720468	835.102476129149	16726255	921.902852049911
141	16801541	8143	16807329	11666	16813132	433672	16801541	0.83504	16807329	0.99332	16813132	1.07726	16801541	9751.62866449511	16807329	11744.4529456771	16813132	402569.481833541	16818108	120394	16823896	874222	16829699	2343459	16818108	0.83481	16823896	0.99358	16829699	1.07637	16818108	144217.247038248	16823896	879870.770345619	16829699	2177187.2125756	16834691	620	16840463	815	16846266	989	16834691	0.83432	16840463	0.99354	16846266	1.07655	16834691	743.120145747435	16840463	820.299132395273	16846266	918.67539826297
142	16921552	7783	16927340	11683	16933143	433056	16921552	0.83389	16927340	0.99375	16933143	1.07686	16921552	9333.3653119716	16927340	11756.4779874214	16933143	402146.982894712	16938119	120593	16943907	874594	16949710	2339737	16938119	0.83425	16943907	0.99417	16949710	1.07684	16938119	144552.592148636	16943907	879722.783829727	16949710	2172780.54307047	16954686	630	16960474	798	16966262	1032	16954686	0.83378	16960474	0.99322	16966262	1.07605	16954686	755.595001079422	16960474	803.44737319023	16966262	959.063240555736
143	17041563	7965	17047351	11684	17053154	432659	17041563	0.83408	17047351	0.99377	17053154	1.07662	17041563	9549.44369844619	17047351	11757.2476528774	17053154	401867.88281845	17058115	120052	17063902	872703	17069721	2341218	17058115	0.83445	17063902	0.99327	17069721	1.07728	17058115	143869.61471628	17063902	878616.086260534	17069721	2173267.85979504	17074697	563	17080470	805	17086273	1031	17074697	0.83509	17080470	0.9944	17086273	1.07711	17074697	674.178831024201	17080470	809.533386967015	17086273	957.191001847537
144	17161574	7970	17167362	11575	17173165	432718	17161574	0.83485	17167362	0.99429	17173165	1.07719	17161574	9546.62514224112	17167362	11641.4728097436	17173165	401710.004734541	17178126	120573	17183913	872990	17189732	2337536	17178126	0.83434	17183913	0.99317	17189732	1.0768	17178126	144513.02826186	17183913	878993.525781085	17189732	2170817.23625557	17194693	583	17200481	842	17206268	987	17194693	0.8341	17200481	0.99399	17206268	1.0768	17194693	698.956959597171	17200481	847.091017012244	17206268	916.604754829123
145	17281585	7948	17287373	11421	17293176	431640	17281585	0.83504	17287373	0.99352	17293176	1.07661	17281585	9518.10691703391	17287373	11495.4907802561	17293176	400925.126090228	17298168	121211	17303955	873389	17309759	2335534	17298168	0.83471	17303955	0.99263	17309759	1.07627	17298168	145213.307615819	17303955	879873.668940088	17309759	2170026.1086902	17314735	606	17320523	802	17326310	955	17314735	0.83442	17320523	0.99301	17326310	1.07752	17314735	726.252966132164	17320523	807.645441637043	17326310	886.29445393125
146	17401596	8014	17407384	11550	17413187	432213	17401596	0.83438	17407384	0.99393	17413187	1.07626	17401596	9604.73645101752	17407384	11620.5366575111	17413187	401587.906268002	17418163	119906	17423951	874459	17429770	2333778	17418163	0.83456	17423951	0.99316	17429770	1.07667	17418163	143675.709355828	17423951	880481.493414958	17429770	2167588.95483296	17434746	626	17440534	817	17446321	1031	17434746	0.83407	17440534	0.99395	17446321	1.07717	17434746	750.536525711271	17440534	821.9729362644	17446321	957.1376848594
147	17521607	7957	17527395	11598	17533198	432423	17521607	0.83424	17527395	0.99387	17533198	1.07719	17521607	9538.02263137706	17527395	11669.5342449214	17533198	401436.144041441	17538174	120802	17543962	873133	17549765	2332633	17538174	0.83501	17543962	0.99329	17549765	1.07603	17538174	144671.321301541	17543962	879031.300023155	17549765	2167814.09440257	17554742	622	17560514	781	17566317	1036	17554742	0.83472	17560514	0.99375	17566317	1.07789	17554742	745.160053670692	17560514	785.911949685535	17566317	961.137036246741
148	17641618	7827	17647406	11357	17653209	431059	17641618	0.83428	17647406	0.99355	17653209	1.07774	17641618	9381.74234070096	17647406	11430.7281968698	17653209	399965.668899735	17658185	120097	17663973	875951	17669776	2334448	17658185	0.83403	17663973	0.99348	17669776	1.07728	17658185	143996.019327842	17663973	881699.681926159	17669776	2166983.51403535	17674753	616	17680540	824	17686343	965	17674753	0.83478	17680540	0.99273	17686343	1.07723	17674753	737.918972663456	17680540	830.034349722482	17686343	895.81612097695
149	17761629	7798	17767417	11514	17773220	431811	17761629	0.83504	17767417	0.99233	17773220	1.07715	17761629	9338.47480360222	17767417	11602.9949714309	17773220	400882.885392007	17778196	121145	17783968	872772	17789772	2334261	17778196	0.83439	17783968	0.99404	17789772	1.07764	17778196	145189.899207804	17783968	878004.909259185	17789772	2166086.07698304	17794748	600	17800536	788	17806339	1004	17794748	0.83503	17800536	0.99405	17806339	1.07705	17794748	718.537058548795	17800536	792.716664151703	17806339	932.17585070331
150	17881640	7910	17887428	11617	17893231	430317	17881640	0.83468	17887428	0.99419	17893231	1.07784	17881640	9476.68567594767	17887428	11684.8892062885	17893231	399240.146960588	17898207	120285	17903995	876052	17909798	2329186	17898207	0.83529	17903995	0.99427	17909798	1.07755	17898207	144003.878892361	17903995	881100.707051405	17909798	2161557.23632314	17914759	648	17920531	802	17926334	990	17914759	0.83464	17920531	0.99423	17926334	1.07823	17914759	776.382632032972	17920531	806.654395864136	17926334	918.171447650316
151	18001651	8090	18007439	11639	18013242	430837	18001651	0.83538	18007439	0.99408	18013242	1.07723	18001651	9684.21556656851	18007439	11708.3132142282	18013242	399948.943122639	18018203	119860	18023990	873020	18029794	2331032	18018203	0.83496	18023990	0.99452	18029794	1.07787	18018203	143551.786911948	18023990	877830.511201384	18029794	2162628.1462514	18034770	597	18040558	784	18046345	1011	18034770	0.83539	18040558	0.99366	18046345	1.07698	18034770	714.636277666719	18040558	789.002274419822	18046345	938.736095377816
152	18121662	7823	18127450	11562	18133253	432255	18121662	0.83531	18127450	0.99466	18133253	1.0776	18121662	9365.38530605404	18127450	11624.0725474031	18133253	401127.505567929	18138229	120476	18144017	875005	18149820	2328866	18138229	0.83517	18144017	0.99394	18149820	1.07783	18138229	144253.265802172	18144017	880339.859548866	18149820	2160698.81150089	18154797	568	18160569	821	18166372	994	18154797	0.83499	18160569	0.99375	18166372	1.07819	18154797	680.247667636738	18160569	826.163522012579	18166372	921.915432344949
153	18241673	8015	18247461	11474	18253264	431332	18241673	0.83504	18247461	0.99325	18253264	1.07739	18241673	9598.34259436674	18247461	11551.9758368991	18253264	400348.99154438	18258256	121402	18264028	876571	18269831	2331482	18258256	0.83531	18264028	0.99456	18269831	1.07777	18258256	145337.65907268	18264028	881365.629021879	18269831	2163246.33270549	18274808	566	18280580	808	18286367	1051	18274808	0.83583	18280580	0.99466	18286367	1.07827	18274808	677.171195099482	18280580	812.337884302174	18286367	974.709488347075
154	18361684	8037	18367472	11649	18373275	431203	18361684	0.83553	18367472	0.99425	18373275	1.07844	18361684	9619.04419949014	18367472	11716.3691224541	18373275	399839.583101517	18378251	120855	18384039	871662	18389858	2324727	18378251	0.83579	18384039	0.99417	18389858	1.07747	18378251	144599.720025365	18384039	876773.590029874	18389858	2157579.32935488	18394834	588	18400606	755	18406409	1015	18394834	0.8354	18400606	0.99493	18406409	1.07917	18394834	703.854440986354	18400606	758.847356095404	18406409	940.537635404987
155	18481695	7881	18487483	11541	18493286	430798	18481695	0.83514	18487483	0.99487	18493286	1.07871	18481695	9436.74114519721	18487483	11600.5106194779	18493286	399364.055214098	18498262	120563	18504050	874009	18509853	2325244	18498262	0.83558	18504050	0.99407	18509853	1.07766	18498262	144286.603317456	18504050	879222.791151529	18509853	2157678.67416439	18514830	572	18520617	777	18526405	1012	18514830	0.83529	18520617	0.99349	18526405	1.07838	18514830	684.79210813011	18520617	782.091415112382	18526405	938.444704093177
156	18601706	7970	18607494	11398	18613297	431865	18601706	0.83518	18607494	0.99346	18613297	1.07835	18601706	9542.85303766853	18607494	11473.0336400056	18613297	400486.854917235	18618273	121121	18624061	877714	18629864	2323785	18618273	0.83524	18624061	0.9945	18629864	1.07778	18618273	145013.409319477	18624061	882568.124685772	18629864	2156084.72972221	18634841	615	18640613	771	18646416	993	18634841	0.83551	18640613	0.99457	18646416	1.0776	18634841	736.077365920216	18640613	775.209386971254	18646416	921.492204899777
157	18721717	7802	18727505	11564	18733292	430589	18721717	0.83509	18727505	0.99424	18733292	1.07782	18721717	9342.70557664443	18727505	11630.9945284841	18733292	399499.916498117	18738269	120440	18744056	877531	18749860	2321581	18738269	0.83511	18744056	0.99412	18749860	1.07724	18738269	144220.521847421	18744056	882721.401842836	18749860	2155119.56481378	18754836	555	18760624	797	18766411	1056	18754836	0.83501	18760624	0.99449	18766411	1.07824	18754836	664.662698650316	18760624	801.415801063862	18766411	979.373794331503
158	18841728	7889	18847516	11530	18853319	430795	18841728	0.83554	18847516	0.99503	18853319	1.07817	18841728	9441.798118582	18847516	11587.5903239098	18853319	399561.293673539	18858311	120579	18864083	873537	18869886	2323667	18858311	0.83579	18864083	0.99541	18869886	1.07835	18858311	144269.493533065	18864083	877565.023457671	18869886	2154835.62850651	18874863	598	18880635	803	18886438	976	18874863	0.83578	18880635	0.99469	18886438	1.07909	18874863	715.499294072603	18880635	807.286692336306	18886438	904.465799886942
159	18961739	7857	18967527	11428	18973330	429800	18961739	0.83539	18967527	0.99518	18973330	1.07785	18961739	9405.18799602581	18967527	11483.3497457746	18973330	398756.784339194	18978306	120467	18984078	873105	18989882	2319454	18978306	0.83556	18984078	0.99457	18989882	1.07819	18978306	144175.163961894	18984078	877871.844113537	18989882	2151247.9247628	18994858	623	19000646	823	19006433	1013	18994858	0.83514	19000646	0.99471	19006433	1.07813	18994858	745.982709485835	19000646	827.376823395764	19006433	939.589845380427
160	19081750	7826	19087538	11573	19093341	430903	19081750	0.83573	19087538	0.99437	19093341	1.07866	19081750	9364.26836418461	19087538	11638.5248951597	19093341	399479.910259025	19098317	120781	19104105	874384	19109908	2319991	19098317	0.83585	19104105	0.99434	19109908	1.07787	19098317	144500.807561165	19104105	879361.184303156	19109908	2152384.79594014	19114885	624	19120672	815	19126460	1018	19114885	0.8354	19120672	0.99429	19126460	1.07836	19114885	746.947570026335	19120672	819.680374940913	19126460	944.026113728254
161	19201761	8003	19207549	11308	19213352	430951	19201761	0.83503	19207549	0.99448	19213352	1.07817	19201761	9584.08679927667	19207549	11370.7666318076	19213352	399705.983286495	19218328	120379	19224116	877162	19229919	2320851	19218328	0.83533	19224116	0.99471	19229919	1.07817	19218328	144109.513605401	19224116	881826.864111148	19229919	2152583.54433902	19234911	575	19240683	845	19246471	988	19234911	0.83576	19240683	0.99487	19246471	1.07812	19234911	687.996554034651	19240683	849.357202448561	19246471	916.410047119059
162	19321772	7994	19327560	11544	19333363	430422	19321772	0.83598	19327560	0.9941	19333363	1.07738	19321772	9562.42972319912	19327560	11612.5138316065	19333363	399508.065863484	19338339	120474	19344127	873850	19349930	2318424	19338339	0.83513	19344127	0.99535	19349930	1.07814	19338339	144257.780225833	19344127	877932.385593008	19349930	2150392.34236741	19354907	595	19360679	771	19366482	991	19354907	0.8355	19360679	0.99458	19366482	1.07808	19354907	712.14841412328	19360679	775.201592632066	19366482	919.226773523301
163	19441783	7929	19447555	11401	19453374	431283	19441783	0.83665	19447555	0.99519	19453374	1.07742	19441783	9477.08121675731	19447555	11456.1038595645	19453374	400292.365094392	19458350	120368	19464122	872373	19469941	2317064	19458350	0.83547	19464122	0.99461	19469941	1.0783	19458350	144072.198882066	19464122	877100.57208353	19469941	2148812.01891867	19474918	649	19480737	796	19486540	1013	19474918	0.83541	19480737	0.99424	19486540	1.07807	19474918	776.864054775499	19480737	800.611522368845	19486540	939.642138265604
164	19561794	7961	19567582	11431	19573385	429745	19561794	0.83583	19567582	0.99452	19573385	1.07715	19561794	9524.66410633741	19567582	11493.9870490287	19573385	398964.860975723	19578361	120814	19584149	871633	19589952	2315525	19578361	0.83563	19584149	0.99359	19589952	1.07827	19578361	144578.342089202	19584149	877256.212320977	19589952	2147444.51760691	19594944	609	19600716	784	19606504	1057	19594944	0.83534	19600716	0.99535	19606504	1.07908	19594944	729.044460938061	19600716	787.662631235244	19606504	979.538125069504
165	19681805	8162	19687593	11425	19693396	431477	19681805	0.8355	19687593	0.99503	19693396	1.07821	19681805	9769.00059844405	19687593	11482.0658673608	19693396	400179.00038026	19698357	120767	19704145	875492	19709948	2316713	19698357	0.83533	19704145	0.99492	19709948	1.07759	19698357	144574.000694336	19704145	879962.208016725	19709948	2149902.09634462	19714924	573	19720712	770	19726499	971	19714924	0.8352	19720712	0.99555	19726499	1.07792	19714924	686.063218390805	19720712	773.441816081563	19726499	900.808965414873
166	19801816	8146	19807604	11560	19813407	430452	19801816	0.8359	19807604	0.9947	19813407	1.07822	19801816	9745.18483072138	19807604	11621.5944505881	19813407	399224.648031014	19818368	120501	19824156	873895	19829959	2317841	19818368	0.83613	19824156	0.99522	19829959	1.07853	19818368	144117.541530623	19824156	878092.281103676	19829959	2149074.20285018	19834935	615	19840723	823	19846526	989	19834935	0.83546	19840723	0.99483	19846526	1.07885	19834935	736.121418140905	19840723	827.277022204799	19846526	916.716874449646
167	19921827	7871	19927615	11710	19933418	429565	19921827	0.83582	19927615	0.99381	19933418	1.07808	19921827	9417.09937546362	19927615	11782.9363761685	19933418	398453.732561591	19938395	121126	19944167	871553	19949970	2315789	19938395	0.83556	19944167	0.99432	19949970	1.07857	19938395	144963.856575231	19944167	876531.70005632	19949970	2147091.98290329	19954946	562	19960734	807	19966521	1027	19954946	0.83546	19960734	0.99518	19966521	1.07857	19954946	672.683312187298	19960734	810.908579352479	19966521	952.186691638002
168	20041838	7949	20047626	11587	20053429	430686	20041838	0.83545	20047626	0.99514	20053429	1.07837	20041838	9514.63283260518	20047626	11643.5878368873	20053429	399386.110518653	20058390	120228	20064178	873080	20069965	2309844	20058390	0.83531	20064178	0.99477	20069965	1.07808	20058390	143932.192838587	20064178	877670.21522563	20069965	2142553.42831701	20074957	598	20080745	824	20086532	997	20074957	0.83573	20080745	0.99486	20086532	1.07834	20074957	715.542100917761	20080745	828.257242225037	20086532	924.569245321513
169	20161849	7984	20167637	11434	20173440	429283	20161849	0.83646	20167637	0.99535	20173440	1.07807	20161849	9544.9872079956	20167637	11487.416486663	20173440	398195.849991188	20178417	120902	20184204	871336	20189992	2311032	20178417	0.83586	20184204	0.99483	20189992	1.07863	20178417	144643.839877491	20184204	875864.218007097	20189992	2142562.32443006	20194968	564	20200740	798	20206543	1033	20194968	0.83554	20200740	0.99493	20206543	1.08006	20194968	675.012566723317	20200740	802.066477038586	20206543	956.428346573338
170	20281860	7966	20287648	11553	20293467	430280	20281860	0.83572	20287648	0.99467	20293467	1.07829	20281860	9531.90063657685	20287648	11614.9074567444	20293467	399039.219504957	20298428	120620	20304200	873734	20309987	2313567	20298428	0.83623	20304200	0.99529	20309987	1.07921	20298428	144242.61267833	20304200	877868.7618684	20309987	2143759.78725179	20314979	628	20320751	763	20326554	1013	20314979	0.83545	20320751	0.99484	20326554	1.07819	20314979	751.690705607756	20320751	766.957500703631	20326554	939.537558315325
171	20401871	8050	20407659	11528	20413462	429902	20401871	0.83632	20407659	0.99541	20413462	1.07851	20401871	9625.50220011479	20407659	11581.1575129846	20413462	398607.337901364	20418439	119813	20424211	870892	20430014	2310299	20418439	0.83623	20424211	0.99557	20430014	1.07943	20418439	143277.567176495	20424211	874767.218779192	20430014	2140295.34105963	20434990	609	20440778	797	20446565	1031	20434990	0.83665	20440778	0.99578	20446565	1.07859	20434990	727.90294627383	20440778	800.377593444335	20446565	955.877580915825
172	20521882	7926	20527670	11514	20533473	429793	20521882	0.83631	20527670	0.99551	20533473	1.07885	20521882	9477.34691681315	20527670	11565.9310303262	20533473	398380.68313482	20538450	120204	20544222	874173	20550025	2311120	20538450	0.83591	20544222	0.99558	20550025	1.07912	20538450	143800.169874747	20544222	878053.99867414	20550025	2141670.991178	20554986	599	20560773	801	20566576	1002	20554986	0.83629	20560773	0.99437	20566576	1.0781	20554986	716.258714082436	20560773	805.535162967507	20566576	929.412855950283
173	20641893	7881	20647681	11409	20653484	427660	20641893	0.8364	20647681	0.99433	20653484	1.07874	20641893	9422.52510760402	20647681	11474.0579083403	20653484	396443.999480876	20658445	120195	20664233	873348	20670020	2308137	20658445	0.83594	20664233	0.99577	20670020	1.07884	20658445	143784.242888246	20664233	877057.955150286	20670020	2139461.82937229	20675012	587	20680784	748	20686587	1043	20675012	0.83631	20680784	0.99549	20686587	1.07858	20675012	701.892838779878	20680784	751.388763322585	20686587	967.012182684641
174	20761904	7951	20767692	11405	20773495	430597	20761904	0.83606	20767692	0.99528	20773495	1.08024	20761904	9510.08300839653	20767692	11459.0868901214	20773495	398612.345404725	20778472	119899	20784259	873309	20790047	2306703	20778472	0.83643	20784259	0.99558	20790047	1.07964	20778472	143346.12579654	20784259	877186.162839752	20790047	2136548.29387574	20795023	585	20800811	838	20806598	1017	20795023	0.83656	20800811	0.99438	20806598	1.0792	20795023	699.292340059291	20800811	842.736177316519	20806598	942.36471460341
175	20881915	8004	20887703	11370	20893506	430574	20881915	0.83636	20887703	0.99469	20893506	1.07901	20881915	9570.04160887656	20887703	11430.6970010757	20893506	399045.42126579	20898467	120348	20904255	873814	20910058	2308586	20898467	0.83609	20904255	0.99519	20910058	1.07865	20898467	143941.441710821	20904255	878037.359700158	20910058	2140254.94831502	20915034	634	20920822	819	20926609	1005	20915034	0.83682	20920822	0.99516	20926609	1.0787	20915034	757.630075763008	20920822	822.983238876161	20926609	931.67701863354
176	21001926	7903	21007714	11559	21013517	430491	21001926	0.83671	21007714	0.99519	21013517	1.07968	21001926	9445.32753283695	21007714	11614.8675127363	21013517	398720.917308832	21018478	120422	21024266	872884	21030069	2303833	21018478	0.83632	21024266	0.9953	21030069	1.08002	21018478	143990.338626363	21024266	877005.927860947	21030069	2133139.2011259	21035045	622	21040817	807	21046620	1011	21035045	0.83661	21040817	0.99597	21046620	1.07862	21035045	743.476649812936	21040817	810.265369438839	21046620	937.308783445514
177	21121937	7955	21127725	11594	21133528	429560	21121937	0.83631	21127725	0.99484	21133528	1.07862	21121937	9512.02305365236	21127725	11654.1353383459	21133528	398249.615249115	21138505	120298	21144277	876094	21150080	2302579	21138505	0.83586	21144277	0.99514	21150080	1.07952	21138505	143921.230828129	21144277	880372.61088892	21150080	2132965.57729361	21155056	605	21160844	909	21166631	1048	21155056	0.83565	21160844	0.99466	21166631	1.07878	21155056	723.987315263567	21160844	913.880119839945	21166631	971.467769146628
178	21241948	7925	21247736	11317	21253539	430230	21241948	0.83584	21247736	0.99454	21253539	1.07937	21241948	9481.47970903522	21247736	11379.1300500734	21253539	398593.624058479	21258516	120327	21264288	873638	21270106	2298999	21258516	0.8364	21264288	0.99567	21270106	1.07886	21258516	143862.984218078	21264288	877437.30352426	21270106	2130952.11612257	21275083	567	21280855	831	21286658	946	21275083	0.8363	21280855	0.99625	21286658	1.07953	21275083	677.98636852804	21280855	834.127979924718	21286658	876.307281872667
179	21361959	7818	21367747	11414	21373566	429844	21361959	0.83648	21367747	0.99578	21373566	1.07894	21361959	9346.30833970926	21367747	11462.3712064914	21373566	398394.720744434	21378542	120662	21384345	875019	21390149	2302546	21378542	0.83577	21384345	0.99569	21390149	1.07842	21378542	144372.255524845	21384345	878806.656690335	21390149	2135110.62480295	21395125	572	21400897	816	21406685	994	21395125	0.83648	21400897	0.99564	21406685	1.07965	21395125	683.817903596022	21400897	819.57333976136	21406685	920.668735238272
180	21481970	7736	21487758	11510	21493561	430076	21481970	0.83623	21487758	0.99526	21493561	1.07945	21481970	9251.04337323464	21487758	11564.8172336877	21493561	398421.418314883	21498538	120625	21504310	875901	21510113	2297929	21498538	0.836	21504310	0.9959	21510113	1.07866	21498538	144288.277511962	21504310	879506.978612311	21510113	2130355.25559491	21515089	575	21520877	819	21526665	1011	21515089	0.83609	21520877	0.99523	21526665	1.08001	21515089	687.725005681207	21520877	822.925353938286	21526665	936.102443495894
181	21601981	7904	21607769	11568	21613572	429207	21601981	0.83633	21607769	0.99552	21613572	1.07922	21601981	9450.81486972846	21607769	11620.0578592093	21613572	397701.117473731	21618549	120830	21624336	872385	21630124	2297229	21618549	0.83669	21624336	0.99572	21630124	1.07885	21618549	144414.299202811	21624336	876134.857188768	21630124	2129331.23233072	21635116	634	21640888	829	21646691	1063	21635116	0.83611	21640888	0.99604	21646691	1.07939	21635116	758.273432921506	21640888	832.295891731256	21646691	984.815497642187
182	21721992	7899	21727780	11414	21733583	431486	21721992	0.8366	21727780	0.99614	21733583	1.07993	21721992	9441.78819029405	21727780	11458.2287630253	21733583	399549.970831443	21738560	120523	21744332	872456	21750135	2298189	21738560	0.8365	21744332	0.996	21750135	1.07975	21738560	144080.095636581	21744332	875959.83935743	21750135	2128445.47348923	21755111	614	21760899	836	21766687	1022	21755111	0.83682	21760899	0.99596	21766687	1.07992	21755111	733.730073373007	21760899	839.391140206434	21766687	946.366397510927
183	21842003	7888	21847791	11621	21853594	430061	21842003	0.83659	21847791	0.99595	21853594	1.07956	21842003	9428.75243548213	21847791	11668.2564385762	21853594	398366.927266664	21858571	119936	21864358	873425	21870146	2301638	21858571	0.83636	21864358	0.9959	21870146	1.0801	21858571	143402.362618968	21864358	877020.7852194	21870146	2130948.98620498	21875138	662	21880910	800	21886713	998	21875138	0.83747	21880910	0.99622	21886713	1.07956	21875138	790.476076754988	21880910	803.035474092068	21886713	924.450702137908
184	21962014	7931	21967802	11565	21973605	429510	21962014	0.83614	21967802	0.9959	21973605	1.07919	21962014	9485.25366565408	21967802	11612.6117080028	21973605	397992.939148806	21978582	120236	21984354	872224	21990157	2297687	21978582	0.83725	21984354	0.99614	21990157	1.07932	21978582	143608.24126605	21984354	875603.830786837	21990157	2128828.33635993	21995149	614	22000921	855	22006724	961	21995149	0.83683	22000921	0.99614	22006724	1.07999	21995149	733.721305402531	22000921	858.313088521694	22006724	889.823053917166
185	22082025	7781	22087813	11445	22093632	429598	22082025	0.83683	22087813	0.99537	22093632	1.07984	22082025	9298.18481650993	22087813	11498.2368365532	22093632	397834.864424359	22098593	119921	22104380	871268	22110184	2294833	22098593	0.83664	22104380	0.99591	22110184	1.07991	22098593	143336.441002104	22104380	874846.120633391	22110184	2125022.455575	22115160	596	22120948	843	22126751	1035	22115160	0.83603	22120948	0.99605	22126751	1.0792	22115160	712.893077999594	22120948	846.343055067517	22126751	959.043736100816
186	22202036	8000	22207824	11280	22213627	429366	22202036	0.83708	22207824	0.99633	22213627	1.0795	22202036	9557.03158598939	22207824	11321.550088826	22213627	397745.252431681	22218604	120281	22224391	871790	22230195	2292996	22218604	0.83611	22224391	0.99629	22230195	1.07855	22218604	143857.865591848	22224391	875036.384988307	22230195	2125998.79467804	22235171	587	22240959	859	22246746	986	22235171	0.83628	22240959	0.99527	22246746	1.08001	22235171	701.918017888745	22240959	863.082379655772	22246746	912.954509680466
187	22322048	7909	22327835	11441	22333638	427618	22322048	0.83646	22327835	0.99513	22333638	1.07986	22322048	9455.32362575616	22327835	11496.9903429703	22333638	395993.925138444	22338615	120692	22344387	873858	22350174	2288200	22338615	0.83606	22344387	0.99455	22350174	1.07873	22338615	144358.060426285	22344387	878646.624101353	22350174	2121198.07551473	22355166	629	22360938	819	22366742	1002	22355166	0.83649	22360938	0.99523	22366742	1.07821	22355166	751.951607311504	22360938	822.925353938286	22366742	929.318036375103
188	22442059	7984	22447846	11564	22453649	428936	22442059	0.837	22447846	0.99533	22453649	1.07889	22442059	9538.82915173238	22447846	11618.2572614108	22453649	397571.578196109	22458626	120898	22464413	872716	22470201	2295318	22458626	0.83679	22464413	0.99577	22470201	1.07941	22458626	144478.303995029	22464413	876423.270433936	22470201	2126456.11954679	22475193	654	22480965	860	22486768	1034	22475193	0.8365	22480965	0.99545	22486768	1.07907	22475193	781.829049611476	22480965	863.930885529158	22486768	958.232552105053
189	22562070	7640	22567857	11398	22573660	428727	22562070	0.83637	22567857	0.99631	22573660	1.07911	22562070	9134.71310544376	22567857	11440.2143911032	22573660	397296.846475336	22578637	120150	22584424	871462	22590228	2290344	22578637	0.836	22584424	0.99482	22590228	1.07941	22578637	143720.09569378	22584424	875999.678333769	22590228	2121848.04661806	22595204	587	22600992	841	22606779	989	22595204	0.83668	22600992	0.99557	22606779	1.07981	22595204	701.582444901277	22600992	844.742207981358	22606779	915.901871625564
190	22682081	7754	22687868	11363	22693671	428958	22682081	0.83683	22687868	0.99551	22693671	1.08	22682081	9265.92019884564	22687868	11414.2499824211	22693671	397183.333333333	22698648	119536	22704435	872022	22710239	2291320	22698648	0.83695	22704435	0.99704	22710239	1.08017	22698648	142823.346675429	22704435	874610.848110407	22710239	2121258.69076164	22715215	579	22721003	716	22726790	975	22715215	0.83678	22721003	0.99588	22726790	1.07951	22715215	691.93814383709	22721003	718.962123950677	22726790	903.187557317672
191	22802092	7874	22807879	11301	22813682	429468	22802092	0.83737	22807879	0.99587	22813682	1.07915	22802092	9403.25065383283	22807879	11347.8666894273	22813682	397968.771718482	22818659	120562	22824431	873788	22830234	2290822	22818659	0.83738	22824431	0.99712	22830234	1.08013	22818659	143975.256156106	22824431	876311.777920411	22830234	2120876.19082888	22835210	609	22840998	775	22846801	1046	22835210	0.83692	22840998	0.99598	22846801	1.08045	22835210	727.668116426899	22840998	778.128074860941	22846801	968.115137211347
192	22922103	7888	22927890	11426	22933693	429372	22922103	0.83586	22927890	0.99601	22933693	1.08006	22922103	9436.98705524849	22927890	11471.7723717633	22933693	397544.580856619	22938670	120772	22944457	871653	22950245	2286980	22938670	0.8364	22944457	0.99648	22950245	1.07932	22938670	144395.026303204	22944457	874732.056840077	22950245	2118908.20146018	22955237	619	22961009	878	22966797	991	22955237	0.83676	22961009	0.99593	22966797	1.07943	22955237	739.758114632631	22961009	881.588063418112	22966797	918.077133301835
193	23042114	7958	23047901	11538	23053720	428503	23042114	0.837	23047901	0.99679	23053720	1.07993	23042114	9507.76583034648	23047901	11575.1562515675	23053720	396787.754761883	23058696	119802	23064468	873456	23070256	2290299	23058696	0.83669	23064468	0.99581	23070256	1.0793	23058696	143185.648209014	23064468	877131.179642703	23070256	2122022.60724544	23075232	581	23081020	818	23086823	965	23075232	0.83689	23081020	0.99612	23086823	1.07984	23075232	694.236996498943	23081020	821.186202465566	23086823	893.650911246111
194	23162125	7836	23167912	11450	23173715	428821	23162125	0.83618	23167912	0.99627	23173715	1.07864	23162125	9371.18802171781	23167912	11492.8683991288	23173715	397557.108952014	23178692	119690	23184479	869743	23190283	2286211	23178692	0.83685	23184479	0.99563	23190283	1.08014	23178692	143024.436876382	23184479	873560.459206734	23190283	2116587.664562	23195259	606	23201047	849	23206834	1025	23195259	0.83665	23201047	0.99701	23206834	1.07944	23195259	724.317217474452	23201047	851.546122907493	23206834	949.566441858741
195	23282136	7776	23287923	11352	23293742	428593	23282136	0.83643	23287923	0.99621	23293742	1.08003	23282136	9296.653635092	23287923	11395.1877616165	23293742	396834.347194059	23298718	119409	23304490	870820	23310294	2286863	23298718	0.83612	23304490	0.99574	23310294	1.08022	23298718	142813.232550352	23304490	874545.564103079	23310294	2117034.49297365	23315270	585	23321058	747	23326845	1003	23315270	0.83618	23321058	0.9952	23326845	1.07936	23315270	699.610131789806	23321058	750.602893890675	23326845	929.254372961755
196	23402147	7767	23407934	11420	23413753	427646	23402147	0.83681	23407934	0.9958	23413753	1.07875	23402147	9281.67684420597	23407934	11468.1662984535	23413753	396427.346465817	23418714	119865	23424501	870859	23430305	2281781	23418714	0.8359	23424501	0.99588	23430305	1.07966	23418714	143396.339275033	23424501	874461.782544082	23430305	2113425.52284979	23435281	643	23441069	765	23446856	1008	23435281	0.83653	23441069	0.99549	23446856	1.08009	23435281	768.651453026192	23441069	768.465780670826	23446856	933.255562036497
197	23522158	7836	23527961	11601	23533764	428738	23522158	0.83661	23527961	0.99604	23533764	1.07984	23522158	9366.37142754689	23527961	11647.1226055179	23533764	397038.450140762	23538740	120660	23544512	873761	23550316	2284464	23538740	0.83734	23544512	0.99618	23550316	1.0801	23538740	144099.171184943	23544512	877111.566182818	23550316	2115048.6066105	23555292	591	23561064	852	23566867	1020	23555292	0.83593	23561064	0.99561	23566867	1.08001	23555292	706.996997356238	23561064	855.75677223009	23566867	944.435699669448
198	23642169	7865	23647956	11561	23653775	429425	23642169	0.83613	23647956	0.99623	23653775	1.07958	23642169	9406.43201416048	23647956	11604.74990715	23653775	397770.429241001	23658751	120317	23664539	867984	23670327	2281157	23658751	0.83643	23664539	0.99564	23670327	1.07989	23658751	143845.868751719	23664539	871784.982523804	23670327	2112397.55901064	23675319	625	23681091	817	23686878	1014	23675319	0.83712	23681091	0.99603	23686878	1.08027	23675319	746.607415902141	23681091	820.256417979378	23686878	938.654225332556
199	23762180	7696	23767967	11485	23773770	429247	23762180	0.8369	23767967	0.99594	23773770	1.08037	23762180	9195.84179710838	23767967	11531.8191858947	23773770	397314.808815498	23778747	119480	23784534	871293	23790322	2280572	23778747	0.83696	23784534	0.99623	23790322	1.08021	23778747	142754.731408908	23784534	874590.205073126	23790322	2111230.22375279	23795298	583	23801086	843	23806889	983	23795298	0.83719	23801086	0.99619	23806889	1.08044	23795298	696.37716647356	23801086	846.224113873859	23806889	909.814520010366
200	23882191	7735	23887978	11497	23893797	428997	23882191	0.83696	23887978	0.9963	23893797	1.08071	23882191	9241.77977442172	23887978	11539.6968784503	23893797	396958.480998603	23898773	119900	23904545	873301	23910349	2281308	23898773	0.83722	23904545	0.99656	23910349	1.08016	23898773	143212.058957024	23904545	876315.525407402	23910349	2112009.33195082	23915325	630	23921097	779	23926900	996	23915325	0.83739	23921097	0.99589	23926900	1.08066	23915325	752.337620463583	23921097	782.214903252367	23926900	921.658986175115
201	24002202	7887	24007989	11427	24013792	429117	24002202	0.83675	24007989	0.99606	24013792	1.08142	24002202	9425.75440693158	24007989	11472.2004698512	24013792	396808.825433227	24018769	120231	24024556	874583	24030344	2281789	24018769	0.83759	24024556	0.99678	24030344	1.08123	24018769	143543.977363627	24024556	877408.254579747	24030344	2110364.12234215	24035321	580	24041108	803	24046911	982	24035321	0.83781	24041108	0.99697	24046911	1.08089	24035321	692.281066112842	24041108	805.440484668546	24046911	908.510579244882
202	24122213	7927	24128000	11478	24133803	429445	24122213	0.83767	24128000	0.99638	24133803	1.08061	24122213	9463.15374789595	24128000	11519.701318774	24133803	397409.796318746	24138795	119871	24144568	871402	24150371	2279349	24138795	0.83742	24144568	0.99606	24150371	1.08011	24138795	143143.225621552	24144568	874848.904684457	24150371	2110293.396043	24155347	609	24161119	872	24166922	1037	24155347	0.83742	24161119	0.99697	24166922	1.08025	24155347	727.23364619904	24161119	874.65019007593	24166922	959.962971534367
203	24242224	7763	24248027	11470	24253830	429113	24242224	0.8374	24248027	0.99757	24253830	1.08113	24242224	9270.36064007643	24248027	11497.9399941859	24253830	396911.564751695	24258807	119549	24264579	870473	24270366	2278425	24258807	0.83754	24264579	0.99708	24270366	1.08077	24258807	142738.257277264	24264579	873022.224896698	24270366	2108149.74508915	24275358	641	24281130	763	24286933	989	24275358	0.83782	24281130	0.99719	24286933	1.0802	24275358	765.08080494617	24281130	765.150071701481	24286933	915.571190520274
204	24362235	7812	24368022	11479	24373826	428578	24362235	0.83724	24368022	0.9963	24373826	1.0797	24362235	9330.65787587789	24368022	11521.6300311151	24373826	396941.743076781	24378802	119646	24384590	869711	24390393	2273447	24378802	0.83632	24384590	0.99629	24390393	1.08037	24378802	143062.464128563	24384590	872949.643176184	24390393	2104322.59318567	24395369	567	24401157	799	24406944	996	24395369	0.83763	24401157	0.99647	24406944	1.07999	24395369	676.909852798969	24401157	801.830461529198	24406944	922.230761395939
205	24482246	8048	24488033	11555	24493852	429126	24482246	0.83668	24488033	0.99634	24493852	1.08031	24482246	9618.9702156141	24488033	11597.4466547564	24493852	397224.870638983	24498829	119802	24504601	871290	24510404	2278787	24498829	0.83735	24504601	0.99645	24510404	1.08161	24498829	143072.789156267	24504601	874394.099051633	24510404	2106847.2000074	24515380	577	24521168	798	24526955	1038	24515380	0.83828	24521168	0.99831	24526955	1.08144	24515380	688.31416710407	24521168	799.350903026114	24526955	959.831335996449
206	24602257	7782	24608044	11369	24613863	428923	24602257	0.83688	24608044	0.99643	24613863	1.08142	24602257	9298.82420418698	24608044	11409.7327459029	24613863	396629.431673171	24618824	119709	24624627	871435	24630415	2275606	24618824	0.83745	24624627	0.99662	24630415	1.08063	24618824	142944.653412144	24624627	874390.439686139	24630415	2105814.20097536	24635407	602	24641179	802	24646966	946	24635407	0.83784	24641179	0.99633	24646966	1.08122	24635407	718.514274801872	24641179	804.95418184738	24646966	874.937570522188
207	24722268	7677	24728055	11460	24733874	429245	24722268	0.83763	24728055	0.99726	24733874	1.08123	24722268	9165.14451488127	24728055	11491.4866734854	24733874	396996.938671698	24738851	120059	24744623	871943	24750426	2274651	24738851	0.83747	24744623	0.99681	24750426	1.08056	24738851	143359.165104422	24744623	874733.399544547	24750426	2105066.81720589	24755402	610	24761190	793	24766977	999	24755402	0.83717	24761190	0.99658	24766977	1.08033	24755402	728.645316960713	24761190	795.721367075398	24766977	924.717447446614
208	24842279	7843	24848066	11475	24853885	428421	24842279	0.83716	24848066	0.99727	24853885	1.08076	24842279	9368.579483014	24848066	11506.4125061418	24853885	396407.157925904	24858846	119874	24864634	871910	24870437	2271847	24858846	0.83761	24864634	0.99762	24870437	1.08077	24858846	143114.33722138	24864634	873990.096429502	24870437	2102063.34372716	24875413	589	24881201	800	24886988	1013	24875413	0.83781	24881201	0.99761	24886988	1.08035	24875413	703.023358518041	24881201	801.9165806277	24886988	937.659091960939
209	24962290	7830	24968077	11322	24973896	428280	24962290	0.8373	24968077	0.99686	24973896	1.08004	24962290	9351.48692225009	24968077	11357.6630620147	24973896	396540.868856709	24978857	120135	24984645	872547	24990448	2272853	24978857	0.83701	24984645	0.99664	24990448	1.08065	24978857	143528.751149927	24984645	875488.641836571	24990448	2103227.68704021	24995424	597	25001196	778	25007015	1031	24995424	0.83773	25001196	0.99739	25007015	1.08077	24995424	712.640110775548	25001196	780.035893682511	25007015	953.949498968328
210	25082301	7925	25088088	11405	25093907	428674	25082301	0.83695	25088088	0.99652	25093907	1.0809	25082301	9468.90495250612	25088088	11444.828001445	25093907	396589.8788047	25098868	120008	25104656	872817	25110459	2271954	25098868	0.83791	25104656	0.99764	25110459	1.08089	25098868	143223.019178671	25104656	874881.720861232	25110459	2101928.96594473	25115435	613	25121223	799	25127026	982	25115435	0.83872	25121223	0.99688	25127026	1.08079	25115435	730.875619992369	25121223	801.50068212824	25127026	908.594639106579
211	25202312	7873	25208115	11381	25213918	429321	25202312	0.83815	25208115	0.99736	25213918	1.08085	25202312	9393.30668734713	25208115	11411.1253709794	25213918	397206.827959476	25218879	119498	25224667	873646	25230470	2273658	25218879	0.8375	25224667	0.99662	25230470	1.08109	25218879	142684.179104478	25224667	876608.938211153	25230470	2103116.29929053	25235462	593	25241234	810	25247037	966	25235462	0.83823	25241234	0.99667	25247037	1.08161	25235462	707.443064552689	25241234	812.706312019023	25247037	893.113044443006
212	25322323	7728	25328110	11553	25333929	427974	25322323	0.8376	25328110	0.99715	25333929	1.07978	25322323	9226.36103151863	25328110	11586.0201574487	25333929	396352.960788309	25338890	120475	25344662	871459	25350465	2269907	25338890	0.83714	25344662	0.99616	25350465	1.08161	25338890	143912.607210264	25344662	874818.302280758	25350465	2098637.21674171	25355442	625	25361229	863	25367032	943	25355442	0.83729	25361229	0.99708	25367032	1.08106	25355442	746.455827729938	25361229	865.52733983231	25367032	872.292009694189
213	25442334	7865	25448121	11334	25453940	427535	25442334	0.83759	25448121	0.99742	25453940	1.08091	25442334	9390.03569765637	25448121	11363.3173587857	25453940	395532.468013063	25458917	119969	25464689	870845	25470492	2268634	25458917	0.83752	25464689	0.99659	25470492	1.08072	25458917	143243.146432324	25464689	873824.742371487	25470492	2099187.57865127	25475468	584	25481256	789	25487043	987	25475468	0.83697	25481256	0.9974	25487043	1.08059	25475468	697.754997192253	25481256	791.056747543613	25487043	913.389907365421
214	25562345	7838	25568132	11218	25573951	427788	25562345	0.8371	25568132	0.99635	25573951	1.07994	25562345	9363.27798351451	25568132	11259.0956993025	25573951	396122.006778154	25578928	119782	25584715	871161	25590503	2267801	25578928	0.83761	25584715	0.99644	25590503	1.08109	25578928	143004.500901374	25584715	874273.413351532	25590503	2097698.61898639	25595479	570	25601251	788	25607054	986	25595479	0.83746	25601251	0.99736	25607054	1.08004	25595479	680.629522604065	25601251	790.085826582177	25607054	912.929150772194
215	25682356	7822	25688159	11315	25693962	428691	25682356	0.83713	25688159	0.99698	25693962	1.08102	25682356	9343.82951273996	25688159	11349.274809926	25693962	396561.580729311	25698939	119907	25704711	869357	25710514	2267424	25698939	0.83714	25704711	0.99632	25710514	1.08074	25698939	143234.106601046	25704711	872568.050425566	25710514	2098029.12818994	25715490	573	25721262	849	25727065	946	25715490	0.83739	25721262	0.9974	25727065	1.08123	25715490	684.268978612116	25721262	851.213154200922	25727065	874.929478464342
216	25802367	8001	25808154	11356	25813973	428670	25802367	0.83811	25808154	0.99689	25813973	1.08161	25802367	9546.47957905287	25808154	11391.4273390244	25813973	396325.847579072	25818934	120389	25824722	868806	25830509	2264439	25818934	0.83831	25824722	0.99685	25830509	1.08051	25818934	143609.166060288	25824722	871551.386868636	25830509	2095713.13546381	25835501	614	25841273	845	25847076	979	25835501	0.83806	25841273	0.99797	25847076	1.08116	25835501	732.644440732167	25841273	846.718839243665	25847076	905.508897850457
217	25922378	7824	25928165	11374	25933969	427707	25922378	0.83702	25928165	0.9967	25933969	1.08049	25922378	9347.4468949368	25928165	11411.6584729608	25933969	395845.40347435	25938945	120052	25944717	869143	25950520	2261662	25938945	0.83752	25944717	0.99651	25950520	1.08037	25938945	143342.248543318	25944717	872186.932394055	25950520	2093414.29325139	25955497	604	25961284	772	25967072	960	25955497	0.83751	25961284	0.99764	25967072	1.07958	25955497	721.185418681568	25961284	773.82622990257	25967072	889.234702384261
218	26042389	7880	26048176	11194	26053995	427750	26042389	0.83698	26048176	0.99653	26053995	1.08092	26042389	9414.80083156109	26048176	11232.97843517	26053995	395727.713429301	26058972	120152	26064744	869461	26070547	2262849	26058972	0.83731	26064744	0.99668	26070547	1.08058	26058972	143497.629312919	26064744	872357.225990288	26070547	2094105.94310463	26075508	550	26081295	810	26087099	1027	26075508	0.83705	26081295	0.99694	26087099	1.0805	26075508	657.069470163073	26081295	812.486207795855	26087099	950.485886163813
219	26162400	7811	26168187	11300	26174006	428146	26162400	0.83792	26168187	0.99744	26174006	1.08157	26162400	9321.89230475463	26168187	11329.0022457491	26174006	395856.024113095	26178967	119790	26184755	871592	26190558	2265855	26178967	0.83769	26184755	0.99668	26190558	1.08151	26178967	143000.393940479	26184755	874495.324477265	26190558	2095084.65016505	26195534	602	26201322	823	26207110	1065	26195534	0.83749	26201322	0.99709	26207110	1.08066	26195534	718.814553009588	26201322	825.401919585995	26207110	985.508855699295
220	26282411	7842	26288198	11544	26294002	427844	26282411	0.83697	26288198	0.99705	26294002	1.08073	26282411	9369.51145202337	26288198	11578.1555588988	26294002	395884.263414544	26298978	119890	26304766	868931	26310569	2263417	26298978	0.83749	26304766	0.99729	26310569	1.081	26298978	143153.948106843	26304766	871292.20186706	26310569	2093817.7613321	26315561	568	26321333	844	26327136	1067	26315561	0.8375	26321333	0.99737	26327136	1.08017	26315561	678.208955223881	26321333	846.225573257668	26327136	987.807474749345
221	26402422	7857	26408209	11554	26414013	428438	26402422	0.83783	26408209	0.99616	26414013	1.08187	26402422	9377.79740520153	26408209	11598.5383874076	26414013	396016.157209277	26418989	119776	26424777	868518	26430564	2259566	26418989	0.83755	26424777	0.99614	26430564	1.08078	26418989	143007.581636917	26424777	871883.470194953	26430564	2090680.80460408	26435556	553	26441328	837	26447132	953	26435556	0.83733	26441328	0.99733	26447132	1.08145	26435556	660.432565416264	26441328	839.240772863546	26447132	881.224282213695
222	26522433	7810	26528220	11254	26534039	427817	26522433	0.83724	26528220	0.99727	26534039	1.08066	26522433	9328.26907457838	26528220	11284.807524542	26534039	395884.922177188	26539000	119945	26544788	869645	26550591	2258152	26539000	0.83749	26544788	0.99676	26550591	1.08104	26539000	143219.620532782	26544788	872471.808660059	26550591	2088869.97705913	26555567	592	26561355	811	26567143	1049	26555567	0.83745	26561355	0.99711	26567143	1.08095	26555567	706.907875097021	26561355	813.350583185406	26567143	970.442666173273
223	26642444	7882	26648232	11374	26654019	427321	26642444	0.83725	26648232	0.99785	26654019	1.08039	26642444	9414.15347865034	26648232	11398.5067895976	26654019	395524.764205518	26658996	120336	26664783	869256	26670571	2258100	26658996	0.83741	26664783	0.99695	26670571	1.0815	26658996	143700.218530947	26664783	871915.341792467	26670571	2087933.4257975	26675563	594	26681350	750	26687154	994	26675563	0.83755	26681350	0.99706	26687154	1.0803	26675563	709.211390364754	26681350	752.211501815337	26687154	920.114782930668
224	26762455	7940	26768243	11210	26774030	427460	26762455	0.83733	26768243	0.99657	26774030	1.08037	26762455	9482.52182532574	26768243	11248.5826384499	26774030	395660.745855587	26779007	119885	26784779	870835	26790566	2256134	26779007	0.83707	26784779	0.9975	26790566	1.08086	26779007	143219.802406011	26784779	873017.543859649	26790566	2087350.81324131	26795558	654	26801346	806	26807149	979	26795558	0.8371	26801346	0.99642	26807149	1.08027	26795558	781.268665631346	26801346	808.895847132735	26807149	906.254917752044
225	26882466	7885	26888238	11461	26894041	428158	26882466	0.83708	26888238	0.99651	26894041	1.08051	26882466	9419.64925694079	26888238	11501.1389750228	26894041	396255.471953059	26899018	119654	26904805	870322	26910624	2256537	26899018	0.83677	26904805	0.99672	26910624	1.08048	26899018	142995.088256032	26904805	873186.050244803	26910624	2088457.90759662	26915600	587	26921372	805	26927176	957	26915600	0.8368	26921372	0.99721	26927176	1.0803	26915600	701.481835564054	26921372	807.252233732112	26927176	885.865037489586
226	27002477	7920	27008265	11431	27014052	427571	27002477	0.83761	27008265	0.99685	27014052	1.08038	27002477	9455.47450484116	27008265	11467.1214325124	27014052	395759.825246673	27019029	120058	27024801	867445	27030604	2254667	27019029	0.83746	27024801	0.99741	27030604	1.08087	27019029	143359.682850524	27024801	869697.516567911	27030604	2085974.26147455	27035580	582	27041368	837	27047171	1014	27035580	0.83697	27041368	0.99691	27047171	1.08034	27035580	695.365425284061	27041368	839.59434653078	27047171	938.593405779662
227	27122488	7788	27128276	11248	27134063	427858	27122488	0.83765	27128276	0.99762	27134063	1.08053	27122488	9297.43926460933	27128276	11274.8341051703	27134063	395970.495960316	27139040	119231	27144827	870056	27150615	2249124	27139040	0.83697	27144827	0.99646	27150615	1.08051	27139040	142455.524092859	27144827	873146.940168196	27150615	2081539.27312103	27155591	613	27161379	842	27167166	1062	27155591	0.83709	27161379	0.99672	27167166	1.08161	27155591	732.29879702302	27161379	844.770848382695	27167166	981.869620288274
228	27242499	7821	27248287	11241	27254090	428607	27242499	0.83732	27248287	0.99665	27254090	1.08084	27242499	9340.51497635313	27248287	11278.7839261526	27254090	396549.905628955	27259066	119439	27264854	869834	27270641	2251274	27259066	0.83762	27264854	0.99642	27270641	1.07977	27259066	142593.300064468	27264854	872959.193914213	27270641	2084956.98157941	27275618	596	27281405	861	27287209	1025	27275618	0.83678	27281405	0.99766	27287209	1.08061	27275618	712.254116972203	27281405	863.019465549386	27287209	948.53832557537
229	27362510	7776	27368298	11273	27374116	427986	27362510	0.83728	27368298	0.99645	27374116	1.08129	27362510	9287.21574622587	27368298	11313.1617241206	27374116	395810.559609356	27379093	119824	27384865	870099	27390668	2251588	27379093	0.83725	27384865	0.9974	27390668	1.0811	27379093	143116.154075844	27384865	872367.154601965	27390668	2082682.45305707	27395644	619	27401432	839	27407220	1009	27395644	0.83721	27401432	0.99617	27407220	1.08129	27395644	739.360494977365	27401432	842.22572452493	27407220	933.144669792563
230	27482521	7936	27488309	11454	27494127	426875	27482521	0.83758	27488309	0.99672	27494127	1.08	27482521	9474.91582893575	27488309	11491.6927522273	27494127	395254.62962963	27499104	119575	27504891	868599	27510679	2247589	27499104	0.83624	27504891	0.99635	27510679	1.08109	27499104	142991.246532096	27504891	871781.000652381	27510679	2079002.67322795	27515655	593	27521443	836	27527231	996	27515655	0.83733	27521443	0.99692	27527231	1.08044	27515655	708.20345622395	27521443	838.582835132207	27527231	921.846655066454
231	27602532	7884	27608320	11117	27614123	426530	27602532	0.83723	27608320	0.99652	27614123	1.08119	27602532	9416.76719658875	27608320	11155.8222614699	27614123	394500.504074215	27619099	119640	27624887	869446	27630690	2252419	27619099	0.83802	27624887	0.99732	27630690	1.08008	27619099	142765.089138684	27624887	871782.376769743	27630690	2085418.67269091	27635666	585	27641454	863	27647242	990	27635666	0.8377	27641454	0.99758	27647242	1.08128	27635666	698.340694759461	27641454	865.093526333728	27647242	915.581532997928
232	27722543	7818	27728331	11322	27734134	426708	27722543	0.83738	27728331	0.99717	27734134	1.08125	27722543	9336.26310635554	27728331	11354.1321941093	27734134	394643.23699422	27739110	119920	27744898	867352	27750701	2247522	27739110	0.83781	27744898	0.99757	27750701	1.0812	27739110	143135.078359055	27744898	869464.799462694	27750701	2078729.18978912	27755677	603	27761465	806	27767253	1027	27755677	0.83826	27761465	0.9974	27767253	1.08012	27755677	719.347219239854	27761465	808.101062763184	27767253	950.820279228234
233	27842554	7717	27848342	11338	27854145	427203	27842554	0.83736	27848342	0.99712	27854145	1.08097	27842554	9215.86892137193	27848342	11370.7477535302	27854145	395203.382147516	27859121	119666	27864893	870045	27870696	2249736	27859121	0.83718	27864893	0.99657	27870696	1.08123	27859121	142939.391767601	27864893	873039.525572714	27870696	2080719.18093283	27875688	643	27881460	802	27887264	1038	27875688	0.83791	27881460	0.99821	27887264	1.08133	27875688	767.385518731129	27881460	803.43815429619	27887264	959.928976353195
234	27962565	7861	27968353	11278	27974171	428029	27962565	0.83764	27968353	0.99692	27974171	1.0809	27962565	9384.69987106633	27968353	11312.8435581591	27974171	395993.15385327	27979148	119525	27984920	867087	27990723	2241444	27979148	0.83765	27984920	0.99729	27990723	1.08147	27979148	142690.861338268	27984920	869443.191047739	27990723	2072590.08571666	27995699	603	28001487	863	28007275	995	27995699	0.83787	28001487	0.99789	28007275	1.08141	27995699	719.68205091482	28001487	864.824780286404	28007275	920.095061077667
235	28082576	7848	28088364	11114	28094182	426374	28082576	0.83812	28088364	0.99722	28094182	1.08103	28082576	9363.81425094259	28088364	11144.983052887	28094182	394414.586089193	28099143	120426	28104931	869739	28110734	2248917	28099143	0.83744	28104931	0.99786	28110734	1.08185	28099143	143802.54107757	28104931	871604.233058746	28110734	2078769.70005084	28115710	607	28121498	837	28127301	1003	28115710	0.8372	28121498	0.99817	28127301	1.08091	28115710	725.035833731486	28121498	838.534518168248	28127301	927.921843631755
236	28202587	7755	28208375	11302	28214162	426019	28202587	0.83786	28208375	0.99735	28214162	1.0823	28202587	9255.72291313585	28208375	11332.0298791798	28214162	393623.764205858	28219139	119019	28224926	870013	28230714	2245050	28219139	0.8374	28224926	0.99777	28230714	1.0816	28219139	142129.209457846	28224926	871957.465147278	28230714	2075674.9260355	28235706	600	28241494	816	28247281	997	28235706	0.83817	28241494	0.99737	28247281	1.0816	28235706	715.845234260353	28241494	818.151739073764	28247281	921.782544378698
237	28322598	7811	28328386	11246	28334204	426316	28322598	0.83846	28328386	0.9972	28334204	1.08124	28322598	9315.8886530067	28328386	11277.5772162054	28334204	394284.34020199	28339181	119764	28344953	867993	28350772	2244498	28339181	0.83716	28344953	0.99659	28350772	1.08087	28339181	143059.869081179	28344953	870962.983774672	28350772	2076566.09953093	28355748	560	28361520	783	28367323	998	28355748	0.83744	28361520	0.99763	28367323	1.08173	28355748	668.704623614826	28361520	784.860118480799	28367323	922.596211623973
238	28442609	7729	28448397	11276	28454184	426818	28442609	0.83679	28448397	0.99757	28454184	1.08088	28442609	9236.48705170951	28448397	11303.4674258448	28454184	394880.097698172	28459161	119756	28464948	872590	28470752	2241388	28459161	0.83759	28464948	0.99764	28470752	1.08072	28459161	142976.87412696	28464948	874654.183873943	28470752	2073976.60818713	28475744	645	28481516	840	28487319	990	28475744	0.83777	28481516	0.99718	28487319	1.0817	28475744	769.901046826695	28481516	842.375498906917	28487319	915.226033096053
239	28562620	7718	28568408	11232	28574226	426040	28562620	0.83743	28568408	0.99673	28574226	1.08071	28562620	9216.29270506192	28568408	11268.8491366769	28574226	394222.316810245	28579187	120002	28584975	868136	28590778	2239021	28579187	0.83701	28584975	0.99737	28590778	1.08148	28579187	143369.85221204	28584975	870425.218324193	28590778	2070330.47305544	28595755	592	28601542	840	28607330	988	28595755	0.8381	28601542	0.99718	28607330	1.08214	28595755	706.359622956688	28601542	842.375498906917	28607330	913.005710906167
240	28682631	7687	28688403	11370	28694206	427287	28682631	0.83738	28688403	0.99689	28694206	1.08108	28682631	9179.82278057752	28688403	11405.4710148562	28694206	395240.87024087	28699183	119623	28704970	867537	28710758	2241114	28699183	0.83739	28704970	0.99727	28710758	1.08128	28699183	142852.195512246	28704970	869911.859376097	28710758	2072649.08256881	28715750	640	28721538	839	28727341	1034	28715750	0.83829	28721538	0.99781	28727341	1.08206	28715750	763.458946188073	28721538	840.841442759644	28727341	955.584718037817
241	28802642	7765	28808430	11353	28814249	426792	28802642	0.83803	28808430	0.99743	28814249	1.08089	28802642	9265.77807477059	28808430	11382.2523886388	28814249	394852.390159961	28819209	120423	28824997	868034	28830785	2244013	28819209	0.8379	28824997	0.99618	28830785	1.08164	28819209	143720.014321518	28824997	871362.605151679	28830785	2074639.43641138	28835777	642	28841564	852	28847352	992	28835777	0.83777	28841564	0.99735	28847352	1.08145	28835777	766.320111725175	28841564	854.263799067529	28847352	917.286975819502
242	28922653	7753	28928441	11532	28934244	426969	28922653	0.83757	28928441	0.99778	28934244	1.08148	28922653	9256.53975190134	28928441	11557.6580007617	28934244	394800.643562525	28939220	119870	28944992	870195	28950796	2238953	28939220	0.83738	28944992	0.99805	28950796	1.08128	28939220	143148.869091691	28944992	871895.195631481	28950796	2070650.52530334	28955772	608	28961560	747	28967363	974	28955772	0.83799	28961560	0.99754	28967363	1.08205	28955772	725.545650902755	28961560	748.842151693165	28967363	900.143246615221
243	29042664	7807	29048452	11299	29054255	426597	29042664	0.83816	29048452	0.99799	29054255	1.08067	29042664	9314.4507015367	29048452	11321.7567310294	29054255	394752.32957332	29059231	120097	29065019	869143	29070822	2237178	29059231	0.83863	29065019	0.9974	29070822	1.08177	29059231	143206.18151032	29065019	871408.662522559	29070822	2068071.77126376	29075799	627	29081586	845	29087374	1024	29075799	0.83749	29081586	0.99742	29087374	1.08158	29075799	748.665655709322	29081586	847.185739207154	29087374	946.763068843729
244	29162675	7822	29168447	11371	29174250	427318	29162675	0.83761	29168447	0.99731	29174250	1.08088	29162675	9338.47494657418	29168447	11401.6704936279	29174250	395342.683739175	29179227	120038	29184999	870088	29190802	2234273	29179227	0.83753	29184999	0.99822	29190802	1.08153	29179227	143323.821236254	29184999	871639.51834265	29190802	2065844.68299539	29195778	635	29201566	828	29207369	1006	29195778	0.83768	29201566	0.99758	29207369	1.08195	29195778	758.046031897622	29201566	830.008620862487	29207369	929.802671103101
245	29282686	7798	29288474	11263	29294277	426831	29282686	0.83751	29288474	0.99727	29294277	1.08189	29282686	9310.93360079283	29288474	11293.8321618017	29294277	394523.472811469	29299253	120145	29305041	869701	29310844	2235508	29299253	0.83799	29305041	0.99734	29310844	1.08116	29299253	143372.832611368	29305041	872020.574728779	29310844	2067693.95834104	29315821	628	29321593	805	29327396	1024	29315821	0.83817	29321593	0.99718	29327396	1.08153	29315821	749.251345192503	29321593	807.276519785796	29327396	946.806838460329
246	29402697	7804	29408485	11368	29414288	425537	29402697	0.83855	29408485	0.99759	29414288	1.08185	29402697	9306.54105300817	29408485	11395.463065989	29414288	393341.960530573	29419264	120194	29425052	867490	29430855	2237661	29419264	0.83811	29425052	0.99721	29430855	1.08143	29419264	143410.769469401	29425052	869917.068621454	29430855	2069168.60083408	29435832	571	29441604	853	29447407	983	29435832	0.8377	29441604	0.99726	29447407	1.08132	29435832	681.628267876328	29441604	855.343641577924	29447407	909.074094625088
247	29522708	7687	29528496	11159	29534315	425187	29522708	0.83825	29528496	0.99741	29534315	1.08125	29522708	9170.29525797793	29528496	11187.9768600676	29534315	393236.531791908	29539291	120279	29545079	868182	29550866	2235495	29539291	0.83771	29545079	0.99705	29550866	1.0814	29539291	143580.714089601	29545079	870750.714608094	29550866	2067223.04420196	29555858	600	29561630	779	29567433	1015	29555858	0.8382	29561630	0.99779	29567433	1.08125	29555858	715.819613457409	29561630	780.725403140941	29567433	938.728323699422
248	29642719	7729	29648491	11324	29654294	425448	29642719	0.83772	29648491	0.99724	29654294	1.08052	29642719	9226.23310891467	29648491	11355.3407404436	29654294	393743.753007811	29659271	119050	29665043	867315	29670846	2234307	29659271	0.83828	29665043	0.99698	29670846	1.08146	29659271	142016.987164193	29665043	869942.225521074	29670846	2066009.83855159	29675838	622	29681626	823	29687413	1000	29675838	0.83789	29681626	0.99763	29687413	1.08163	29675838	742.340880067789	29681626	824.955143690547	29687413	924.530569603284
249	29762730	7716	29768518	11234	29774321	425457	29762730	0.83846	29768518	0.9979	29774321	1.08159	29762730	9202.58569281779	29768518	11257.641046197	29774321	393362.549579785	29779297	119578	29785069	870396	29790873	2234315	29779297	0.83806	29785069	0.99806	29790873	1.0813	29779297	142684.294680572	29785069	872087.850429834	29790873	2066322.94460372	29795865	630	29801652	779	29807440	1026	29795865	0.83826	29801652	0.99784	29807440	1.08191	29795865	751.556796220743	29801652	780.686282369919	29807440	948.322873436792
250	29882741	7728	29888529	11346	29894332	425438	29882741	0.83792	29888529	0.99726	29894332	1.08112	29882741	9222.83750238686	29888529	11377.1734552674	29894332	393515.983424597	29899308	120285	29905080	870643	29910884	2230208	29899308	0.83762	29905080	0.99754	29910884	1.08176	29899308	143603.304601132	29905080	872790.063556349	29910884	2061647.68525366	29915860	619	29921648	843	29927451	995	29915860	0.83701	29921648	0.99664	29927451	1.08134	29915860	739.537162041075	29921648	845.842029218173	29927451	920.154622967799
251	30002752	7794	30008540	11348	30014343	425970	30002752	0.83784	30008540	0.99684	30014343	1.08186	30002752	9302.49212260098	30008540	11383.9733558043	30014343	393738.561366535	30019335	120643	30025107	870517	30030910	2232047	30019335	0.83768	30025107	0.99781	30030910	1.08103	30019335	144020.389647598	30025107	872427.616480092	30030910	2064741.03401386	30035887	579	30041674	790	30047477	993	30035887	0.83777	30041674	0.99763	30047477	1.08081	30035887	691.120474593266	30041674	791.876747892505	30047477	918.755377911011
252	30122763	7686	30128551	11268	30134354	424942	30122763	0.8381	30128551	0.99704	30134354	1.0813	30122763	9170.74334804916	30128551	11301.4522988045	30134354	392991.769166744	30139330	119935	30145102	868111	30150906	2227775	30139330	0.83756	30145102	0.99762	30150906	1.08106	30139330	143195.711352023	30145102	870182.033239109	30150906	2060732.05927516	30155898	656	30161670	850	30167473	1060	30155898	0.83736	30161670	0.9969	30167473	1.08085	30155898	783.414540938187	30161670	852.643193901093	30167473	980.709626682704
253	30242774	7862	30248562	11304	30254365	426338	30242774	0.83802	30248562	0.99767	30254365	1.08225	30242774	9381.63766974535	30248562	11330.3998316076	30254365	393936.705936706	30259357	119614	30265129	868815	30270932	2229679	30259357	0.83817	30265129	0.99803	30270932	1.08198	30259357	142708.519751363	30265129	870529.94398966	30270932	2060739.57004751	30275909	601	30281696	802	30287499	973	30275909	0.83776	30281696	0.99763	30287499	1.08123	30275909	717.38922841864	30281696	803.905255455429	30287499	899.901038631928
254	30362785	7750	30368557	11253	30374376	425164	30362785	0.83776	30368557	0.99751	30374376	1.08184	30362785	9250.85943468297	30368557	11281.0899138856	30374376	393000.813428973	30379352	118983	30385140	868253	30390928	2226697	30379352	0.83752	30385140	0.99803	30390928	1.08184	30379352	142065.861113764	30385140	869966.834664289	30390928	2058249.8336168	30395920	583	30401707	839	30407495	1040	30395920	0.8374	30401707	0.99756	30407495	1.08099	30395920	696.20253164557	30401707	841.052167288183	30407495	962.081055328912
255	30482796	7653	30488584	11266	30494387	426211	30482796	0.8382	30488584	0.9983	30494387	1.08279	30482796	9130.27916964925	30488584	11285.1848141841	30494387	393622.955513073	30499363	120466	30505135	869488	30510939	2228263	30499363	0.83814	30505135	0.998	30510939	1.082	30499363	143730.164411673	30505135	871230.460921844	30510939	2059392.79112754	30515915	651	30521703	865	30527506	958	30515915	0.83824	30521703	0.99735	30527506	1.08114	30515915	776.627218934911	30521703	867.298340602597	30527506	886.101707456944
256	30602807	7589	30608595	11296	30614398	426637	30602807	0.83773	30608595	0.99769	30614398	1.08247	30602807	9059.00469124897	30608595	11322.1541761469	30614398	394132.862804512	30619374	119804	30625162	867855	30630950	2227406	30619374	0.83777	30625162	0.99791	30630950	1.08211	30619374	143003.449634148	30625162	869672.615766953	30630950	2058391.4759128	30635926	593	30641714	814	30647517	976	30635926	0.83757	30641714	0.99828	30647517	1.08165	30635926	708.000525329226	30641714	815.402492286733	30647517	902.325151389082
257	30722818	7793	30728606	11448	30734409	426033	30722818	0.83768	30728606	0.99751	30734409	1.08202	30722818	9303.07515996562	30728606	11476.576675923	30734409	393738.563057984	30739385	119416	30745158	866437	30750945	2226083	30739385	0.83812	30745158	0.99665	30750945	1.08251	30739385	142480.790340285	30745158	869349.320222746	30750945	2056408.7167786	30755922	631	30761709	861	30767528	968	30755922	0.8385	30761709	0.99708	30767528	1.08223	30755922	752.534287418008	30761709	863.52148272957	30767528	894.449423874777
258	30842829	7767	30848601	11338	30854404	425388	30842829	0.83771	30848601	0.99731	30854404	1.08085	30842829	9271.7050053121	30848601	11368.5814841925	30854404	393568.025165379	30859381	118734	30865169	867549	30870956	2224866	30859381	0.83771	30865169	0.9972	30870956	1.08116	30859381	141736.400424968	30865169	869984.95788207	30870956	2057850.82688964	30875948	627	30881736	803	30887523	1020	30875948	0.83808	30881736	0.99692	30887523	1.08163	30875948	748.138602520046	30881736	805.480881113831	30887523	943.02118099535
259	30962840	7684	30968628	11188	30974431	425268	30962840	0.83793	30968628	0.99642	30974431	1.08088	30962840	9170.21708257253	30968628	11228.1969450633	30974431	393446.080971061	30979408	119787	30985195	870174	30990998	2218920	30979408	0.83817	30985195	0.9975	30990998	1.08023	30979408	142914.921793908	30985195	872354.887218045	30990998	2054118.10447775	30995975	637	31001778	790	31007566	964	30995975	0.83734	31001778	0.9973	31007566	1.08135	30995975	760.742350777462	31001778	792.138774691668	31007566	891.478244786609
260	31082851	7725	31088639	11226	31094442	426227	31082851	0.83836	31088639	0.99748	31094442	1.08127	31082851	9214.41862684289	31088639	11254.360989694	31094442	394191.090107004	31099419	120225	31105206	869400	31110994	2224976	31099419	0.8383	31105206	0.99767	31110994	1.08144	31099419	143415.245138972	31105206	871430.432908677	31110994	2057419.73664743	31115986	602	31121773	802	31127561	1029	31115986	0.83826	31121773	0.99753	31127561	1.0819	31115986	718.154271944265	31121773	803.985845037242	31127561	951.104538312228
261	31202862	7789	31208666	11332	31214453	426302	31202862	0.83822	31208666	0.9975	31214453	1.08155	31202862	9292.30989477703	31208666	11360.4010025063	31214453	394158.383801026	31219430	119113	31225217	868118	31231020	2221903	31219430	0.83784	31225217	0.99723	31231020	1.08102	31219430	142166.762150291	31225217	870529.366344775	31231020	2055376.40376681	31235981	605	31241769	813	31247572	998	31235981	0.83842	31241769	0.99763	31247572	1.08147	31235981	721.595381789557	31241769	814.93138738811	31247572	922.818016218665
262	31322873	7749	31328661	11480	31334464	425656	31322873	0.83865	31328661	0.99725	31334464	1.0824	31322873	9239.84975854051	31328661	11511.6570569065	31334464	393252.032520325	31339456	119726	31345244	868331	31351031	2220468	31339456	0.83843	31345244	0.99743	31351031	1.08206	31339456	142797.848359434	31345244	870568.360686966	31351031	2052074.74631721	31356023	593	31361811	817	31367614	980	31356023	0.83859	31361811	0.99843	31367614	1.08234	31356023	707.139364886297	31361811	818.284706989974	31367614	905.445608588798
263	31442884	7762	31448672	11272	31454475	425747	31442884	0.83839	31448672	0.99683	31454475	1.08145	31442884	9258.22111427856	31448672	11307.8458714124	31454475	393681.631143372	31459452	119914	31465224	868890	31471027	2219447	31459452	0.83825	31465224	0.99704	31471027	1.08076	31459452	143052.788547569	31465224	871469.549867608	31471027	2053598.39372294	31476003	630	31481791	837	31487594	1001	31476003	0.83806	31481791	0.9975	31487594	1.08179	31476003	751.736152542777	31481791	839.097744360902	31487594	925.318222575546
264	31562895	7759	31568667	11335	31574486	424292	31562895	0.83788	31568667	0.99692	31574486	1.08062	31562895	9260.27593450136	31568667	11370.0196605545	31574486	392637.559919306	31579463	119562	31585250	869269	31591053	2217416	31579463	0.83831	31585250	0.99765	31591053	1.0814	31579463	142622.657489473	31585250	871316.59399589	31591053	2050504.90105419	31596030	625	31601817	865	31607621	1024	31596030	0.83746	31601817	0.99669	31607621	1.08106	31596030	746.304301100948	31601817	867.872658499634	31607621	947.21847076018
265	31682906	7806	31688694	11351	31694497	425794	31682906	0.83743	31688694	0.99763	31694497	1.0821	31682906	9321.37611501857	31688694	11377.965778896	31694497	393488.587006746	31699489	119272	31705261	869520	31711064	2215504	31699489	0.83753	31705261	0.99773	31711064	1.08111	31699489	142409.227132162	31705261	871498.301143596	31711064	2049286.38158929	31716041	595	31721828	804	31727616	975	31716041	0.8382	31721828	0.99782	31727616	1.08155	31716041	709.85445001193	31721828	805.756549277425	31727616	901.483981323101
266	31802917	7778	31808705	11300	31814493	425089	31802917	0.8384	31808705	0.99686	31814493	1.08169	31802917	9277.19465648855	31808705	11335.5937644203	31814493	392985.975649216	31819469	119325	31825272	867659	31831060	2216654	31819469	0.83792	31825272	0.99689	31831060	1.08185	31819469	142406.196295589	31825272	870365.83775542	31831060	2048947.6359939	31836036	597	31841824	779	31847627	1004	31836036	0.83858	31841824	0.99828	31847627	1.08114	31836036	711.917765746858	31841824	780.342188564331	31847627	928.649388608321
267	31922928	7836	31928716	11187	31934519	425195	31922928	0.8378	31928716	0.99763	31934519	1.07984	31922928	9353.06755788971	31928716	11213.576175536	31934519	393757.408504964	31939496	119316	31945268	867868	31951071	2215441	31939496	0.83781	31945268	0.99702	31951071	1.08129	31939496	142414.151179862	31945268	870461.976690538	31951071	2048886.97759158	31956047	534	31961835	825	31967638	1010	31956047	0.83743	31961835	0.99687	31967638	1.08087	31956047	637.665237691509	31961835	827.590357819977	31967638	934.43244793546
268	32042939	7754	32048727	11324	32054530	425703	32042939	0.83774	32048727	0.9975	32054530	1.08219	32042939	9255.85503855612	32048727	11352.380952381	32054530	393371.773902919	32059507	119131	32065294	869137	32071082	2213046	32059507	0.8378	32065294	0.99704	32071082	1.08097	32059507	142195.034614466	32065294	871717.283158148	32071082	2047277.90780503	32076074	588	32081846	797	32087649	923	32076074	0.8376	32081846	0.99728	32087649	1.08237	32076074	702.005730659026	32081846	799.173752607091	32087649	852.758298918115
269	32162950	7657	32168738	11456	32174541	425394	32162950	0.83785	32168738	0.99708	32174541	1.08125	32162950	9138.8673390225	32168738	11489.5494844947	32174541	393427.976878613	32179518	119341	32185290	868717	32191093	2213100	32179518	0.83737	32185290	0.998	32191093	1.08185	32179518	142518.838745119	32185290	870457.915831663	32191093	2045662.52253085	32196085	604	32201857	820	32207660	1042	32196085	0.838	32201857	0.99718	32207660	1.08123	32196085	720.763723150358	32201857	822.318939409134	32207660	963.717247949095
270	32282961	7536	32288733	11396	32294552	426788	32282961	0.83804	32288733	0.99778	32294552	1.08157	32282961	8992.41086344327	32288733	11421.355409008	32294552	394600.441950128	32299529	118688	32305316	869554	32311119	2214364	32299529	0.83809	32305316	0.99777	32311119	1.08153	32299529	141617.248744168	32305316	871497.439289616	32311119	2047436.50199255	32316080	573	32321868	771	32327671	981	32316080	0.83818	32321868	0.99838	32327671	1.08242	32316080	683.624042568422	32321868	772.251046695647	32327671	906.302544298886
271	32402972	7719	32408760	11298	32414563	424640	32402972	0.83835	32408760	0.99865	32414563	1.08166	32402972	9207.37162283056	32408760	11313.2729184399	32414563	392581.772460847	32419555	119631	32425327	868320	32431130	2210609	32419555	0.83845	32425327	0.99778	32431130	1.08126	32419555	142681.137813823	32425327	870251.959349756	32431130	2044474.96439339	32436107	576	32441894	800	32447698	939	32436107	0.8381	32441894	0.99774	32447698	1.08175	32436107	687.268822336237	32441894	801.812095335458	32447698	868.037901548417
272	32522983	7670	32528771	11314	32534574	425110	32522983	0.83809	32528771	0.99839	32534574	1.08187	32522983	9151.76174396545	32528771	11332.244914312	32534574	392940.002033516	32539551	120425	32545338	870375	32551141	2206675	32539551	0.83804	32545338	0.99824	32551141	1.08127	32539551	143698.391484893	32545338	871909.560827056	32551141	2040817.74209957	32556118	642	32561890	782	32567693	912	32556118	0.83816	32561890	0.99744	32567693	1.08201	32556118	765.963539181063	32561890	784.007058068656	32567693	842.875759004076
273	32642994	7706	32648766	11420	32654585	424444	32642994	0.83841	32648766	0.99779	32654585	1.08126	32642994	9191.20716594506	32648766	11445.2940999609	32654585	392545.733681076	32659546	119337	32665334	869514	32671121	2206279	32659546	0.83775	32665334	0.99756	32671121	1.08131	32659546	142449.418084154	32665334	871640.803560688	32671121	2040376.02537663	32676098	611	32681885	815	32687689	1010	32676098	0.83785	32681885	0.9977	32687689	1.08106	32676098	729.247478665632	32681885	816.878821288965	32687689	934.268218230256
274	32763005	7617	32768793	11437	32774596	425879	32763005	0.83764	32768793	0.99758	32774596	1.08275	32763005	9093.40528150518	32768793	11464.7446821308	32774596	393330.870468714	32779557	119535	32785345	868525	32791148	2206655	32779557	0.838	32785345	0.99765	32791148	1.08194	32779557	142643.198090692	32785345	870570.841477472	32791148	2039535.46407379	32796124	599	32801912	822	32807715	978	32796124	0.83712	32801912	0.99719	32807715	1.08132	32796124	715.548547400612	32801912	824.316328884165	32807715	904.450116524248
275	32883016	7725	32888788	11349	32894592	424908	32883016	0.83817	32888788	0.99734	32894592	1.08171	32883016	9216.50739110204	32888788	11379.2688551547	32894592	392811.381978534	32899568	119968	32905356	866254	32911159	2201479	32899568	0.83779	32905356	0.99775	32911159	1.08173	32899568	143195.788920851	32905356	868207.466800301	32911159	2035146.47832638	32916120	605	32921923	783	32927711	1019	32916120	0.83841	32921923	0.9972	32927711	1.0831	32916120	721.603988502046	32921923	785.198555956679	32927711	940.818022343274
276	33003027	7754	33008815	11229	33014618	425334	33003027	0.83764	33008815	0.99683	33014618	1.08169	33003027	9256.96003056206	33008815	11264.7091279356	33014618	393212.473074541	33019595	119218	33025367	868103	33031170	2205479	33019595	0.8387	33025367	0.99783	33031170	1.08226	33019595	142146.178609753	33025367	869990.880210056	33031170	2037845.80415057	33036162	621	33041950	839	33047753	998	33036162	0.83809	33041950	0.99814	33047753	1.08181	33036162	740.970540156785	33041950	840.563448013305	33047753	922.527985505773
277	33123038	7661	33128810	11449	33134614	423987	33123038	0.83823	33128810	0.99756	33134614	1.08142	33123038	9139.49631962588	33128810	11477.0038894904	33134614	392065.062602874	33139590	119703	33145378	868787	33151181	2202182	33139590	0.83726	33145378	0.99819	33151181	1.0821	33139590	142969.925710054	33145378	870362.355864114	33151181	2035100.26799741	33156157	623	33161929	860	33167733	977	33156157	0.83785	33161929	0.99753	33167733	1.08225	33156157	743.569851405383	33161929	862.129459765621	33167733	902.748902748903
278	33243049	7644	33248837	11357	33254640	424342	33243049	0.83824	33248837	0.99798	33254640	1.08208	33243049	9119.10669975186	33248837	11379.9875749013	33254640	392153.999704273	33259617	119021	33265404	867989	33271208	2204720	33259617	0.83835	33265404	0.99732	33271208	1.08262	33259617	141970.537365062	33265404	870321.461516865	33271208	2036467.08909867	33276168	621	33281956	806	33287744	1031	33276168	0.83871	33281956	0.99752	33287744	1.08212	33276168	740.42279214508	33281956	808.003849546876	33287744	952.759398218312
279	33363060	7731	33368848	11409	33374651	425593	33363060	0.83819	33368848	0.99795	33374651	1.08222	33363060	9223.44575812167	33368848	11432.4364948144	33374651	393259.226404982	33379628	119267	33385415	868370	33391219	2200028	33379628	0.83779	33385415	0.99734	33391219	1.08172	33379628	142359.063727187	33385415	870686.024826037	33391219	2033823.91006915	33396195	635	33401967	769	33407755	956	33396195	0.83819	33401967	0.9981	33407755	1.08207	33396195	757.584795810019	33401967	770.463881374612	33407755	883.491825852302
280	33483072	7813	33488859	11272	33494662	425135	33483072	0.83852	33488859	0.99719	33494662	1.08241	33483072	9317.60721270811	33488859	11303.7635756476	33494662	392767.066084016	33499639	119067	33505411	867714	33511214	2198094	33499639	0.83767	33505411	0.99818	33511214	1.0817	33499639	142140.69979825	33505411	869296.118936464	33511214	2032073.58787094	33516190	608	33521962	794	33527766	977	33516190	0.83823	33521962	0.99757	33527766	1.08246	33516190	725.337914414898	33521962	795.934119911385	33527766	902.573767159987
281	33603083	7807	33608870	11277	33614673	425888	33603083	0.83857	33608870	0.99853	33614673	1.08294	33603083	9309.89660970462	33608870	11293.6015943437	33614673	393270.17193935	33619650	119534	33625437	869449	33631225	2197780	33619650	0.83853	33625437	0.9979	33631225	1.08283	33619650	142551.846684078	33625437	871278.685239002	33631225	2029663.01266127	33636217	602	33641989	812	33647792	995	33636217	0.83868	33641989	0.99805	33647792	1.0826	33636217	717.794629656126	33641989	813.586493662642	33647792	919.083687419176
282	33723094	7740	33728881	11213	33734684	424692	33723094	0.83887	33728881	0.99781	33734684	1.08252	33723094	9226.69781968601	33728881	11237.6103667031	33734684	392317.924842035	33739676	119828	33745448	870033	33751252	2200421	33739676	0.83882	33745448	0.99885	33751252	1.08329	33739676	142853.055482702	33745448	871034.689893377	33751252	2031239.09571767	33756228	606	33762016	789	33767819	1024	33756228	0.83869	33762016	0.99836	33767819	1.08314	33756228	722.555413800093	33762016	790.296085580352	33767819	945.399486677623
283	33843105	7802	33848892	11298	33854695	424984	33843105	0.83794	33848892	0.99769	33854695	1.08313	33843105	9310.92918347376	33848892	11324.1588068438	33854695	392366.567263394	33859672	119062	33865459	869627	33871263	2198019	33859672	0.83849	33865459	0.99812	33871263	1.0826	33859672	141995.73042016	33865459	871264.978158939	33871263	2030314.98244966	33876239	573	33882042	811	33887830	1012	33876239	0.83878	33882042	0.99824	33887830	1.08261	33876239	683.135029447531	33882042	812.429876582786	33887830	934.777990227321
284	33963116	7616	33968903	11330	33974706	424928	33963116	0.8383	33968903	0.99734	33974706	1.0828	33963116	9085.05308362162	33968903	11360.2181803598	33974706	392434.429257481	33979683	118861	33985455	867444	33991274	2195466	33979683	0.83868	33985455	0.99753	33991274	1.08197	33979683	141723.899461058	33985455	869591.891973174	33991274	2029137.59161529	33996250	631	34002038	834	34007841	975	33996250	0.83812	34002038	0.99762	34007841	1.08298	33996250	752.875483224359	34002038	835.989655379804	34007841	900.293634231473
285	34083127	7608	34088914	11257	34094717	425112	34083127	0.83834	34088914	0.99808	34094717	1.08329	34083127	9075.07693775795	34088914	11278.6550176339	34094717	392426.773994037	34099694	119667	34105481	869836	34111285	2195697	34099694	0.83791	34105481	0.9988	34111285	1.08289	34099694	142816.054230168	34105481	870881.057268723	34111285	2027626.99812539	34116245	609	34122017	831	34127821	1042	34116245	0.83844	34122017	0.99818	34127821	1.08235	34116245	726.348933734078	34122017	832.515177623274	34127821	962.720007391325
286	34203138	7676	34208925	11262	34214728	424768	34203138	0.83806	34208925	0.99839	34214728	1.0822	34203138	9159.24874114025	34208925	11280.1610593055	34214728	392504.158196267	34219705	118699	34225492	867317	34231280	2192348	34219705	0.83813	34225492	0.99796	34231280	1.08253	34219705	141623.614475081	34225492	869089.943484709	34231280	2025207.61549334	34236256	598	34242028	835	34247832	989	34236256	0.83774	34242028	0.99855	34247832	1.0819	34236256	713.825291856662	34242028	836.212508136798	34247832	914.132544597467
287	34323149	7710	34328921	11287	34334739	425631	34323149	0.83814	34328921	0.99827	34334739	1.08294	34323149	9198.94051113179	34328921	11306.5603494045	34334739	393032.855005818	34339716	118740	34345488	871241	34351291	2196133	34339716	0.83835	34345488	0.99848	34351291	1.08319	34339716	141635.355161925	34345488	872567.302299495	34351291	2027467.94191231	34356283	642	34362071	814	34367874	976	34356283	0.83868	34362071	0.99751	34367874	1.08196	34356283	765.488624982115	34362071	816.031919479504	34367874	902.066619838072
288	34443160	7564	34448947	11272	34454750	424732	34443160	0.83936	34448947	0.99854	34454750	1.08275	34443160	9011.62790697675	34448947	11288.4811825265	34454750	392271.53082429	34459727	118720	34465514	868389	34471318	2189089	34459727	0.83817	34465514	0.99846	34471318	1.08141	34459727	141641.910352315	34465514	869728.38170783	34471318	2024291.4343311	34476278	597	34482050	772	34487854	977	34476278	0.83856	34482050	0.99792	34487854	1.08278	34476278	711.934745277619	34482050	773.60910694244	34487854	902.307024510981
289	34563171	7620	34568958	11265	34574761	424667	34563171	0.8389	34568958	0.9979	34574761	1.08256	34563171	9083.32339969007	34568958	11288.7062831947	34574761	392280.335501035	34579738	119161	34585525	867028	34591313	2189902	34579738	0.83847	34585525	0.99841	34591313	1.08247	34579738	142117.18964304	34585525	868408.769944211	34591313	2023060.22337801	34596289	667	34602061	824	34607865	1076	34596289	0.83879	34602061	0.99784	34607865	1.0832	34596289	795.193075740054	34602061	825.783692776397	34607865	993.353028064993
290	34683182	7676	34688969	11297	34694772	424710	34683182	0.83862	34688969	0.99781	34694772	1.08362	34683182	9153.13252724715	34688969	11321.7947304597	34694772	391936.287628504	34699749	119741	34705536	868552	34711324	2188182	34699749	0.83878	34705536	0.99827	34711324	1.08308	34699749	142756.14583085	34705536	870057.198954191	34711324	2020332.75473649	34716316	631	34722088	798	34727891	1011	34716316	0.83837	34722088	0.9973	34727891	1.08258	34716316	752.650977492038	34722088	800.160433169558	34727891	933.880175137172
291	34803193	7554	34808980	11259	34814799	423041	34803193	0.8385	34808980	0.99749	34814799	1.08232	34803193	9008.94454382827	34808980	11287.3312013153	34814799	390864.9937172	34819775	119045	34825547	869182	34831351	2188434	34819775	0.83813	34825547	0.99792	34831351	1.08255	34819775	142036.438261368	34825547	870993.666827	34831351	2021554.66260219	34836311	602	34842083	817	34847887	1063	34836311	0.83835	34842083	0.99766	34847887	1.08292	34836311	718.077175404068	34842083	818.916264057895	34847887	981.605289402726
292	34923204	7732	34928991	11259	34934810	424130	34923204	0.83833	34928991	0.99827	34934810	1.08204	34923204	9223.09830257774	34928991	11278.511825458	34934810	391972.570330117	34939786	119750	34945558	867848	34951362	2189293	34939786	0.83863	34945558	0.99775	34951362	1.08297	34939786	142792.411432932	34945558	869805.061388123	34951362	2021563.84756734	34956338	618	34962126	793	34967929	940	34956338	0.83816	34962126	0.99856	34967929	1.08316	34956338	737.32938818364	34962126	794.1435667361	34967929	867.831160678016
293	35043215	7759	35049002	11127	35054790	423769	35043215	0.83795	35049002	0.99805	35054790	1.08241	35043215	9259.50235694254	35049002	11148.740043084	35054790	391505.067395904	35059766	119358	35065569	867348	35071357	2187549	35059766	0.83758	35065569	0.99797	35071357	1.08269	35059766	142503.402660044	35065569	869112.297964869	35071357	2020475.85181354	35076349	595	35082121	813	35087924	962	35076349	0.83832	35082121	0.99802	35087924	1.08256	35076349	709.752839011356	35082121	814.612933608545	35087924	888.634348211647
294	35163226	7476	35169013	11477	35174816	423354	35163226	0.83869	35169013	0.99783	35174816	1.08259	35163226	8913.90144153382	35169013	11501.9592515759	35174816	391056.632704902	35179808	119946	35185581	868165	35191384	2184728	35179808	0.83855	35185581	0.99838	35191384	1.08293	35179808	143039.771033331	35185581	869573.709409243	35191384	2017423.10213957	35196345	621	35202132	830	35207920	991	35196345	0.83851	35202132	0.99821	35207920	1.08298	35196345	740.59939654864	35202132	831.488364171868	35207920	915.067683613733
295	35283237	7623	35289024	11200	35294827	424304	35283237	0.83843	35289024	0.99798	35294827	1.08204	35283237	9091.9933685579	35289024	11222.6697929818	35294827	392133.377693985	35299804	119392	35305592	867376	35311395	2181904	35299804	0.8379	35305592	0.99815	35311395	1.08285	35299804	142489.557226399	35305592	868983.619696438	35311395	2014964.21480353	35316371	622	35322159	799	35327962	1066	35316371	0.83806	35322159	0.998	35327962	1.08371	35316371	742.190296637472	35322159	800.60120240481	35327962	983.657989683587
296	35403248	7712	35409035	11416	35414839	423112	35403248	0.83817	35409035	0.99904	35414839	1.08236	35403248	9200.9974110264	35409035	11426.9698910955	35414839	390916.146199047	35419815	119495	35425587	868018	35431390	2190010	35419815	0.83852	35425587	0.99851	35431390	1.08436	35419815	142507.03620665	35425587	869313.276782406	35431390	2019633.70098491	35436367	632	35442139	858	35447942	1083	35436367	0.83891	35442139	0.99808	35447942	1.08294	35436367	753.358524752357	35442139	859.65052901571	35447942	1000.05540473156
297	35523259	7538	35529046	11088	35534865	425450	35523259	0.83851	35529046	0.99761	35534865	1.08282	35523259	8989.75563797689	35529046	11114.5638074999	35534865	392909.255462588	35539842	120292	35545614	867199	35551417	2182536	35539842	0.83935	35545614	0.99831	35551417	1.083	35539842	143315.660928099	35545614	868667.047309954	35551417	2015268.69806094	35556378	596	35562165	811	35567953	1000	35556378	0.83865	35562165	0.99801	35567953	1.08365	35556378	710.665951231145	35562165	812.61710804501	35567953	922.807179439856
298	35643270	7677	35649042	11222	35654861	424354	35643270	0.83868	35649042	0.99847	35654861	1.08322	35643270	9153.67005294034	35649042	11239.1959698338	35654861	391752.367940031	35659837	119015	35665625	868375	35671428	2177352	35659837	0.83906	35665625	0.99911	35671428	1.08258	35659837	141843.253164255	35665625	869148.54220256	35671428	2011261.98525744	35676420	581	35682192	812	35688011	1000	35676420	0.83872	35682192	0.99811	35688011	1.08324	35676420	692.722243418543	35682192	813.537586037611	35688011	923.156456556257
299	35763281	7731	35769068	11193	35774872	425601	35763281	0.83843	35769068	0.99893	35774872	1.08308	35763281	9220.80555323641	35769068	11204.9893385923	35774872	392954.352402408	35779848	119166	35785636	866126	35791423	2183615	35779848	0.83895	35785636	0.99837	35791423	1.08366	35779848	142041.8380118	35785636	867540.090347266	35791423	2015037.00422642	35796400	635	35802172	856	35807975	987	35796400	0.83907	35802172	0.99833	35807975	1.08306	35796400	756.790255878532	35802172	857.431911291857	35807975	911.306852805939
300	35883292	7657	35889079	11382	35894898	424300	35883292	0.83815	35889079	0.99842	35894898	1.08353	35883292	9135.59625365388	35889079	11400.01201899	35894898	391590.449733741	35899859	119436	35905647	868308	35911450	2176794	35899859	0.83837	35905647	0.9977	35911450	1.08284	35899859	142462.15871274	35905647	870309.712338378	35911450	2010263.75087732	35916426	597	35922214	847	35928017	994	35916426	0.839	35922214	0.99763	35928017	1.08379	35916426	711.561382598331	35922214	849.012158816395	35928017	917.151846759981
301	36003303	7767	36009090	11028	36014878	425180	36003303	0.83866	36009090	0.99854	36014878	1.08342	36003303	9261.20239429566	36009090	11044.1244216556	36014878	392442.450757786	36019870	119860	36025658	868730	36031461	2175026	36019870	0.83913	36025658	0.9981	36031461	1.08297	36019870	142838.415978454	36025658	870383.729085262	36031461	2008389.89076336	36036453	607	36042225	813	36048044	1033	36036453	0.8383	36042225	0.99807	36048044	1.08383	36036453	724.084456638435	36042225	814.572124199705	36048044	953.101501157931